id,type,name,content,image,attachment,category,sub_categories,industries,geo_reach,price_range,availability_status,certifications,launch_date,market_performance,customer_satisfaction_rate,innovation_level,key_features,competitors,market_demand,requirements,environmental_impact,sales_volume,support_level,scalability,compliance_status,brand_reputation,promotion_channels,additional_comments
Pro001,Product,Product ingredient sourcing,"Type happen campaign. Think very girl health north a. Memory air southern home role along moment effect.
Level author but spend would drug daughter. Bank this election account soon reach.",,,Processing,"[""Packaging"", ""Quality Control"", ""Infusion""]","[""Outsourcing/Offshoring"", ""Ranching""]","[""North Korea"", ""Belize"", ""United Arab Emirates"", ""South Africa"", ""Djibouti""]",<1000,Unavailable,"[""CMA (Certified Management Accountant)""]",1988-12-24,Low,High,High,"[""Low Maintenance"", ""Reliable"", ""Certified""]","[""1933 Industries"", ""The Supreme Cannabis Company""]",High,"[""Project Management Experience""]",Low,High,Medium,Medium,Non-Compliant,Low,"[""Local Sponsorships"", ""Panel Discussions"", ""Flyers""]","[""Likely mission talk card push month. Your arrive recently while itself these light. Us early wall ok wife able fall even."", ""Movement tax teach. Kitchen course go land loss. Up practice population somebody place generation build.\nYou expect everyone reality answer. Inside true ago. Different amount walk theory.""]"
Pro003,Product,Legal compliance software,"Maybe economy father. Imagine among service woman strong. Western west later charge protect.
Appear bad strong treatment. Could production show born red to skill building.
Media action attorney.",,,Cultivation,"[""Indoor Growing"", ""Hydroponics"", ""Genetics and Breeding""]","[""Pet Services""]","[""Maldives"", ""Palestinian Territory Occupied"", ""Ethiopia"", ""Brazil"", ""Nicaragua""]",$10000-$50000,Available,"[""Start-Up Advisor"", ""Organizational Development Consultant""]",1994-06-20,High,Medium,High,"[""Easy Integration"", ""Reliable""]","[""Acreage Holdings"", ""Columbia Care"", ""CannaRoyalty Corp"", ""Green Thumb Industries""]",Low,"[""Executive-Level"", ""Available within 3 Months"", ""Experience in Similar Projects""]",Medium,High,Medium,Medium,Compliant,High,"[""Print Advertising"", ""Industry Experts""]","[""Special many director myself difficult hotel administration. Arm enjoy detail everybody. Pay method usually teach professional possible."", ""Record your on that experience great. Account everything news purpose leave.\nYoung effort air buy fund course. Six into spend.""]"
Pro005,Product,Product branding,Action nor choose score worker to allow. Sign shoulder beat especially.,,,Processing,"[""Labeling""]","[""REIT - Diversified"", ""Forestry and Logging""]","[""Suriname""]",>$50000,Unavailable,[],2021-04-27,Medium,Low,High,"[""Energy Efficient"", ""Cost-Effective"", ""Scalable""]","[""Neptune Wellness Solutions""]",High,"[""Available within 3 Months""]",Low,Low,Medium,Medium,Compliant,Low,"[""Community Forums"", ""Live Demos"", ""Podcasts""]","[""Process defense word wrong environment her boy. Exactly teacher answer sister eat side well. Major often try be.\nSame full suggest. Learn success late administration sure hold.""]"
Serv008,Service,Market expansion strategy,"His up woman follow war. Cold list range both.
Today personal activity democratic world economic office. Through wife history detail series.
Beat democratic us around ground leader study difference.",,,Marketing,"[""Branding"", ""Social Media Management""]","[""Web Development"", ""Fuel Cell Manufacturing"", ""Insurance Carriers""]","[""Cameroon"", ""Brunei"", ""Bosnia and Herzegovina""]",<1000,Limited,"[""Crop Scientist"", ""Security Specialist""]",2012-06-03,High,Low,Low,"[""Comprehensive Support""]","[""Wayland Group""]",High,"[""Teamwork"", ""Language Proficiency"", ""API Integration""]",Medium,Medium,Low,Low,Non-Compliant,Low,"[""Joint Ventures"", ""Partner Websites"", ""Webinars"", ""Customer Surveys""]",[]
Serv010,Service,Marketing agency,"Civil west simple energy research brother. Recently collection role voice after accept citizen.
Upon water us wall. Police upon develop actually smile land.",,,Technology,"[""Security Systems"", ""IoT and Automation""]","[""Auto and Truck Dealerships"", ""Aluminum""]","[""Saudi Arabia"", ""Eswatini"", ""Liechtenstein"", ""Mayotte"", ""Nauru""]",$5000-$10000,Limited,"[""Certified Business Analysis Professional (CBAP)"", ""ISO 9001 (Quality Management)""]",1995-03-27,Low,Low,Low,"[""Cost-Effective"", ""Sustainable"", ""Data-Driven""]","[""Harvest Health & Recreation""]",High,"[""Teamwork""]",High,High,High,Low,Non-Compliant,Low,"[""Social Media Influencers"", ""Dynamic Retargeting Ads""]","[""What others teach oil. Everything record how. Clearly huge help.\nAction what cost give most a turn. List kind good participant hold. Finally water whether action option end prove station.""]"
Serv012,Service,Healthcare services,"Popular which big coach security career early wall. Body whether maybe dream national second.
Might room despite. Appear store any know wall suggest.",,,Processing,"[""Labeling""]","[""Investment Advice"", ""Gambling""]","[""Saint Lucia"", ""Bolivia"", ""Greece""]",<1000,Limited,"[""ITIL (Information Technology Infrastructure Library)""]",1973-08-08,Medium,Medium,Low,"[""Flexible"", ""Environmentally Friendly""]","[""Emblem Cannabis"", ""Aphria"", ""KushCo Holdings""]",Low,"[""Blockchain Technology"", ""Experience Managing Budgets Over $100,000"", ""High School Diploma""]",High,Low,Medium,High,Non-Compliant,Low,"[""LinkedIn"", ""Affiliate Marketing"", ""Pay-Per-Click (PPC) Advertising""]","[""Specific resource buy hope before build administration. Wear sea executive remember unit gas. Program wonder among. Catch forward reflect design wind."", ""Benefit last source painting. Control attorney drug method he choose notice.\nCrime leader road movie food almost action big. Teacher east buy what since look but from.""]"
Serv014,Service,Compliance services,"Call camera green station. Save every later middle such about.
Water necessary thus street trouble someone simply. Agency before simple deal still.",,,Medical,"[""Patient Care""]","[""Semiconductor Equipment and Materials"", ""Electronics""]","[""Saint Pierre and Miquelon""]",$5000-$10000,Unavailable,[],2019-02-22,Low,Medium,High,"[""High Precision"", ""Low Maintenance""]","[""Trulieve Cannabis"", ""KushCo Holdings"", ""Jushi Holdings"", ""Valens GroWorks""]",Low,"[""High School Diploma"", ""Programming Languages"", ""Leadership Skills""]",High,High,Medium,Medium,Compliant,Low,"[""Press Conferences"", ""Google Ads"", ""Cannabis Conventions""]","[""Fire food fish without office. Never father commercial stuff. Strategy these read.\nOperation series outside goal age goal source. Can marriage glass. Exactly future home effect."", ""Author happy later church available. Congress better until become bar impact.\nAnimal lot book fill they country. Relate child skill thing yet. Attorney cut senior imagine job.""]"
Pro015,Product,Technology patents,"House policy mouth cold. Begin democratic who item seat. Treat social front feeling reflect myself.
Feel very note but age. Democrat hit put lead recent quickly.",,,Education,"[""Workshops and Seminars"", ""Research Publications""]","[""REIT - Hotel and Motel"", ""Financial Conglomerates""]","[""British Indian Ocean Territory"", ""South Africa"", ""Kiribati"", ""Micronesia"", ""Mozambique"", ""Panama""]",$1000-$5000,Available,"[""Six Sigma Black Belt"", ""Certified Digital Marketing Professional (CDMP)"", ""Scrum Master Certification""]",1990-07-06,High,High,Low,"[""Cost-Effective""]","[""Jushi Holdings""]",High,"[""Educational Qualifications"", ""French"", ""Database Management System""]",Low,Medium,Low,High,Non-Compliant,Low,"[""Trade Shows and Events""]","[""Remain create lose prove subject per. Front billion authority four. Him oil thought line all.\nHead sure its movement scene door. Rest red ever agree. Hope name be source local half."", ""Become arrive its morning throw bring visit. Husband attorney matter according rate. Size kitchen experience challenge usually memory."", ""Year third tell plant beyond. Agent put provide cause source central.\nMajority cultural miss popular four. Someone size house mention camera.""]"
Pro017,Product,Seed genetics research,"Reduce media Mr national detail maintain. Movie daughter democratic however leave need. Son government no decision edge.
Place so happy station nothing team. Season into half attorney.",,,Compliance,"[""Regulatory Compliance"", ""Auditing""]","[""Office Administration"", ""Furnishings Fixtures and Appliances""]","[""Micronesia"", ""Poland"", ""Sweden"", ""Algeria"", ""Zambia"", ""Chile""]",>$50000,Limited,"[""Certified Professional in Supply Management (CPSM)"", ""Social Media Manager"", ""Edibles Chef""]",1988-06-02,High,Low,High,"[""Flexible""]","[""Wayland Group""]",Low,"[""Local Candidates Only""]",Low,Medium,High,High,Compliant,High,"[""Retargeting Campaigns"", ""Video Ads""]","[""Watch director development opportunity office too. Forward paper cause note anyone next hold.\nTrip everybody be reduce money position future make. Strategy friend down expect.""]"
Pro019,Product,Health and wellness products,Plan dream perform moment. Also response industry. Strong kitchen crime give power various good.,,,Cultivation,"[""Genetics and Breeding""]","[""Food and Beverages"", ""REIT - Healthcare Facilities"", ""Coal Mining""]","[""Saudi Arabia"", ""Morocco"", ""Cocos (Keeling) Islands"", ""Libya""]",$10000-$50000,Available,"[""Business Manager"", ""Teacher"", ""Trimmer""]",2016-01-31,Medium,High,Low,"[""High Performance"", ""Durable""]","[""Planet 13 Holdings"", ""Neptune Wellness Solutions"", ""MPX Bioceutical"", ""Liberty Health Sciences""]",Low,"[""Professional Certifications"", ""Edge Computing"", ""Laboratory Equipment""]",Low,Low,High,Low,Compliant,Medium,"[""Catalogs"", ""In-Feed Ads"", ""Blogs""]","[""Image much hear down administration sound executive. Show majority table out suddenly experience example next. Eye see lose.\nArt there recent about growth message. Director benefit speak tend last."", ""Although American including along movie standard adult range. Share hundred employee course. Language after community decide.\nRespond level rule surface everybody card stay.""]"
Serv022,Service,Legal dispute resolution,"Consumer interest half should. President dark rise crime listen.
Occur whose doctor among keep industry science.",,,Medical,"[""CBD Products""]","[""Pharmaceutical Manufacturing"", ""Packaged Foods"", ""IT System Installation and Disposal""]","[""Peru"", ""North Korea""]",$10000-$50000,Limited,[],1984-06-02,High,High,High,"[""High Precision""]","[""Trulieve Cannabis"", ""GW Pharmaceuticals""]",High,"[""Experience with Waterfall Methodologies"", ""Immediate Availability"", ""Experience with Client Retention""]",High,High,Low,High,Compliant,Medium,"[""SMS Marketing"", ""Bing Ads"", ""Television Advertising""]",[]
Pro023,Product,Product testing,I weight so office night. Happy story speak even who result. Sing activity education.,,,Compliance,"[""Auditing"", ""Licensing"", ""Regulatory Compliance""]","[""Travel"", ""Nonprofit Organization Management""]","[""Burkina Faso"", ""Tanzania""]",$10000-$50000,Available,"[""Customer Insights Specialist"", ""Nutrient Specialist"", ""Delivery Specialist""]",2020-11-17,High,Medium,High,"[""High Precision"", ""High Performance""]","[""Aleafia Health"", ""Columbia Care"", ""Harvest One Cannabis"", ""Tweed""]",Medium,"[""Entry-Level""]",Low,High,Medium,High,Compliant,Low,"[""Transit Ads""]","[""Situation thousand add as current. Teach sell anyone gas media.\nHave two on during. Participant form outside. Opportunity nice him wind son still."", ""Explain leader offer. Particularly political quickly ever consumer if. With happen bank final travel get cost.""]"
Pro025,Product,Retail merchandising,"Defense apply girl soon voice. Decide forward network bag end sit.
Trade help Mrs source operation situation control. First industry star age call knowledge while. Early bill try.",,,Retail,"[""Point of Sale Systems"", ""Online Sales""]","[""Haulage""]","[""Togo"", ""Ecuador"", ""Andorra"", ""Equatorial Guinea""]",$5000-$10000,Unavailable,"[""Health Professional""]",2020-03-11,Low,Medium,High,"[""Cost-Effective"", ""Comprehensive Support"", ""Industry-Compliant""]","[""Tweed"", ""Emblem Cannabis"", ""1933 Industries""]",Medium,"[""Big Data Analytics""]",Low,High,High,Medium,Non-Compliant,High,"[""Videos""]","[""Above popular human hot thing staff. Energy idea carry century form scene on pass.\nMake usually radio risk.\nBuilding business risk arm go. Out represent weight away prove indicate."", ""Boy anyone type whom make author set. Hand mention body especially court.\nWrong size couple base themselves nothing. Network through service buy center protect skin decade.""]"
Serv028,Service,Financial services,"Part like open. Support visit need remain anyone.
Watch later brother including anything pull. Knowledge that citizen strategy drop play.",,,Medical,"[""CBD Products"", ""Therapeutic Applications""]","[""Courts of Law"", ""Online Media""]","[""Eswatini"", ""Georgia"", ""Lebanon"", ""British Indian Ocean Territory"", ""New Caledonia""]",$0,Available,[],1979-12-14,Medium,High,Low,"[""Durable"", ""Environmentally Friendly""]","[""Acreage Holdings"", ""Aphria"", ""GW Pharmaceuticals""]",Low,"[""Local Candidates Only""]",Medium,Low,High,Medium,Non-Compliant,Low,"[""Catalogs"", ""Partnerships""]","[""Glass argue record perform dog time soldier.\nWeight suggest company contain theory. Enjoy after stuff throw collection visit above."", ""Suddenly key daughter market particular back occur. Wish floor join argue into southern play yet. Contain pass financial whom marriage card serve. Individual without company world quite pattern.""]"
Serv030,Service,Trade association,Physical need place through style. Help agreement attorney instead but.,,,Processing,"[""Quality Control"", ""Labeling""]","[""Pension Funds""]","[""Aland Islands"", ""Qatar"", ""Syria"", ""Sweden""]",$1000-$5000,Unavailable,"[""Product Sales Specialist"", ""Certified Digital Marketing Professional (CDMP)"", ""Industry Professional""]",2011-08-07,Low,High,Medium,"[""Scalable"", ""Secure""]","[""Indiva"", ""CannaRoyalty Corp"", ""Green Thumb Industries"", ""Canopy Growth Corporation""]",High,"[""High-Performance Computing""]",Low,Medium,High,Low,Compliant,High,"[""Cannabis Conventions"", ""Radio"", ""In-Feed Ads"", ""Resource Center""]",[]
Serv032,Service,Real estate services,"Always analysis red message think. Teacher laugh mind full authority.
Crime full for small pull. Hundred short must doctor area customer.",,,Marketing,"[""Public Relations""]","[""Electric Power Transmission, Control and Distribution"", ""Electrical And Electronic Manufacturing"", ""Think Tanks""]","[""Moldova"", ""South Sudan"", ""New Zealand""]",<1000,Unavailable,"[""Certified Supply Chain Professional (CSCP)"", ""Retail Specialist"", ""Certified Professional in Supply Management (CPSM)""]",2017-10-09,Medium,Medium,Low,"[""Cost-Effective"", ""Flexible""]","[""TerrAscend"", ""The Supreme Cannabis Company"", ""Planet 13 Holdings"", ""Aphria""]",Low,"[""Work Visa"", ""Executive-Level""]",Low,High,High,Low,Compliant,Medium,"[""Search Engine Optimization (SEO)"", ""Social Media Influencers"", ""Yahoo Search Ads""]","[""Late serious sport police point street certainly. Eye theory above star we wait. Peace stay clearly none significant gas save.\nAdult require step seem person someone character building."", ""Late professional professor.\nHe we cost former candidate response finally much. Show throughout whatever commercial. Son debate popular simply close year trial."", ""Quite box spring point everybody. You as American his face single. Show mention hand suggest.""]"
Pro033,Product,Seed genetics research,"People anyone approach loss information throughout. Real none least back peace camera individual south. Often them board pull blood.
Civil go peace rather east. Mother our six heavy.",,,Marketing,"[""Public Relations"", ""Market Research""]","[""Wholesale Lumber"", ""Supply Chain"", ""Government Relations""]","[""Aruba"", ""Sint Maarten (Dutch part)""]",<1000,Unavailable,"[""Logistics Coordinator""]",2010-03-08,Low,Medium,High,"[""User-Friendly"", ""Comprehensive Support"", ""High Capacity""]","[""Aphria"", ""Canopy Growth Corporation""]",Low,"[""Database Management System"", ""Other (Specify)""]",Low,Low,Medium,Low,Non-Compliant,Medium,"[""Video Marketing"", ""Radio"", ""Blog"", ""Flyers""]","[""Collection tonight themselves reality level security. Father grow turn buy. Quickly nice million.\nCompany world really number citizen music view eat. System responsibility world open measure."", ""Respond language feel onto free school. Mention animal shake because teacher two each. Protect standard only others same.""]"
Serv036,Service,Quality control,"Yet grow near executive. Month above each bill nearly.
Truth push my region. Course place magazine really these TV. Improve address must appear drive prove moment.",,,Marketing,"[""Branding"", ""Advertising"", ""Public Relations""]","[""Household Appliance Manufacturing""]","[""Sao Tome and Principe"", ""Ghana"", ""Gambia The"", ""United Arab Emirates"", ""Turks and Caicos Islands""]",$1000-$5000,Available,"[""Public Relations Specialist"", ""Social Media Manager""]",1976-11-28,High,Low,High,"[""Compact Design""]","[""CannAmerica Brands"", ""Auxly Cannabis Group"", ""The Supreme Cannabis Company""]",Medium,"[""Containerization (Docker, Kubernetes)""]",Low,Medium,Low,Low,Compliant,Medium,"[""Online Display Advertising""]","[""Always set one far whole success wall. Country where sort every. Whom discover exist gun statement election.""]"
Serv038,Service,Environmental sustainability,"Rock like son. Finish many finally me performance explain more. Hospital growth theory ground.
Accept school whose method if try. Pull medical two outside. Boy language place rule lawyer food sing.",,,Education,"[""Training Programs""]","[""Theater"", ""Cleaning""]","[""Saint Helena"", ""Guernsey and Alderney"", ""Venezuela"", ""Haiti"", ""Ukraine""]",$5000-$10000,Unavailable,"[""Demographic Analyst"", ""Medical Specialist""]",2019-04-23,Medium,High,Low,"[""Secure"", ""Low Maintenance"", ""Customizable""]","[""Auxly Cannabis Group"", ""KushCo Holdings"", ""Innovative Industrial Properties"", ""Jushi Holdings""]",Low,"[""High School Diploma"", ""Software/Hardware Requirements"", ""Experience Managing Budgets up to $10,000""]",Low,Low,Low,Medium,Non-Compliant,Medium,"[""Sponsorships""]","[""Decision town possible really nothing. Sort resource apply.\nBaby assume hotel both camera same. Down so guess matter animal police movie."", ""Turn two care store. Behavior movie international on rather more meet. Me wait issue church provide."", ""Country thank meeting on way simple campaign during. Recently as change somebody agency. Thousand should area education off. Crime nation board public moment customer partner.""]"
Serv040,Service,Retail analytics,Rest contain think personal. Candidate environmental argue compare hit yet weight.,,,Medical,"[""CBD Products"", ""Patient Care""]","[""Ground Passenger Transportation""]","[""South Georgia"", ""Marshall Islands"", ""Guatemala"", ""Portugal""]",$5000-$10000,Available,"[""Legal Consultant"", ""ISO 9001 (Quality Management)"", ""Legal Specialist""]",2008-06-05,Low,Low,Low,"[""Fast Delivery"", ""Comprehensive Support"", ""Cloud-Based""]","[""Aurora Cannabis"", ""Curaleaf Holdings"", ""Trulieve Cannabis""]",Low,"[""Client Management Experience"", ""Continuous Integration/Continuous Deployment (CI/CD)"", ""Communication Skills""]",Low,Medium,Medium,High,Compliant,Medium,"[""Speaking Engagements""]",[]
Pro041,Product,Consumer product reviews,Than business agreement child whole ask newspaper. Suggest performance guy hot middle together back. Tend cold against agree leader join.,,,Marketing,"[""Market Research"", ""Advertising"", ""Social Media Management""]","[""Specialty Chemicals""]","[""Czech Republic"", ""Romania"", ""Angola"", ""Bhutan"", ""Guyana"", ""Kyrgyzstan""]",$10000-$50000,Available,"[""SHRM-SCP (SHRM Senior Certified Professional)"", ""Certified Supply Chain Professional (CSCP)"", ""Public Relations Specialist""]",2017-05-06,Medium,Medium,High,"[""Sustainable""]","[""Aphria"", ""Planet 13 Holdings"", ""CannAmerica Brands""]",High,"[""Experience with Specific Equipment"", ""Client Management Experience""]",Low,Medium,High,Low,Non-Compliant,Medium,"[""Customer Alerts"", ""Joint Ventures"", ""Community Events""]","[""Million wind realize second relate fire. Whom pretty forget five usually somebody. Measure brother sound young. Executive bank player them.""]"
Pro043,Product,CBD product manufacturing,Movement beautiful clear law realize up believe. Suffer player thing north popular resource quite.,,,Retail,"[""Dispensaries""]","[""Radio and Television Broadcasting"", ""Construction Hardware Manufacturing""]","[""Netherlands"", ""Guinea-Bissau"", ""Vatican City State (Holy See)"", ""Liberia"", ""Ghana"", ""Zambia""]",>$50000,Unavailable,[],1998-04-02,Low,Low,High,"[""Fast Delivery"", ""Cloud-Based""]","[""Vivo Cannabis"", ""The Green Organic Dutchman"", ""Cresco Labs""]",Medium,"[""API Integration"", ""Security Clearances"", ""Willingness to Travel""]",Low,Low,Medium,Medium,Non-Compliant,High,"[""Online Courses"", ""Remarketing Campaigns"", ""Catalogs"", ""Customer Surveys""]","[""There enjoy rise half answer radio. Along us car ahead.\nCold although section sport card behavior. Author eat bring part only treatment. Next of best option their together."", ""Amount employee bad political economy entire best. Table tend go career.\nShort condition poor day hotel. Lose throw approach board detail choose."", ""Win nation speech letter teach. System natural stay like mission we.\nWhile mean nice budget really into. Imagine dinner their authority when officer second everything.""]"
Serv046,Service,Retail analytics,"Prevent return chair. Center majority step box. Benefit late present anything.
Decade compare visit military when fly. Enough week turn help.",,,Education,"[""Research Publications""]","[""Wine and Spirits"", ""Advertising Services""]","[""Netherlands""]",$10000-$50000,Available,"[""Security Specialist"", ""Six Sigma Black Belt"", ""Compliance Consultant""]",1988-02-07,High,High,Low,"[""Innovative"", ""High Precision"", ""Low Risk""]","[""Canopy Growth Corporation"", ""GW Pharmaceuticals"", ""The Green Organic Dutchman"", ""Tilray""]",Medium,"[""Experience Managing Multiple Projects""]",Medium,High,Medium,High,Non-Compliant,Medium,"[""Speaking Engagements""]","[""And picture from analysis finally. Quite around enough hospital by break. Cost author put. Administration focus spend standard.""]"
Serv048,Service,Advocacy campaign management,"Throw help assume professor once. Perhaps ball camera. Job sure wall usually.
Son admit head cause happen against cause. Financial create until wear. Their Democrat call pull certainly rise.",,,Accessories,"[""Merchandise"", ""Storage Solutions"", ""Consumption Devices""]","[""Aviation and Aerospace Component Manufacturing"", ""Utilities - Regulated Gas""]","[""Eswatini"", ""United States Minor Outlying Islands""]",$0,Available,[],2022-09-26,Low,Low,Medium,"[""Certified""]","[""Charlotte's Web Holdings"", ""Aleafia Health""]",Medium,"[""Augmented Reality"", ""Serverless Architecture""]",Medium,Medium,High,Low,Compliant,Medium,"[""Brand Ambassadors"", ""Local Sponsorships"", ""Billboards"", ""Demonstrations and Workshops""]","[""Believe parent red message fight president prevent. Lawyer mind simply under radio.\nHuge thus Democrat arm. Recently meet record change peace economy. Nor school color job wall somebody."", ""Successful first hospital car current relationship again. Street enough rest charge rich rate. Law loss raise analysis little attorney."", ""Arrive whatever executive wear power appear senior. Tonight development mouth but baby scientist charge east.""]"
Serv050,Service,Logistics and transportation,"Medical arrive which gas approach. Father election ok program simple.
Hard of treat rather back capital. Day exactly site join participant standard. Nothing fact remember.",,,Processing,"[""Labeling""]","[""Scientific Research Services""]","[""Norfolk Island""]",<1000,Unavailable,"[""Facility Manager"", ""Certified Professional in Supply Management (CPSM)"", ""Policy Analyst""]",1986-06-18,Medium,Medium,Medium,"[""Low Maintenance""]","[""Green Thumb Industries"", ""MedMen Enterprises"", ""Vivo Cannabis""]",High,"[""Technical Skills""]",High,Low,High,Low,Non-Compliant,High,"[""Charity Partnerships"", ""Virtual Events"", ""TikTok"", ""Co-Branding Initiatives""]","[""Want young yet son. Team political without consider. Avoid low phone economy.""]"
Serv052,Service,Waste management solutions,Authority all after analysis. Goal government education available free role. Kid response civil common health.,,,Education,"[""Online Courses""]","[""Market Research"", ""Printing""]","[""Montenegro"", ""San Marino"", ""Libya"", ""Djibouti"", ""Burkina Faso"", ""Georgia""]",$1000-$5000,Available,"[""Dispensary Technician""]",1972-08-29,Medium,Medium,Medium,"[""Cloud-Based""]","[""Cannabix Technologies""]",Medium,"[""Specific Hardware Proficiency"", ""Ability to Lift a Certain Weight""]",Medium,Low,Medium,Medium,Non-Compliant,Medium,"[""Banner Ads""]","[""Similar performance program option. Prepare stay relate head smile.\nClass time challenge prepare party experience. Bank skill threat star. School wear father company join himself.""]"
Pro053,Product,CBD product manufacturing,"Student for large face discuss nearly model. Responsibility product be worry gun necessary. Bit it room major way.
This personal raise him there group executive. Per already discussion.",,,Recreational,"[""Event Organizing"", ""Social Consumption Spaces"", ""Adult-Use Products""]","[""Press and Media""]","[""Australia""]",$0,Limited,"[""Soil Scientist"", ""Safety Officer"", ""Change Management Specialist""]",2023-08-01,Low,Low,Low,"[""Durable"", ""Data-Driven"", ""High Precision""]","[""TerrAscend"", ""Planet 13 Holdings""]",Low,"[""Technical Skills"", ""Cybersecurity Knowledge"", ""Experience with Waterfall Methodologies""]",Medium,High,High,Low,Compliant,High,"[""Affiliate Marketing"", ""Internal Newsletters"", ""Referral Programs""]","[""Staff everything energy election news. Audience only talk never hard police."", ""Test what stage attorney big once of. Cup oil attorney per simple. Race accept nearly child. While free avoid third throughout."", ""Fish church left dark difference lawyer out and. Speech old fly relationship per story.\nReturn president mouth. Condition set increase nearly next.""]"
Serv056,Service,Transportation solutions,"First follow factor stage bit. Street month reduce which.
Trade later test pull whole central see build. Simple church someone future.",,,Medical,"[""Therapeutic Applications""]","[""Audio and Video Equipment Manufacturing"", ""Holding Companies"", ""Financial Conglomerates""]","[""Nauru""]",$10000-$50000,Limited,[],2019-01-27,High,Low,High,"[""AI-Integrated"", ""Customizable""]","[""Liberty Health Sciences"", ""MariMed"", ""OrganiGram Holdings""]",Low,"[""International Candidates"", ""Doctorate"", ""DevOps Tools""]",Low,Medium,Low,Low,Compliant,Medium,"[""SMS Marketing"", ""Outbound Calls"", ""Blogs"", ""Industry-Specific Platforms""]","[""Degree hear expect sense. Note themselves director course room child. After ago produce vote minute your parent.\nHope often item everybody. Pm life standard. Father executive method."", ""Event guess line green age part tonight. Deep subject short two art his."", ""East bar break space several fund people.\nSubject no information author. Meet population use because party sport. Agent law forget small benefit always hot.""]"
Pro057,Product,Product ingredient sourcing,Administration will out once street indeed. Home performance well task then international control.,,,Medical,"[""Pharmaceuticals"", ""Clinical Trials""]","[""Industrial Metals and Minerals"", ""Medical Distribution""]","[""South Sudan"", ""Syria"", ""Chile"", ""Haiti"", ""Japan"", ""Tokelau""]",$0,Unavailable,"[""Brand Manager"", ""Medical Specialist""]",2024-03-13,Low,Low,Low,"[""Low Risk""]","[""Green Thumb Industries"", ""High Times""]",Low,"[""Hardware Compatibility"", ""Cybersecurity Measures""]",High,Low,Medium,Medium,Non-Compliant,Low,"[""Industry Journals""]",[]
Pro059,Product,Product innovation labs,Law other team into marriage a. Democrat per cup car vote physical simple. Executive available hotel daughter focus sister image.,,,Technology,"[""Hardware Solutions"", ""Software Solutions""]","[""Health and Human Services"", ""Shoes Manufacturing""]","[""Eritrea"", ""Bhutan"", ""Taiwan"", ""Rwanda""]",$1000-$5000,Unavailable,"[""Certified Internal Auditor (CIA)"", ""SHRM-SCP (SHRM Senior Certified Professional)""]",1972-04-17,High,High,High,"[""Industry-Compliant"", ""AI-Integrated"", ""Customizable""]","[""MedMen Enterprises"", ""Acreage Holdings"", ""Aurora Cannabis""]",High,"[""Laboratory Equipment"", ""English""]",High,Medium,Low,Low,Non-Compliant,High,"[""Magazines"", ""Panel Discussions"", ""TikTok"", ""Search Engine Optimization (SEO)""]","[""Truth sometimes him. Out minute begin between everything investment.\nOne small girl too should stop back personal. Whole rule again today audience. Us already student nation hold international."", ""Machine gas not either step decade tonight. Might hard peace place million. Must seven rest age able information get ability.""]"
Serv062,Service,Financial services,Away true actually brother cut blood move. Drug only PM top activity develop. Green over fly like bad.,,,Recreational,"[""Adult-Use Products"", ""THC Products"", ""Event Organizing""]","[""Physicians"", ""Automotive""]","[""United Arab Emirates"", ""Saint Vincent and the Grenadines"", ""Ireland"", ""French Guiana""]",>$50000,Available,"[""Business Consultant"", ""Team Building Facilitator"", ""Crop Scientist""]",1976-03-08,Low,Medium,Low,"[""Innovative"", ""Flexible"", ""Energy Efficient""]","[""Indiva"", ""Hexo Corp""]",Medium,"[""Experience Managing Budgets up to $10,000"", ""Available within 3 Months"", ""Software Proficiency""]",Low,Medium,Low,Medium,Non-Compliant,High,"[""TikTok"", ""Television Advertising"", ""Referral Programs""]",[]
Pro063,Product,Health and wellness products,"Major economy side throw woman. Could community truth year enter agency. Somebody next other operation religious month generation culture.
Brother cost weight. Face thus glass physical first begin.",,,Cultivation,"[""Greenhouse Growing"", ""Indoor Growing""]","[""Chemical"", ""Non-Profit Organizations"", ""Computer Software""]","[""Yemen"", ""Angola"", ""Luxembourg"", ""Gibraltar"", ""Papua New Guinea"", ""El Salvador""]",$5000-$10000,Available,"[""Health Professional"", ""Business Consultant"", ""Quality Assurance Technician""]",1997-12-30,High,Medium,Medium,"[""Low Maintenance"", ""Customizable"", ""Innovative""]","[""Harvest Health & Recreation"", ""Tweed"", ""Acreage Holdings""]",Low,"[""Certifications""]",Low,High,Low,Low,Compliant,High,"[""Podcasts""]","[""Similar follow field word. Week team necessary. Child south western put have."", ""Game green police though. Soldier let response discussion middle.\nAble party reality great wide. Strategy total within hit. Mind simple Republican authority."", ""People position across main make. Raise culture they interest seven know rich. Address our green study third political.""]"
Pro065,Product,Product supply chain transparency,"Lot run loss family entire wish. Into common despite him heavy thought cultural relationship. May kitchen worker debate.
Beyond service discussion her exactly.",,,Cultivation,"[""Genetics and Breeding""]","[""Venture Capital""]","[""Namibia"", ""Botswana"", ""Tajikistan"", ""Nigeria""]",$0,Available,"[""Market Research Analyst""]",1994-09-17,Medium,High,High,"[""Secure"", ""High Quality"", ""AI-Integrated""]","[""Cronos Group"", ""Tilray""]",Medium,"[""Experience with Agile Methodologies"", ""Senior-Level"", ""Physical Requirements""]",High,High,High,High,Non-Compliant,Medium,"[""Sports Sponsorships"", ""Corporate Announcements"", ""Transit Ads"", ""Search Engine Optimization (SEO)""]","[""Election century person most ground growth. Matter against evidence bad company."", ""Store true happen hour improve current else. Believe population question identify central parent.""]"
Serv068,Service,Data analytics,"Cover second she. Side them national star much bring.
Out open home final. Well win decade. Scientist hear nation deal.",,,Education,"[""Industry Reports"", ""Research Publications"", ""Online Courses""]","[""Audio and Video Equipment Manufacturing"", ""Wholesale Food and Beverage""]","[""Saint-Martin (French part)"", ""Gibraltar"", ""Montenegro""]",<1000,Available,"[""Lean Management Specialist"", ""Safety Officer""]",1988-08-21,High,High,High,"[""Innovative"", ""Fast Delivery"", ""Customizable""]","[""CannTrust Holdings"", ""Cresco Labs"", ""Aphria""]",Medium,"[""Software/Hardware Requirements"", ""Work Visa""]",High,Medium,Medium,High,Compliant,Medium,"[""Local Sponsorships"", ""Videos"", ""Online Store""]","[""Account apply moment indeed year vote pass. Hope from join free term discover show. Science decision entire family beyond thank."", ""Bad sometimes factor same have movement. Stand such everybody seat strategy stand cell describe. Charge rise computer skill star adult there."", ""Anything far station chair. Western while international benefit should brother no. But all should himself protect recent hospital next. Goal have important tend ahead necessary.""]"
Serv070,Service,Industry analytics,"Check song save nice skin.
Way shake concern recent father federal. Whether pick beyond she. Yes feel camera treat effect under clearly tell.",,,Medical,"[""Therapeutic Applications""]","[""Oil and Gas Refining and Marketing"", ""Toys""]","[""Cura\u00e7ao"", ""Cocos (Keeling) Islands"", ""Argentina""]",>$50000,Unavailable,"[""Start-Up Advisor"", ""Safety Officer""]",2021-12-19,Medium,High,Medium,"[""Easy Integration"", ""Cost-Effective"", ""AI-Integrated""]","[""The Supreme Cannabis Company"", ""Innovative Industrial Properties"", ""Aleafia Health""]",High,"[""Experience with Client Retention"", ""Experience with Specific Equipment"", ""Containerization (Docker, Kubernetes)""]",High,High,Low,Low,Compliant,High,"[""Resource Center"", ""Flyers""]","[""Third newspaper network fire. Sister probably show hear form rule. Will sea score laugh any. Establish vote least capital without line fund project.\nWant everything manager continue hundred."", ""Heavy different yeah international. Like soldier century fall agency voice reach. Knowledge source serious weight hope.""]"
Pro071,Product,Product certification,"Feel national form some. May movie record economy huge.
Sense bag mother me air family. Risk information why here.
Himself bill big space government public college.",,,Technology,"[""Software Solutions"", ""Security Systems""]","[""Television and Video Production"", ""Government Relationship Services""]","[""Morocco"", ""Bolivia""]",$1000-$5000,Unavailable,[],1990-11-30,Low,High,Medium,"[""Low Risk""]","[""GW Pharmaceuticals"", ""Columbia Care"", ""Acreage Holdings"", ""The Supreme Cannabis Company""]",Low,"[""Willingness to Travel""]",High,Medium,Low,High,Compliant,Medium,"[""Affiliate Networks"", ""Social Media Influencers"", ""Online Store""]","[""Sure drive federal politics particularly cultural. Right decision day her these. Finally top star affect his for.\nSite man bank. Boy alone let feeling my. True account wait eat bar tax music."", ""Talk finally by red impact. Hundred peace far day different follow.\nAround my such attack toward information current."", ""Reality into some clear affect vote.\nAnything glass whose. Plant value certainly recognize goal. Already drop town night across sport. Act tree next power people what what.""]"
Serv074,Service,Industry training programs,"Represent entire son officer and throw. Themselves reduce vote writer administration.
Computer help other building still office hold. Party drop fill simple trade painting most.",,,Technology,"[""Software Solutions"", ""Data Analytics"", ""IoT and Automation""]","[""Physical, Occupational and Speech Therapists""]","[""United Kingdom"", ""Sri Lanka"", ""Papua New Guinea"", ""Venezuela""]",$10000-$50000,Available,"[""Professional Engineer (PE)""]",1970-02-22,High,High,Medium,"[""Comprehensive Support"", ""Scalable"", ""Easy Integration""]","[""Aurora Cannabis"", ""Cresco Labs"", ""Canopy Growth Corporation""]",Medium,"[""Physical Requirements"", ""Doctorate""]",Medium,Medium,Medium,Low,Compliant,High,"[""Co-Branding Initiatives"", ""Journalist Outreach""]","[""Tonight main upon ever near. Young behind like wear break ten.\nSpring worry drop room they near. Important door visit soon teach its. Contain seat teach father message would draw."", ""Grow stock air reach. Method manager meeting true space.\nMrs real role. Phone arm full kid now white. Power month white style effect feel.\nConcern music free expect activity year blood world.""]"
Serv076,Service,Financial services,Lawyer gun significant believe everyone century. Color idea others also recently sometimes table enough. Part time whatever crime full.,,,Marketing,"[""Advertising"", ""Market Research"", ""Social Media Management""]","[""Animation and Post-Production"", ""Nonmetallic Mineral Mining"", ""Plastics and Rubber Product Manufacturing""]","[""Guyana"", ""Sao Tome and Principe"", ""Sierra Leone"", ""Mali"", ""New Caledonia""]",<1000,Unavailable,"[""Start-Up Advisor""]",1980-07-21,Medium,High,Medium,"[""High Precision"", ""Innovative""]","[""High Times"", ""CannAmerica Brands"", ""Supreme Cannabis"", ""Vireo Health""]",Low,"[""Data Encryption"", ""Experience Managing Budgets Over $100,000"", ""English""]",Low,High,High,Medium,Compliant,Medium,"[""Customer Testimonials""]",[]
Pro077,Product,Legal compliance software,Early behavior see generation future without human those. Share meet light include. My movement glass lose will.,,,Compliance,"[""Regulatory Compliance"", ""Legal Services""]","[""Fossil Fuel Electric Power Generation""]","[""Gambia The""]",$1000-$5000,Limited,"[""Scrum Master Certification"", ""PMP (Project Management Professional)"", ""CFA (Chartered Financial Analyst)""]",1985-07-12,Medium,Medium,Low,"[""High Precision""]","[""Valens GroWorks"", ""Tilray""]",High,"[""Continuous Integration/Continuous Deployment (CI/CD)"", ""Machine Learning Algorithms"", ""Experience Managing Budgets up to $100,000""]",Low,Low,Medium,High,Non-Compliant,Medium,"[""Facebook"", ""Direct Mail"", ""Media Kits""]","[""Act executive senior me phone. Account culture today realize sister gun any.\nIt tend law. Interest mouth without across perhaps around grow.""]"
Serv080,Service,Industry analytics,"Who leg realize.
Act suffer book conference customer politics especially.",,,Processing,"[""Edibles"", ""Infusion"", ""Labeling""]","[""Video Production"", ""Footwear and Leather Goods Repair"", ""Scientific and Technical Instruments""]","[""French Polynesia"", ""Turkmenistan""]",$5000-$10000,Limited,"[""Dispensary Technician"", ""Real Estate Specialist""]",1972-07-23,Medium,High,Medium,"[""Low Maintenance"", ""Energy Efficient""]","[""Emblem Cannabis""]",Medium,"[""Specialized Tools""]",High,Low,Low,High,Compliant,Medium,"[""Affiliate Networks"", ""Press Conferences"", ""Sponsored Content""]",[]
Serv082,Service,Retail customer loyalty programs,"Process wife forget quite. Brother behind minute beautiful source environment language. Now chance decision carry.
Century long young city. Owner campaign actually spring most. Me attorney your main.",,,Cultivation,"[""Outdoor Growing""]","[""Nanotechnology Research""]","[""Yemen"", ""Mayotte"", ""Nicaragua"", ""Gabon"", ""Saint Vincent and the Grenadines""]",$0,Limited,"[""Nutrient Specialist""]",1987-09-11,High,Low,Low,"[""Comprehensive Support"", ""Sustainable""]","[""The Flowr Corporation"", ""Indiva"", ""The Supreme Cannabis Company"", ""Wayland Group""]",Low,"[""Soft Skills""]",Medium,Low,High,High,Compliant,Medium,"[""Catalogs""]",[]
Pro083,Product,Retail merchandising,"Other sort manage single school same according. Phone then market while bit major successful.
Total natural ball red Mr religious their. Teach feel later move.
System none out. Woman deep point.",,,Medical,"[""Patient Care"", ""Therapeutic Applications""]","[""Radio and Television Broadcasting"", ""Textile Manufacturing"", ""Data Security Software Products""]","[""Niger"", ""Faroe Islands""]",$5000-$10000,Available,"[""Certified Financial Planner (CFP)""]",1990-03-15,High,Medium,High,"[""Multi-Language Support"", ""High Performance""]","[""Hexo Corp"", ""Rubicon Organics""]",High,"[""Continuous Integration/Continuous Deployment (CI/CD)"", ""Experience Managing Budgets Over $100,000"", ""Real-Time Data Processing""]",Low,Low,Low,Low,Non-Compliant,High,"[""Industry Journals"", ""Panel Discussions"", ""Television"", ""Outbound Calls""]","[""Serve eat letter road believe spring spend.\nWhom decision during school stock hour shake seat. Management agent model agreement author husband fire. We month middle under."", ""Reveal until present the company. Consider thank little this hour south.\nUpon church customer crime wear painting for more. Son him rock know. Draw the three seem.""]"
Pro085,Product,Technology patents,"Myself happen approach quality.
Science accept rich arm however government staff. Little there interest require I. Animal the since civil Democrat.
Republican deal several dog.",,,Cultivation,"[""Hydroponics""]","[""Logistics and Supply Chain"", ""Public Relations and Communications Services""]","[""Man (Isle of)""]",$10000-$50000,Limited,"[""ISO 27001 (Information Security Management)"", ""Employee Wellness Coordinator"", ""Certified Business Analysis Professional (CBAP)""]",1982-04-22,Low,Low,High,"[""Cost-Effective"", ""User-Friendly""]","[""MariMed"", ""CannTrust Holdings""]",Low,"[""Serverless Architecture"", ""Experience Managing Budgets Over $100,000"", ""Occasional Travel""]",Medium,Medium,High,Medium,Compliant,High,"[""Search Engine Optimization (SEO)"", ""In-Person Workshops"", ""Brand Ambassadors"", ""eBay""]",[]
Pro087,Product,Product compliance auditing,Course interest already yourself account activity. Tv or oil break information.,,,Medical,"[""Clinical Trials"", ""Therapeutic Applications"", ""Patient Care""]","[""Sports and Athletic""]","[""Rwanda""]",$5000-$10000,Limited,"[""ISO 27001 (Information Security Management)""]",1975-02-19,High,Medium,High,"[""Advanced Technology""]","[""TILT Holdings"", ""Cresco Labs""]",High,"[""Database Management System"", ""DevOps Tools"", ""Budget Management Experience""]",High,Low,Low,Medium,Non-Compliant,Medium,"[""Sports Sponsorships"", ""Industry Journals"", ""Magazines"", ""Online Courses""]",[]
Serv090,Service,Supply chain management,Strategy exactly cut big doctor under. Range hotel benefit source door trouble instead. Hot player natural.,,,Medical,"[""Clinical Trials""]","[""Sporting Goods"", ""Engines and Power Transmission Equipment Manufacturing""]","[""Vietnam"", ""Tuvalu"", ""Fiji Islands""]",$1000-$5000,Available,"[""Pest Management Specialist"", ""Event Coordinator""]",2010-12-31,High,Medium,Medium,"[""Cloud-Based"", ""Durable""]","[""Aphria"", ""Jushi Holdings"", ""Trulieve Cannabis"", ""1933 Industries""]",High,"[""Specific Equipment Operation""]",Medium,Medium,High,High,Non-Compliant,Medium,"[""Co-Branding Initiatives""]","[""Then unit ten center then.\nRise bill available memory difficult these involve. Enough suggest catch company word world as. Develop worry week exist best information team name."", ""Store set black during. Week pick hand positive rest.\nTreat data main door deal might. Which official summer beat even develop create. Reason though above add although interesting.""]"
Pro091,Product,Product ingredient sourcing,"Character address western change American recent. Must address six could. Their fall yard option should. Space until down in forget region.
Wind report task series owner. Ask great black.",,,Accessories,"[""Storage Solutions"", ""Consumption Devices""]","[""Business Content"", ""Oil and Energy""]","[""Iraq"", ""Denmark"", ""Montserrat"", ""Kosovo"", ""Slovenia""]",$0,Unavailable,"[""Financial Planner""]",1996-03-11,Medium,High,Low,"[""Sustainable"", ""Cloud-Based""]","[""The Green Organic Dutchman"", ""CannTrust Holdings"", ""iAnthus Capital Holdings"", ""CannAmerica Brands""]",Medium,"[""Permanent Residency""]",High,Medium,Medium,High,Compliant,High,"[""Promotional Emails""]",[]
Pro093,Product,Retail merchandising,Operation short peace show community training avoid. Order who commercial control. Argue care ten value. Result doctor if memory forget feel executive.,,,Cultivation,"[""Greenhouse Growing"", ""Outdoor Growing""]","[""Service Learning and Volunteer"", ""Nonmetallic Mineral Mining""]","[""Senegal"", ""Congo"", ""Cocos (Keeling) Islands"", ""American Samoa""]",$1000-$5000,Unavailable,"[""Policy Analyst""]",1979-07-17,Medium,Medium,Low,"[""Scalable""]","[""Cresco Labs"", ""MedMen Enterprises"", ""Aleafia Health"", ""CannaRoyalty Corp""]",High,"[""Cybersecurity Knowledge"", ""Work Visa""]",Low,Medium,High,High,Compliant,High,"[""Radio Advertising"", ""Video Ads"", ""Webinars"", ""Affiliate Marketing""]",[]
Pro095,Product,Trade publication,"Control while official story. Speak too explain too gas.
Service interest soon seem agency since. Rise couple back situation gun cover. National decade worker. Site time recent career.",,,Education,"[""Research Publications"", ""Training Programs"", ""Workshops and Seminars""]","[""Energy""]","[""Poland"", ""Thailand"", ""Panama"", ""Moldova"", ""Australia"", ""Fiji Islands""]",$5000-$10000,Limited,"[""Six Sigma Green Belt""]",2014-05-31,Low,Medium,Low,"[""Low Risk""]","[""Jushi Holdings"", ""Tweed"", ""Trulieve Cannabis"", ""CannTrust Holdings""]",Medium,"[""Software Development Kit (SDK)""]",Low,High,Medium,High,Non-Compliant,High,"[""Remarketing Campaigns"", ""TikTok"", ""Google Ads""]",[]
Pro097,Product,Extraction and processing,Style conference standard four and man. Bag bill necessary left reason cost. Because least single short. Rather opportunity training third day.,,,Marketing,"[""Public Relations"", ""Social Media Management""]","[""Public Safety"", ""Retail Trade""]","[""Finland"", ""Kuwait"", ""American Samoa"", ""Slovakia"", ""Vanuatu""]",$0,Unavailable,[],2013-09-19,Medium,Low,High,"[""Durable""]","[""Tweed"", ""Jushi Holdings"", ""Columbia Care""]",High,"[""Bachelor's Degree"", ""Senior-Level"", ""API Integration""]",High,Low,Low,Low,Non-Compliant,Low,"[""Dynamic Retargeting Ads"", ""Video Marketing"", ""Television Advertising""]","[""House my identify require military ago. In nor off news maintain nation. Walk western western.\nLate cultural campaign final foreign. Pretty season more song story again.""]"
Pro099,Product,Seed genetics research,Hundred without inside image. Produce maintain rate international different all seat.,,,Cultivation,"[""Outdoor Growing""]","[""Copper"", ""Steel""]","[""Sierra Leone"", ""Djibouti"", ""Portugal""]",>$50000,Available,"[""CMA (Certified Management Accountant)"", ""Financial Planner"", ""Trimmer""]",1976-08-08,High,High,Low,"[""Energy Efficient"", ""Sustainable"", ""Fast Delivery""]","[""Harvest Health & Recreation"", ""CannAmerica Brands"", ""Auxly Cannabis Group"", ""The Green Organic Dutchman""]",Low,"[""Experience with Specific Equipment"", ""Edge Computing""]",Medium,Low,Medium,High,Non-Compliant,Medium,"[""Resource Center"", ""Video Ads""]",[]
Pro101,Product,Retail merchandising,"Unit light whole so despite. Within south church maybe.
Do interview election source there professional life. Game possible drop party any.
Wind onto example. Across how high whose.",,,Accessories,"[""Apparel"", ""Storage Solutions"", ""Merchandise""]","[""Wedding Planning""]","[""Denmark"", ""The Bahamas"", ""Venezuela""]",$5000-$10000,Limited,"[""Product Sales Specialist""]",2020-01-01,Low,High,Medium,"[""Environmentally Friendly"", ""Easy Integration""]","[""Aleafia Health""]",Low,"[""Security Clearance Level 2"", ""Leadership Skills""]",High,Low,Medium,High,Compliant,High,"[""Online Seminars"", ""Banner Ads"", ""Pay-Per-Click (PPC) Advertising"", ""Search Engine Optimization (SEO)""]","[""Story contain truth town table do worry. Number easy choice.\nOfficer right religious year most exist. Only ok third food ready his."", ""Perhaps learn read. Share indicate reduce discuss. Pay management major gas must center add.\nStar management protect.\nRole science issue. Arm political whatever vote talk town.""]"
Pro103,Product,Health and wellness products,Eight drug economy American per guess behavior. Year should fund country. Woman born design when prevent.,,,Marketing,"[""Branding"", ""Social Media Management"", ""Advertising""]","[""Wood Products"", ""Chemical Manufacturing""]","[""Bangladesh"", ""Slovenia"", ""Faroe Islands"", ""Senegal"", ""Greenland"", ""South Georgia""]",$10000-$50000,Limited,[],2012-03-24,Medium,Low,Low,"[""Scalable""]","[""Planet 13 Holdings"", ""Wayland Group"", ""Neptune Wellness Solutions""]",Low,"[""Spanish"", ""IoT Integration"", ""Continuous Integration/Continuous Deployment (CI/CD)""]",Medium,Low,High,Medium,Compliant,Low,"[""Twitter"", ""SMS Marketing"", ""Flyers"", ""Customer Testimonials""]","[""Participant about toward suffer worker win. Leg single fact significant economic sometimes.\nMaintain great idea often along size car. Still least direction our pull bit.""]"
Pro105,Product,Product testing,Scientist memory member enter money store realize. Early five would no special. Star follow scene player.,,,Recreational,"[""Event Organizing"", ""Social Consumption Spaces"", ""Adult-Use Products""]","[""Chemical Manufacturing"", ""Residential Building Construction"", ""Auto and Truck Dealerships""]","[""China"", ""Maldives""]",<1000,Limited,"[""Cultivation Consultant"", ""Mentor""]",1982-09-11,High,Medium,Low,"[""Cost-Effective"", ""Mobile-Friendly""]","[""Aurora Cannabis"", ""Supreme Cannabis"", ""GW Pharmaceuticals"", ""Emblem Cannabis""]",Low,"[""French"", ""Certifications"", ""Project Management Experience""]",Medium,High,Medium,Low,Compliant,Low,"[""Instagram"", ""Virtual Events"", ""Twitter"", ""Event Sponsorships""]","[""Fear form feel page financial add Democrat. Sit word adult.\nEvent wide fill. Green energy including.\nPrevent view itself care itself get protect occur. Along floor sister.""]"
Serv108,Service,Insurance underwriting,"Start environment employee who while adult.
Family decade money discuss herself card. According customer season. Member discuss morning per tell.
Offer upon have hit. First because information.",,,Marketing,"[""Advertising""]","[""Salvage and Demolition"", ""Textile Product Mills"", ""Laundry""]","[""Pakistan"", ""Malawi"", ""Tanzania"", ""Congo""]",$1000-$5000,Unavailable,"[""Community Development Professional"", ""Operations Manager"", ""Hootsuite Social Marketing Certification""]",1997-10-13,High,High,Low,"[""Innovative"", ""Easy Integration""]","[""Innovative Industrial Properties"", ""The Flowr Corporation"", ""Cronos Group"", ""Columbia Care""]",Low,"[""Permanent Residency"", ""Software/Hardware Requirements"", ""Spanish""]",High,Medium,Low,Medium,Non-Compliant,Low,"[""Resource Center"", ""Press Conferences"", ""Product Launches"", ""Social Media""]","[""Like range apply information. Reveal section southern. Everything start senior strong loss black."", ""Friend consumer site visit upon radio. Understand need put oil.\nTrade assume race focus same. Future popular lawyer bad prepare environmental available article. Green social term air my activity.""]"
Serv110,Service,Social media management,"Own save office. Method hard Republican citizen challenge understand.
Offer seven evidence society. Politics his computer nature guy score. Term painting board improve surface customer.",,,Education,"[""Research Publications""]","[""Shipping""]","[""Democratic Republic of the Congo"", ""Vietnam"", ""Malawi""]",$0,Unavailable,[],1971-11-10,High,High,High,"[""Multi-Language Support"", ""Cloud-Based""]","[""Acreage Holdings""]",Medium,"[""Desktop Application"", ""German"", ""Problem-Solving""]",Medium,High,Medium,Medium,Non-Compliant,Low,"[""Local Sponsorships""]","[""Free choice more scene official will. Style require article talk.\nProject thing data claim. Also wind environment especially situation break us."", ""Inside both energy wonder remain race. Production consumer stand seek wonder. Shake central four clear easy."", ""Particularly game fill with put both. Another artist artist identify. Itself past whose today true new act.""]"
Pro111,Product,Farming equipment,Example film true rich realize. Anything why per collection. Tax put relationship box paper. Cost news customer find without lose a give.,,,Recreational,"[""Event Organizing"", ""Adult-Use Products"", ""THC Products""]","[""Medical Devices"", ""Home Health Care Services""]","[""Georgia""]",$10000-$50000,Unavailable,"[""Genetics Specialist"", ""Registered Nurse (RN)"", ""Sales Representative""]",2018-11-20,Medium,Low,High,"[""Durable""]","[""KushCo Holdings"", ""Liberty Health Sciences"", ""CannaRoyalty Corp"", ""Vireo Health""]",High,"[""Experience with Client Negotiations"", ""Language Proficiency"", ""Project Management Experience""]",Low,Low,Medium,Medium,Non-Compliant,High,"[""Industry News"", ""Email Marketing""]","[""Wife draw cut. Everything big case treatment those subject remember.\nCulture never again sing nothing process. Pass beat first eye approach. Ability able really design standard third chance."", ""Car everybody article manage man environment stage free. Record wide guess nearly everything make.\nHope throughout if you spend. Less machine car store your buy."", ""Single finish safe writer tax also bed. Relationship fish mouth.\nEntire up involve white to. Nation plant movie skin north. Beat stay draw friend dog easy.""]"
Serv114,Service,Consulting services,Enter kid there. Trouble federal capital environment according. Yourself evening family deep. Serious other only if he.,,,Technology,"[""Data Analytics""]","[""Laundry and Drycleaning Services"", ""Publishing""]","[""Panama"", ""Argentina"", ""Virgin Islands (US)"", ""Kiribati"", ""Belgium"", ""Uruguay""]",$10000-$50000,Unavailable,"[""SHRM-SCP (SHRM Senior Certified Professional)"", ""Genetics Specialist""]",2006-07-13,High,Medium,Low,"[""Comprehensive Support"", ""User-Friendly"", ""Flexible""]","[""Neptune Wellness Solutions"", ""Jushi Holdings"", ""Indiva""]",High,"[""National Candidates""]",Low,Low,Low,High,Compliant,Medium,"[""Webinars"", ""In-Person Workshops"", ""Facebook"", ""Sponsorships""]","[""Unit month scene special event animal while. Life really moment ago. International until bank pretty increase minute law.\nMe sometimes thought we along. Body care plan talk.""]"
Serv116,Service,Legal compliance training,"Low hold professor coach left. About central against talk. Actually say at reflect meeting.
Include contain show its improve often commercial. Fine week young model. Still enough indeed leader.",,,Marketing,"[""Branding"", ""Advertising"", ""Social Media Management""]","[""Language Schools"", ""Public Policy Offices"", ""Wholesale Consumer Electronics""]","[""Timor-Leste"", ""Malta"", ""South Sudan"", ""Guam""]",$10000-$50000,Limited,"[""Microsoft Certified: Azure Administrator Associate"", ""Hootsuite Social Marketing Certification""]",1973-04-25,High,High,High,"[""Fast Delivery""]","[""Acreage Holdings"", ""The Supreme Cannabis Company"", ""Harvest Health & Recreation"", ""Supreme Cannabis""]",High,"[""Machinery Operation""]",High,Low,Low,Low,Compliant,Medium,"[""White Papers and eBooks"", ""Online Display Advertising""]","[""Describe government growth now. Majority seat player week. Walk yeah change more again wide."", ""Cost support manager thank pay music person why. Baby campaign risk option around among total. All it bill dinner business yes ask.""]"
Serv118,Service,Compliance auditing,"South challenge middle set eight player various. Ago moment include administration take.
Method attention detail usually. Fly material continue finish agree significant win.",,,Marketing,"[""Advertising""]","[""Luxury Goods and Jewelry"", ""Equipment Rental Services"", ""Urban Planning""]","[""South Korea"", ""Kazakhstan"", ""Slovenia""]",$0,Available,[],1988-12-23,High,High,Low,"[""Innovative"", ""Mobile-Friendly""]","[""The Flowr Corporation""]",High,"[""Quantum Computing"", ""High-Speed Internet"", ""Virtual Reality""]",Medium,Medium,Low,High,Compliant,High,"[""Annual Reports"", ""Bing Ads"", ""Sponsorships"", ""Joint Ventures""]","[""After player military old up although. Kind reflect throughout watch.\nQuality career need he science war move. Level close here market tree happy conference."", ""Picture teach water for according trouble. Film north too nearly raise seven will.""]"
Serv120,Service,Industry leadership development,"Southern then husband forget strategy. Might service soldier yet accept want career. Financial character whom hair. World real accept specific product hope owner position.
Discuss nothing thus later.",,,Cultivation,"[""Outdoor Growing"", ""Indoor Growing""]","[""Philanthropic Fundraising Services"", ""Toys"", ""Personal Care""]","[""Timor-Leste"", ""Tokelau"", ""Finland"", ""Gambia The""]",>$50000,Limited,"[""HR Specialist"", ""CompTIA Security+"", ""Certified Financial Planner (CFP)""]",1993-08-13,High,Low,High,"[""User-Friendly"", ""Energy Efficient""]","[""TerrAscend"", ""MariMed"", ""Green Thumb Industries"", ""Charlotte's Web Holdings""]",Medium,"[""Budget Management Experience""]",Medium,Medium,Medium,Medium,Non-Compliant,Medium,"[""Catalogs""]","[""Raise I catch election father government rise assume. Write actually only big most traditional personal.""]"
Serv122,Service,Consumer research,Visit establish call heart especially. Step adult account seat would clear road foreign.,,,Accessories,"[""Storage Solutions"", ""Consumption Devices"", ""Apparel""]","[""Nonprofit Organization Management""]","[""Kyrgyzstan"", ""South Sudan""]",<1000,Unavailable,"[""Labor Market Analyst"", ""Certified Data Management Professional (CDMP)"", ""Compliance Officer""]",1973-05-16,Low,Medium,Low,"[""Certified"", ""User-Friendly""]","[""Indiva"", ""Vivo Cannabis"", ""Harvest Health & Recreation"", ""Rubicon Organics""]",Low,"[""Machine Learning Algorithms""]",Low,Low,Low,Medium,Non-Compliant,Medium,"[""Sponsored Content"", ""Customer Testimonials"", ""Panel Discussions""]","[""House leg surface want house story each. One open because Mr. Past television all company certain music.\nPush establish region woman. Boy site across over."", ""Rise cost food cover window.\nAffect scientist back whole. Question listen official Republican activity nearly station. Wind understand summer clear.""]"
Serv124,Service,Wholesale distribution,Marriage class through example consider indicate television. Usually single today itself between fact office.,,,Marketing,"[""Market Research"", ""Social Media Management"", ""Advertising""]","[""Storage"", ""Retail Apparel and Fashion"", ""Steel""]","[""Jamaica"", ""Ireland""]",<1000,Unavailable,"[""Trainer"", ""CISA (Certified Information Systems Auditor)"", ""Business Manager""]",2024-03-13,High,Medium,Medium,"[""Fast Delivery"", ""Low Maintenance"", ""Advanced Technology""]","[""Harvest Health & Recreation"", ""The Supreme Cannabis Company"", ""Green Thumb Industries""]",Medium,"[""Local Candidates Only""]",Medium,Medium,High,Low,Non-Compliant,Medium,"[""Blogs"", ""Newspapers"", ""Podcasts""]",[]
Serv126,Service,Consumer research,"Field return and thank. Somebody speak stay certain image office.
Power both level nearly sister.",,,Processing,"[""Edibles"", ""Extraction"", ""Quality Control""]","[""Operations Consulting"", ""Security and Protection Services"", ""Museums""]","[""Haiti"", ""Jordan""]",>$50000,Available,"[""Inventory Manager"", ""Medical Specialist"", ""Product Sales Specialist""]",2011-10-31,Medium,High,Medium,"[""Durable"", ""Advanced Technology"", ""Compact Design""]","[""CannAmerica Brands"", ""iAnthus Capital Holdings""]",Low,"[""Minimum Experience Level"", ""Frequent Travel""]",High,Medium,Low,Low,Non-Compliant,Medium,"[""Sponsorships"", ""Online Display Advertising"", ""Magazines"", ""Partnerships""]","[""Six personal can condition manage. Information account allow various less world.\nCould value season church may including. None phone big article concern structure."", ""Guess thought line discuss. Make contain few sure federal. Popular consider majority center information open.\nSuffer month form anyone set product tell. New writer wonder.""]"
Serv128,Service,Compliance auditing,Account senior cup expert age clear. Growth benefit color common stock. Manage meet continue hair name fear first pattern.,,,Technology,"[""Software Solutions""]","[""Aerospace and Defense"", ""Social Media""]","[""Fiji Islands"", ""Serbia""]",<1000,Unavailable,[],1972-04-17,Medium,Low,High,"[""Low Risk"", ""Comprehensive Support""]","[""The Supreme Cannabis Company"", ""Wayland Group"", ""Acreage Holdings"", ""Canopy Growth Corporation""]",Medium,"[""Professional Certifications"", ""Working in Various Weather Conditions"", ""Location Preferences""]",Medium,Medium,Low,High,Compliant,Medium,"[""eBay"", ""Industry News"", ""Print Advertising""]","[""Morning reason partner series structure. Thing former special case notice. Win keep forward include financial lawyer treatment very.\nAuthor inside stage institution."", ""On party high score require top than. Memory my brother have. Act machine room late.\nNearly hope according keep budget card successful. Air glass respond since few."", ""Stuff goal free discuss newspaper see remember.\nPretty size letter blue enter add poor. Exactly affect his trouble.\nFive weight near sound structure. Leader page old network important.""]"
Serv130,Service,Retail customer loyalty programs,"Mr defense point image later spring. Probably nothing voice must. Senior plan wide various policy any month.
Speech describe then now lead culture. Teacher professional election return.",,,Education,"[""Online Courses"", ""Research Publications""]","[""Electronics and Computer Distribution"", ""Government Relationship Services"", ""Broadcasting - TV""]","[""Benin"", ""Saint Kitts and Nevis"", ""Aruba""]",$10000-$50000,Unavailable,"[""Policy Analyst"", ""Certified Data Management Professional (CDMP)""]",2018-12-03,Low,Low,Low,"[""Flexible""]","[""Rubicon Organics"", ""Acreage Holdings"", ""MPX Bioceutical"", ""Auxly Cannabis Group""]",Low,"[""Cybersecurity Knowledge"", ""Specialized Tools""]",Medium,Medium,Medium,Medium,Compliant,High,"[""Outdoor Advertising (Billboards, Posters)"", ""In-Feed Ads"", ""Retargeting Campaigns""]","[""Collection health put actually. Animal so need detail road enough. Open win new report.\nEffort usually try nice leg hotel lawyer toward. Your eye hand stuff."", ""Move history among authority. Candidate guess continue already perhaps. Outside resource final on.\nBar age return pull space born. Land employee special similar citizen compare.""]"
Serv132,Service,Blockchain technology,"Daughter various analysis reveal. Conference involve too little.
Billion very national gas agreement three eye. Well successful stage hope those themselves major remember.",,,Recreational,"[""Adult-Use Products"", ""Social Consumption Spaces""]","[""Capital Markets"", ""Building Structure and Exterior Contractors""]","[""Zambia"", ""Guyana"", ""France"", ""Trinidad and Tobago""]",>$50000,Unavailable,[],2019-03-31,Low,Medium,Low,"[""Flexible"", ""Scalable""]","[""Green Thumb Industries""]",High,"[""Specific Hardware Proficiency"", ""Software Development Kit (SDK)"", ""Machine Learning Algorithms""]",Medium,High,Medium,Medium,Non-Compliant,High,"[""Television Advertising"", ""Sports Sponsorships"", ""Co-Branding Initiatives"", ""In-Feed Ads""]",[]
Pro133,Product,CBD product manufacturing,"Conference benefit step citizen career. Send field threat ok watch size understand.
House reflect because former whatever doctor. Just clearly later. Shoulder talk try happen important tell.",,,Retail,"[""Delivery Services"", ""Dispensaries""]","[""Household Institutional Furniture Manufacturing""]","[""Greece"", ""Nicaragua"", ""Chile"", ""American Samoa"", ""Senegal"", ""Canada""]",>$50000,Available,"[""Labor Market Analyst""]",1973-07-13,High,Medium,High,"[""Flexible"", ""Advanced Technology""]","[""Cresco Labs""]",Low,"[""Machine Learning Algorithms""]",Low,Low,Low,High,Non-Compliant,High,"[""Product Launches"", ""Event Sponsorships"", ""Workshops""]","[""Accept cut near nice. Suffer pick give interview natural nation affect. Create girl audience.\nStar if training activity capital begin whom."", ""Partner energy answer write eat position. Herself when though scene.\nInterview paper explain would front. Watch ball exist institution order business. A thought common president as develop."", ""Yes similar story art. Without tax sort become positive bad. Including medical better weight so industry.\nDiscuss rest individual. Process food place him available year society.""]"
Serv136,Service,Market forecasting,"Rule recognize want each dinner project.
Cold safe medical enter fly development. Send hotel blood bad.
Common majority relationship standard sea tree book rest.",,,Education,"[""Research Publications"", ""Workshops and Seminars"", ""Online Courses""]","[""Ground Passenger Transportation"", ""Insurance Carriers"", ""Medical and Diagnostic Laboratories""]","[""Equatorial Guinea"", ""Guatemala"", ""Hong Kong S.A.R."", ""Poland""]",$10000-$50000,Available,"[""ISO 9001 (Quality Management)"", ""SHRM-CP (SHRM Certified Professional)"", ""HR Specialist""]",1988-10-31,Low,High,Low,"[""Low Risk"", ""High Precision"", ""Sustainable""]","[""Acreage Holdings"", ""Wayland Group"", ""MPX Bioceutical"", ""Aurora Cannabis""]",Medium,"[""Specialized Tools""]",Medium,Medium,Medium,Medium,Non-Compliant,High,"[""Radio"", ""Remarketing Campaigns"", ""Videos"", ""Blog""]","[""Structure threat case task information. Fly social stand job opportunity something energy son. Training painting character education. Green husband form."", ""Guess recent along direction fill general. Pull finish long shake federal. Class necessary others role prevent land.""]"
Pro137,Product,Product innovation,Agreement say because kind production hotel who. Level major on south federal just might result. Deep institution follow actually play. Capital people truth range energy talk western.,,,Technology,"[""Hardware Solutions"", ""IoT and Automation"", ""Data Analytics""]","[""Paper and Paper Products"", ""Specialty Business Services""]","[""Reunion""]",$10000-$50000,Limited,"[""Budtender"", ""ITIL (Information Technology Infrastructure Library)""]",2008-08-14,Low,High,Low,"[""Scalable"", ""Industry-Compliant"", ""AI-Integrated""]","[""TILT Holdings"", ""MPX Bioceutical"", ""Acreage Holdings"", ""Aurora Cannabis""]",Low,"[""Working in Various Weather Conditions"", ""Citizenship""]",High,Medium,Low,High,Compliant,Medium,"[""Pop-Up Ads"", ""Social Media Influencers""]",[]
Serv140,Service,Tourism services,"And grow back miss wind. Sure learn positive too option market.
Front form simply performance plant north more. Oil create him run job address. Table last about yard sea.",,,Recreational,"[""Social Consumption Spaces""]","[""Interior Design"", ""Internet Content and Information""]","[""France"", ""British Indian Ocean Territory""]",$1000-$5000,Available,[],2021-05-10,Low,Medium,High,"[""Fast Delivery"", ""Innovative""]","[""Valens GroWorks"", ""Vireo Health""]",Medium,"[""Programming Languages""]",High,High,High,High,Compliant,High,"[""Search Engine Optimization (SEO)"", ""In-Person Workshops"", ""Newsletters"", ""Referral Programs""]","[""Offer player sometimes their use bad nothing. President fact seat can.\nDirector agency natural health. Who television draw follow past worker. She hospital machine material describe."", ""Sport medical hard animal ok. Imagine difference relationship never. Likely author food.\nMake region start apply forget minute. Serious money leader north fine police any. Produce investment ability.""]"
Pro141,Product,Product recycling programs,"Plant film member simply. North community interview hair room. Report share black fast not much drive back. Bill glass without world because low writer.
Sort section policy community police hit.",,,Cultivation,"[""Greenhouse Growing""]","[""Cosmetics""]","[""Serbia"", ""Norway"", ""Bangladesh""]",<1000,Limited,"[""PMP (Project Management Professional)"", ""Supply Chain Manager"", ""Trimmer""]",1985-05-16,Medium,Low,High,"[""Multi-Language Support""]","[""High Times"", ""Auxly Cannabis Group"", ""The Supreme Cannabis Company"", ""The Flowr Corporation""]",High,"[""Local Candidates Only"", ""Biometric Authentication"", ""Experience Leading Teams""]",Low,Medium,Low,Medium,Compliant,Low,"[""Video Ads"", ""Online Display Advertising""]","[""Mrs radio question well pressure call green. Last new before system rule natural. Table not his on have trade.""]"
Pro143,Product,Trade publication,"According him available today.
Choice really visit your bad girl.",,,Marketing,"[""Social Media Management""]","[""Holding Companies"", ""Office Furniture and Fixtures Manufacturing""]","[""Sint Maarten (Dutch part)"", ""Romania"", ""Cura\u00e7ao"", ""Uruguay""]",$1000-$5000,Limited,[],1973-05-31,High,High,High,"[""Data-Driven"", ""Customizable"", ""Comprehensive Support""]","[""Charlotte's Web Holdings"", ""TerrAscend"", ""Wayland Group"", ""GW Pharmaceuticals""]",High,"[""Standing for Long Periods"", ""Experience Managing Budgets Over $100,000""]",High,High,Medium,Medium,Non-Compliant,High,"[""Direct Mail"", ""Content Marketing"", ""Facebook"", ""Industry Journals""]","[""Believe food customer my stock. Break cost modern discover not. Sea factor democratic hair effort some letter require."", ""Billion conference information speech final. Common member his final class. Recognize watch sometimes begin."", ""Short every be onto including laugh. Include myself argue world.\nStep plan idea natural certain allow. Tend personal main garden. Lawyer particularly not despite. Back lead local apply power pass.""]"
Serv146,Service,Consumer safety programs,"Stock happy quite two. Analysis build send rise concern phone. Increase base give money civil.
Blue likely fill east find traditional. Establish fund show prove truth. Bit paper along.",,,Accessories,"[""Consumption Devices"", ""Apparel""]","[""Real Estate - Diversified"", ""Interurban and Rural Bus Service"", ""Wholesale Food and Beverage""]","[""Bosnia and Herzegovina"", ""Tonga"", ""Cape Verde"", ""Argentina""]",$10000-$50000,Unavailable,"[""Lean Management Specialist"", ""Certified Business Analysis Professional (CBAP)""]",1975-05-11,High,Low,Medium,"[""High Quality"", ""Low Risk""]","[""Aphria"", ""The Green Organic Dutchman"", ""Curaleaf Holdings"", ""iAnthus Capital Holdings""]",Low,"[""Communication Skills"", ""Security Clearance Level 2""]",High,Low,High,Low,Non-Compliant,High,"[""Postcards"", ""Webinars"", ""Promotional Texts"", ""SMS Marketing""]","[""Low guy onto right player night suffer. Huge hold provide simply around baby build live. Maintain name decade though everything foreign money.""]"
Serv148,Service,Event planning,Since remember city share program call. Picture suggest recent campaign. Nature go movement my choice want turn.,,,Technology,"[""Security Systems"", ""Software Solutions"", ""IoT and Automation""]","[""Higher Education"", ""Ambulance Services"", ""Restaurants""]","[""Saudi Arabia"", ""Switzerland"", ""Aland Islands""]",$10000-$50000,Available,[],2023-10-09,Low,Medium,Medium,"[""Cloud-Based"", ""Energy Efficient"", ""Scalable""]","[""The Green Organic Dutchman"", ""CannTrust Holdings"", ""Hexo Corp"", ""Curaleaf Holdings""]",High,"[""Flexible Availability""]",Medium,Medium,High,Low,Non-Compliant,Low,"[""Partner Websites""]","[""Site mother candidate fight place professor. Choice Republican minute activity war war. Speech probably report couple war air be.\nJoin they usually beautiful pick middle picture. Present tonight no.""]"
Serv150,Service,Medical research,Ability enjoy eat already process page. Mission single protect individual mother total fast. Share method teach store floor likely.,,,Retail,"[""Dispensaries"", ""Online Sales"", ""Delivery Services""]","[""Video and Photography Equipment Repair"", ""Fire Protection""]","[""Switzerland"", ""Belgium"", ""Myanmar""]",>$50000,Limited,"[""Cultivation Consultant"", ""Harm Reduction Specialist""]",1975-08-29,Medium,High,High,"[""Multi-Language Support"", ""Data-Driven""]","[""MedMen Enterprises"", ""KushCo Holdings"", ""Cronos Group"", ""The Flowr Corporation""]",Low,"[""Experience with Cloud Services"", ""Security Clearance Level 1""]",Low,Medium,Low,High,Non-Compliant,Low,"[""Pop-Up Ads"", ""Podcasts""]","[""By practice Mr lay director. Wonder campaign dog under town. Issue skin room. Either around ahead success world Mrs."", ""Usually section best my. Hand argue finish bank heart week add. Activity small matter change him another.""]"
Pro151,Product,CBD product manufacturing,"You risk relate whom lose nation voice. Lead think clear.
Feeling cell within important cup it. Final ever environmental child standard quite experience talk.",,,Accessories,"[""Storage Solutions""]","[""E-Learning""]","[""Venezuela"", ""Panama"", ""Estonia""]",$1000-$5000,Available,"[""Accounting Professional"", ""Farm Manager"", ""Hootsuite Social Marketing Certification""]",1997-06-08,Low,High,Medium,"[""Energy Efficient"", ""Compact Design"", ""Sustainable""]","[""CannTrust Holdings"", ""Trulieve Cannabis"", ""CannaRoyalty Corp"", ""Cresco Labs""]",Medium,"[""Leadership Skills"", ""Specific Software Knowledge"", ""Cloud Storage""]",Low,High,Medium,High,Compliant,Medium,"[""Customer Loyalty Programs"", ""In-Person Workshops"", ""Pay-Per-Click (PPC) Advertising""]","[""Look her test light by. Production room bag former office without. Hand area culture identify."", ""Church central business should. Want fire run travel section.\nKey hospital read win. Real safe group child light.""]"
Serv154,Service,Data analytics,Book break save maybe single window right. Until toward music various. Sometimes approach keep. Participant understand shoulder sister star ever.,,,Retail,"[""Online Sales"", ""Point of Sale Systems"", ""Delivery Services""]","[""Golf Courses and Country Clubs"", ""Luxury Goods""]","[""France"", ""Gabon""]",<1000,Unavailable,"[""SPHR (Senior Professional in Human Resources)"", ""HVAC Technician""]",1989-01-30,Low,Medium,Low,"[""High Precision"", ""Easy Integration"", ""High Capacity""]","[""Planet 13 Holdings"", ""Aleafia Health"", ""Vivo Cannabis"", ""Supreme Cannabis""]",High,"[""Experience with Specific Equipment"", ""Experience Managing Budgets up to $10,000""]",Medium,Low,Low,Medium,Non-Compliant,Medium,"[""Community Events"", ""Promotional Emails"", ""Search Engine Optimization (SEO)""]","[""Form mention might success herself film gun.\nAffect health weight bad actually religious husband. Now push way whole bill. Clear side few party.\nUsually common commercial position."", ""Media represent money many. Activity at threat away.\nSkill other wear rather Mrs analysis water today. Offer buy sister.\nGive rise building alone forget a. Race single strategy leader next.""]"
Serv156,Service,Public relations,"Require during hotel style. Yourself subject drop time voice investment particularly. Those myself most hand color run.
Meet century community computer. Effect change else stuff. Pm chair also.",,,Marketing,"[""Advertising"", ""Market Research""]","[""Salvage and Demolition""]","[""Finland"", ""Benin""]",>$50000,Available,[],2023-03-03,Medium,High,High,"[""Environmentally Friendly""]","[""Tilray"", ""Hexo Corp""]",Medium,"[""Budget Management Experience"", ""Quantum Computing""]",High,High,Medium,Medium,Non-Compliant,Medium,"[""Bing Ads""]","[""Address color lot civil. Because deep drive grow born walk bring. Daughter consumer affect listen.\nAmount year dream central look newspaper consider. Better responsibility issue key century.""]"
Pro157,Product,Retail merchandising,Baby rule brother call anything. Chair truth thank eye. Hold rate health fact meet task possible.,,,Marketing,"[""Social Media Management"", ""Advertising"", ""Public Relations""]","[""Public Policy""]","[""Montserrat""]",$1000-$5000,Unavailable,"[""Customer Service Representative""]",2016-08-02,High,High,Low,"[""Low Risk""]","[""iAnthus Capital Holdings"", ""Aleafia Health"", ""CannAmerica Brands"", ""Cannabix Technologies""]",High,"[""Experience with Specific Equipment"", ""API Integration"", ""Experience with Agile Methodologies""]",Medium,High,Low,Low,Compliant,High,"[""Email Marketing"", ""Amazon""]","[""Evidence share right technology fall. Home vote production agree government. Movement various main way call black.""]"
Pro159,Product,CBD product manufacturing,"Yet across hard foot write pattern. Degree enjoy relate style discuss science weight weight.
Many summer other change they statement future. Method itself middle condition girl debate.",,,Recreational,"[""THC Products"", ""Social Consumption Spaces""]","[""Engineering and Construction"", ""Software - Infrastructure"", ""Electrical Equipment and Parts""]","[""New Zealand"", ""Cape Verde"", ""Brazil"", ""Andorra"", ""Samoa""]",$10000-$50000,Limited,"[""Product Developer"", ""Agile Coach""]",2005-07-04,Medium,Medium,Medium,"[""User-Friendly""]","[""TILT Holdings""]",High,"[""Spanish""]",Low,Medium,High,Medium,Compliant,Medium,"[""Drip Campaigns"", ""Online Display Advertising"", ""Brand Ambassadors"", ""Online Marketplaces""]","[""How bar culture cover contain international.\nCoach around else. Increase television theory should let meeting. Person Mrs could quickly however deep draw evidence.""]"
Serv162,Service,Customer support services,"Community you artist type major group drive. Ability a fill PM result southern month. Approach low radio challenge mention cell.
Particularly serious light.",,,Recreational,"[""THC Products"", ""Event Organizing""]","[""Hydroelectric Power Generation""]","[""British Indian Ocean Territory"", ""Spain"", ""Dominican Republic"", ""Hungary""]",$5000-$10000,Available,"[""Certified Internal Auditor (CIA)""]",1979-09-11,High,Low,Low,"[""Mobile-Friendly"", ""Scalable""]","[""Planet 13 Holdings""]",High,"[""Work Visa""]",Low,Medium,Low,High,Non-Compliant,High,"[""Event Sponsorships"", ""Videos""]","[""Collection bar outside man bring single. Stand focus since media room mention. Congress clear ok city green enjoy.\nStore myself total want run hard. Important cup throw sure."", ""Recent exist arrive. Source home security significant subject brother east. Nor expect tough reason history result."", ""She station society learn draw case. Charge part dark anything should strong character. Subject memory modern. Near lead top likely speak fact part.""]"
Serv164,Service,Workforce diversity initiatives,"Finish thus however offer partner in. Break think series record spend action you.
Own blood myself financial alone.",,,Processing,"[""Extraction"", ""Infusion"", ""Quality Control""]","[""Fashion and Beauty"", ""Performing Arts"", ""Engineering and Construction""]","[""Saint-Martin (French part)"", ""Wallis and Futuna Islands""]",$0,Limited,[],1975-02-13,Medium,High,High,"[""Low Maintenance"", ""Innovative"", ""Durable""]","[""Aurora Cannabis"", ""Harvest One Cannabis""]",Medium,"[""Permanent Residency"", ""Cybersecurity Knowledge"", ""Security Clearance Level 2""]",Medium,High,High,Low,Compliant,Low,"[""Google Ads""]","[""Compare shake hair management full. Them travel chance wife. Again bag gun hot herself miss.\nFuture common design institution scientist simply. Though them since next crime mouth indeed."", ""Head fall likely sometimes begin different. Nothing rather reveal listen carry fund eye. Learn total capital color center account that simply. Stand full positive first.""]"
Pro165,Product,Product branding,Explain season sure that. Share something treat hard.,,,Cultivation,"[""Genetics and Breeding"", ""Organic Farming"", ""Greenhouse Growing""]","[""Transit and Ground Passenger Transportation""]","[""Western Sahara"", ""Ireland"", ""Yemen""]",$1000-$5000,Limited,"[""Registered Nurse (RN)"", ""Public Health Specialist""]",2002-12-08,High,Low,High,"[""Innovative"", ""Flexible""]","[""Hexo Corp"", ""Charlotte's Web Holdings""]",Low,"[""Experience with Client Presentations"", ""Ability to Lift a Certain Weight""]",Low,High,Low,Low,Non-Compliant,Low,"[""Promotional Texts""]",[]
Pro167,Product,Extraction and processing,East back happen window. Leave likely bit suddenly different provide. Computer international color war than remember. Customer rate book stay.,,,Medical,"[""Clinical Trials"", ""Pharmaceuticals"", ""CBD Products""]","[""Artists and Writers"", ""Dairy"", ""Electronic and Precision Equipment Maintenance""]","[""Tajikistan""]",$5000-$10000,Available,"[""Data Analyst""]",2008-08-20,Medium,Low,Low,"[""Cloud-Based"", ""High Capacity"", ""Mobile-Friendly""]","[""MPX Bioceutical""]",Low,"[""Leadership Skills""]",High,Medium,Medium,Low,Non-Compliant,High,"[""Sponsored Content"", ""Pop-Up Ads"", ""Trade Shows and Events""]",[]
Serv170,Service,Industry networking,Eye final table low major executive scientist. Now air protect what onto piece whom. Mind purpose nothing stand enough wonder.,,,Retail,"[""Dispensaries"", ""Online Sales"", ""Delivery Services""]","[""Specialty Chemicals"", ""Child Day Care Services"", ""Agriculture""]","[""Mozambique"", ""Central African Republic"", ""Andorra"", ""New Zealand""]",$5000-$10000,Available,"[""Inventory Manager"", ""Public Relations Specialist"", ""Extraction Technician""]",2019-05-10,Low,Low,Medium,"[""Compact Design"", ""Scalable""]","[""MedMen Enterprises""]",Medium,"[""Containerization (Docker, Kubernetes)"", ""API Integration"", ""Bachelor's Degree""]",High,Medium,High,Medium,Compliant,Low,"[""Posters"", ""Dynamic Retargeting Ads""]","[""Gun how couple past poor door. Message attack moment scene drive direction already. Head matter strategy character woman.""]"
Pro171,Product,Trade publication,"Catch culture explain happy brother return. Call TV radio record deal place away.
School a at physical. Them agency sport move. Reason short my certainly edge everything father.",,,Recreational,"[""Adult-Use Products""]","[""Credit Services""]","[""Puerto Rico"", ""French Polynesia"", ""Martinique"", ""Cape Verde""]",$10000-$50000,Unavailable,[],1996-12-13,High,Low,Medium,"[""Easy Integration""]","[""MedMen Enterprises"", ""Jushi Holdings"", ""Aleafia Health"", ""1933 Industries""]",High,"[""Specific Equipment Operation"", ""Technical Skills""]",Low,Low,High,Low,Compliant,High,"[""Joint Ventures"", ""Partnerships""]",[]
Serv174,Service,Financial services,Up economic unit door draw bring fill. Age necessary daughter season. Significant for Mr expect. Return although role your direction.,,,Accessories,"[""Consumption Devices"", ""Apparel""]","[""Broadcasting - Radio"", ""Medical Practices""]","[""Papua New Guinea"", ""Indonesia""]",>$50000,Limited,"[""SHRM-CP (SHRM Certified Professional)"", ""CMA (Certified Management Accountant)"", ""Mentor""]",2017-07-08,Medium,Medium,Low,"[""Low Risk"", ""High Performance"", ""Secure""]","[""Wayland Group"", ""Trulieve Cannabis"", ""Planet 13 Holdings""]",High,"[""Machine Learning Algorithms""]",Low,Medium,High,Medium,Non-Compliant,High,"[""Referral Programs""]","[""Necessary thousand choice PM even. Class cut sister parent join light plant. Throw this tough machine. This term realize door hand a individual total."", ""Prepare test station discuss what spend us whether. Right quite type scene determine. And song firm unit of dark. Positive medical west involve act.""]"
Serv176,Service,Legal dispute resolution,"Reality source west another once. Eye side lose move analysis.
Record most far since.
Idea more condition arrive. Happy dream customer travel.",,,Recreational,"[""Event Organizing""]","[""Freight and Package Transportation""]","[""Angola"", ""Burundi"", ""Iraq"", ""Armenia"", ""Sint Maarten (Dutch part)"", ""French Guiana""]",$1000-$5000,Available,"[""Cisco CCNA (Cisco Certified Network Associate)""]",2003-05-23,Medium,Medium,High,"[""High Quality"", ""Advanced Technology""]","[""Planet 13 Holdings"", ""MedMen Enterprises"", ""CannAmerica Brands""]",Medium,"[""Specific Hardware Proficiency"", ""Biometric Authentication"", ""Specific Equipment Operation""]",High,High,High,High,Compliant,Low,"[""Sports Sponsorships""]","[""Since movement buy book without. Ask three design number current garden. Although any have.""]"
Serv178,Service,Legal dispute resolution,Leave deep new blue cell media set easy. Government available various nation mention grow special.,,,Accessories,"[""Consumption Devices"", ""Merchandise""]","[""Solar"", ""Retail""]","[""Eswatini"", ""India"", ""Brazil"", ""United States Minor Outlying Islands""]",$5000-$10000,Unavailable,"[""Compliance Officer"", ""Entrepreneurship Coach"", ""Data Analyst""]",2003-05-24,Low,High,High,"[""Low Risk"", ""Innovative"", ""Compact Design""]","[""MariMed"", ""Columbia Care"", ""GW Pharmaceuticals""]",High,"[""Experience with Cloud Services"", ""Willingness to Travel""]",Low,Medium,Low,Low,Compliant,Low,"[""Remarketing Campaigns"", ""Partner Websites"", ""Catalogs""]","[""Follow smile child stay debate. Fast maybe require several church poor notice individual.\nLittle sense support. Grow specific sell artist investment protect.""]"
Serv180,Service,Waste management solutions,"Without shoulder rich prepare garden trip interest. Ever before tax side message.
Race turn myself that.",,,Accessories,"[""Storage Solutions"", ""Consumption Devices"", ""Apparel""]","[""Equipment Rental Services""]","[""Bangladesh"", ""United Kingdom""]",$10000-$50000,Limited,[],2022-10-03,Medium,Low,Medium,"[""Fast Delivery"", ""Mobile-Friendly""]","[""Curaleaf Holdings"", ""Cresco Labs"", ""Cannabix Technologies""]",Low,"[""Specialized Tools"", ""Cybersecurity Knowledge"", ""Frequent Travel""]",High,Low,Low,Low,Compliant,Low,"[""Customer Alerts""]",[]
Pro181,Product,Product supply chain transparency,To star city open across. Executive along old growth mind stock. Girl about factor thus argue throw customer mother.,,,Accessories,"[""Consumption Devices"", ""Storage Solutions"", ""Merchandise""]","[""Real Estate Services"", ""Individual and Family Services"", ""Medical Devices""]","[""Sweden"", ""Saint-Barthelemy""]",>$50000,Available,"[""Real Estate Specialist""]",1990-12-14,High,Low,Low,"[""Mobile-Friendly"", ""Flexible""]","[""MariMed""]",Low,"[""Permanent Residency"", ""Physical Requirements"", ""Software/Hardware Requirements""]",Low,Medium,Medium,Low,Compliant,High,"[""Social Media Takeovers""]","[""Movement condition executive. House least kitchen grow behind. Rise name between address look."", ""Around none whom talk suffer. Common each hundred appear.\nUpon cut business after heart I. Speak factor something owner thought."", ""Lay generation fact guy home great child. Approach because example growth key.\nData responsibility probably action field whom. Institution social forward democratic drive send.""]"
Serv184,Service,Educational content creation,"Music five sort business few benefit report. Former old agreement. Major toward car name.
Various nor future city surface need full. Serious arm bit believe collection.",,,Recreational,"[""Social Consumption Spaces""]","[""Digital Accessibility Services"", ""Building Products and Equipment""]","[""Kosovo"", ""The Bahamas"", ""Grenada"", ""Cuba""]",>$50000,Unavailable,"[""Professional Engineer (PE)""]",2014-03-22,Low,Medium,Medium,"[""Certified""]","[""Tilray"", ""Wayland Group"", ""Auxly Cannabis Group""]",Low,"[""Experience with Specific Equipment"", ""Experience with Cloud Services""]",Medium,Low,High,High,Compliant,Low,"[""Remarketing Campaigns"", ""Industry Experts"", ""Local Sponsorships"", ""Newspapers""]","[""Today network build if like compare wide. Realize drive there at. Kid worker real owner.""]"
Pro185,Product,Retail POS systems,"Successful north side important top community surface enjoy. Able data analysis despite clearly PM.
Feeling professional threat agreement reduce.",,,Recreational,"[""THC Products"", ""Adult-Use Products""]","[""Banks - Regional - US"", ""Storage Facilities"", ""Computer Systems""]","[""Togo"", ""Dominican Republic"", ""Iceland""]",<1000,Available,"[""Public Relations Specialist"", ""Product Developer""]",1991-06-15,Medium,Medium,Low,"[""Certified"", ""AI-Integrated"", ""High Capacity""]","[""CannTrust Holdings"", ""Jushi Holdings"", ""Aleafia Health""]",Low,"[""French"", ""Soft Skills"", ""Technical Skills""]",Low,High,High,Low,Non-Compliant,Low,"[""Amazon"", ""Customer Testimonials""]",[]
Serv188,Service,Advocacy organization,Dog become class at catch manage. Month make provide myself some among. Decade situation dog team house challenge.,,,Cultivation,"[""Indoor Growing"", ""Genetics and Breeding"", ""Greenhouse Growing""]","[""Auto and Truck Dealerships"", ""Gaming""]","[""Belarus"", ""Guinea-Bissau"", ""Greenland""]",<1000,Available,[],2021-12-06,Low,High,High,"[""Fast Delivery"", ""High Precision"", ""AI-Integrated""]","[""KushCo Holdings"", ""Acreage Holdings"", ""Planet 13 Holdings"", ""Charlotte's Web Holdings""]",High,"[""Experience with Agile Methodologies"", ""Data Encryption""]",High,High,Low,High,Compliant,Low,"[""Charity Partnerships""]","[""Lay employee protect road campaign. Large foreign those.\nTell network rate marriage. Family us perhaps fight lay."", ""Then eight five indicate imagine garden. Dream pick off room. Very fall see such great.\nNatural appear whatever someone family. Suggest put best never project."", ""Add today piece language trouble other most. Remain employee value computer defense everyone.\nSeason attorney choice. No option certainly kid.""]"
Pro189,Product,Product innovation,"Others live than sure. Off under stand ten. Result far wind surface participant.
Treat listen yes follow. Brother identify example mouth father.",,,Education,"[""Research Publications""]","[""Copper""]","[""Kuwait"", ""Fiji Islands"", ""Thailand"", ""Aruba""]",$10000-$50000,Limited,"[""Certified Information Privacy Professional (CIPP)"", ""SPHR (Senior Professional in Human Resources)"", ""Water Management Specialist""]",2017-05-24,High,Low,Low,"[""Easy Integration"", ""Environmentally Friendly"", ""Fast Delivery""]","[""Acreage Holdings"", ""Cresco Labs""]",Medium,"[""High-Speed Internet"", ""Available within 3 Months""]",High,Medium,Medium,Medium,Non-Compliant,High,"[""Customer Testimonials"", ""Email Marketing""]","[""Yourself share husband standard economic election. Why itself success garden street. Goal maintain piece late democratic evening. Every area kitchen should move note key after."", ""Ground boy oil yeah order. First case strategy understand summer these growth. Base teach blue responsibility best agent leave despite."", ""Even anyone market best own feel exactly. People use partner food today. Tv set financial deep experience letter cut.""]"
Serv192,Service,Consumer rights protection,"Admit live garden mention teach TV then. Activity do exactly direction or question.
Under recent moment last happy six. Term its middle develop will figure. Join military carry return would.",,,Processing,"[""Packaging"", ""Extraction"", ""Quality Control""]","[""Solar Electric Power Generation""]","[""Croatia"", ""Mauritania""]",<1000,Limited,[],1972-09-30,Low,High,High,"[""High Quality"", ""High Precision""]","[""The Green Organic Dutchman""]",Low,"[""Serverless Architecture"", ""Technical Skills"", ""Technical Certifications""]",Medium,Low,Low,Medium,Non-Compliant,Medium,"[""Newsletters"", ""Industry Experts"", ""Social Media"", ""Customer Loyalty Programs""]","[""Sell base central medical western. Look interview gun story right design.\nTell full color team sell point either. Record itself operation peace. Miss health whole."", ""Crime indeed thus growth. Trouble full bag factor marriage. Front chance military.\nFactor red how letter general. Each often determine television.""]"
Pro193,Product,Product innovation labs,"Home response culture commercial let. Idea green government challenge others mind. Vote activity myself them put product social.
Art husband left product forget effect.",,,Retail,"[""Dispensaries"", ""Delivery Services"", ""Online Sales""]","[""Banks - Global"", ""Sports Organizations""]","[""China"", ""Guyana""]",$5000-$10000,Limited,"[""Community Development Professional"", ""Product Sales Specialist"", ""Farm Manager""]",2014-07-10,Low,High,Medium,"[""User-Friendly"", ""Mobile-Friendly""]","[""Tilray"", ""Innovative Industrial Properties"", ""The Supreme Cannabis Company"", ""Rubicon Organics""]",High,"[""Experience with Agile Methodologies"", ""Cloud Storage"", ""Soft Skills""]",Low,Low,High,Medium,Non-Compliant,Medium,"[""Search Engine Optimization (SEO)"", ""In-Person Workshops"", ""Affiliate Networks"", ""Public Relations (PR)""]",[]
Serv196,Service,Educational outreach,"Type nor recognize. Fast left among best speak.
Eat certainly pull action. Activity list serve ahead. Billion box seek movement standard.",,,Processing,"[""Infusion"", ""Edibles"", ""Quality Control""]","[""Semiconductor Manufacturing"", ""Wireless"", ""Digital Accessibility Services""]","[""Hong Kong S.A.R."", ""Antigua and Barbuda"", ""Japan"", ""Montserrat"", ""South Georgia""]",$0,Unavailable,"[""Medical Specialist"", ""Legal Consultant""]",1986-07-22,Medium,Low,Medium,"[""Mobile-Friendly""]","[""iAnthus Capital Holdings"", ""MariMed"", ""CannAmerica Brands"", ""TILT Holdings""]",Low,"[""Blockchain Technology"", ""Experience with Waterfall Methodologies"", ""Software Proficiency""]",Low,Medium,Medium,Medium,Non-Compliant,Low,"[""Posters"", ""TikTok""]","[""Identify discover remain game magazine receive. Throughout participant nice option west statement.\nWeek get network example. Media fly but care."", ""Somebody return bank on. Force travel sister instead cover national security dinner. Son soldier increase population decide style discussion."", ""Every help pass feeling. Much leg recognize.\nAllow morning seat because society. Care skin fund support face out. Appear sure these throw foot clearly reason.""]"
Serv198,Service,Investment firm,"Common per not our. Place everyone big red heart nor decade. Sign they yet final.
Own anything student goal. Often leg financial friend manager his quite.",,,Cultivation,"[""Organic Farming""]","[""Collective Agencies""]","[""Brazil"", ""Kosovo"", ""Jamaica"", ""Palau""]",$5000-$10000,Limited,"[""Crop Scientist""]",2017-12-24,Medium,High,High,"[""High Performance""]","[""High Times"", ""Trulieve Cannabis"", ""Aurora Cannabis"", ""KushCo Holdings""]",Medium,"[""Master's Degree"", ""Machine Learning Algorithms"", ""Technical Certifications""]",High,Low,High,Low,Compliant,Low,"[""Posters"", ""Cannabis Conventions""]","[""Chance memory bit white. Include go control nation.\nIn economic image data talk today court plant. If go million feeling effort certainly name. Personal people method when provide serious."", ""Voice risk center manager factor book. Manager top provide story.\nNorth to course light. Also turn first ready southern deal. Up least my rather population drop energy."", ""Morning win science drop. Result listen teacher.\nAgo address political see watch agency mind. Hospital agree space join believe.""]"
Pro199,Product,Product innovation labs,"Try benefit shoulder. Fact want executive quality claim. Myself though value.
Treat meeting form. Cultural weight attorney design. Half charge possible ok marriage next civil.",,,Accessories,"[""Merchandise""]","[""Specialty Industrial Machinery"", ""Lodging"", ""Integrated Freight and Logistics""]","[""Aruba"", ""Belarus"", ""Vanuatu""]",$10000-$50000,Unavailable,[],2004-10-04,High,Low,Low,"[""Low Risk"", ""Durable"", ""High Precision""]","[""Innovative Industrial Properties"", ""The Green Organic Dutchman"", ""TerrAscend"", ""Curaleaf Holdings""]",Low,"[""Mobile Device Compatibility"", ""Project Management Experience""]",Low,Medium,High,Low,Non-Compliant,Low,"[""Pay-Per-Click (PPC) Advertising""]",[]
Serv202,Service,Data analytics,Beat director cup his certainly alone happy. Interest term still rise treat between high west.,,,Medical,"[""Clinical Trials"", ""CBD Products""]","[""Drug Manufacturers - Specialty and Generic"", ""Engineering and Construction""]","[""India""]",>$50000,Available,"[""Certified Data Management Professional (CDMP)""]",1970-12-13,Low,High,Low,"[""Mobile-Friendly"", ""Environmentally Friendly"", ""Fast Delivery""]","[""iAnthus Capital Holdings"", ""TILT Holdings""]",Low,"[""Experience Managing Budgets up to $10,000"", ""Industry-Specific Certifications""]",Medium,Medium,Low,Medium,Non-Compliant,Medium,"[""Online Display Advertising"", ""Industry Expos""]","[""Current wide environment person summer couple environment. Foreign accept result according important country. Region world bar cold either last."", ""Employee if others military part. Much ability notice nation.\nPopular poor design. Some evidence cost school production others."", ""Unit finally sport life ever effect.\nCultural politics major affect crime west. Care fear along little myself study.\nSimple kitchen begin big floor them billion.""]"
Pro203,Product,Product supply chain transparency,"Send late music answer think war. Practice guess new admit project.
Address much defense name. Far fund investment only baby think. Out budget forward various.",,,Accessories,"[""Consumption Devices"", ""Merchandise"", ""Storage Solutions""]","[""Desktop Computing Software Products"", ""Digital Accessibility Services""]","[""Mozambique""]",$10000-$50000,Unavailable,"[""Data Analyst"", ""Certified Quality Engineer (CQE)""]",1998-01-30,High,Low,Medium,"[""Customizable"", ""Multi-Language Support"", ""User-Friendly""]","[""Emblem Cannabis"", ""Acreage Holdings"", ""CannAmerica Brands""]",Low,"[""Mobile Device Compatibility""]",High,Medium,Medium,Medium,Non-Compliant,Medium,"[""Radio Advertising"", ""Speaking Engagements"", ""Referral Programs""]","[""Concern student heavy may behind last. Authority surface process first now. Local third although order individual player policy final."", ""Marriage hundred option. Lead eye design blood especially under. Decade consider condition Mrs ability agree whose.\nMachine stage issue law explain. Option industry speech cell class space kind.""]"
Serv206,Service,Consumer research,"Lead item explain nothing. Miss everybody until instead from. Radio maybe seek Mrs.
Provide product decade week peace knowledge. Eye what parent. Rise right religious minute class.",,,Accessories,"[""Consumption Devices""]","[""Retail Sporting Goods"", ""Warehousing""]","[""Sierra Leone"", ""British Indian Ocean Territory"", ""Ecuador""]",<1000,Unavailable,"[""Soil Scientist"", ""Accounting Professional""]",1996-01-31,Low,Low,Low,"[""Cost-Effective"", ""Mobile-Friendly"", ""Advanced Technology""]","[""Neptune Wellness Solutions"", ""Tilray""]",Medium,"[""Experience with Cloud Services"", ""Experience Managing Budgets up to $10,000"", ""High-Performance Computing""]",Low,Medium,Medium,High,Compliant,Low,"[""Social Media"", ""Brand Ambassadors"", ""Affiliate Marketing"", ""Cannabis Conventions""]",[]
Serv208,Service,Market research,"Tax floor many lawyer into about. Money region your machine knowledge can reason.
Answer as help but. Through recent job west thus natural himself. Rule culture network bill full.",,,Retail,"[""Delivery Services"", ""Online Sales"", ""Point of Sale Systems""]","[""Pollution and Treatment Controls"", ""Asset Management""]","[""Turkey"", ""Brazil""]",$10000-$50000,Limited,"[""Banking Professional"", ""Lighting Technician"", ""Professional Engineer (PE)""]",1983-02-10,High,Medium,Low,"[""Mobile-Friendly"", ""Cost-Effective""]","[""Tweed""]",Medium,"[""Associate's Degree""]",Low,Medium,Low,Medium,Non-Compliant,Medium,"[""Demonstrations and Workshops""]","[""Suffer music because trade do remain appear. Become culture hotel little only tree end growth.\nHome probably certain. Rich may professional. Newspaper talk nearly skin reason memory across wrong.""]"
Pro209,Product,Product safety testing,"Write contain physical she draw cut result.
Set authority see serve role. Media firm as.
Appear know outside analysis both. Affect next force.",,,Medical,"[""CBD Products""]","[""Recreational Facilities and Services"", ""Aviation""]","[""Comoros"", ""Aland Islands"", ""Marshall Islands"", ""Chile"", ""Norfolk Island""]",>$50000,Available,"[""Patient Care Advocate"", ""CISM (Certified Information Security Manager)"", ""Google Cloud Professional Cloud Architect""]",2009-05-03,Low,Medium,Medium,"[""Advanced Technology"", ""Scalable""]","[""Tilray"", ""Harvest One Cannabis""]",Medium,"[""Minimum Experience Level"", ""Experience Managing Budgets up to $50,000"", ""Spanish""]",Medium,Medium,Medium,Medium,Non-Compliant,Low,"[""Live Demos"", ""Industry News"", ""Transit Ads"", ""Internal Newsletters""]","[""Job mission fly my now. Service someone American.\nCommunity pay result laugh church pattern. Father concern feel heavy car number.""]"
Serv212,Service,Financial forecasting,"Support short right story story. Instead issue since listen. Sound wrong shake nor.
Attack enough other challenge. Between miss necessary as magazine.",,,Marketing,"[""Advertising""]","[""Retail Technology""]","[""Svalbard and Jan Mayen Islands"", ""Gambia The"", ""Mongolia""]",$0,Limited,"[""Logistics Coordinator""]",1972-05-08,Low,Low,Low,"[""High Quality"", ""AI-Integrated""]","[""The Green Organic Dutchman"", ""Tilray"", ""Green Thumb Industries"", ""High Times""]",High,"[""Master's Degree"", ""Heavy Equipment"", ""Work Visa""]",Medium,Low,Low,Low,Compliant,Low,"[""Charity Partnerships"", ""Billboards""]","[""Fact young century who once level increase nor. Despite life station too daughter decide.\nFact customer away stay southern still increase always. Our traditional lead apply cultural speak ahead."", ""Well when money modern. Security in community will coach better day.\nPersonal nor seek consumer.\nTreatment general set task charge. Contain region body see own over bar manage."", ""Fund kind far commercial. Middle analysis recognize office outside.\nMy try film dinner parent. Night yeah one avoid.""]"
Pro213,Product,Consumer product reviews,"Short that gas care.
Attorney special road former. Final individual form house game their. Around another laugh material scene matter particularly.",,,Processing,"[""Quality Control""]","[""Biotechnology Research"", ""Movies, Video and Sound""]","[""Czech Republic"", ""Namibia"", ""Mauritania"", ""British Indian Ocean Territory"", ""Slovenia""]",$0,Limited,"[""Trainer"", ""Scrum Master Certification"", ""Water Management Specialist""]",2018-06-06,Low,Medium,High,"[""Durable""]","[""The Flowr Corporation"", ""MPX Bioceutical""]",Medium,"[""Laboratory Equipment"", ""Executive-Level"", ""Doctorate""]",Medium,Low,High,Low,Non-Compliant,Medium,"[""Social Media"", ""Newspapers""]","[""Toward mouth audience including. Crime trip course detail trip determine defense.\nWhile pick budget consumer model all him decade. According Mrs heart such. Oil town one trial yet small own."", ""Involve president job positive. Create century education century here. South memory son billion computer choice. Happy candidate stop agent rich world.""]"
Serv216,Service,Market forecasting,"Reality manager white decide mention. Entire audience surface mother. Him any language detail back improve relate.
Heavy really television dog move weight race. Marriage onto movement.",,,Technology,"[""Security Systems""]","[""Gambling and Casinos""]","[""Marshall Islands"", ""Mayotte"", ""Hong Kong S.A.R.""]",<1000,Unavailable,"[""Certified Supply Chain Professional (CSCP)"", ""Organizational Development Consultant"", ""Water Management Specialist""]",2011-01-01,Low,Medium,High,"[""Customizable"", ""Reliable""]","[""Liberty Health Sciences"", ""CannAmerica Brands""]",Low,"[""Minimum Years in Industry""]",Low,Low,Medium,Medium,Non-Compliant,Medium,"[""Sports Sponsorships"", ""Workshops""]","[""Clear computer which effort walk. Let majority final economic world. Space music including morning run any work."", ""Hotel voice fast artist executive people.\nJoin capital federal at.""]"
Serv218,Service,Market entry strategy,"Statement effort history recognize. Quite successful side free name kid.
Top door would candidate message car answer media. Him film affect. Soon compare imagine product others data short board.",,,Technology,"[""Data Analytics"", ""Security Systems""]","[""Audio and Video Equipment Manufacturing"", ""Fashion and Beauty"", ""REIT - Office""]","[""Congo"", ""Samoa"", ""North Macedonia"", ""French Southern Territories"", ""Guatemala""]",$1000-$5000,Unavailable,"[""Oracle Certified Professional (OCP)"", ""Lean Management Specialist""]",2012-02-11,High,Low,High,"[""Energy Efficient""]","[""TerrAscend"", ""Vireo Health"", ""Charlotte's Web Holdings""]",Low,"[""Other (Specify)"", ""Available within 3 Months"", ""Multi-Factor Authentication""]",High,Low,Low,Medium,Non-Compliant,High,"[""Infographics"", ""Video Ads""]","[""Could treatment carry effect give early. Writer nor wear return weight his. Different unit let similar mean."", ""World computer rule much give style. Interesting do child wife year per us. Process a letter.\nIncluding rather firm wall opportunity choose.""]"
Pro219,Product,Product compliance auditing,"Business environment reach sister star perhaps. Push pick improve force lawyer entire.
Remember keep season specific TV quite movement. Need on allow lawyer drive unit.",,,Medical,"[""Therapeutic Applications"", ""Patient Care"", ""Clinical Trials""]","[""Internet Content and Information""]","[""Barbados""]",$1000-$5000,Limited,"[""CompTIA Security+"", ""Budtender""]",1970-11-27,High,High,Low,"[""High Capacity"", ""Advanced Technology""]","[""CannTrust Holdings"", ""Innovative Industrial Properties"", ""Charlotte's Web Holdings"", ""Hexo Corp""]",Low,"[""Software Proficiency"", ""Local Candidates Only""]",Low,Medium,High,High,Compliant,Medium,"[""Video Marketing"", ""In-Person Workshops""]",[]
Serv222,Service,Community engagement,"Live pull listen model. Again herself everything personal prove. Attack quality hotel design somebody.
Talk position property ten. Although whether not dog off service whatever each.",,,Processing,"[""Extraction"", ""Packaging""]","[""Lodging""]","[""Malawi""]",$10000-$50000,Unavailable,[],2023-11-11,Low,Medium,Medium,"[""Compact Design"", ""Advanced Technology""]","[""Trulieve Cannabis"", ""TILT Holdings"", ""MPX Bioceutical""]",High,"[""Software/Hardware Requirements"", ""Available within 1 Month"", ""Experience Managing Multiple Projects""]",Medium,High,Low,Low,Non-Compliant,Low,"[""Sponsored Content"", ""Instagram"", ""SMS Marketing""]",[]
Pro223,Product,Product ingredient sourcing,Poor true weight front. End quality science clear when common guy. Smile strategy care thing write pretty.,,,Compliance,"[""Legal Services"", ""Auditing"", ""Licensing""]","[""Nanotechnology Research""]","[""Pakistan"", ""Cuba"", ""Italy"", ""Reunion"", ""British Indian Ocean Territory"", ""Gabon""]",$10000-$50000,Limited,"[""Software Developer""]",1979-01-06,Medium,High,Medium,"[""Compact Design"", ""Scalable""]","[""CannAmerica Brands"", ""Planet 13 Holdings"", ""Neptune Wellness Solutions""]",Low,"[""Experience with Client Presentations"", ""English""]",Medium,High,Low,Medium,Non-Compliant,Medium,"[""Corporate Announcements"", ""Workshops""]","[""Grow room rest world.\nProduct seek reduce style. Develop pull old successful bed.\nProbably share local federal to hospital head. Politics take little already pattern together capital.""]"
Pro225,Product,Legal compliance software,"Toward choice head catch there relate. Soldier discussion dinner trip its open building. Whom force game law five.
Option arm security now baby. Into next father section difference inside.",,,Marketing,"[""Advertising"", ""Branding""]","[""Retail""]","[""Belarus"", ""Indonesia""]",$5000-$10000,Unavailable,[],2007-03-16,High,Medium,Medium,"[""High Performance""]","[""Vivo Cannabis"", ""iAnthus Capital Holdings"", ""GW Pharmaceuticals"", ""Harvest Health & Recreation""]",Low,"[""Specific Industry Experience""]",Low,Low,High,Medium,Compliant,Low,"[""Outdoor Advertising (Billboards, Posters)"", ""Workshops""]","[""Four possible somebody read without team run agent. Fall rich feel land feeling house standard. Who show ago piece ability interest goal.""]"
Serv228,Service,Tourism services,Nothing coach blood another brother. Population skill state fund him. Three in where stuff standard laugh above deal.,,,Marketing,"[""Branding"", ""Market Research""]","[""Housing and Community Development"", ""Banks - Regional - US"", ""Furniture and Home Furnishings Manufacturing""]","[""Netherlands"", ""Bahrain"", ""Angola"", ""Svalbard and Jan Mayen Islands"", ""Malaysia"", ""Monaco""]",$10000-$50000,Available,[],2011-02-23,Low,Low,Low,"[""Mobile-Friendly"", ""Comprehensive Support"", ""High Capacity""]","[""Aurora Cannabis"", ""KushCo Holdings"", ""Tweed"", ""Cresco Labs""]",High,"[""Real-Time Data Processing"", ""Problem-Solving"", ""Security Clearance Level 3""]",Medium,High,High,Low,Non-Compliant,High,"[""Social Media Takeovers"", ""White Papers and eBooks""]","[""Table wonder house wall letter campaign. Speech stand can discuss. Spend doctor fast back.""]"
Serv230,Service,Financial forecasting,"Identify purpose stage find nation.
Line bag agreement face. Air short above ok itself off both.
Both wish around front. True crime indeed star grow.",,,Medical,"[""CBD Products"", ""Patient Care""]","[""Water Supply and Irrigation""]","[""Northern Mariana Islands"", ""Pitcairn Island""]",<1000,Unavailable,"[""Real Estate Specialist""]",1985-04-11,High,Low,Low,"[""Certified"", ""Easy Integration"", ""Durable""]","[""Neptune Wellness Solutions"", ""The Flowr Corporation""]",High,"[""Travel Requirements"", ""Manual Dexterity"", ""Serverless Architecture""]",High,Low,Medium,High,Compliant,High,"[""Bing Ads"", ""Social Media Influencers"", ""Industry Experts""]","[""No from response scientist send smile lawyer. Million six know affect herself old fast interview. Plant free drop public together various."", ""Want down fine. Modern out rich skill start society magazine traditional. Bill should that suggest subject thought win ever."", ""Art guess like house cold laugh space. Without relationship possible pressure take reach way. Learn wish trial audience nothing.""]"
Serv232,Service,Insurance underwriting,"Whole voice win energy. Word serious later.
Perform compare interest stuff program ever determine floor. Process then price recognize.",,,Technology,"[""Data Analytics"", ""Software Solutions"", ""Security Systems""]","[""Thermal Coal""]","[""Nauru"", ""Iraq"", ""Eswatini"", ""China"", ""Saint Kitts and Nevis""]",$1000-$5000,Limited,"[""Market Research Analyst"", ""AWS Certified Solutions Architect"", ""Budtender""]",2019-10-15,Medium,Low,Medium,"[""Innovative"", ""Data-Driven""]","[""Harvest One Cannabis"", ""MedMen Enterprises"", ""MPX Bioceutical""]",Medium,"[""Leadership Skills""]",Low,Low,High,Medium,Non-Compliant,High,"[""Press Conferences"", ""Posters"", ""Customer Surveys"", ""Print Advertising""]","[""Offer good page value agent necessary bank myself. Collection agree establish food. Statement begin student onto beautiful former it."", ""Reality space while bag social focus machine. Wonder example which pick get.\nMuch possible onto bit sell.\nNearly past top. Season part writer almost near rock modern. Baby owner ok director work."", ""Moment number ahead modern. Establish environment deal. Money truth major stock information sort talk.\nNature give pay agency speech. Here company church nice onto give effort.""]"
Pro233,Product,Farming equipment,Represent development small specific wide per. Force space add but set single discuss. Seem provide ground top treat I culture. Seven act treatment energy image.,,,Technology,"[""Hardware Solutions"", ""Data Analytics""]","[""Recreational Facilities and Services"", ""Residential Construction""]","[""Kiribati"", ""Sierra Leone"", ""Italy"", ""Maldives"", ""Chile""]",>$50000,Unavailable,"[""Financial Planner"", ""Business Manager""]",1981-04-02,Low,Low,High,"[""Mobile-Friendly"", ""Sustainable""]","[""Planet 13 Holdings"", ""Jushi Holdings"", ""The Green Organic Dutchman"", ""Indiva""]",Low,"[""Mandarin"", ""German"", ""Availability""]",Low,High,Medium,Medium,Non-Compliant,Medium,"[""eBay"", ""Media Kits"", ""Sponsorships""]","[""Child authority service first lead person. Question including choose appear later analysis. Begin give establish traditional significant."", ""Police door participant. Billion marriage American what dark. Could physical member section within different need.""]"
Serv236,Service,Educational seminars,"Water else believe.
Research she election ability employee evening. Fish series probably new white able.
Feeling style central director candidate. Song free or treat fact identify.",,,Processing,"[""Infusion"", ""Edibles"", ""Quality Control""]","[""Retail Sporting Goods"", ""Hydroelectric Power Generation"", ""Furnishings Fixtures and Appliances""]","[""Svalbard and Jan Mayen Islands"", ""Chile"", ""Laos""]",$1000-$5000,Unavailable,"[""ISO 27001 (Information Security Management)"", ""Google Analytics Individual Qualification (GAIQ)""]",2001-08-22,High,Low,Low,"[""Scalable"", ""User-Friendly""]","[""Acreage Holdings"", ""Tweed"", ""Supreme Cannabis"", ""TerrAscend""]",High,"[""Big Data Analytics"", ""Doctorate""]",Low,High,High,High,Non-Compliant,Low,"[""Trade Shows and Events""]",[]
Serv238,Service,Community outreach,"Player pass detail story focus. Energy may us impact hit wide.
Organization suffer near decision assume guess case half. Through compare hospital new time.",,,Marketing,"[""Market Research"", ""Advertising"", ""Branding""]","[""Railroad Manufacture""]","[""Seychelles""]",<1000,Limited,[],1979-06-21,Medium,Medium,Medium,"[""High Precision"", ""Fast Delivery""]","[""Canopy Growth Corporation"", ""Green Thumb Industries"", ""Jushi Holdings""]",High,"[""Teamwork"", ""Citizenship""]",Low,High,Low,Medium,Non-Compliant,High,"[""Product Launches"", ""Banner Ads""]","[""Sport increase what artist. Prepare sing popular surface suffer foreign.\nYet much city floor generation."", ""Win spring everything speech weight green. Way can spring child low kind of partner. First war everything development."", ""Six remember concern where single none probably work. Sing specific detail itself could. Act guess or. Even experience director too.""]"
Serv240,Service,Advocacy campaign management,To degree message role home. Fast physical some almost call idea often rest. Top other behind.,,,Accessories,"[""Merchandise"", ""Apparel"", ""Storage Solutions""]","[""Executive Search Services"", ""Fashion"", ""Security""]","[""Cote D'Ivoire (Ivory Coast)"", ""Chile"", ""Morocco"", ""Christmas Island"", ""Germany""]",$5000-$10000,Unavailable,[],1988-10-02,High,Medium,Low,"[""Mobile-Friendly"", ""High Capacity"", ""Compact Design""]","[""High Times"", ""Acreage Holdings"", ""Harvest Health & Recreation"", ""Curaleaf Holdings""]",Medium,"[""Standing for Long Periods"", ""Minimum Experience Level""]",High,Medium,Low,Medium,Compliant,High,"[""Panel Discussions""]",[]
Serv242,Service,Compliance services,"Sing success accept eat. Surface consider job month.
Value ball law parent. Shake as agency. Your thing organization reality class third collection.",,,Cultivation,"[""Indoor Growing"", ""Organic Farming"", ""Greenhouse Growing""]","[""Trade Shows""]","[""Malawi"", ""Italy"", ""Reunion"", ""Aland Islands"", ""Austria""]",$10000-$50000,Limited,"[""Oracle Certified Professional (OCP)"", ""ITIL (Information Technology Infrastructure Library)""]",1989-05-29,Medium,High,Low,"[""High Performance""]","[""Cronos Group"", ""Acreage Holdings"", ""MariMed"", ""Green Thumb Industries""]",High,"[""Availability"", ""Software Development Kit (SDK)""]",Medium,Low,Low,Low,Compliant,Medium,"[""Billboards"", ""Brand Ambassadors"", ""Industry Journals""]","[""Book data impact strong. And security glass forget attention could feeling.\nGoal require change dinner way method everyone. Environmental ten pressure."", ""Leave about memory color view cause worker. Power theory understand American either attack low public.\nLittle church story move her. Various quality rule enter quite moment finish.""]"
Pro243,Product,Product certification,"Understand part instead popular. Law source to. Forget should citizen risk. Peace crime station their officer.
Include fund attack account. Want get heart late vote both whether note.",,,Retail,"[""Point of Sale Systems"", ""Dispensaries"", ""Online Sales""]","[""Lumber and Wood Production"", ""Electronic and Precision Equipment Maintenance"", ""Alternative Medicine""]","[""Rwanda"", ""Romania""]",<1000,Available,[],1981-04-30,High,Low,Low,"[""Cloud-Based"", ""High Precision""]","[""Valens GroWorks"", ""Tweed"", ""Acreage Holdings"", ""Planet 13 Holdings""]",Medium,"[""Technical Certifications""]",Low,High,Medium,Low,Compliant,Medium,"[""Media Kits""]","[""Increase run medical perform team. Loss new walk resource act impact.\nDraw good memory scientist task hold.\nDo option husband. Name avoid really help."", ""Quality time voice magazine style. Explain culture risk. Bank respond say during discover. Real give until.\nOur collection beat. Full time month. Above down order same late late whole.""]"
Pro245,Product,Product compliance auditing,Effect court until who. Ball energy seat dark tell they. Threat act scene.,,,Education,"[""Workshops and Seminars"", ""Industry Reports""]","[""Biotechnology""]","[""Angola"", ""Zimbabwe"", ""Iraq""]",>$50000,Unavailable,"[""Certified Data Management Professional (CDMP)""]",1996-05-08,Low,Medium,Low,"[""Cost-Effective""]","[""OrganiGram Holdings"", ""Hexo Corp""]",High,"[""Data Encryption"", ""Associate's Degree""]",Medium,High,Medium,Low,Compliant,Medium,"[""Transit Ads"", ""Sports Sponsorships""]",[]
Pro247,Product,Product ingredient sourcing,"Himself wrong full cut. Different stand while dark. Those maybe recently.
Leader get great quality. Miss wish style energy. Outside bed leader there.",,,Retail,"[""Delivery Services""]","[""Residential Mental Health"", ""Medical Distribution"", ""Beverages - Non-Alcoholic""]","[""Zambia"", ""Lithuania"", ""Cyprus""]",$0,Limited,"[""Lighting Technician"", ""Change Management Specialist""]",1997-11-20,High,Medium,Low,"[""Innovative""]","[""MPX Bioceutical""]",High,"[""Associate's Degree"", ""Availability"", ""Leadership Skills""]",Low,High,High,Low,Non-Compliant,Low,"[""Press Conferences""]","[""Nearly once high let seat stuff law. Build I agreement meet spend international situation environmental. West memory before environmental would."", ""Half region by eat every. Conference feeling sister. Oil let control.\nSmile bit establish establish yeah party. Nearly score individual pretty eye magazine. What never time view should."", ""Truth reason manage maintain buy. Buy this project hit beautiful.""]"
Pro249,Product,Seed genetics research,Soldier plant example paper find hot. Real to ago community baby our school. Without walk everybody off whom leave nice.,,,Marketing,"[""Advertising""]","[""Shell Companies"", ""Solar"", ""Physicians""]","[""Bolivia"", ""Belarus"", ""Eritrea"", ""Congo"", ""Slovenia""]",$10000-$50000,Limited,[],2002-07-03,Low,High,Medium,"[""Cost-Effective"", ""Flexible"", ""Environmentally Friendly""]","[""Emblem Cannabis"", ""The Flowr Corporation""]",Medium,"[""Other (Specify)"", ""IoT Integration""]",Low,Low,High,Medium,Compliant,Medium,"[""Referral Programs"", ""Video Marketing"", ""Remarketing Campaigns""]",[]
Serv252,Service,Insurance services,"See involve western respond question especially. Trouble including hundred push.
Little step training relationship son whatever. Truth central share put. Want item home light.",,,Accessories,"[""Apparel"", ""Storage Solutions"", ""Merchandise""]","[""Renewables and Environment""]","[""Saint Helena"", ""Philippines"", ""Jersey""]",>$50000,Unavailable,[],2009-12-09,Medium,High,Low,"[""AI-Integrated""]","[""OrganiGram Holdings"", ""Curaleaf Holdings"", ""Harvest One Cannabis""]",Medium,"[""Standing for Long Periods"", ""IoT Integration""]",High,Low,Low,Low,Compliant,High,"[""Referral Programs"", ""Amazon"", ""Trade Shows and Events""]",[]
Serv254,Service,Wholesale distribution,Source return treat beat. Man concern various free bit big economy race. Nature itself run really blood commercial.,,,Marketing,"[""Advertising""]","[""Waste Management"", ""REIT - Hotel and Motel""]","[""Colombia"", ""Cameroon"", ""Iraq""]",$5000-$10000,Available,"[""Organizational Development Consultant"", ""Software Developer"", ""Market Research Analyst""]",2008-06-01,High,Medium,High,"[""Low Risk""]","[""Aphria"", ""Cronos Group"", ""Innovative Industrial Properties""]",Medium,"[""Industry-Specific Certifications""]",High,Medium,Medium,High,Compliant,High,"[""Webinars""]","[""Its truth American west much raise lead do. Rather movement believe enjoy leg name.""]"
Serv256,Service,Venture capital funding,School perhaps individual well system everyone. Prepare less put away a.,,,Technology,"[""IoT and Automation"", ""Hardware Solutions""]","[""Holding Companies"", ""Fashion"", ""Screenwriters""]","[""Mayotte"", ""Jersey"", ""Samoa"", ""Dominican Republic"", ""Virgin Islands (British)""]",<1000,Unavailable,"[""Product Development Specialist"", ""Budtender""]",1970-04-24,High,High,High,"[""Innovative"", ""Secure""]","[""Aphria""]",Low,"[""Frequent Travel"", ""Work Authorization""]",Low,Low,High,High,Compliant,Low,"[""SMS Marketing"", ""Outdoor Advertising (Billboards, Posters)"", ""Online Marketplaces"", ""Media Kits""]",[]
Serv258,Service,Wholesale distribution,Event sell task bed understand. Down car difference reason while. Hope guy bed perform on. Run trial cut such song.,,,Compliance,"[""Auditing""]","[""Industry Associates""]","[""Romania"", ""Cote D'Ivoire (Ivory Coast)"", ""Cyprus""]",$1000-$5000,Unavailable,"[""CISA (Certified Information Systems Auditor)""]",1996-02-27,High,Medium,High,"[""High Performance"", ""Industry-Compliant""]","[""Cronos Group"", ""iAnthus Capital Holdings"", ""Charlotte's Web Holdings""]",High,"[""Location Preferences"", ""Experience Managing Budgets Over $100,000""]",Medium,Low,Medium,Low,Non-Compliant,High,"[""Sports Sponsorships""]","[""Read partner business remember simple. Floor team role discuss play.\nScene step similar media within sometimes. Themselves will arrive edge section necessary."", ""Ten late mouth field off career carry. Meet fly challenge pattern bill. Someone same garden various property. Everyone unit most item be economic."", ""Travel industry indicate fly along if. A result west run of image understand. Conference middle song. One treat discuss.""]"
Pro259,Product,Product compliance auditing,Also rise church. Represent heart success radio over operation. Decide debate local.,,,Recreational,"[""Adult-Use Products""]","[""Forestry and Logging"", ""Mobile Food Services"", ""Storage""]","[""Liechtenstein"", ""Slovenia""]",$5000-$10000,Limited,[],2020-07-07,Low,Medium,Medium,"[""Comprehensive Support""]","[""Canopy Growth Corporation""]",Medium,"[""Flexible Availability"", ""Senior-Level"", ""Experience Managing Budgets Over $100,000""]",Medium,Low,High,Medium,Compliant,Medium,"[""Cannabis Conventions"", ""Online Seminars""]",[]
Pro261,Product,Seed genetics research,Rather north leave beautiful medical least adult. Ability relationship right TV pay south yet. Mother side state find.,,,Retail,"[""Point of Sale Systems"", ""Online Sales"", ""Delivery Services""]","[""Chiropractors"", ""Commercial and Industrial Equipment Rental""]","[""Eswatini"", ""Saint Helena"", ""Kosovo"", ""Bonaire, Sint Eustatius and Saba"", ""Fiji Islands""]",>$50000,Limited,"[""Product Marketing Specialist"", ""Packaging Technician"", ""Topicals Specialist""]",1970-07-19,High,High,Low,"[""Reliable""]","[""Jushi Holdings""]",Medium,"[""Web Application"", ""Experience with Client Presentations""]",Low,High,High,Low,Non-Compliant,Medium,"[""Newsletters"", ""Speaking Engagements""]","[""Thousand although view direction. Actually score travel last six contain stock. Building fall chair full his. Prove American lawyer manage phone share happen."", ""Standard order through mission. Town easy citizen two. Recent mind argue too else time thus.\nOur course score myself. Pm these concern from when usually. Security other you step either manager drop."", ""Often word foreign rather radio. Policy all personal sound person.""]"
Serv264,Service,Security services,Sort material draw what look perform board. Manager any type record usually even note still. Adult effect cold develop expect food.,,,Recreational,"[""THC Products""]","[""Wholesale Jewelry"", ""Agriculture, Construction, Mining Machinery Manufacturing"", ""Diversified Industrials""]","[""Gambia The"", ""North Korea""]",$0,Limited,"[""Certified Ethical Hacker (CEH)"", ""Brand Manager"", ""Social Media Manager""]",1974-08-18,High,Medium,Low,"[""High Performance"", ""Low Risk"", ""Certified""]","[""MariMed"", ""Tweed""]",Medium,"[""Containerization (Docker, Kubernetes)""]",Medium,Low,Low,Low,Compliant,Medium,"[""Radio""]","[""Instead establish why either improve product. Ten research explain argue physical challenge actually voice. Small behind hit store always never knowledge else."", ""Similar baby others thank maintain. Again drug notice during become threat.\nGreen against between matter should easy. Heavy certainly huge manage space task drive from."", ""Together risk agent character. Certain price mouth police onto much. Technology executive single soon ok claim.\nDoctor about increase chair chance. Similar generation chance hard without development.""]"
Serv266,Service,Venture capital funding,Discuss fill lot stuff billion effort. Subject able heart find across owner imagine. Understand move set test.,,,Technology,"[""IoT and Automation""]","[""Professional Training"", ""Equipment""]","[""Guernsey and Alderney"", ""Moldova"", ""Namibia""]",$5000-$10000,Limited,[],2006-11-17,Low,Low,Medium,"[""Multi-Language Support""]","[""The Green Organic Dutchman"", ""Supreme Cannabis"", ""GW Pharmaceuticals"", ""Auxly Cannabis Group""]",Medium,"[""Client Management Experience"", ""Educational Qualifications""]",Medium,Medium,High,High,Compliant,High,"[""Sponsored Content"", ""Catalogs""]",[]
Serv268,Service,Sustainability initiatives,"Relate fish get social know daughter. Ever total bank soldier character dream.
Sing little cover Mr control night thank task. Shoulder partner pattern mean law.",,,Medical,"[""Pharmaceuticals""]","[""Sanitation Services"", ""Outsourcing/Offshoring""]","[""Saint Pierre and Miquelon"", ""Netherlands""]",$5000-$10000,Available,"[""Organizational Development Consultant""]",2017-07-16,High,High,Medium,"[""Data-Driven"", ""Reliable"", ""Mobile-Friendly""]","[""Tilray"", ""MariMed"", ""Aphria""]",Medium,"[""Other (Specify)"", ""Mandarin""]",Medium,High,Low,High,Non-Compliant,High,"[""Product Fairs"", ""Affiliate Networks""]","[""Social officer herself main significant night after. Certain effect new computer. Soon choose collection concern pick."", ""Before choice across fund table heart today. Low guy happen learn. Message to late management.""]"
Pro269,Product,Product supply chain transparency,Cut year run report listen. Other idea hard interest to look. Morning certainly concern boy lawyer.,,,Processing,"[""Labeling"", ""Edibles""]","[""Writers""]","[""Peru"", ""Czech Republic"", ""Svalbard and Jan Mayen Islands"", ""United States""]",$5000-$10000,Limited,"[""Compliance Consultant""]",1971-11-19,Low,Medium,Low,"[""Low Risk"", ""Reliable"", ""Flexible""]","[""Columbia Care"", ""Emblem Cannabis"", ""Indiva"", ""Wayland Group""]",Medium,"[""Working in Various Weather Conditions"", ""Real-Time Data Processing""]",Low,Medium,Low,High,Compliant,Low,"[""TikTok"", ""Panel Discussions"", ""Videos"", ""Facebook""]","[""House several clearly commercial whatever between reason star. Fact help maintain officer. Manage money section civil drop."", ""President effect newspaper husband college shoulder. Game clearly may good.\nFinish phone every live meeting. Dream use defense above.\nCall toward soon. Well boy would week."", ""Technology within born. Throw artist network note woman full finish. Nothing friend environmental trip wonder soldier employee.\nSeries court special number task. Two speech perhaps.""]"
Serv272,Service,Industry event sponsorship,Product pay any fly nice wish. Purpose power challenge full choose officer security. Sell kid voice change.,,,Recreational,"[""Adult-Use Products"", ""Social Consumption Spaces""]","[""Home Improvement Retail"", ""Oil, Gas and Mining"", ""Defense""]","[""Denmark"", ""South Sudan""]",$5000-$10000,Limited,"[""Lean Management Specialist"", ""Lighting Technician""]",1994-07-09,Low,High,Low,"[""Certified"", ""Scalable""]","[""TerrAscend"", ""Vireo Health"", ""Neptune Wellness Solutions""]",Low,"[""Mobile Device Compatibility"", ""Security Clearance Level 3"", ""Mid-Level""]",Low,Medium,Low,Low,Non-Compliant,High,"[""Industry Experts"", ""Resource Center"", ""Industry Journals"", ""Facebook""]","[""Any age choice tonight stay. Fund necessary possible put. Marriage to eight.\nElse mention because party suffer we. From perform heavy economy piece relate set address."", ""Money series well admit itself. Company cover summer reality deep something. Interest last knowledge people claim operation relationship. Guy usually act degree risk identify character.""]"
Pro273,Product,Product certification,"Stock gun right power sure detail. Return past dark field produce base.
Suggest necessary key serve cost. Provide relationship your away. Name true most trial she wall task term.",,,Retail,"[""Dispensaries"", ""Online Sales""]","[""Computer Software""]","[""Falkland Islands"", ""El Salvador"", ""Italy"", ""Gambia The"", ""North Macedonia"", ""Singapore""]",$1000-$5000,Limited,[],1973-03-20,Medium,Medium,Low,"[""User-Friendly"", ""Fast Delivery""]","[""Tweed"", ""Harvest Health & Recreation""]",Low,"[""Working in Various Weather Conditions"", ""Experience with Client Retention""]",Low,Medium,Medium,Low,Compliant,High,"[""Blog"", ""Billboards""]",[]
Serv276,Service,Consumer safety programs,Resource edge which week act public each. Clearly know bank that skin walk better.,,,Technology,"[""Hardware Solutions"", ""Software Solutions""]","[""Public Relations"", ""Physical, Occupational and Speech Therapists""]","[""Australia"", ""Zambia"", ""Northern Mariana Islands"", ""Burundi"", ""Saint-Martin (French part)"", ""Aland Islands""]",$5000-$10000,Unavailable,[],1991-04-28,Medium,Low,High,"[""Low Maintenance"", ""Easy Integration""]","[""Canopy Growth Corporation"", ""The Green Organic Dutchman"", ""CannaRoyalty Corp"", ""MPX Bioceutical""]",Low,"[""Big Data Analytics"", ""International Candidates"", ""Cross-Platform Compatibility""]",Medium,High,Medium,Low,Non-Compliant,Low,"[""Blog Posts""]","[""Nation leader million summer above significant allow. War financial woman staff size into threat cost. Allow notice season to study benefit agree.\nGeneral fly me moment media draw."", ""Four whatever explain more certainly about. Health audience get somebody wish on. Design water fill participant reason scene.""]"
Serv278,Service,Public health initiatives,"Your cultural first the their. Perhaps industry share natural. Feeling just course factor career.
Need six rock cause. Card research job safe side here. Strategy second character I economy.",,,Medical,"[""Clinical Trials"", ""CBD Products""]","[""Tutoring"", ""Shipping""]","[""Iran"", ""Bangladesh""]",$10000-$50000,Available,"[""Cultivation Consultant""]",2001-10-23,Low,High,High,"[""Energy Efficient""]","[""MedMen Enterprises"", ""Aphria""]",Low,"[""High School Diploma"", ""API Integration"", ""National Candidates""]",Low,High,High,Medium,Non-Compliant,Low,"[""Television"", ""Instagram"", ""Flyers"", ""Online Marketplaces""]","[""Act think discussion sing heart. Animal true suddenly although.\nCollection drug charge tree my. Among voice family political scientist. Game court newspaper heavy actually produce him reason."", ""Compare throughout simple approach produce. Customer miss machine fear push scene. Certain participant successful single too discuss article."", ""Usually yet build despite everybody parent. Field unit others site also ever their. Language boy specific.\nBuilding buy money TV quality.""]"
Serv280,Service,Retail inventory management,"Now individual cut somebody our purpose. Product political necessary difficult late off reflect.
Discussion reach whose paper reason establish expert. Cell sing modern drop.",,,Education,"[""Training Programs""]","[""Apparel Stores"", ""Rental and Leasing Services""]","[""Malta"", ""Libya"", ""Belgium""]",$0,Available,"[""Oracle Certified Professional (OCP)"", ""Scrum Master Certification""]",2011-10-28,Medium,High,High,"[""Innovative""]","[""Auxly Cannabis Group""]",Medium,"[""Quantum Computing""]",Low,Medium,Medium,Low,Non-Compliant,Low,"[""Virtual Events"", ""Industry Experts""]","[""Court phone including player stage wonder fear not.\nPaper two fact national hospital. Modern sea what degree wall. Girl government might us behavior.""]"
Pro281,Product,Product design,"Must include very more. Respond across possible prove.
Until region upon everyone. Politics enough wind where. News including doctor parent.",,,Cultivation,"[""Hydroponics"", ""Outdoor Growing""]","[""Fossil Fuel Electric Power Generation"", ""REIT - Specialty""]","[""South Africa"", ""Guernsey and Alderney"", ""Algeria"", ""Ecuador"", ""Australia""]",$5000-$10000,Unavailable,"[""Quality Assurance Technician"", ""Sales Representative""]",1972-11-14,Medium,Medium,Medium,"[""Cost-Effective"", ""Easy Integration""]","[""The Green Organic Dutchman"", ""Canopy Growth Corporation"", ""Innovative Industrial Properties""]",High,"[""Experience Managing Multiple Projects"", ""Frequent Travel""]",Low,Medium,High,Low,Compliant,Low,"[""Internal Newsletters""]",[]
Pro283,Product,CBD product manufacturing,"Staff natural identify a remember person. Ahead home base movie but by skin arm.
Art single theory every rise American in. Watch letter attention industry again. Name raise college method offer.",,,Accessories,"[""Merchandise""]","[""Fabricated Metal Products"", ""Storage""]","[""Dominica""]",$5000-$10000,Unavailable,"[""Social Media Manager""]",2021-11-18,High,Low,Low,"[""High Capacity"", ""Flexible"", ""Mobile-Friendly""]","[""KushCo Holdings"", ""Tweed""]",High,"[""Artificial Intelligence"", ""Virtual Reality""]",High,Low,High,High,Compliant,High,"[""Co-Branding Initiatives""]","[""Rule buy wish trip black. Institution history do same character throughout. Wear prove camera today note bar.\nBehavior style gun always stage. Majority say interview common kitchen program change.""]"
Serv286,Service,Distribution network,Identify Mrs record head produce each project president. Laugh most dream within bring term. Poor character but get election must always.,,,Processing,"[""Quality Control""]","[""Glass Product Manufacturing"", ""Museums""]","[""Luxembourg"", ""Saint Vincent and the Grenadines"", ""Western Sahara""]",$5000-$10000,Limited,[],1989-04-10,High,Low,Medium,"[""Cloud-Based"", ""Sustainable""]","[""Rubicon Organics"", ""Indiva""]",Medium,"[""Project Management Experience"", ""Manual Dexterity""]",High,High,Low,Medium,Compliant,Low,"[""Search Engine Optimization (SEO)"", ""Television"", ""Online Marketplaces""]","[""Sister through fall list one yet play. Budget get performance above energy good go.\nDrive wife maybe mother early material minute at. Majority detail successful operation record performance matter."", ""Worry send eight court.\nSouthern decade interest war likely eye federal. Remember adult security represent particular with. Method fight no less eight number."", ""Pretty alone technology cut. Study strong community medical traditional. Manager experience rate.""]"
Serv288,Service,Testing laboratories,Growth than source election difficult rest building cultural. Spend huge others activity hospital. Song realize word government think finish send.,,,Medical,"[""Pharmaceuticals""]","[""Rubber Product Manufacturing"", ""Travel and Hospitality""]","[""Eritrea"", ""Maldives"", ""San Marino"", ""Macau S.A.R."", ""Armenia"", ""Grenada""]",$0,Available,"[""CPA (Certified Public Accountant)"", ""Product Developer""]",2020-07-22,High,Low,Low,"[""Compact Design""]","[""TILT Holdings"", ""CannTrust Holdings"", ""KushCo Holdings"", ""Neptune Wellness Solutions""]",High,"[""English"", ""Containerization (Docker, Kubernetes)"", ""Web Application""]",Medium,Medium,High,High,Compliant,Medium,"[""Webinars"", ""Customer Alerts""]","[""Animal long hope change. Kid small without his recent pass third person. Economic put life compare.\nPersonal reality stay similar ok. Brother throughout environment much."", ""Play same their fight. Know miss imagine financial economy lose second.\nTell blood manage test use. Away lose person.""]"
Pro289,Product,Health and wellness products,Eye information impact role amount beyond little. Partner alone official let apply option. Two lot deep never sister.,,,Education,"[""Workshops and Seminars"", ""Online Courses"", ""Research Publications""]","[""Blockchain Services"", ""Rail Transportation""]","[""Lebanon"", ""Peru""]",$10000-$50000,Available,[],2012-01-31,Low,High,Low,"[""Low Maintenance"", ""Cost-Effective""]","[""Aleafia Health"", ""CannAmerica Brands""]",Medium,"[""Spanish""]",High,High,High,High,Non-Compliant,Medium,"[""Customer Alerts"", ""Local Sponsorships""]","[""Green hope hundred language. Until focus marriage character ten guess must.\nHome modern still natural left Democrat exactly. During away into no nation thought. Prepare free weight."", ""Consider history hospital bring. Room light garden alone statement. Notice foot effort magazine keep pick."", ""And sister American write. Traditional door north upon parent total.""]"
Pro291,Product,Packaging solutions,Off grow into community add. Notice born key car own artist. Forget its one force. Ago indeed pattern full.,,,Marketing,"[""Public Relations""]","[""Travel and Hospitality"", ""Recreational Facilities and Services"", ""Political Organization""]","[""Equatorial Guinea""]",>$50000,Limited,[],1974-06-12,Low,Low,High,"[""Fast Delivery"", ""Low Maintenance""]","[""Emblem Cannabis"", ""TerrAscend"", ""Rubicon Organics""]",Medium,"[""Manual Dexterity"", ""Cybersecurity Measures""]",High,Low,Low,Low,Compliant,Low,"[""Amazon"", ""Press Conferences"", ""Affiliate Networks"", ""Sponsorships""]","[""Citizen build plant. Product media knowledge reveal once almost young.\nMind reveal skill present executive same. Partner into face example."", ""Few chance matter American. Program pay offer organization. Country although two character operation find.\nOffer scene culture bar receive.""]"
Serv294,Service,Tourism services,"Difference system provide tree green family year. Thank knowledge sort believe for consider so impact.
Happen identify film. Night civil likely feel.",,,Processing,"[""Quality Control""]","[""Oil and Gas Refining and Marketing""]","[""Bulgaria"", ""Chad"", ""Kenya""]",$0,Limited,"[""Compliance Officer"", ""Certified Supply Chain Professional (CSCP)"", ""Product Safety Tester""]",1993-04-07,High,High,Medium,"[""Energy Efficient"", ""User-Friendly""]","[""The Green Organic Dutchman"", ""Vireo Health"", ""MedMen Enterprises"", ""Planet 13 Holdings""]",Medium,"[""English"", ""Mid-Level"", ""Continuous Integration/Continuous Deployment (CI/CD)""]",Medium,Low,Medium,Low,Non-Compliant,High,"[""Pay-Per-Click (PPC) Advertising"", ""Joint Ventures""]","[""Mission foreign tend model certain onto stand paper. Upon several box phone become.\nKid leader head political several. Sea will fish have two increase but lay. Wind book material.""]"
Pro295,Product,Product certification,Over produce follow page admit. Its production treatment expert administration interview certain economy. Box true determine require whether they Democrat.,,,Processing,"[""Quality Control"", ""Infusion""]","[""Thermal Coal""]","[""Martinique"", ""Montserrat"", ""Timor-Leste"", ""Benin"", ""Madagascar"", ""Comoros""]",$5000-$10000,Available,"[""Nutrient Specialist""]",1978-12-07,Medium,Low,High,"[""Comprehensive Support""]","[""Supreme Cannabis"", ""Acreage Holdings""]",High,"[""French"", ""No Travel Required""]",High,Low,Low,High,Non-Compliant,High,"[""Online Store"", ""Event Sponsorships""]","[""Culture discuss pass officer. These describe every hard. Lawyer too point over.\nRepresent until standard little catch away agent. Important owner fund wish lot."", ""Bring mean cover natural ten stand. Wear generation lot sure space fight.\nNetwork development theory attack stand.""]"
Pro297,Product,Trade publication,"Tv hope range fish imagine.
Grow easy hair stand organization. Personal provide professor garden past second.
Yard news song more property paper write. Past technology animal.",,,Processing,"[""Extraction""]","[""Leather Product Manufacturing"", ""Management Consulting"", ""Infrastructure Operations""]","[""Greenland"", ""New Zealand"", ""Greece"", ""Bermuda"", ""North Korea"", ""Zimbabwe""]",>$50000,Available,[],2023-01-31,Medium,High,Low,"[""Industry-Compliant""]","[""Green Thumb Industries"", ""Tilray"", ""Neptune Wellness Solutions""]",Low,"[""Professional Certifications""]",Medium,High,Low,Medium,Compliant,Medium,"[""Outbound Calls"", ""Postcards""]",[]
Pro299,Product,Product ingredient sourcing,"Billion without weight former in if above. Probably late who business note.
Whom serve course have. Lose political wish already during money.",,,Marketing,"[""Market Research"", ""Branding""]","[""Savings Institutions"", ""Web Development"", ""Airlines/Aviation""]","[""Man (Isle of)"", ""Australia""]",$1000-$5000,Unavailable,[],1996-06-24,Medium,Low,Medium,"[""Certified"", ""Customizable"", ""Environmentally Friendly""]","[""Emblem Cannabis"", ""The Green Organic Dutchman"", ""1933 Industries"", ""Liberty Health Sciences""]",High,"[""Minimum Experience Level"", ""Doctorate"", ""Data Analysis""]",Medium,Medium,Low,Low,Non-Compliant,Medium,"[""Partnerships""]",[]
Pro301,Product,Trade publication,"Minute table anyone from up trip.
Bar success guy. Able stage training. Class individual performance may keep. Trouble factor main five teacher professional.",,,Education,"[""Workshops and Seminars"", ""Industry Reports"", ""Research Publications""]","[""Professional Training and Coaching"", ""Newspapers"", ""Plumbing""]","[""Afghanistan""]",<1000,Unavailable,"[""Product Safety Tester"", ""Medical Specialist""]",2017-09-21,Medium,Medium,Low,"[""Innovative"", ""High Capacity"", ""Fast Delivery""]","[""OrganiGram Holdings"", ""MedMen Enterprises"", ""Charlotte's Web Holdings"", ""Acreage Holdings""]",High,"[""Specific Industry Experience"", ""IoT Integration""]",Low,High,Medium,High,Compliant,High,"[""Joint Campaigns"", ""LinkedIn"", ""Amazon"", ""Public Relations (PR)""]","[""Former professor music may. Quickly foreign leader speak financial weight. Again material deal."", ""Sell there subject able a art. Meeting quality hear possible.\nReturn or put run miss risk.\nBox administration design future rise. Act today large hair north cultural different."", ""Good peace ask.\nName moment turn enough. Development wonder fast student which social available.\nCourse skin perform party charge record. Control meeting up also have either.""]"
Pro303,Product,Product supply chain transparency,"Growth serve cold wide hold inside security. Alone deal find. Yard include option idea seek change short. Board bad minute.
From arrive hold herself arm. After stay per which girl describe.",,,Compliance,"[""Regulatory Compliance""]","[""Motor Vehicle Manufacturing"", ""Commercial Real Estate"", ""Oil and Gas Drilling""]","[""Dominica"", ""Gibraltar"", ""Sweden"", ""India"", ""Azerbaijan"", ""Czech Republic""]",<1000,Limited,[],1981-04-10,Medium,High,Low,"[""High Performance""]","[""Supreme Cannabis""]",Low,"[""Cross-Platform Compatibility"", ""French""]",Low,Low,High,High,Non-Compliant,Low,"[""Sports Sponsorships"", ""Customer Alerts""]",[]
Serv306,Service,Workforce training,"Speech down sense human.
Themselves form moment quickly nice. Official side political thought whether computer scene.",,,Accessories,"[""Apparel""]","[""Banks - Diversified"", ""Pet Services""]","[""Cameroon"", ""Saint Kitts and Nevis"", ""Turkey"", ""Andorra""]",<1000,Limited,[],1999-11-08,Medium,High,Medium,"[""Secure"", ""Mobile-Friendly""]","[""Innovative Industrial Properties"", ""High Times"", ""CannaRoyalty Corp""]",High,"[""Certifications""]",High,Medium,Medium,High,Non-Compliant,Medium,"[""Search Engine Optimization (SEO)"", ""Online Marketplaces"", ""Television Advertising"", ""Referral Programs""]","[""Size stay treat commercial. Realize dog state wind. Near leader shoulder trouble get new teacher here."", ""Cell increase character write college guy. Must threat move total energy. Wonder important shoulder.\nSee argue enough house series. Happy federal realize take guess.""]"
Pro307,Product,Product innovation labs,"Something third past activity matter. Someone follow wonder image actually significant. That billion campaign figure wrong.
Improve develop home join.",,,Cultivation,"[""Greenhouse Growing"", ""Hydroponics"", ""Genetics and Breeding""]","[""Taxi and Limousine Service"", ""Movies and Sound Recording""]","[""Albania"", ""Canada""]",>$50000,Limited,"[""Certified Professional in Supply Management (CPSM)"", ""Business Manager""]",1978-07-24,Medium,High,Low,"[""Scalable"", ""Industry-Compliant"", ""AI-Integrated""]","[""Jushi Holdings"", ""GW Pharmaceuticals"", ""Aphria"", ""Vivo Cannabis""]",Medium,"[""Real-Time Data Processing"", ""Big Data Analytics""]",High,Medium,Medium,Medium,Compliant,Low,"[""Promotional Emails"", ""Sponsored Content"", ""Postcards""]","[""Bed can treatment key save create. Start act country involve suffer. Realize record official research account.""]"
Pro309,Product,Product innovation,"Suffer ago talk price foot policy hair. Into much throughout how it some movie set.
Suddenly several field local left learn sister region. Investment along pay them prevent.",,,Retail,"[""Dispensaries"", ""Delivery Services"", ""Online Sales""]","[""Industrial Automation"", ""Auto and Truck Dealerships""]","[""Belize"", ""Trinidad and Tobago""]",>$50000,Available,"[""Six Sigma Green Belt""]",1998-01-20,High,High,High,"[""Easy Integration"", ""Scalable"", ""Sustainable""]","[""The Green Organic Dutchman""]",Medium,"[""DevOps Tools"", ""No Travel Required"", ""Available within 1 Month""]",High,Medium,High,High,Non-Compliant,Low,"[""Industry Expos""]",[]
Serv312,Service,Educational content creation,"Treatment carry stage nor. Best score thus from record.
Four including he. Traditional speak our there.
We establish white. Military degree billion room real.",,,Education,"[""Industry Reports"", ""Training Programs"", ""Online Courses""]","[""Retail Trade"", ""Public Health""]","[""Saudi Arabia"", ""Cuba"", ""Venezuela"", ""Saint-Barthelemy""]",>$50000,Limited,"[""Health Professional""]",2012-02-08,Medium,Low,Medium,"[""Advanced Technology"", ""User-Friendly"", ""Environmentally Friendly""]","[""High Times""]",High,"[""Permanent Residency"", ""Technical Skills"", ""Available within 3 Months""]",Low,High,High,Low,Non-Compliant,Medium,"[""Industry News"", ""Virtual Events"", ""Press Conferences""]","[""Ever ago avoid. Pick bag pass must form until.\nConcern door meeting find state. Ahead pattern key computer toward station.\nAttack hold fly. Material cost movement newspaper education or."", ""Father read security positive. Important more bar to appear traditional someone. Reflect standard care final think agent."", ""In election beat far. Performance now person sea wish night it attack.\nSend most white my keep fund. Itself south mother least. She blue rich indicate blood worry certain.""]"
Serv314,Service,Blockchain solutions,"Then technology long brother think begin read. Class late financial knowledge after. Some need growth plant front society.
Best box enter six fire lose.",,,Processing,"[""Extraction"", ""Quality Control"", ""Edibles""]","[""Waste Treatment""]","[""Poland""]",$0,Unavailable,"[""CISA (Certified Information Systems Auditor)"", ""Start-Up Advisor"", ""Product Development Specialist""]",1988-09-13,Medium,High,Low,"[""Data-Driven"", ""Industry-Compliant"", ""Fast Delivery""]","[""Emblem Cannabis"", ""Valens GroWorks""]",Low,"[""Experience with Cloud Services"", ""Cybersecurity Knowledge""]",Medium,High,Medium,High,Non-Compliant,Medium,"[""Joint Ventures"", ""Newspapers"", ""Product Fairs""]","[""Sound laugh participant most soon. Water leave others return.\nLose teacher growth hotel inside somebody. Board want camera civil news reflect against. Buy approach easy explain property."", ""Feel strategy paper onto follow. Character spend many marriage seem your.\nJob call bill argue well force.\nAnyone whose live class stuff. Require clear bank foot offer head on.""]"
Serv316,Service,Legal compliance training,"While factor current. Issue wind option account open poor.
Toward team culture sport college. Rock high far several toward cost.",,,Retail,"[""Delivery Services"", ""Dispensaries"", ""Point of Sale Systems""]","[""Salvage and Demolition""]","[""Switzerland"", ""Azerbaijan"", ""Finland""]",$1000-$5000,Available,"[""Accounting Professional""]",1995-03-15,Low,Low,Low,"[""Easy Integration"", ""Environmentally Friendly"", ""Compact Design""]","[""Auxly Cannabis Group""]",High,"[""Software Proficiency"", ""Doctorate"", ""Data Encryption""]",Medium,Medium,High,High,Non-Compliant,Low,"[""Press Conferences"", ""Partnerships"", ""Posters""]",[]
Serv318,Service,Social media management,"Spring common be improve attention not. Else adult early style visit ball. Today Congress way resource.
Property these power grow beat color. Sport operation write enter.",,,Recreational,"[""THC Products""]","[""Metals"", ""Funds and Trusts""]","[""Serbia"", ""Kazakhstan""]",$0,Available,[],1984-11-18,High,Medium,Medium,"[""Flexible"", ""High Precision"", ""Scalable""]","[""Trulieve Cannabis"", ""Neptune Wellness Solutions"", ""High Times"", ""Cannabix Technologies""]",Medium,"[""Experience Managing Multiple Projects"", ""Senior-Level""]",High,Low,Medium,High,Non-Compliant,High,"[""Transit Ads"", ""Online Store""]",[]
Serv320,Service,Retail inventory management,"Science interesting within personal. Tough even sister involve research.
Media guy start actually. Over these tough. Environmental behind eat once. Mr factor side will give finish.",,,Retail,"[""Delivery Services""]","[""Machinery"", ""Electronic Gaming and Multimedia""]","[""Japan""]",>$50000,Limited,"[""Marketing Professional"", ""Certified Professional in Supply Management (CPSM)"", ""ISO 9001 (Quality Management)""]",1972-08-26,Low,Low,High,"[""Durable""]","[""Valens GroWorks"", ""The Supreme Cannabis Company"", ""Charlotte's Web Holdings"", ""Jushi Holdings""]",High,"[""Travel Requirements""]",Medium,High,High,Medium,Non-Compliant,Medium,"[""Demonstrations and Workshops"", ""Cannabis Conventions"", ""Outbound Calls"", ""Podcasts""]","[""Data hair third. Institution evening particular affect. Particularly moment close thousand woman hair experience."", ""Hope bed well house believe section. Five section message arm throughout loss born. Year sound you heart share tonight professional.\nHuge front seat late. Admit after here series course without well."", ""Meet put buy along campaign. Approach member million including.\nCause score box to office step. Increase hand dark image. Charge girl meet question success another report.""]"
Serv322,Service,Legal representation,Despite behind reflect much particularly deep radio clear. Difficult society number according explain. Event figure large analysis politics.,,,Cultivation,"[""Greenhouse Growing"", ""Hydroponics""]","[""Communications Equipment Manufacturing"", ""Rubber Product Manufacturing""]","[""Nepal"", ""Philippines""]",$1000-$5000,Available,"[""Retail Specialist"", ""Community Outreach Specialist"", ""Farm Manager""]",2004-06-05,High,Medium,Medium,"[""High Capacity""]","[""KushCo Holdings"", ""High Times"", ""Auxly Cannabis Group""]",Low,"[""German""]",High,Medium,Low,High,Non-Compliant,High,"[""Blog""]",[]
Pro323,Product,Packaging solutions,"Owner society evidence power only plan. Think well me party guy civil energy.
Police side participant him foot.",,,Compliance,"[""Licensing""]","[""Insurance Carriers"", ""Artificial Rubber and Synthetic Fiber Manufacturing""]","[""Belgium"", ""El Salvador"", ""Tuvalu"", ""Seychelles"", ""Bermuda""]",$10000-$50000,Limited,"[""Certified Logistics Associate (CLA)"", ""SHRM-CP (SHRM Certified Professional)"", ""Lighting Technician""]",2023-09-07,Medium,Medium,Medium,"[""Fast Delivery"", ""Environmentally Friendly""]","[""Innovative Industrial Properties"", ""Indiva"", ""KushCo Holdings""]",Low,"[""Background Check"", ""Continuous Integration/Continuous Deployment (CI/CD)""]",Low,Low,High,Low,Non-Compliant,High,"[""Joint Campaigns"", ""Social Media""]","[""Security media security or operation myself blue. Responsibility end try start thousand level when.\nNorth window region town suggest future look."", ""Identify step teacher nice up anyone. Effect indicate state country.\nHistory word truth require. Remember far have between sure. Push its yes plan help effect Mr it.""]"
Pro325,Product,Extraction and processing,Treat language idea southern. Within democratic pressure rich single whether high sport. Movement test country full remember team present.,,,Education,"[""Research Publications"", ""Industry Reports"", ""Workshops and Seminars""]","[""Press and Media""]","[""Azerbaijan"", ""Lebanon"", ""Gabon"", ""Burundi"", ""Trinidad and Tobago"", ""Saint Helena""]",$5000-$10000,Unavailable,"[""Project Manager"", ""Six Sigma Green Belt"", ""Patient Care Advocate""]",2008-12-13,Medium,High,High,"[""Certified"", ""Energy Efficient""]","[""CannaRoyalty Corp""]",Low,"[""Client Management Experience"", ""Local Candidates Only"", ""Available within 3 Months""]",Low,Low,High,High,Non-Compliant,High,"[""Magazines"", ""Industry Experts"", ""Affiliate Networks"", ""Social Media Influencers""]","[""Start anyone it natural ability health probably. Around quality even.\nPhysical south value pretty site relationship front. Recent sea tree personal. Enter rock program."", ""Better miss crime organization. Must second home nothing how finish. Those town inside carry man tonight body.\nLook travel end white black."", ""Federal statement major time public play feeling wish. Few message many plant be bag individual. School four question party.""]"
Pro327,Product,Extraction and processing,"Pick oil nearly. Realize light mention hot too management local.
Health example everything father environment. Anyone easy likely old prevent. Nearly mission eight time.",,,Marketing,"[""Public Relations""]","[""Health and Human Services"", ""Apparel and Fashion""]","[""Reunion"", ""Nigeria"", ""South Georgia"", ""Palau"", ""Indonesia"", ""Heard Island and McDonald Islands""]",$0,Available,"[""Soil Scientist""]",1972-01-21,Medium,High,Medium,"[""Low Risk"", ""Cloud-Based""]","[""Valens GroWorks"", ""Cannabix Technologies"", ""Green Thumb Industries""]",High,"[""Professional Certifications"", ""Experience Managing Budgets Over $100,000"", ""Travel Requirements""]",High,Low,Medium,Low,Compliant,High,"[""Product Launches""]","[""Attorney performance cultural pretty seek. My magazine before scientist.\nSign wear able as food blue chair. Town why herself surface fight. School fund return plant appear yourself."", ""Issue cup game difficult improve building. Institution business three.\nThose car than respond enter pick main. First management drop opportunity expert firm. Cover no eat sound war idea avoid son.""]"
Serv330,Service,Legal advocacy,"Town practice pretty happen economic. No claim stock kid candidate. Suddenly tax standard purpose.
Tonight always guy near relationship. Traditional administration movie decade practice fund.",,,Accessories,"[""Consumption Devices"", ""Storage Solutions""]","[""Railroads""]","[""Azerbaijan"", ""Aland Islands"", ""Italy""]",$10000-$50000,Limited,"[""Medical Specialist"", ""Investment Advisor"", ""Demographic Analyst""]",2019-12-13,High,Medium,Medium,"[""High Performance"", ""High Capacity""]","[""Acreage Holdings"", ""Rubicon Organics"", ""Wayland Group""]",Low,"[""Cybersecurity Measures""]",Low,High,Medium,Medium,Non-Compliant,Low,"[""Posters"", ""Catalogs"", ""Outdoor Advertising (Billboards, Posters)"", ""Community Forums""]","[""Land really modern rock worry. Be theory around stop compare stand trip. Wait able respond indeed.\nAttack child nature knowledge. Where week task treat central. Know sport government rest she chair.""]"
Serv332,Service,Advertising solutions,"Training think exist throughout. Fast war piece among. Language section try detail religious pretty.
Green draw picture difference.
Well hold teacher piece. Course floor behavior around number.",,,Marketing,"[""Social Media Management"", ""Branding""]","[""Banks - Diversified"", ""Seafood Product Preparation and Packaging"", ""Agriculture Chemical Manufacturing""]","[""El Salvador"", ""Cameroon"", ""Albania"", ""Mozambique"", ""Djibouti"", ""Mauritius""]",$5000-$10000,Limited,"[""Banking Professional"", ""Sustainability Specialist"", ""Security Specialist""]",1986-11-25,High,Medium,Medium,"[""Data-Driven""]","[""Aphria"", ""CannAmerica Brands"", ""Green Thumb Industries""]",Medium,"[""Machinery Operation"", ""Mid-Level""]",Low,Low,Low,High,Compliant,High,"[""Brand Ambassadors"", ""Panel Discussions"", ""Referral Programs""]","[""Heavy everybody field trade big practice. Around Mr bag little student campaign answer relationship.\nMind bank themselves. Situation base truth tax region song quality."", ""Family bed face thing those board difference method. Also spring culture resource. Score north allow into.\nLand event growth quickly section soon.""]"
Pro333,Product,Product development,"Blood nor national street college. Evidence step over measure produce TV cell. Stuff garden school agreement.
By suggest behind not his list. Expect medical treat choice.",,,Cultivation,"[""Outdoor Growing"", ""Organic Farming"", ""Greenhouse Growing""]","[""Translation and Localization Services"", ""Aluminum"", ""Metal Treatments""]","[""Saint Vincent and the Grenadines"", ""Senegal"", ""Haiti"", ""Palau"", ""Bosnia and Herzegovina"", ""Bouvet Island""]",$1000-$5000,Limited,"[""Certified Digital Marketing Professional (CDMP)""]",2007-09-07,Medium,Medium,High,"[""User-Friendly"", ""Easy Integration""]","[""GW Pharmaceuticals"", ""Valens GroWorks""]",High,"[""Doctorate"", ""Experience Managing Budgets up to $100,000"", ""Occasional Travel""]",Medium,Low,High,Low,Non-Compliant,Medium,"[""Social Media Takeovers"", ""eBay"", ""Print Advertising"", ""Virtual Events""]",[]
Pro335,Product,Product ingredient sourcing,"Two side and most specific. Case agree type identify person situation. Time statement everyone.
Yet blood across director season ahead. Wife do good least able.",,,Cultivation,"[""Organic Farming""]","[""Civil Engineering"", ""Executive Search Services"", ""Lighting""]","[""Anguilla"", ""Ethiopia"", ""Iraq""]",$1000-$5000,Available,"[""Business Manager"", ""Certified Internal Auditor (CIA)"", ""Project Manager""]",1982-07-20,Medium,High,Low,"[""Mobile-Friendly""]","[""Charlotte's Web Holdings""]",Medium,"[""Cloud Storage"", ""Desktop Application"", ""Security Clearance Level 3""]",Low,Low,High,Low,Compliant,High,"[""Internal Newsletters"", ""Podcasts"", ""Television Advertising"", ""Transit Ads""]","[""Trade structure court church. Tonight general tend age with movement.\nPainting office receive many operation city. Give product product institution college move. Fund visit guess maintain."", ""Research involve particularly person resource but community manage. Visit author daughter bad vote success whether probably. Site together up often house religious."", ""Technology series newspaper various. Focus sort these baby hit carry practice.\nVarious fear follow community. Walk analysis thus in continue middle can.""]"
Serv338,Service,Market entry strategy,Floor provide probably agency work nation. Test show child executive.,,,Cultivation,"[""Outdoor Growing"", ""Hydroponics"", ""Organic Farming""]","[""Fisheries""]","[""Bulgaria""]",$10000-$50000,Available,[],2010-10-14,High,High,High,"[""Customizable""]","[""Supreme Cannabis"", ""Rubicon Organics"", ""Liberty Health Sciences""]",High,"[""DevOps Tools"", ""Technical Skills""]",Low,Medium,Medium,Medium,Non-Compliant,Medium,"[""Facebook"", ""Corporate Announcements""]","[""Herself stage only year red thousand direction western. Body mean pattern family international. You recently someone nation. Little choice drug detail blood education somebody."", ""Call drive religious seven.\nDifferent point finally artist attention perform. Whether painting draw over can. Determine risk final tend position product animal.""]"
Serv340,Service,Industry event sponsorship,"Too radio where professional smile public minute. Build position age front store.
Response clear drive each ok somebody.",,,Compliance,"[""Auditing""]","[""Personal and Laundry Services""]","[""Barbados"", ""Syria""]",<1000,Unavailable,[],1974-08-01,High,High,High,"[""AI-Integrated""]","[""KushCo Holdings""]",Medium,"[""Experience with Waterfall Methodologies"", ""Security Clearances""]",Low,Medium,High,Medium,Compliant,High,"[""Content Marketing"", ""Internal Newsletters"", ""Customer Alerts"", ""Public Relations (PR)""]","[""Travel state figure owner plant ahead big trade.\nSecurity make any state cultural school. Interest could tell.""]"
Pro341,Product,Product testing,Else ahead spring measure term medical organization professor. Item blood third wonder forget.,,,Compliance,"[""Regulatory Compliance"", ""Legal Services""]","[""Computer Games"", ""Shoes Manufacturing""]","[""Bulgaria"", ""North Macedonia"", ""Jersey"", ""Sudan"", ""Gabon"", ""Turkey""]",$1000-$5000,Available,"[""Policy Advocate"", ""Certified Digital Marketing Professional (CDMP)""]",2023-06-23,Low,Low,Low,"[""Sustainable""]","[""Tilray"", ""TerrAscend"", ""Aleafia Health""]",Medium,"[""Experience Managing Budgets up to $50,000"", ""Quantum Computing""]",Medium,High,Medium,Low,Non-Compliant,High,"[""Magazines"", ""Search Engine Optimization (SEO)""]","[""View me establish main natural run hand. Black environment power home. Reality inside threat soon off out.\nWatch forget daughter agent nice. Camera on image party travel artist success want."", ""Lot each including keep writer policy attention. Us whose imagine television land time stop. Until oil condition actually notice eat.""]"
Serv344,Service,Financial forecasting,"Small be everything. Minute phone space grow test state unit.
Wide out green treat treat standard affect. Page may learn treatment. Character significant moment fill light pass.",,,Retail,"[""Delivery Services"", ""Dispensaries""]","[""Leisure and Entertainment"", ""Pharmaceutical Retailers""]","[""Brunei"", ""Saint Pierre and Miquelon"", ""Virgin Islands (US)"", ""Jersey"", ""Botswana"", ""Serbia""]",>$50000,Limited,[],2002-09-24,Low,Medium,High,"[""Low Risk""]","[""MariMed"", ""GW Pharmaceuticals""]",Low,"[""Real-Time Data Processing""]",Low,Medium,High,High,Compliant,Low,"[""In-Feed Ads"", ""Promotional Emails"", ""Corporate Announcements"", ""Speaking Engagements""]",[]
Pro345,Product,Packaging solutions,"Recent sound allow baby visit. Likely this who family.
Case rest task quality. Never deal Mr open.
Car night down education great.",,,Education,"[""Industry Reports""]","[""Automation Machinery Manufacturing"", ""Air, Water and Waste Program Management"", ""Automation""]","[""Namibia"", ""Czech Republic"", ""Vatican City State (Holy See)""]",>$50000,Unavailable,"[""Policy Analyst"", ""Lighting Technician""]",2018-04-08,High,High,Medium,"[""Advanced Technology""]","[""Aleafia Health"", ""Acreage Holdings"", ""Cronos Group"", ""Charlotte's Web Holdings""]",Low,"[""Master's Degree"", ""Associate's Degree""]",Low,Medium,Low,Low,Compliant,Low,"[""Influencer Marketing"", ""Media Kits"", ""Television""]","[""Billion term mention management. College benefit design five head manager sign. Civil white back worry knowledge agent cut.""]"
Pro347,Product,Product ingredient sourcing,"Population evidence trouble before around. Begin alone fact firm. Bad never ok enjoy speech identify late.
Yet establish them skin group traditional so. Baby give degree computer according.",,,Education,"[""Online Courses"", ""Workshops and Seminars"", ""Industry Reports""]","[""Professional Training"", ""Airlines and Aviation"", ""Industrial Machinery Manufacturing""]","[""Morocco"", ""Guam"", ""Malawi""]",$5000-$10000,Available,"[""Dispensary Technician"", ""CMA (Certified Management Accountant)""]",1974-07-01,Medium,Medium,Medium,"[""Industry-Compliant"", ""High Precision""]","[""Indiva"", ""Harvest One Cannabis""]",High,"[""Blockchain Technology""]",High,Low,High,High,Non-Compliant,Low,"[""Television Advertising""]",[]
Pro349,Product,Product supply chain transparency,"Meet model cultural too plan daughter offer job. Music accept break difficult instead year need.
Wide summer that. Article art may federal relate lawyer actually.",,,Retail,"[""Dispensaries""]","[""Furniture and Home Furnishings Manufacturing""]","[""Bermuda"", ""Australia"", ""Gibraltar"", ""Aruba"", ""Chile""]",$5000-$10000,Unavailable,"[""Accounting Professional""]",2022-12-11,High,Medium,High,"[""Sustainable"", ""Cloud-Based""]","[""MedMen Enterprises""]",Low,"[""Security Clearance Level 3""]",Medium,Low,High,Medium,Non-Compliant,High,"[""Instagram"", ""Webinars"", ""Facebook"", ""Corporate Announcements""]","[""War dark wrong huge. Factor place dark throw. Right apply coach shoulder summer. Build government economy hit.\nGame all short walk. Nearly window director mind church. Would list become mind."", ""Total above general color authority eat service.\nBegin reach rock room level shake. Its fact item treatment skin yet identify. Whole size spend actually consider.""]"
Serv352,Service,Market entry strategy,"Relate important line technology yet. Fly position nothing buy teacher. Time analysis on to paper relate perform.
So gas three four would. Blue drive them worry although across so.",,,Retail,"[""Point of Sale Systems""]","[""Postal Services"", ""Service Industry Machinery Manufacturing"", ""Leisure And Travel""]","[""Georgia"", ""Mongolia"", ""Jordan"", ""Liechtenstein""]",$10000-$50000,Unavailable,[],1995-07-22,High,Medium,Medium,"[""Secure"", ""Fast Delivery"", ""Scalable""]","[""Valens GroWorks"", ""The Supreme Cannabis Company"", ""The Green Organic Dutchman""]",Medium,"[""High School Diploma"", ""Augmented Reality"", ""Language Proficiency""]",High,Low,Low,Medium,Non-Compliant,Low,"[""Trade Shows and Events"", ""Journalist Outreach""]",[]
Pro353,Product,Product innovation labs,"Start worry air administration born. Such everyone mind would fire. None statement defense contain doctor remain road.
Probably middle or. Program country get. Tree success value despite.",,,Cultivation,"[""Greenhouse Growing"", ""Outdoor Growing"", ""Genetics and Breeding""]","[""Veterinary"", ""Web Development"", ""Communications Equipment Manufacturing""]","[""Morocco"", ""Aland Islands""]",$5000-$10000,Available,"[""Product Developer""]",1976-03-04,Medium,Low,Low,"[""Mobile-Friendly"", ""Data-Driven"", ""Low Risk""]","[""Green Thumb Industries""]",Medium,"[""Experience Managing Multiple Projects""]",Medium,Medium,High,Low,Non-Compliant,High,"[""Industry-Specific Platforms"", ""Catalogs""]","[""Likely visit wonder mention heart billion ability. Certain idea accept. Direction anyone only and power.\nEconomy avoid source. Gas should dog admit.""]"
Pro355,Product,Product design,"Market simply ability five international affect Mr. Future society factor the. Here part thought.
Effect beyond production picture focus manager nation. Sort notice wrong senior surface.",,,Cultivation,"[""Greenhouse Growing""]","[""Translation and Localization Services""]","[""Bhutan"", ""Sudan""]",>$50000,Limited,"[""SPHR (Senior Professional in Human Resources)""]",2016-01-28,High,Medium,Medium,"[""Industry-Compliant""]","[""Vireo Health"", ""Aphria"", ""Harvest One Cannabis"", ""Planet 13 Holdings""]",Low,"[""Heavy Equipment"", ""Professional Certifications"", ""Software Proficiency""]",High,High,Medium,High,Non-Compliant,Low,"[""Print Advertising"", ""Videos""]",[]
Serv358,Service,Consumer research,"Industry interesting pass out safe base. Get without before attention.
Maybe again mother boy. Recent success well city forward.",,,Cultivation,"[""Greenhouse Growing""]","[""Audio and Video Equipment Manufacturing""]","[""Democratic Republic of the Congo""]",$5000-$10000,Unavailable,"[""ISO 9001 (Quality Management)"", ""Customer Service Representative""]",2013-11-29,Medium,High,Medium,"[""User-Friendly"", ""Secure"", ""Scalable""]","[""CannAmerica Brands"", ""1933 Industries""]",Medium,"[""Work Authorization""]",Low,Low,High,Low,Compliant,High,"[""Cannabis Conventions"", ""Banner Ads"", ""Media Kits"", ""Facebook""]","[""Current include live reduce single close. Type moment strategy for bank glass. Position outside little will professional believe."", ""Program none story cost. Together network describe eight happen most city. Mention billion then treatment election family."", ""Scene write talk thank sport. Look anything share conference. Across score easy spring star school.""]"
Serv360,Service,Compliance services,"Appear represent term administration rock. Action three explain state.
Compare firm face call. Top agreement budget world from simple not. Administration measure TV learn.",,,Accessories,"[""Apparel""]","[""Venture Capital"", ""Farming""]","[""Bouvet Island"", ""Indonesia"", ""Guernsey and Alderney""]",<1000,Available,"[""ITIL (Information Technology Infrastructure Library)"", ""Compliance Officer""]",1982-03-25,Medium,Medium,High,"[""Mobile-Friendly"", ""Low Risk"", ""High Performance""]","[""Harvest One Cannabis"", ""TerrAscend"", ""Canopy Growth Corporation"", ""Cronos Group""]",Medium,"[""Experience Managing Budgets Over $100,000"", ""Technical Skills""]",High,Low,Low,Low,Compliant,High,"[""Online Marketplaces"", ""Public Relations (PR)""]","[""Machine stock far conference edge. Get mother page detail capital. Activity plant relate realize research century history.\nRed program very how close. Dog cultural vote window attack begin.""]"
Serv362,Service,Legal representation,"Might great key customer. Save news rock land we have establish. Weight form worker clearly.
According former me. Act song say always debate. Town might plan. Course maybe case section.",,,Recreational,"[""Adult-Use Products""]","[""Metal Treatments""]","[""Latvia"", ""Haiti"", ""Palestinian Territory Occupied"", ""Belize"", ""South Georgia"", ""United Arab Emirates""]",<1000,Unavailable,[],1990-12-06,Low,High,Low,"[""Certified""]","[""iAnthus Capital Holdings"", ""Cresco Labs"", ""Tilray""]",High,"[""Serverless Architecture""]",High,Low,Low,Medium,Non-Compliant,High,"[""Newsletters"", ""Amazon"", ""Press Conferences""]","[""Particularly blue industry lead. Nature offer fly mouth.\nReturn open response total. City space most would successful year food. Public home history song.""]"
Serv364,Service,Retail store chain,Since city but job window issue. Science myself little color type section herself. Population fact light fast.,,,Marketing,"[""Branding""]","[""Paper and Paper Products"", ""Dentists"", ""Medical Practice""]","[""Switzerland"", ""Uganda"", ""Austria"", ""Guinea-Bissau"", ""American Samoa""]",$0,Limited,[],2023-08-04,High,High,High,"[""Cloud-Based"", ""Secure""]","[""Wayland Group""]",Low,"[""Entry-Level""]",Low,Low,Medium,Medium,Compliant,Low,"[""Radio"", ""Charity Partnerships"", ""Amazon"", ""Online Store""]",[]
Serv366,Service,Medical research,Sing especially work meeting play together. Hot voice doctor and where pull Republican. Police ten take special. Force risk technology politics realize audience piece.,,,Technology,"[""Hardware Solutions"", ""Security Systems"", ""Data Analytics""]","[""Oil and Coal Product Manufacturing"", ""Service Learning and Volunteer"", ""Embedded Software Products""]","[""Mongolia""]",$10000-$50000,Available,"[""Data Analyst"", ""Product Developer""]",2012-03-15,Low,Low,Low,"[""Low Risk"", ""Multi-Language Support"", ""Cloud-Based""]","[""Rubicon Organics""]",High,"[""Leadership Skills"", ""Desktop Application""]",Medium,Medium,Low,Low,Non-Compliant,High,"[""Social Media Takeovers"", ""Sponsorships"", ""Cannabis Conventions""]","[""Speak guy finish hospital common discuss simply care.""]"
Serv368,Service,Industry leadership development,Parent arrive nothing voice deal. Write protect term why national tree I nor.,,,Education,"[""Research Publications"", ""Training Programs""]","[""Household Appliance Manufacturing"", ""Civic and Social Organization""]","[""Albania"", ""Angola"", ""Indonesia"", ""Estonia"", ""Moldova"", ""Timor-Leste""]",>$50000,Available,"[""Project Management Professional"", ""CISM (Certified Information Security Manager)"", ""Legal Consultant""]",1970-09-18,High,Low,Medium,"[""Secure"", ""Sustainable"", ""Cloud-Based""]","[""Cannabix Technologies"", ""High Times"", ""CannAmerica Brands"", ""CannaRoyalty Corp""]",High,"[""Project Management Tools""]",High,High,Low,Medium,Non-Compliant,Medium,"[""Industry Journals"", ""Community Events"", ""Local Sponsorships""]","[""Audience apply doctor. Board realize understand scene they kitchen. Significant kitchen across recently agent rule.\nReceive determine eight behavior.""]"
Serv370,Service,Industry networking,Easy military its car light light. Oil theory series daughter result. Probably miss wonder line push. Store guy raise charge.,,,Education,"[""Workshops and Seminars"", ""Research Publications""]","[""Health and Human Services"", ""Robotics"", ""Oil and Gas Equipment and Services""]","[""Jamaica""]",$0,Available,"[""Six Sigma Black Belt"", ""Community Development Professional"", ""Labor Market Analyst""]",2014-02-21,Medium,Low,High,"[""Environmentally Friendly""]","[""1933 Industries"", ""Liberty Health Sciences""]",Medium,"[""Willingness to Travel""]",Medium,Medium,High,Medium,Non-Compliant,Medium,"[""Retargeting Campaigns"", ""In-Feed Ads"", ""Sponsored Content""]","[""South scientist different charge data individual. Machine serve PM know.\nTest alone claim as single decade senior. Research seven produce mean likely provide market."", ""Story individual view choice whatever left skin line. System agency system voice discover deal.""]"
Pro371,Product,Product design,Business reduce for you benefit age sit across. Set environment less weight everybody.,,,Medical,"[""Patient Care""]","[""Medical Distribution"", ""Alternative Dispute Resolution""]","[""South Sudan""]",>$50000,Unavailable,"[""Market Research Analyst"", ""Delivery Specialist""]",1975-02-10,High,High,High,"[""Cost-Effective"", ""Data-Driven""]","[""The Supreme Cannabis Company""]",High,"[""Available within 1 Month"", ""Experience with Cloud Services""]",Medium,High,High,High,Compliant,Medium,"[""Charity Partnerships"", ""Customer Surveys"", ""Online Store"", ""Newspapers""]","[""Difference surface lot second become site. May ready meet.\nStage set against real ball attack show. Even center performance raise team."", ""News life fast rule worker every about. Arm seven plan may that through.\nEvery unit here range week individual stop. Organization perform student better skill forget most."", ""Law travel act. Few sometimes society. Before billion important natural yeah many there.""]"
Pro373,Product,Product innovation,Western knowledge economic pattern south today and. Drive arm customer idea threat especially population. Class police type manage per at. Truth particular least guy your boy down.,,,Education,"[""Training Programs"", ""Workshops and Seminars""]","[""Aviation and Aerospace Component Manufacturing"", ""Data Security Software Products"", ""Online Publishing""]","[""Haiti""]",>$50000,Available,"[""ISO 9001 (Quality Management)"", ""SHRM-SCP (SHRM Senior Certified Professional)""]",2012-12-04,High,Medium,Low,"[""Cloud-Based""]","[""TerrAscend"", ""OrganiGram Holdings"", ""Tweed""]",High,"[""Biometric Authentication""]",Medium,Low,Low,High,Non-Compliant,High,"[""Catalogs"", ""Social Media Influencers"", ""Postcards"", ""Yahoo Search Ads""]","[""Experience at fight. Understand cold them prevent until.\nIn early magazine popular prepare off south. Since left rate really piece make hour."", ""Impact system until after. House north TV imagine task chance sell."", ""Argue test order. We water mean.\nAnother gun me them alone. Throw five similar drive represent through. Eye suddenly sell ok.""]"
Serv376,Service,Market entry strategy,"Human start coach live sign region high. Bar man gas similar deep clear court space.
Others foot difference exactly event will. But leader end fast conference.",,,Technology,"[""Hardware Solutions""]","[""Hospitality"", ""Pollution and Treatment Controls""]","[""Gambia The"", ""Burkina Faso"", ""Uruguay"", ""Croatia"", ""Maldives"", ""Bangladesh""]",$0,Available,"[""Researcher"", ""Supply Chain Manager""]",1990-10-24,Medium,Medium,High,"[""High Quality"", ""User-Friendly""]","[""CannaRoyalty Corp""]",Medium,"[""Cybersecurity Knowledge"", ""Industry-Specific Certifications""]",Low,Medium,High,Medium,Non-Compliant,High,"[""SMS Marketing"", ""Customer Testimonials""]",[]
Pro377,Product,Retail merchandising,"Really measure such practice writer sense us. Citizen head leader soon small front. Story guess travel long drop third provide response.
Of last to mission next. Yard work serve west hope black.",,,Recreational,"[""Adult-Use Products"", ""THC Products""]","[""Logistics and Supply Chain""]","[""Saudi Arabia""]",$1000-$5000,Unavailable,"[""Marketing Professional"", ""Logistics Coordinator""]",1979-06-14,High,High,High,"[""Low Maintenance""]","[""TerrAscend"", ""The Flowr Corporation"", ""Indiva""]",Medium,"[""Experience Managing Budgets up to $100,000"", ""Standing for Long Periods"", ""Flexible Availability""]",Low,Low,Medium,High,Non-Compliant,Medium,"[""Online Courses""]","[""Price another respond.\nMovie certainly there fine pay leg. Despite decision possible everybody carry our trouble place.""]"
Pro379,Product,Product safety testing,"Start pull structure. Major finally art discuss.
Wife cut into decision.
Think accept soon large finally. Group last industry what most. Material red policy us doctor.",,,Retail,"[""Online Sales"", ""Point of Sale Systems""]","[""Water, Sewage and Waste Management"", ""Packaging and Containers""]","[""Trinidad and Tobago""]",$1000-$5000,Available,"[""Marketing Professional""]",1973-01-06,Low,Medium,Medium,"[""Cost-Effective"", ""High Quality"", ""Low Risk""]","[""Aphria""]",Medium,"[""Specific Equipment Operation"", ""Senior-Level"", ""Experience with Agile Methodologies""]",High,Low,Low,High,Compliant,Medium,"[""Videos"", ""Trade Shows and Events""]","[""Something because really professional. Blood way best debate reason open head. Field per talk say.\nStudent true my. So executive thank."", ""Morning newspaper at model leader great. Voice certainly watch represent personal care deal coach.\nCold job happen little baby. Religious world outside color fight."", ""Any interesting if building. Surface process machine begin.\nSister second kid rather. Consider attack investment.""]"
Pro381,Product,Retail POS systems,"Already increase seem continue loss argue moment. Girl detail option policy might.
Owner after themselves mission list though. Local throughout chance author little describe.",,,Accessories,"[""Storage Solutions"", ""Consumption Devices"", ""Merchandise""]","[""Real Estate - Development""]","[""Martinique"", ""Andorra"", ""Timor-Leste"", ""Austria""]",>$50000,Available,"[""Certified Quality Engineer (CQE)"", ""Certified Financial Planner (CFP)""]",1988-12-13,Medium,Medium,Low,"[""Flexible""]","[""MPX Bioceutical"", ""Liberty Health Sciences""]",High,"[""Specific Software Knowledge"", ""Executive-Level"", ""French""]",Medium,Low,High,Medium,Non-Compliant,High,"[""Public Relations (PR)"", ""Affiliate Networks"", ""Customer Alerts""]","[""Candidate necessary ago north take. Able movie anyone eat often soldier trip response. World heart individual yourself nearly change."", ""Professional cut recognize draw lawyer. Lose her base life to impact. Red character kid might.""]"
Pro383,Product,Product innovation labs,"Truth often pass well. Our pay ever would yourself development almost.
Service hear else phone fish animal true. Center actually if tonight consider.",,,Processing,"[""Packaging"", ""Extraction""]","[""Libraries"", ""Media"", ""Glass Product Manufacturing""]","[""Central African Republic""]",>$50000,Limited,[],1972-02-06,Medium,High,High,"[""Customizable"", ""Advanced Technology"", ""Durable""]","[""Rubicon Organics""]",Medium,"[""Programming Languages"", ""Spanish""]",Low,Medium,Low,High,Non-Compliant,Medium,"[""Outdoor Advertising (Billboards, Posters)"", ""Online Courses"", ""Resource Center"", ""Catalogs""]","[""Field able their treatment meet plant. Sort health wrong number than small.\nLow brother military child development. Total talk result such.""]"
Pro385,Product,Product innovation labs,"Science purpose who. Me there pay. Final final box free people kid.
Above unit month eye break image. Value around energy national rock director standard.",,,Accessories,"[""Consumption Devices""]","[""Lodging""]","[""Comoros"", ""Jamaica"", ""South Georgia"", ""Aruba"", ""Grenada"", ""Thailand""]",$1000-$5000,Limited,"[""Cisco CCNA (Cisco Certified Network Associate)"", ""Scrum Master Certification"", ""HVAC Technician""]",1999-05-01,Low,Medium,Low,"[""User-Friendly"", ""High Performance""]","[""Neptune Wellness Solutions"", ""Indiva"", ""The Supreme Cannabis Company"", ""GW Pharmaceuticals""]",High,"[""Real-Time Data Processing"", ""Software Development Kit (SDK)""]",High,Low,High,High,Non-Compliant,Low,"[""Retargeting Campaigns"", ""Product Launches"", ""Outbound Calls"", ""Pop-Up Ads""]","[""Not rule issue source under sell national country. Road keep today among.\nConcern thus then every figure since. Beautiful eight production firm practice local. Window see level begin short cell."", ""Same party already already party. Nor treatment number. Decade miss those total.\nChild indicate voice start line technology customer. Suddenly hair play like at lose.""]"
Serv388,Service,Workforce diversity initiatives,Ask daughter turn democratic financial try huge box. Such more herself course pick together white group. First outside news close resource black song poor.,,,Retail,"[""Delivery Services"", ""Point of Sale Systems"", ""Online Sales""]","[""Chemical Raw Materials Manufacturing""]","[""Bhutan"", ""Martinique"", ""Mozambique""]",$5000-$10000,Available,"[""Industry Professional"", ""Team Building Facilitator"", ""Market Research Analyst""]",1982-06-13,Medium,High,High,"[""Advanced Technology"", ""Cloud-Based"", ""High Precision""]","[""Charlotte's Web Holdings""]",High,"[""Laboratory Equipment"", ""Virtual Reality""]",High,Low,Medium,Low,Compliant,High,"[""Virtual Events"", ""Customer Alerts"", ""Television Advertising""]","[""Ask report focus officer. Good medical happy read magazine first. Method support laugh partner."", ""Professor tell entire pick watch total trade.\nYard write group glass enter. Specific happy stop personal."", ""School ask thus consumer. Party occur too.\nFace language writer individual during black. No address his special audience design. Assume tonight turn husband she hit note than.""]"
Serv390,Service,Marketing agency,"American my event check. Draw evening or approach.
Back happy least floor case need. Score start social state government others join finish. Scene level believe hold adult material economic.",,,Retail,"[""Dispensaries""]","[""REIT - Office"", ""Paper""]","[""Zambia"", ""Botswana"", ""Namibia"", ""Switzerland"", ""Aland Islands""]",>$50000,Unavailable,"[""Financial Planner"", ""Certified Supply Chain Professional (CSCP)""]",1998-09-11,Medium,High,High,"[""Low Maintenance"", ""Sustainable""]","[""Hexo Corp"", ""Acreage Holdings"", ""1933 Industries"", ""Canopy Growth Corporation""]",High,"[""Standing for Long Periods"", ""Experience with Agile Methodologies""]",High,Medium,Medium,High,Compliant,High,"[""Customer Loyalty Programs"", ""Outbound Calls""]",[]
Serv392,Service,Legal compliance training,Heart decade region sea. Guy maybe thousand nation collection affect ahead much. Guy particular happy no national career deal fly.,,,Processing,"[""Infusion""]","[""Civic and Social Organization"", ""Optometrists""]","[""Marshall Islands"", ""Luxembourg"", ""Russia""]",>$50000,Available,"[""Start-Up Advisor""]",1973-09-19,High,Low,Medium,"[""High Quality"", ""High Capacity"", ""Low Maintenance""]","[""Innovative Industrial Properties"", ""Charlotte's Web Holdings"", ""Indiva""]",Low,"[""Experience Managing Budgets up to $100,000"", ""Desktop Application""]",Medium,Low,High,High,Compliant,Low,"[""Online Marketplaces"", ""Promotional Texts"", ""Product Fairs""]","[""Quite shake season turn second. College direction politics environment. Environment me up drop every cup. Drop role break raise weight husband guess.""]"
Serv394,Service,Insurance services,Board against those program serve arrive share. Serve meet yourself book election available today event. Thing follow consumer would.,,,Cultivation,"[""Genetics and Breeding"", ""Hydroponics""]","[""Social Organizations""]","[""Thailand"", ""United Kingdom"", ""Lebanon""]",$1000-$5000,Available,[],2018-07-06,Low,High,Low,"[""Cloud-Based""]","[""TILT Holdings"", ""MedMen Enterprises"", ""Valens GroWorks""]",Low,"[""Minimum Years in Industry"", ""Virtual Reality""]",Medium,High,Medium,Medium,Compliant,High,"[""eBay"", ""Influencer Marketing"", ""Amazon""]","[""Season if quality organization person.\nElection how food by wait sit. Happen personal plant any national bar.\nChange carry imagine stage hope something.""]"
Serv396,Service,Advocacy campaign management,"Himself account necessary new civil area. Charge you dark property.
Two matter under tend her do. Window state science marriage. See hot lose oil entire.",,,Medical,"[""Patient Care""]","[""Government Relationship Services"", ""Insurance Brokers"", ""Wholesale Construction Materials""]","[""Jersey""]",>$50000,Unavailable,"[""Quality Assurance Technician"", ""Scrum Master Certification"", ""Google Analytics Individual Qualification (GAIQ)""]",1991-06-30,Low,Low,High,"[""High Capacity"", ""Cost-Effective"", ""Low Risk""]","[""TerrAscend"", ""TerrAscend""]",Low,"[""High School Diploma""]",Medium,Medium,Medium,High,Compliant,Medium,"[""Blog Posts"", ""Drip Campaigns"", ""Corporate Announcements""]","[""Actually management writer hospital white subject without. Throw practice pull product sing suffer knowledge laugh. Democratic understand if mention oil girl tend world."", ""Sea recent dog too begin per leg there. Study toward response trouble Democrat evening affect. Off lead especially sort.""]"
Serv398,Service,Legal advocacy,"Tree serious line government.
Claim claim stop thus national. Nearly final one score decision usually.
Not administration worry field quality second by. Nature mean need thank major.",,,Accessories,"[""Apparel""]","[""Fashion Accessories Manufacturing"", ""Sporting Goods""]","[""New Zealand"", ""Aland Islands"", ""British Indian Ocean Territory""]",>$50000,Available,"[""ITIL (Information Technology Infrastructure Library)"", ""Edibles Chef""]",2015-11-23,Medium,Low,High,"[""Environmentally Friendly"", ""Certified"", ""Flexible""]","[""Aurora Cannabis"", ""Harvest One Cannabis"", ""Charlotte's Web Holdings"", ""CannaRoyalty Corp""]",High,"[""Machinery Operation"", ""Real-Time Data Processing"", ""Experience Managing Budgets Over $100,000""]",Low,High,Low,High,Compliant,High,"[""Corporate Announcements"", ""Podcasts""]",[]
Serv400,Service,Investment banking,"Democratic church oil money believe star. Live cut throw until figure.
Or rather billion house. Quickly hard bill for simple food.",,,Recreational,"[""THC Products""]","[""Climate Technology Product Manufacturing"", ""Breweries"", ""Food and Beverage Services""]","[""Tanzania"", ""Anguilla"", ""Antarctica"", ""Andorra""]",$5000-$10000,Limited,[],1974-04-18,High,Low,High,"[""Low Risk"", ""Energy Efficient""]","[""Columbia Care"", ""iAnthus Capital Holdings"", ""Aurora Cannabis""]",Medium,"[""Technical Skills""]",High,High,Low,Medium,Compliant,Medium,"[""Customer Surveys"", ""White Papers and eBooks"", ""Television Advertising""]","[""Story space could staff room difficult. Spend run establish.\nDifferent whatever room sell. Outside history fine cup manage lot camera.\nJust him bed behind.\nService top either."", ""Area speak TV choice baby son. American team pretty end pressure voice admit including. Can idea case officer professional executive attorney little."", ""Myself kid us thank special improve. Commercial wide executive sea describe once.\nFrom college agreement. Enjoy interview particular test letter.""]"
Pro401,Product,Product testing,"Agree sister sell nice service relate also. Form must could property.
Might visit teacher high. Inside yeah look beat list. Office quickly bit over.",,,Medical,"[""CBD Products"", ""Therapeutic Applications""]","[""Retail Technology"", ""Wholesale Fuel""]","[""Bhutan"", ""Grenada"", ""Marshall Islands"", ""Namibia"", ""Guyana""]",$10000-$50000,Unavailable,[],1991-03-02,High,High,Low,"[""Cost-Effective""]","[""Supreme Cannabis""]",Medium,"[""Minimum Experience Level"", ""Cybersecurity Knowledge"", ""Working in Various Weather Conditions""]",Medium,High,Medium,Medium,Compliant,Medium,"[""Virtual Events"", ""Television Advertising"", ""In-Person Workshops""]","[""See actually note wide. Result skill program end agent.\nCase why environment. Rule them star more explain feeling throughout."", ""Laugh return teach likely. So fill understand skin affect door simple.\nConsumer type style commercial inside. Remember money team information material never. Walk matter shoulder gas surface expect.""]"
Serv404,Service,Retail inventory management,"Check radio friend here effort. Over garden think local. Fish itself begin especially.
Themselves current night ask study dark. Let out everyone dark school husband down.",,,Processing,"[""Edibles"", ""Labeling"", ""Packaging""]","[""Glass, Ceramics and Concrete"", ""Network Security"", ""Insurance""]","[""Azerbaijan""]",>$50000,Limited,"[""Legal Consultant"", ""Banking Professional""]",1970-02-19,High,High,Medium,"[""Secure"", ""AI-Integrated"", ""Customizable""]","[""Trulieve Cannabis"", ""Acreage Holdings"", ""Aleafia Health""]",Low,"[""Experience Managing Budgets up to $10,000""]",Medium,Low,Medium,Medium,Compliant,Medium,"[""Facebook"", ""Charity Partnerships""]","[""Hard accept teach indicate turn include can coach. Can few buy skill.\nCity position structure half should job. Sport safe address hand five all. Design contain language close central executive thing.""]"
Serv406,Service,Waste management solutions,"Woman follow return environmental TV. Approach win especially course produce.
Why born line. Attention method happen into everything task.",,,Technology,"[""Software Solutions"", ""IoT and Automation"", ""Data Analytics""]","[""Amusement Parks and Arcades"", ""Travel Agencies""]","[""Uzbekistan"", ""Algeria""]",$5000-$10000,Available,"[""Wellness Coach"", ""Project Manager"", ""Social Media Manager""]",1973-06-23,Medium,Low,High,"[""High Capacity"", ""Low Maintenance"", ""Cost-Effective""]","[""Cannabix Technologies"", ""CannAmerica Brands"", ""Trulieve Cannabis"", ""Indiva""]",High,"[""Laboratory Equipment""]",High,Low,Medium,Low,Non-Compliant,High,"[""Virtual Events"", ""Banner Ads"", ""Flyers""]",[]
Serv408,Service,Import and export services,"Travel catch product section.
Wife support standard enter age play possible. Hard two huge woman bit.",,,Recreational,"[""THC Products""]","[""Commercial and Industrial Machinery Maintenance"", ""Real Estate"", ""Book and Periodical Publishing""]","[""Greece""]",$5000-$10000,Available,"[""Employee Wellness Coordinator""]",1982-12-18,Medium,High,High,"[""Customizable""]","[""Harvest One Cannabis""]",Low,"[""Quantum Computing"", ""Language Proficiency"", ""Cross-Platform Compatibility""]",Medium,High,Low,Low,Compliant,Low,"[""Product Launches"", ""Customer Alerts"", ""Product Fairs""]","[""Gun ask return writer know relate. Onto play our turn energy better environment.\nPlant will way. Wife police ask can effort region."", ""Bank quickly result.\nNecessary figure bar coach time. Clearly than prove though vote.\nRun add media course name.\nSignificant discover place start I. Audience himself heavy little sister price.""]"
Serv410,Service,Consumer rights protection,Instead state surface few field arm ten. All training research push. Strategy dog life management human loss.,,,Compliance,"[""Legal Services"", ""Licensing"", ""Regulatory Compliance""]","[""Savings Institutions""]","[""Puerto Rico"", ""Guinea""]",$0,Limited,"[""Employee Wellness Coordinator"", ""Demographic Analyst"", ""Medical Specialist""]",1980-01-01,Medium,High,Low,"[""Energy Efficient"", ""High Quality"", ""Data-Driven""]","[""Valens GroWorks"", ""1933 Industries"", ""Charlotte's Web Holdings"", ""Acreage Holdings""]",Low,"[""Hardware Compatibility"", ""Cybersecurity Knowledge"", ""Travel Requirements""]",Medium,High,Low,Medium,Compliant,Medium,"[""Trade Shows and Events"", ""Online Marketplaces""]","[""Surface section economy condition father name. Provide would cultural take talk night actually west.\nEconomy look artist. Woman whether never speak. Exactly thank say she must bill.""]"
Serv412,Service,Legal compliance training,No section bank just. Continue nation assume star themselves scientist by figure.,,,Compliance,"[""Licensing"", ""Regulatory Compliance""]","[""Armed Forces"", ""Digital Accessibility Services""]","[""Sudan"", ""Botswana"", ""Czech Republic"", ""Sweden""]",$10000-$50000,Limited,"[""AWS Certified Solutions Architect"", ""Medical Specialist"", ""Certified Supply Chain Professional (CSCP)""]",2016-09-20,High,High,High,"[""Environmentally Friendly""]","[""Trulieve Cannabis""]",Low,"[""Permanent Residency"", ""National Candidates""]",High,Low,Medium,High,Compliant,Medium,"[""SMS Marketing""]","[""Hard around prevent agreement range kind why. Day local seem they. Long reality brother art."", ""Study sometimes day TV couple marriage. Hold out property animal maintain tend several. Cost full economic since open plan act."", ""Serious perhaps subject teach quality.""]"
Serv414,Service,Workforce training,"Worry type lose event least. Another trial sea anything step American tax.
Worker which easy market difficult. Particular successful save yourself.
Drive close your rich production.",,,Processing,"[""Infusion"", ""Edibles""]","[""Customer Service"", ""Security and Protection Services"", ""Primary and Secondary Education""]","[""Latvia""]",<1000,Unavailable,"[""Salesforce Certified Administrator""]",2018-05-17,High,Medium,Low,"[""Easy Integration""]","[""The Green Organic Dutchman"", ""Green Thumb Industries""]",High,"[""Problem-Solving"", ""Experience with Cloud Services""]",Medium,Low,Medium,Medium,Compliant,Medium,"[""In-Feed Ads"", ""Catalogs"", ""Blog""]","[""Beyond value total base particularly rule big about. May everything tend environmental weight. Heavy fight any wife bad certainly team."", ""American feeling set bar many music. Leg teach if this. Season feel both house morning. Low central floor impact specific act.""]"
Pro415,Product,Farming equipment,"Result nearly everyone perform. Sister feeling then speech carry.
Out resource I drug baby rest. Film none accept various second human. Tough social lawyer.",,,Technology,"[""IoT and Automation"", ""Data Analytics""]","[""Wireless"", ""Agriculture""]","[""Sierra Leone""]",<1000,Unavailable,"[""Trainer""]",2013-07-25,High,High,Low,"[""Customizable"", ""Reliable""]","[""Jushi Holdings"", ""Cronos Group"", ""Emblem Cannabis"", ""Cannabix Technologies""]",Medium,"[""Multi-Factor Authentication""]",Low,Low,Medium,Medium,Non-Compliant,High,"[""Joint Campaigns"", ""Partnerships"", ""Outdoor Advertising (Billboards, Posters)""]","[""Quickly out management like your. Down character design different above more behind somebody. Accept country candidate technology."", ""Rule their value reason stand Republican. Expect serve cover. Alone whether brother manage himself president.\nSo voice story report number treat. Beautiful property common exactly."", ""Town man difficult able. Respond husband loss quite season sea. Note road parent which way.\nPresent player choice score. Small sit recent turn charge your.""]"
Pro417,Product,CBD product manufacturing,Large throw information address. Lead situation respond first picture seek physical. Turn push speak recognize glass go window.,,,Marketing,"[""Social Media Management"", ""Market Research""]","[""Home Improvement Retail"", ""Hotels and Motels"", ""Salvage and Demolition""]","[""Guyana""]",$5000-$10000,Available,"[""Supply Chain Manager""]",2003-08-16,Low,High,Low,"[""High Capacity"", ""Energy Efficient""]","[""Tilray""]",Medium,"[""Containerization (Docker, Kubernetes)"", ""Certifications""]",High,High,Low,Medium,Non-Compliant,High,"[""Online Marketplaces"", ""LinkedIn"", ""Online Store""]","[""Meeting specific off indicate subject together. Support animal record operation all. Read media special child hospital.""]"
Serv420,Service,Workforce diversity initiatives,Indeed red generation quickly force age hit. Apply head how himself sure. Education eat finish decision machine central.,,,Education,"[""Online Courses"", ""Research Publications"", ""Workshops and Seminars""]","[""Utilities - Independent Power Producers""]","[""Antigua and Barbuda"", ""Malta"", ""Haiti"", ""Saint Lucia"", ""Germany""]",$10000-$50000,Limited,"[""Compliance Officer"", ""AWS Certified Solutions Architect"", ""SHRM-SCP (SHRM Senior Certified Professional)""]",2008-11-09,Low,Medium,Medium,"[""Environmentally Friendly"", ""High Capacity""]","[""MPX Bioceutical"", ""Acreage Holdings""]",Low,"[""Professional Certifications"", ""Artificial Intelligence""]",Medium,Low,High,Medium,Compliant,Medium,"[""Print Advertising"", ""Blog Posts"", ""Referral Programs"", ""Google Ads""]","[""Create receive word truth may. Event memory bar well meet.\nStock situation out end personal during media. Unit maintain suggest opportunity five activity region."", ""Color later realize food party onto. Free strategy message under behind near. Nation man face meet three."", ""Form to large lead. Painting drug perform door image source.\nAuthor per human person civil face whether subject.\nPolicy rate available property school. Writer effect style floor serious media rock.""]"
Serv422,Service,Wholesale distribution,"Great thousand adult.
Interesting read keep end evening. Total dream teach fire large word.
Green cover very its suddenly. However five word employee age throughout.",,,Cultivation,"[""Indoor Growing""]","[""Semiconductor Equipment and Materials"", ""Management Consulting"", ""Wholesale Consumer Electronics""]","[""Christmas Island"", ""Aland Islands"", ""Austria"", ""Germany"", ""Montenegro""]",$5000-$10000,Limited,"[""Medical Specialist"", ""Sales Representative"", ""Budtender""]",2009-11-25,Low,Medium,Low,"[""High Precision"", ""Low Maintenance"", ""Cloud-Based""]","[""MedMen Enterprises"", ""Aurora Cannabis""]",Medium,"[""Augmented Reality"", ""Minimum Experience Level""]",High,Medium,Low,Medium,Non-Compliant,High,"[""Internal Newsletters"", ""Content Marketing"", ""Retargeting Campaigns""]","[""About see choose fill. Company why stuff father walk. Production find option.\nWhile help candidate public billion. Still force well improve certain ability four."", ""Age cause production parent president almost eight. Management down factor whether ask drug. Religious bit painting space mission career."", ""Eye world fine change college will.\nFight stay television realize knowledge. Skill article get concern religious. Agency economic idea third race single.""]"
Pro423,Product,Product innovation labs,"Against after want. Minute probably fear hour those environment.
Arrive end prevent value. Often people hard adult material trade.",,,Retail,"[""Delivery Services"", ""Online Sales""]","[""Desktop Computing Software Products""]","[""Benin"", ""Fiji Islands"", ""Togo"", ""Cambodia""]",$1000-$5000,Available,"[""Farm Manager"", ""Certified Data Management Professional (CDMP)""]",2012-02-12,Medium,High,Medium,"[""Comprehensive Support"", ""Flexible""]","[""TerrAscend"", ""Trulieve Cannabis"", ""CannTrust Holdings""]",Low,"[""Communication Skills""]",High,High,High,Medium,Compliant,Low,"[""Community Forums""]",[]
Pro425,Product,Legal compliance software,"Get expert industry subject bring check industry.
Husband chair sure. Hand find middle charge relationship.
Various very positive media worry any. Election yard use yet hear cold responsibility.",,,Medical,"[""Patient Care"", ""Pharmaceuticals""]","[""Broadcasting - Radio"", ""Surveying and Mapping""]","[""Spain"", ""Mongolia"", ""Botswana""]",$1000-$5000,Available,"[""Salesforce Certified Administrator"", ""Packaging Technician"", ""Mentor""]",1976-08-22,High,High,High,"[""Customizable"", ""Reliable"", ""High Capacity""]","[""OrganiGram Holdings"", ""Harvest One Cannabis""]",Low,"[""Blockchain Technology""]",Low,High,High,High,Compliant,Medium,"[""Remarketing Campaigns"", ""Partner Websites""]","[""Body nation exist wife strong push.\nCommon sport yourself why doctor case. Should girl modern none great half. Produce pressure region cup list interesting.""]"
Pro427,Product,Trade publication,Imagine show building do. Pm hope next fact business catch. Discuss plan conference attention.,,,Processing,"[""Quality Control""]","[""Horticulture"", ""Human Resources Services"", ""Non-Profit Organizations""]","[""Cayman Islands"", ""Senegal""]",$1000-$5000,Limited,"[""Workforce Development Specialist"", ""Genetics Specialist"", ""Six Sigma Black Belt""]",1987-11-11,Low,Low,High,"[""Secure""]","[""Canopy Growth Corporation""]",Low,"[""Project Management Tools"", ""Data Encryption""]",Low,Low,Medium,Medium,Non-Compliant,Low,"[""Media Kits"", ""Banner Ads""]","[""Senior according true southern sense strong political. Administration discover almost center during win history. Form partner item hair vote."", ""End project land hotel window father. Ready course save already.\nBeautiful apply there finish wonder. Tax beyond tough. Range both stage subject offer.""]"
Pro429,Product,Product safety testing,"Dinner successful by character enjoy.
Wide east learn among. Executive case myself force happen parent join. Music quality past find exactly management road kid.",,,Retail,"[""Online Sales"", ""Point of Sale Systems"", ""Dispensaries""]","[""Security and Commodity Brokerage"", ""Waste Management"", ""Theatrical Companies""]","[""Albania""]",>$50000,Unavailable,"[""Certified Ethical Hacker (CEH)""]",1981-11-07,Medium,Medium,Medium,"[""Durable""]","[""CannaRoyalty Corp"", ""Hexo Corp"", ""Aphria"", ""Cresco Labs""]",Medium,"[""Security Clearances""]",Medium,Medium,Low,Medium,Non-Compliant,High,"[""Dynamic Retargeting Ads""]","[""Fish develop speech big though shake century. Expect soon financial idea.\nScore bag wall ok side thus. School also would value hospital. Also than another respond hot which safe stuff."", ""Pass reason rule health trade describe less. Heart just likely hard worry. Each detail hope glass."", ""Couple page author box be imagine information. Prepare so measure those gun street.""]"
Serv432,Service,Consumer safety programs,Everybody so she race television. Possible serious east particularly style kind weight. Where speak picture figure.,,,Technology,"[""IoT and Automation"", ""Data Analytics""]","[""Credit Intermediation"", ""Photography"", ""Travel Agencies""]","[""Australia"", ""Kenya"", ""Vanuatu"", ""Cambodia""]",<1000,Available,"[""Community Outreach Specialist"", ""Certified Digital Marketing Professional (CDMP)""]",1986-08-18,High,Low,Medium,"[""Durable"", ""Innovative"", ""Flexible""]","[""iAnthus Capital Holdings""]",High,"[""Security Clearances"", ""Frequent Travel"", ""Doctorate""]",Medium,Medium,High,Low,Non-Compliant,Medium,"[""Affiliate Networks"", ""Search Engine Optimization (SEO)"", ""Joint Campaigns""]","[""Foreign no want religious. Suffer usually discussion with believe.\nAll something health. Account member group fact let style.\nOnce activity believe very."", ""Soon carry do eye thought. Relationship hope next clearly. Around bar including start same. Full stop others return.""]"
Serv434,Service,Research collaboration,"Far finally prove occur possible answer say. Future environmental cup reach task themselves about.
Exist vote either part personal. Position since will but mention return position opportunity.",,,Accessories,"[""Apparel"", ""Merchandise"", ""Consumption Devices""]","[""Philanthropy"", ""Bars, Taverns and Nightclubs"", ""NGOs""]","[""Cayman Islands"", ""Congo"", ""China"", ""South Africa""]",<1000,Unavailable,"[""Data Analyst"", ""SPHR (Senior Professional in Human Resources)""]",1974-12-04,Low,High,Low,"[""Certified"", ""Compact Design"", ""Innovative""]","[""GW Pharmaceuticals"", ""iAnthus Capital Holdings""]",Medium,"[""Local Candidates Only""]",High,High,High,Medium,Non-Compliant,High,"[""Community Events"", ""Postcards""]","[""Your mouth me edge by region worker. Approach hundred ever particular again.\nShould current Mrs paper third look available. Less production window model itself how. New force car.""]"
Serv436,Service,Real estate services,"Rest particular unit manager sign later beyond old. Another pick college rather add. Total technology figure industry score American place.
Feeling cold form. My environment time fly ready stand.",,,Education,"[""Industry Reports"", ""Online Courses"", ""Research Publications""]","[""Sports"", ""Wind Electric Power Generation""]","[""Luxembourg""]",$0,Unavailable,"[""Product Marketing Specialist"", ""Certified Digital Marketing Professional (CDMP)""]",2000-07-17,Medium,Medium,High,"[""Sustainable""]","[""The Green Organic Dutchman"", ""Trulieve Cannabis""]",High,"[""IoT Integration"", ""Experience with Client Retention"", ""Master's Degree""]",Low,Medium,Medium,High,Non-Compliant,Medium,"[""Direct Mail"", ""Remarketing Campaigns""]","[""Skill possible side any actually same show move. Onto laugh all perform. Benefit must majority.\nLet environmental social become here soon little. Ok wonder station last seek oil.""]"
Serv438,Service,Blockchain technology,"Smile coach no easy include. Bill church analysis agent offer.
Medical bring start choose.
Seat red care phone inside term wish stuff. Tend foot now eight.",,,Processing,"[""Edibles"", ""Packaging""]","[""Computer Networking""]","[""Congo"", ""Maldives"", ""Saint Pierre and Miquelon"", ""Bosnia and Herzegovina""]",>$50000,Unavailable,[],1991-03-03,High,Medium,High,"[""Energy Efficient"", ""Easy Integration"", ""Low Maintenance""]","[""Supreme Cannabis"", ""Wayland Group"", ""Vireo Health"", ""Canopy Growth Corporation""]",Medium,"[""Immediate Availability""]",Medium,High,Low,High,Non-Compliant,Low,"[""TikTok"", ""Webinars""]",[]
Pro439,Product,Product design,"Pretty seven section executive. Decade ago from responsibility. Any company reality myself stand southern.
But spend turn later address work bed. Force standard wait brother recently.",,,Retail,"[""Online Sales""]","[""Sanitation Services"", ""Insurance - Specialty""]","[""Algeria"", ""Haiti"", ""Dominican Republic"", ""Tanzania""]",>$50000,Unavailable,"[""CMA (Certified Management Accountant)"", ""ISO 27001 (Information Security Management)""]",2013-09-23,Low,Low,High,"[""AI-Integrated"", ""High Quality"", ""Cloud-Based""]","[""Aphria"", ""Neptune Wellness Solutions""]",Low,"[""Mandarin"", ""Experience with Specific Equipment""]",Low,Medium,Medium,High,Non-Compliant,High,"[""White Papers and eBooks""]","[""Main camera red interesting age cover purpose. What while base."", ""Cell send end report list. Attention white cultural list line region.\nReady up painting policy. Indicate party front address base hundred computer."", ""Run gun affect participant. Thing no natural.\nHouse art represent whatever than offer. Government pretty full close buy. Before still show art ever. Soldier three set arm mother.""]"
Serv442,Service,Real estate services,She investment part contain PM. Modern former magazine center.,,,Recreational,"[""Social Consumption Spaces"", ""Event Organizing""]","[""Savings and Cooperative Banks""]","[""Kosovo"", ""Burundi"", ""Tuvalu"", ""Barbados"", ""Ethiopia"", ""Bosnia and Herzegovina""]",<1000,Available,"[""Sales Representative""]",1988-03-19,High,High,Low,"[""Mobile-Friendly""]","[""The Flowr Corporation"", ""Rubicon Organics""]",Low,"[""Budget Management Experience""]",Low,Medium,Low,High,Non-Compliant,High,"[""Cannabis Conventions""]","[""Couple room concern capital. Near any travel picture such phone certainly now. Doctor TV performance name sense.\nStrategy less sure buy leave. Society side why."", ""Impact account agreement sell marriage north. War particularly address far fire.\nReveal market live member. Their skill current concern past will sport."", ""Look protect stock else today else test. Our level own.\nSize maybe possible bad professor.\nToo owner personal. Religious especially pick. Safe nearly senior increase coach among.""]"
Serv444,Service,Retail analytics,"Herself cup consider low church a maybe upon. Research lead way clear author.
Wish best personal.
Make mean bag here. Officer material real. Car leader cause in too foreign subject.",,,Processing,"[""Edibles"", ""Extraction""]","[""Sports and Athletic"", ""Sound Recording"", ""Airlines""]","[""Kazakhstan"", ""Cape Verde"", ""Anguilla"", ""Australia"", ""Trinidad and Tobago""]",$5000-$10000,Available,"[""Marketing Professional"", ""Social Media Manager"", ""HVAC Technician""]",2022-10-11,Medium,High,Low,"[""Customizable"", ""Easy Integration""]","[""TerrAscend""]",High,"[""Cybersecurity Knowledge"", ""No Travel Required"", ""Technical Skills""]",High,High,Medium,Low,Compliant,Medium,"[""Journalist Outreach""]","[""Church vote how ago resource beautiful development. Boy special check class writer audience. Soldier science sign floor enter cold white.""]"
Serv446,Service,Public policy advocacy,Reduce vote himself participant subject. Dog language federal police yard. Contain class black letter seven national action. Decision true couple industry.,,,Compliance,"[""Regulatory Compliance"", ""Legal Services"", ""Auditing""]","[""REIT - Diversified"", ""Glass, Ceramics and Concrete"", ""Recreational Vehicles""]","[""Australia"", ""Saint Kitts and Nevis""]",$1000-$5000,Unavailable,"[""ISO 27001 (Information Security Management)"", ""Employee Wellness Coordinator"", ""Lean Management Specialist""]",2011-06-07,Medium,Medium,Medium,"[""Reliable""]","[""Valens GroWorks"", ""Cannabix Technologies"", ""Harvest Health & Recreation"", ""OrganiGram Holdings""]",Medium,"[""Manual Dexterity"", ""Work Authorization"", ""Working in Various Weather Conditions""]",Medium,High,High,Low,Non-Compliant,Medium,"[""Cannabis Conventions"", ""Radio Advertising""]",[]
Pro447,Product,Product branding,"Old west federal nearly.
Major once lay around travel. Service eight maybe short relationship. Shoulder day whose somebody.
Center quality may ready step. Travel night risk paper lead prepare debate.",,,Processing,"[""Quality Control"", ""Infusion"", ""Packaging""]","[""Security System Services"", ""Beverage Manufacturing"", ""Event Planning""]","[""Armenia"", ""Malaysia"", ""Saint Helena"", ""Guam"", ""Seychelles"", ""Thailand""]",$0,Unavailable,[],2018-09-03,High,Medium,High,"[""Innovative"", ""Energy Efficient"", ""Easy Integration""]","[""Aphria""]",Medium,"[""Mandarin""]",High,Low,Low,Low,Non-Compliant,Low,"[""Joint Campaigns"", ""Social Media Takeovers""]",[]
Serv450,Service,Legal representation,Mouth conference back customer capital kind. Study a whatever tough exist light. Wall couple contain democratic apply consumer chair. Size four close possible.,,,Retail,"[""Online Sales"", ""Dispensaries"", ""Delivery Services""]","[""Metal Fabrication"", ""Pharmaceutical Manufacturing""]","[""Croatia"", ""Zimbabwe""]",>$50000,Available,[],1996-02-17,Low,Low,Low,"[""Fast Delivery"", ""User-Friendly""]","[""Cannabix Technologies"", ""MariMed""]",Medium,"[""Containerization (Docker, Kubernetes)"", ""National Candidates"", ""Educational Qualifications""]",Low,Low,High,Medium,Non-Compliant,High,"[""Amazon""]","[""Relate left guess share management summer explain.\nStation still often produce follow machine might. Government require we very. Trade truth author through media."", ""Effort forward despite cultural national social seat. Policy special appear he. Probably store month degree.""]"
Pro451,Product,Extraction and processing,"Production measure cost arm leg late decade serious. Return cup level.
Purpose history at large. Magazine morning little affect. Investment husband success size. Magazine draw three point.",,,Accessories,"[""Consumption Devices""]","[""Thermal Coal""]","[""Guernsey and Alderney""]",$10000-$50000,Limited,"[""CISSP (Certified Information Systems Security Professional)"", ""Product Developer"", ""Banking Professional""]",2002-02-22,Medium,Low,High,"[""Multi-Language Support""]","[""MedMen Enterprises"", ""KushCo Holdings""]",High,"[""Data Encryption"", ""Specialized Tools""]",High,Low,Low,Low,Non-Compliant,High,"[""Brand Ambassadors"", ""Live Demos"", ""Resource Center"", ""Charity Partnerships""]","[""Yard student stand hundred assume fill.\nBillion politics choose feeling. Kind site seat young wife everyone forget. Son factor start wall much would."", ""Course wear expert trip yeah. Executive want peace its pay control Republican onto. History section order enjoy.\nDespite draw western assume recent tree realize. Air through add itself.""]"
Pro453,Product,Product supply chain transparency,"Would research edge let level start than. Away participant quite less mind certain.
Such eye believe which. Pretty majority friend spend blood.",,,Processing,"[""Infusion""]","[""Electronic Gaming and Multimedia"", ""Recycling""]","[""Christmas Island"", ""Saint Vincent and the Grenadines"", ""Libya""]",$5000-$10000,Available,[],1975-11-28,High,Low,Medium,"[""Customizable"", ""Certified""]","[""The Green Organic Dutchman"", ""Aleafia Health"", ""Curaleaf Holdings"", ""Trulieve Cannabis""]",Low,"[""Virtual Reality""]",Low,Medium,Low,High,Non-Compliant,Medium,"[""Co-Branding Initiatives"", ""Event Sponsorships"", ""Pop-Up Ads"", ""Community Forums""]","[""Shoulder share everybody air including range. Material bed accept growth method production economic."", ""Skin rise figure onto commercial few daughter. It down war never that stop surface number. Agreement bed air relate general sport.""]"
Pro455,Product,Product testing,"Range camera identify. Available might executive choose citizen again fire want. Line range child yes field attention laugh.
Prevent detail whatever system. Task north argue week probably.",,,Compliance,"[""Licensing""]","[""Chemical Manufacturing"", ""Rubber Product Manufacturing""]","[""Afghanistan""]",<1000,Unavailable,"[""Product Safety Tester""]",2002-11-03,High,Medium,Low,"[""Mobile-Friendly"", ""High Precision""]","[""TILT Holdings"", ""Indiva""]",Medium,"[""Industry-Specific Certifications"", ""Desktop Application""]",Medium,Low,Low,Low,Compliant,High,"[""Customer Loyalty Programs""]",[]
Pro457,Product,Product design,Building really indicate heart other admit reflect few. Professor show section increase body impact.,,,Medical,"[""Clinical Trials"", ""CBD Products""]","[""Credit Services""]","[""Nigeria"", ""South Sudan"", ""Man (Isle of)"", ""Saint Vincent and the Grenadines"", ""Cape Verde""]",$5000-$10000,Limited,"[""Sales Representative"", ""CISM (Certified Information Security Manager)""]",1990-06-26,High,High,Low,"[""Cost-Effective""]","[""Harvest Health & Recreation"", ""Aurora Cannabis"", ""TILT Holdings""]",Medium,"[""Flexible Availability"", ""Availability"", ""Executive-Level""]",Medium,High,Medium,High,Compliant,High,"[""Demonstrations and Workshops"", ""Podcasts""]",[]
Serv460,Service,Blockchain technology,Medical then night city reveal. Former stop message fine. Successful pattern certainly control hope perform.,,,Processing,"[""Quality Control""]","[""Safety"", ""Farming"", ""Commercial Real Estate""]","[""Montserrat"", ""Guinea"", ""Western Sahara"", ""Bahrain"", ""Estonia""]",$0,Limited,"[""Genetics Specialist"", ""Certified Professional in Supply Management (CPSM)"", ""Professional Engineer (PE)""]",1999-09-29,Medium,Low,High,"[""Durable"", ""Secure"", ""Sustainable""]","[""TerrAscend""]",High,"[""Immediate Availability"", ""Industry-Specific Certifications""]",Low,High,Medium,Medium,Non-Compliant,High,"[""Blog Posts"", ""Drip Campaigns""]",[]
Pro461,Product,Packaging solutions,"Shake point more floor. Room ten phone response discover our usually. Strong management page voice.
Investment issue beautiful finish interview amount often throw. Field within full throw minute.",,,Education,"[""Industry Reports""]","[""Administration of Justice""]","[""Portugal"", ""Syria"", ""Guernsey and Alderney"", ""Pitcairn Island""]",$5000-$10000,Limited,[],2021-05-11,Medium,Low,High,"[""High Precision"", ""Cost-Effective"", ""Customizable""]","[""Harvest Health & Recreation""]",Low,"[""Biometric Authentication""]",Medium,Medium,Low,High,Non-Compliant,High,"[""SMS Marketing"", ""Social Media Takeovers"", ""Internal Newsletters""]","[""Generation community floor office model actually.\nAccording gun its job forward open sell. State including left eight. Artist summer on guy member hold back."", ""Your force bill cold entire center. Professor go part like. Situation Mr fight to million anything.\nCase fly as interest. Ready step know between. Ever region could material soldier son.""]"
Pro463,Product,Retail merchandising,"Night manager media impact state run. High raise student early seven.
Year watch popular policy. Brother at race early everything.",,,Cultivation,"[""Organic Farming""]","[""Public Policy""]","[""Taiwan"", ""North Korea"", ""Zambia"", ""Estonia"", ""Heard Island and McDonald Islands"", ""Puerto Rico""]",>$50000,Available,[],1999-01-05,High,High,Low,"[""Mobile-Friendly"", ""Compact Design""]","[""Liberty Health Sciences"", ""Columbia Care""]",Low,"[""Cybersecurity Knowledge"", ""Big Data Analytics"", ""Language Proficiency""]",High,Medium,Medium,High,Compliant,Low,"[""Affiliate Marketing"", ""Blogs"", ""White Papers and eBooks"", ""SMS Marketing""]","[""Movie hear ago for account. Garden ball easy travel world couple. Special trade take our new trouble floor. Adult day who case.\nAt animal use arm structure. Against forget government agree.""]"
Pro465,Product,Product branding,"Push middle some administration focus job candidate. Rule stock standard almost parent could.
Example against account energy. Prepare bad democratic fire usually decade serve.",,,Education,"[""Workshops and Seminars"", ""Research Publications""]","[""Biotechnology""]","[""Italy"", ""Pakistan""]",>$50000,Available,"[""HR Specialist"", ""Certified Supply Chain Professional (CSCP)"", ""Customer Service Representative""]",2018-04-03,Low,High,High,"[""Mobile-Friendly""]","[""Auxly Cannabis Group"", ""Acreage Holdings"", ""Charlotte's Web Holdings""]",Medium,"[""Bachelor's Degree"", ""High-Speed Internet""]",High,Medium,Medium,Medium,Non-Compliant,Low,"[""Television""]","[""War interview western yet. Minute step fire north. Clearly couple heart shake five nation without.\nGive culture fight language modern accept. Choose story people television."", ""Feeling far out investment. Reason try stuff large various chance. Couple deal yet response Mr."", ""Lot affect attorney us actually. Discussion want say realize their.\nCentral thus every. Appear return chair to second accept.""]"
Pro467,Product,Product supply chain transparency,"Authority manage relate local. Peace same wide grow capital charge. Cost join may administration according.
Recognize behavior he cold it. Loss agency idea may process I.",,,Marketing,"[""Branding"", ""Market Research""]","[""Performing Arts"", ""Telecom Services""]","[""Peru"", ""Saint-Barthelemy"", ""Indonesia""]",$5000-$10000,Unavailable,"[""Trainer""]",2001-04-21,Low,Low,Medium,"[""Flexible"", ""User-Friendly"", ""Advanced Technology""]","[""The Green Organic Dutchman"", ""Innovative Industrial Properties"", ""OrganiGram Holdings"", ""CannAmerica Brands""]",High,"[""Biometric Authentication""]",Low,Low,Medium,Low,Non-Compliant,Medium,"[""Promotional Texts""]","[""Brother sister nation boy next where outside after. Behind sell culture plan.""]"
Serv470,Service,Blockchain technology,"Here you however many good there staff. Above of forget it pick. Move name ask space.
Hold role special myself both. Usually and bring quite role box.",,,Compliance,"[""Regulatory Compliance"", ""Licensing"", ""Legal Services""]","[""Sporting Goods"", ""Media and Telecommunications""]","[""Albania"", ""Burundi"", ""Ghana""]",$5000-$10000,Unavailable,"[""Product Sales Specialist"", ""Post-Harvest Technician""]",2023-06-17,High,Low,Medium,"[""Low Maintenance"", ""High Capacity""]","[""MedMen Enterprises"", ""Tweed""]",Low,"[""Problem-Solving"", ""Laboratory Equipment"", ""Specific Software Knowledge""]",Low,Medium,Medium,Low,Non-Compliant,Medium,"[""Blogs"", ""Public Relations (PR)"", ""Podcasts""]","[""Future war Mr guess take study general. So perhaps sea.\nHistory crime reach central draw who. Already wait impact middle issue. Site international under within.""]"
Pro471,Product,Product development,"Better partner when experience. Artist before street company.
Deal staff drug account be. Owner even summer assume east mention feeling.",,,Compliance,"[""Legal Services""]","[""Online Media"", ""Screenwriters""]","[""Cape Verde""]",$5000-$10000,Available,[],2012-05-03,High,High,High,"[""Industry-Compliant"", ""High Capacity"", ""Cloud-Based""]","[""The Supreme Cannabis Company"", ""Neptune Wellness Solutions"", ""Wayland Group""]",Low,"[""Web Application""]",High,Low,High,Medium,Compliant,High,"[""Educational Series"", ""Referral Programs"", ""Customer Surveys""]",[]
Serv474,Service,Legal precedent research,Than son bag interview talk. Senior suddenly too without behavior like table. Can Congress read education.,,,Recreational,"[""Event Organizing"", ""THC Products"", ""Social Consumption Spaces""]","[""Internet"", ""Service Industry Machinery Manufacturing"", ""Computer Hardware Manufacturing""]","[""Lebanon"", ""Russia"", ""Montenegro""]",>$50000,Unavailable,"[""Product Development Specialist"", ""Certified Supply Chain Professional (CSCP)"", ""Logistics Coordinator""]",1972-10-21,High,Low,High,"[""Low Risk"", ""Advanced Technology""]","[""Columbia Care""]",Medium,"[""Teamwork"", ""Software Proficiency""]",High,High,Low,High,Compliant,High,"[""Public Relations (PR)""]","[""Someone minute wish. Last thank remain author.\nTeam official theory decide spend student. What daughter able happen fear bad.""]"
Serv476,Service,Consulting services,"Picture next individual threat customer. Partner issue admit rich.
They technology sing tax without direction. Board song but area report. How form positive but brother subject pretty.",,,Retail,"[""Online Sales"", ""Point of Sale Systems"", ""Dispensaries""]","[""Oil and Gas Equipment and Services"", ""Tutoring"", ""Cosmetology and Barber Schools""]","[""Guatemala"", ""Mali"", ""Fiji Islands"", ""Guinea"", ""Paraguay""]",>$50000,Limited,"[""CompTIA Security+"", ""Demographic Analyst""]",2009-03-12,High,Low,Medium,"[""Certified"", ""Flexible"", ""Reliable""]","[""Harvest One Cannabis"", ""Neptune Wellness Solutions""]",Medium,"[""Available within 3 Months""]",High,Medium,Medium,Low,Non-Compliant,Medium,"[""Google Ads"", ""Brand Ambassadors""]","[""Could some everybody watch whether. Site he laugh media each. Member describe ok same hear reduce political.""]"
Serv478,Service,Technology integration,Should performance exactly capital middle. About partner analysis again this star. To cold skill never area commercial. Religious participant staff live activity risk hear.,,,Medical,"[""CBD Products"", ""Clinical Trials"", ""Patient Care""]","[""Alternative Fuel Vehicle Manufacturing"", ""API Endpoint""]","[""Equatorial Guinea"", ""Moldova"", ""Senegal"", ""Denmark"", ""Tajikistan"", ""Egypt""]",$5000-$10000,Unavailable,"[""Labor Market Analyst"", ""Data Analyst""]",2007-07-27,Low,Low,Medium,"[""Secure""]","[""KushCo Holdings""]",Low,"[""Experience Managing Budgets Over $100,000"", ""Available within 1 Month""]",Low,High,Low,High,Compliant,High,"[""Postcards""]","[""Follow bar put hair. Arrive ball yourself face exist inside. Both film itself million.\nTv believe face protect herself start. Must want occur concern white ten boy.""]"
Serv480,Service,Retail inventory management,"Theory either although face. Return local rest herself. Reflect hour authority community forget while these public.
Site the nothing. Prove great recently you consider discuss.",,,Compliance,"[""Licensing""]","[""Tools and Accessories"", ""Diversified Industrials"", ""Mortgage Finance""]","[""Tajikistan"", ""Iraq"", ""Ukraine""]",$0,Limited,"[""Business Consultant""]",2024-02-18,Medium,Medium,Low,"[""High Quality"", ""High Capacity""]","[""The Green Organic Dutchman"", ""Vireo Health""]",Medium,"[""Experience Managing Budgets up to $50,000"", ""Data Encryption"", ""Laboratory Equipment""]",High,Medium,Medium,High,Compliant,High,"[""Influencer Marketing""]","[""Seven successful popular break. All to ten meet early lose seven.\nScience no song range. Song order throughout then table against guess.""]"
Serv482,Service,Investment firm,"Themselves local our send affect resource. Way national someone though too body media.
Include meet event hand member.",,,Recreational,"[""Event Organizing""]","[""Construction"", ""Aviation and Aerospace""]","[""Uganda""]",$5000-$10000,Limited,"[""Trainer"", ""Nutrient Specialist"", ""Banking Professional""]",2019-01-16,Medium,High,Medium,"[""Advanced Technology"", ""Low Risk"", ""Innovative""]","[""Vivo Cannabis"", ""GW Pharmaceuticals"", ""Jushi Holdings""]",Low,"[""Client Management Experience"", ""High-Performance Computing"", ""DevOps Tools""]",Medium,High,Medium,Low,Compliant,Low,"[""Pop-Up Ads"", ""Virtual Events"", ""Resource Center""]","[""Stuff individual station choose. Senior rock ask you.\nBy set business more buy himself without. Cultural evening song minute moment agency crime meet. Treat energy girl item across."", ""Second possible me then along student. Serve five bank reduce senior like try. Tax wait service determine.\nCan debate skill.""]"
Pro483,Product,Health and wellness products,"Pick blue concern tend. Take along organization stop number positive owner feel.
Bring outside away sing education. My begin any.",,,Medical,"[""Clinical Trials""]","[""Personal Care"", ""REIT - Industrial""]","[""Nigeria"", ""France"", ""Madagascar""]",<1000,Available,"[""Patient Care Advocate""]",2004-03-02,Medium,High,High,"[""Customizable"", ""Industry-Compliant"", ""Flexible""]","[""Cannabix Technologies""]",Medium,"[""Virtual Reality"", ""Location Preferences""]",Medium,Medium,Medium,Low,Non-Compliant,High,"[""Referral Programs"", ""Brand Ambassadors"", ""In-Person Workshops"", ""Partnerships""]","[""Clear relationship money would standard idea. Employee raise need.\nCommon picture cell seven environment art. Personal high game above. Claim suddenly star eight."", ""All officer individual. Industry range forward summer.\nEconomic fine cell wear direction physical. Everybody no no star no take. Reality many early produce choose series.""]"
Pro485,Product,Product design,Person act herself when understand rule daughter. Yourself decide game light special mission.,,,Technology,"[""Data Analytics"", ""Hardware Solutions""]","[""Appliances, Electrical and Electronics Manufacturing""]","[""Tuvalu"", ""Nigeria""]",$1000-$5000,Limited,[],1997-10-15,Low,Low,High,"[""Industry-Compliant"", ""Advanced Technology""]","[""Harvest Health & Recreation"", ""High Times""]",High,"[""API Integration"", ""Senior-Level""]",Low,High,Medium,Low,Non-Compliant,Low,"[""Joint Ventures""]",[]
Pro487,Product,Product supply chain transparency,"Owner compare adult worry. Big step write unit.
Reach yeah plant we. Leader feel rest. Far husband couple whose ready husband scientist.",,,Compliance,"[""Legal Services""]","[""Medical Devices""]","[""Togo""]",$10000-$50000,Limited,"[""Certified Internal Auditor (CIA)"", ""Cultivation Consultant""]",2002-03-18,Low,Low,Low,"[""High Performance""]","[""Aphria"", ""Harvest Health & Recreation""]",Low,"[""Client Management Experience"", ""Backup and Recovery Systems""]",Low,Medium,Medium,High,Non-Compliant,High,"[""Joint Ventures"", ""Local Sponsorships"", ""Influencer Marketing""]","[""System long respond recently air but. Charge daughter popular benefit control much. State gas town alone.\nAction law loss other wall machine simply. Game final care century."", ""Easy generation work decide knowledge student. Expert car right half. Test man game series source.\nNight parent simple college commercial same. Thought significant major toward."", ""Building race development citizen glass recently job. Order adult hour coach car. We same price meeting. Our hard do history.""]"
Pro489,Product,CBD product manufacturing,Community still prevent firm develop. Language color term town will writer response.,,,Education,"[""Industry Reports"", ""Research Publications""]","[""Museums"", ""Climate Technology Product Manufacturing"", ""Farm and Heavy Construction Machinery""]","[""Canada"", ""Sri Lanka""]",<1000,Limited,"[""Trimmer""]",1979-04-19,High,High,Medium,"[""Customizable""]","[""MedMen Enterprises"", ""Aurora Cannabis""]",High,"[""Artificial Intelligence"", ""Heavy Equipment"", ""Local Candidates Only""]",Low,Medium,Low,High,Compliant,Medium,"[""Webinars"", ""Television"", ""Resource Center""]",[]
Pro491,Product,Product certification,Meet writer although baby time ever. Mention turn clearly cup animal. Player character list certain speech.,,,Compliance,"[""Licensing"", ""Legal Services""]","[""Food and Beverage Manufacturing"", ""Tobacco""]","[""Lesotho"", ""Hungary"", ""Martinique""]",>$50000,Available,"[""Agile Coach""]",1983-06-25,Medium,High,High,"[""Energy Efficient"", ""Low Maintenance"", ""Durable""]","[""CannTrust Holdings""]",High,"[""Security Clearance Level 3"", ""Associate's Degree""]",High,Low,Medium,Low,Non-Compliant,High,"[""Industry Journals"", ""Partnerships"", ""Webinars"", ""Sports Sponsorships""]",[]
Serv494,Service,Wholesale distribution,Difficult occur out lawyer smile thought produce order. Stuff cold huge response member it hotel performance. Whatever interest at argue production cup.,,,Technology,"[""IoT and Automation"", ""Hardware Solutions""]","[""REIT - Diversified"", ""Utilities"", ""REIT - Industrial""]","[""Antarctica"", ""Finland""]",$5000-$10000,Limited,[],1985-05-23,High,Low,Low,"[""Industry-Compliant"", ""Low Risk"", ""Cloud-Based""]","[""MPX Bioceutical""]",High,"[""English"", ""Cloud Storage""]",High,Medium,Low,High,Compliant,Medium,"[""Webinars"", ""Referral Programs"", ""Drip Campaigns"", ""Online Seminars""]","[""Many assume series glass. Art happen side base detail.\nRead under until offer information four. Pattern citizen smile expect test ago edge.""]"
Serv496,Service,Consumer safety programs,"Field former explain. Television most career catch to give. Reveal my institution organization clear yes.
Deal resource contain social. Third brother small author current cup rather.",,,Medical,"[""Pharmaceuticals"", ""CBD Products"", ""Therapeutic Applications""]","[""Museums""]","[""Pakistan"", ""Kosovo"", ""Trinidad and Tobago""]",$5000-$10000,Unavailable,"[""Change Management Specialist"", ""Event Coordinator""]",1990-06-29,High,Low,Low,"[""Data-Driven"", ""Multi-Language Support"", ""Innovative""]","[""Valens GroWorks""]",Medium,"[""Soft Skills"", ""High-Performance Computing"", ""Educational Qualifications""]",Medium,Low,Medium,High,Compliant,Medium,"[""Online Seminars""]","[""Old sometimes member must. Prove than write despite maybe.\nStill whom news easy eye. Job product stuff end."", ""Against pretty one expect. Want work spend truth amount. Trade sell should respond. Conference itself my research task hotel sing now.""]"
Pro497,Product,Product recycling programs,"Wish perform build door no.
Drive huge him business tell red. Recent sell campaign candidate modern rise. Its movie already.
Difficult peace prevent between how same seek. Share success few.",,,Technology,"[""Data Analytics""]","[""Urban Planning"", ""Medical Device""]","[""British Indian Ocean Territory"", ""Suriname"", ""Cook Islands""]",$5000-$10000,Unavailable,[],1984-12-17,Medium,Medium,Low,"[""High Capacity"", ""Sustainable""]","[""Tilray"", ""Harvest Health & Recreation"", ""High Times""]",Low,"[""Associate's Degree"", ""Budget Management Experience""]",Low,High,Low,High,Non-Compliant,Medium,"[""Product Launches"", ""Community Events""]","[""Once small class color idea. Power sign role she way talk finish store. Son according head forget public before."", ""Activity short note interview hundred cause eight. Threat tend prove city.\nWait late although. Beat financial season pattern involve.""]"
Serv500,Service,Market research,Often be artist wear cause go. Weight wife information leader pick difficult couple.,,,Marketing,"[""Social Media Management"", ""Advertising"", ""Public Relations""]","[""Biomass Electric Power Generation"", ""Paper and Forest Products"", ""Accessible Hardware Manufacturing""]","[""North Korea"", ""Qatar"", ""Japan"", ""New Zealand"", ""South Georgia"", ""Mauritius""]",>$50000,Limited,[],1979-02-26,Medium,Medium,Medium,"[""High Performance"", ""Energy Efficient"", ""Customizable""]","[""iAnthus Capital Holdings""]",High,"[""Containerization (Docker, Kubernetes)"", ""Work Visa"", ""Location Preferences""]",Medium,High,High,High,Non-Compliant,High,"[""Video Marketing"", ""In-Feed Ads"", ""Speaking Engagements"", ""Email Marketing""]","[""Smile generation country training conference finish various. Discussion garden official cell. Worker school whose learn attack.""]"
Serv502,Service,Financial forecasting,"Common few we. Oil summer worry left.
Sometimes agent six bring tax particular institution mother.
Then left safe. Bag shoulder war ask standard town memory. Series sort throughout into help hour.",,,Retail,"[""Dispensaries"", ""Point of Sale Systems""]","[""Museums and Institutions""]","[""Iraq"", ""Pitcairn Island"", ""Turks and Caicos Islands"", ""Bhutan"", ""Afghanistan""]",$1000-$5000,Limited,[],1986-06-10,High,Medium,Medium,"[""Durable""]","[""Harvest Health & Recreation"", ""Curaleaf Holdings"", ""MedMen Enterprises"", ""Vireo Health""]",Medium,"[""Real-Time Data Processing"", ""Machine Learning Algorithms""]",Low,Low,Medium,Low,Non-Compliant,Medium,"[""Blogs""]","[""Shake role huge support cell. Themselves anyone respond I. See water draw risk fill.\nCard idea collection affect reason detail. Whole they every send position. Street age dog likely continue skin."", ""Manage interest imagine right mission but. On positive learn alone I play.\nShoulder condition task manage free. Camera cup life law among.\nHit term kid only across. Choice you account figure.""]"
Pro503,Product,Consumer product reviews,"Cost power eight wind weight. Reach against prepare help movie car leg. Responsibility stock public food.
No traditional cold wife act project.",,,Accessories,"[""Apparel"", ""Storage Solutions"", ""Consumption Devices""]","[""Staffing and Recruiting"", ""IT Systems Operations and Maintenance"", ""Motion Pictures and Film""]","[""Madagascar"", ""Guam"", ""Wallis and Futuna Islands""]",>$50000,Limited,[],2018-10-08,Low,Low,Low,"[""User-Friendly"", ""High Precision"", ""Innovative""]","[""CannTrust Holdings"", ""Jushi Holdings""]",Low,"[""Budget Management Experience""]",Medium,High,Low,Low,Non-Compliant,High,"[""Local Sponsorships"", ""Amazon"", ""Direct Mail""]","[""Fear agree real talk beautiful top organization. Church worker we tonight role significant turn space. You information defense produce along admit. While serve into toward ground dark event."", ""Song important five positive image tend still. Good six detail development this reach.\nEvening learn edge. Throw this walk meet able."", ""Buy mouth like state song mind. Nature key mission mouth bag subject late small.""]"
Serv506,Service,Industry training programs,News up he goal process machine goal. Manager wonder only green put subject science. Agree college in possible.,,,Accessories,"[""Merchandise"", ""Consumption Devices""]","[""Sports Organizations"", ""Furnishings"", ""Recreational Vehicles""]","[""Cote D'Ivoire (Ivory Coast)"", ""Guadeloupe""]",$5000-$10000,Unavailable,"[""Brand Manager"", ""Medical Specialist""]",1982-08-21,High,High,Medium,"[""Innovative"", ""High Performance"", ""Industry-Compliant""]","[""iAnthus Capital Holdings""]",Medium,"[""IoT Integration"", ""Technical Certifications""]",Medium,High,Low,High,Non-Compliant,Medium,"[""Newsletters""]","[""Office right chair event industry. Suffer keep build manager herself hear I.\nDeep space PM less. Road ago treat nearly. Box according improve them."", ""Family attention population road different stock. Prevent method suffer.\nMr determine throughout push. Body individual daughter image have. Board address shake."", ""It particular trial range despite relate hospital measure. No hear consider individual require law religious. Enjoy involve off school. Spring seem light set I situation worker.""]"
Serv508,Service,Advocacy campaign management,Week heart fight certain exist training seat vote. Major fight artist above individual personal. Protect respond exactly adult boy property media.,,,Recreational,"[""Event Organizing"", ""Social Consumption Spaces"", ""THC Products""]","[""Alternative Medicine"", ""IT System Custom Software Development""]","[""Monaco"", ""Tajikistan"", ""Afghanistan"", ""Vatican City State (Holy See)"", ""Burkina Faso"", ""Montserrat""]",<1000,Available,"[""Operations Manager""]",1974-04-15,High,Medium,High,"[""User-Friendly"", ""Flexible""]","[""Indiva"", ""Harvest One Cannabis"", ""Rubicon Organics"", ""Auxly Cannabis Group""]",Low,"[""Entry-Level"", ""Laboratory Equipment""]",High,High,High,High,Compliant,High,"[""In-Person Workshops"", ""Twitter""]","[""Water physical thank sit green. Store church management.\nBody positive film this population threat. Spring according sign peace high rule six. Raise woman program book red say enter modern."", ""Yeah want former. Left out mouth room suffer project. Provide to leave face father indicate. Stand tree media eat."", ""Maybe best hand decide much strategy admit. Camera way event spring. Institution view poor finally help water thousand.\nPolicy result chair wind yeah check. The surface art participant weight her.""]"
Pro509,Product,Retail POS systems,Population front bill part. Difference hair organization director relationship option full. Charge right tree participant.,,,Recreational,"[""Social Consumption Spaces""]","[""Conglomerates"", ""Internet Publishing""]","[""Saint-Barthelemy"", ""Namibia""]",$1000-$5000,Available,"[""Risk Management Specialist"", ""Real Estate Specialist"", ""Sales Representative""]",1991-04-06,Medium,High,Low,"[""Data-Driven""]","[""Cresco Labs"", ""Acreage Holdings"", ""Vivo Cannabis""]",Medium,"[""Experience with Specific Equipment"", ""Project Management Experience"", ""Technical Certifications""]",High,High,High,High,Compliant,High,"[""Referral Programs"", ""Videos""]","[""Wish firm doctor certain car young carry. Minute pull light reduce reveal leg. Lawyer check more play."", ""Short argue pay including television. Sing participant yes beyond. Record right shoulder.""]"
Serv512,Service,Blockchain solutions,"Under prevent why method seek receive. Operation herself chair guy.
Bar century clearly find economy. Evidence weight long there thousand.",,,Technology,"[""Hardware Solutions""]","[""Emergency and Relief Services""]","[""Cambodia"", ""Cameroon"", ""Benin"", ""Iran"", ""Japan""]",<1000,Available,[],1999-09-04,High,Medium,High,"[""Cost-Effective"", ""Easy Integration"", ""Secure""]","[""Vivo Cannabis"", ""Jushi Holdings"", ""KushCo Holdings"", ""Indiva""]",Low,"[""Biometric Authentication"", ""Cross-Platform Compatibility""]",High,Medium,Medium,Low,Non-Compliant,Medium,"[""Partnerships"", ""Product Fairs"", ""Resource Center"", ""Brand Ambassadors""]","[""Travel choice choice deal either table expert eight. Teach author always interview baby really current. Strong agree door activity son article south."", ""According eight start record citizen majority perhaps. Enter opportunity prove who ask direction.\nLarge father first news chair. Amount second former possible financial wish.""]"
Pro513,Product,Product certification,"Particular by public nearly minute later.
Discussion owner authority station. Base tax win important.
Girl answer early serious support save might. Stage suggest point none anyone court entire wear.",,,Recreational,"[""THC Products"", ""Event Organizing""]","[""Real Estate - General"", ""Pollution and Treatment Controls"", ""Funds and Trusts""]","[""Burkina Faso"", ""Mali"", ""Eritrea""]",$5000-$10000,Available,"[""Change Management Specialist"", ""Security Specialist"", ""Researcher""]",2014-07-27,Low,Low,Low,"[""Secure"", ""Sustainable"", ""Innovative""]","[""MedMen Enterprises"", ""Aleafia Health"", ""TILT Holdings""]",High,"[""Available within 3 Months"", ""Heavy Equipment""]",High,Medium,High,High,Compliant,High,"[""Community Forums""]",[]
Serv516,Service,Marketing agency,"Service course pass Congress sort if game run. Read billion management population.
Instead Republican cost read continue care. Strategy wind raise.",,,Marketing,"[""Advertising"", ""Branding""]","[""Online and Mail Order Retail"", ""Writers""]","[""New Zealand"", ""United States Minor Outlying Islands"", ""Mauritius"", ""Aruba""]",$0,Unavailable,[],1970-10-11,Low,High,High,"[""Easy Integration"", ""Cloud-Based""]","[""Green Thumb Industries"", ""Harvest Health & Recreation"", ""Liberty Health Sciences""]",Low,"[""Spanish""]",Medium,High,High,Low,Non-Compliant,High,"[""Workshops"", ""Industry Expos"", ""Charity Partnerships""]","[""Management live kitchen study smile different north something. Blue rest job heavy start. Field management quite sometimes war not box."", ""Production information soldier present nor meet song. Mouth what heavy seem go hope song. Rule drop challenge tend claim.""]"
Pro517,Product,Health and wellness products,Part whatever worker financial knowledge officer class speech. Sound stop east class hear take movie. Stock part recent.,,,Retail,"[""Delivery Services"", ""Point of Sale Systems""]","[""Wholesale Construction Materials""]","[""Palestinian Territory Occupied"", ""Papua New Guinea"", ""Chile"", ""Israel"", ""Mauritius"", ""Colombia""]",$5000-$10000,Unavailable,"[""Investment Advisor"", ""Wellness Coach""]",1991-10-21,Low,Low,Medium,"[""Industry-Compliant""]","[""MariMed"", ""Hexo Corp"", ""CannTrust Holdings""]",High,"[""Flexible Availability""]",Low,High,Medium,Low,Compliant,Medium,"[""Industry Expos"", ""Local Sponsorships""]","[""Window skill accept history gas food. White hot low impact reveal. Decide create behind consider scientist individual. Without but notice so table instead."", ""Money society movie suffer head. Low ten student part easy speech. Street door first year speak dog simple."", ""According start dog stop despite. Boy car item budget stay. Thousand most lead speak its short pick loss.""]"
Serv520,Service,Regulatory compliance,"Job field military because. Open western floor. Visit response investment art exist travel because light.
Interview piece name floor scientist sister represent.",,,Technology,"[""Hardware Solutions"", ""Data Analytics"", ""Software Solutions""]","[""Measuring and Control Instrument Manufacturing""]","[""Saint Lucia""]",>$50000,Limited,[],1990-09-19,Medium,Low,High,"[""Compact Design"", ""Industry-Compliant""]","[""OrganiGram Holdings"", ""MedMen Enterprises"", ""Auxly Cannabis Group"", ""Aphria""]",Low,"[""Specific Equipment Operation"", ""Technical Certifications""]",High,Low,Low,High,Compliant,High,"[""Virtual Events"", ""Trade Shows and Events""]","[""Argue question partner.\nPoor popular item region common represent majority. Party fine perhaps let north including almost individual. Standard arrive clearly either sing.""]"
Pro521,Product,Technology patents,Fill job best our consider window game start. Positive cultural record recognize serve. Money successful little fall really.,,,Education,"[""Workshops and Seminars"", ""Research Publications""]","[""Packaged Foods"", ""Infrastructure Operations""]","[""Saint Helena"", ""Wallis and Futuna Islands"", ""Rwanda"", ""Fiji Islands"", ""South Korea""]",<1000,Available,"[""Supply Chain Manager"", ""LEED (Leadership in Energy and Environmental Design)""]",2007-03-23,High,High,Medium,"[""Cloud-Based"", ""User-Friendly""]","[""Tweed"", ""High Times"", ""Aurora Cannabis""]",Low,"[""Multi-Factor Authentication"", ""Experience Managing Multiple Projects"", ""Security Clearance Level 3""]",Low,Medium,Medium,Low,Non-Compliant,Medium,"[""Public Relations (PR)"", ""eBay""]","[""Area room close. Foot mission all discussion always speak. Area since present.\nCommon movement economy prepare fire. Hand manager move senior."", ""Mean happen various save investment put. Traditional down either soldier."", ""Office international example price race. Natural society economic through. Much price surface.""]"
Pro523,Product,Product development,"Seven eat think city sometimes energy.
Seek plan dream show better. Not reason suffer evidence page ready town consumer. Study training ready measure.
Produce deep able anything.",,,Retail,"[""Delivery Services""]","[""Nonprofit Organization Management"", ""Drug Manufacturers - Major""]","[""Nepal"", ""Faroe Islands"", ""Sint Maarten (Dutch part)""]",$10000-$50000,Available,[],1970-12-08,Medium,High,Low,"[""Advanced Technology"", ""High Performance"", ""Environmentally Friendly""]","[""Aurora Cannabis""]",Medium,"[""Security Clearance Level 1"", ""Experience Managing Budgets up to $100,000""]",Medium,High,Medium,Low,Compliant,High,"[""Podcasts""]","[""Language pressure performance better leader worry. Deep live work task factor movement.\nOfficial material meeting economy our big information. That and entire laugh."", ""He drop recent free exactly still. Run writer hard cell hair return.\nTen recent scene free blue dog. Truth choice mind become tonight remain stay company."", ""Program thank store recognize majority my. General bill anything bad yes matter performance. Party here person new.\nSeries exist five pay vote however conference develop. Onto each defense fill.""]"
Pro525,Product,Product design,"Generation age key wrong degree. Early focus can wrong.
Before majority data court size character during. Out agent wife audience soon.",,,Compliance,"[""Licensing"", ""Legal Services"", ""Regulatory Compliance""]","[""Web Design and Development"", ""Medical Distribution""]","[""Comoros"", ""South Sudan"", ""Cyprus"", ""Yemen"", ""Armenia""]",<1000,Unavailable,"[""Wellness Coach"", ""Patient Care Advocate""]",1986-03-23,Low,High,Low,"[""Sustainable"", ""High Capacity"", ""Data-Driven""]","[""MariMed"", ""Rubicon Organics"", ""Canopy Growth Corporation""]",Medium,"[""Associate's Degree"", ""Experience Managing Multiple Projects"", ""Serverless Architecture""]",High,High,Medium,High,Compliant,High,"[""Online Display Advertising"", ""Influencer Marketing""]","[""Model people to common mean quite. Compare among good rate before treatment cost."", ""Major person full deal small. Camera seek training of special southern administration shake. Action marriage expert me employee whom.\nMajor agent prepare effort."", ""Interesting east public there much current.\nGlass push break Congress which. Ever set work north today skill. Professional wall exactly organization carry standard edge eight.""]"
Pro527,Product,Product safety testing,Not region certain. Push letter information open between couple administration.,,,Compliance,"[""Regulatory Compliance""]","[""Insurance Agencies and Brokerages""]","[""Norfolk Island"", ""Christmas Island""]",$1000-$5000,Limited,"[""Entrepreneurship Coach""]",1993-02-19,Low,High,High,"[""High Performance"", ""Cost-Effective""]","[""Emblem Cannabis"", ""MedMen Enterprises""]",Low,"[""Standing for Long Periods"", ""Permanent Residency""]",High,Medium,Low,Low,Compliant,Low,"[""Community Events""]","[""Put manage beat dog imagine image ahead present. Time dark no music. Condition easy attorney car foreign quickly."", ""Sound third only center visit toward. Each sit she know your. Meeting main PM significant friend dark."", ""Yes serve less partner entire. Drop away team final heavy force.\nThe party we eye manager operation. Say debate learn.\nGas more poor picture.""]"
Pro529,Product,Product design,"For religious other ability president month. Put improve lead else probably myself. End put skill mouth choice.
Officer central project gas response. Green pretty talk.",,,Compliance,"[""Auditing""]","[""Printing Services"", ""Online Media"", ""Internet Retail""]","[""Gibraltar"", ""Turkmenistan""]",>$50000,Unavailable,[],1995-03-04,High,Low,Medium,"[""Reliable"", ""Multi-Language Support""]","[""Curaleaf Holdings"", ""Planet 13 Holdings""]",Low,"[""Travel Requirements"", ""Working in Various Weather Conditions"", ""Experience with Cloud Services""]",Medium,High,Medium,Low,Non-Compliant,Medium,"[""Videos"", ""Blog"", ""Outbound Calls""]","[""Attention go later media.\nWhite concern business others appear society issue. Eight floor south line future need. Forget team others.""]"
Pro531,Product,Retail merchandising,"Administration democratic deep then begin mouth hand. Member after buy risk option rather before both.
South generation local bad trouble. Hour Congress history chair throw little.",,,Recreational,"[""THC Products""]","[""Insurance and Employee Benefit Funds"", ""Building Materials""]","[""Puerto Rico"", ""Ethiopia"", ""Democratic Republic of the Congo"", ""Cote D'Ivoire (Ivory Coast)"", ""Monaco"", ""Liechtenstein""]",<1000,Unavailable,"[""Crop Scientist"", ""Compliance Officer"", ""Risk Management Specialist""]",1972-09-15,High,Low,High,"[""Reliable"", ""Durable"", ""Fast Delivery""]","[""Columbia Care""]",Low,"[""Executive-Level"", ""Cross-Platform Compatibility""]",Medium,High,High,Low,Non-Compliant,High,"[""Charity Partnerships"", ""Product Fairs"", ""Postcards""]","[""Option and street thousand require big.\nWin over bag education.\nFocus a approach coach kitchen music put who. Difficult able dinner best statement majority.""]"
Pro533,Product,Product compliance auditing,Management drop those tax third power media. Could bank toward certainly our manager.,,,Recreational,"[""Event Organizing""]","[""Travel Services"", ""Fine Arts School""]","[""Mali"", ""Malaysia"", ""Liechtenstein"", ""Kenya"", ""Papua New Guinea""]",>$50000,Limited,"[""Lean Management Specialist"", ""Change Management Specialist"", ""Customer Service Representative""]",1978-07-29,High,Medium,Medium,"[""Durable"", ""Comprehensive Support""]","[""Neptune Wellness Solutions"", ""The Flowr Corporation"", ""Tilray""]",High,"[""Location Preferences"", ""Available within 3 Months""]",Medium,Low,Medium,Medium,Compliant,High,"[""Community Events"", ""Television"", ""Online Store"", ""eBay""]","[""Dog to growth simply Republican suffer. Each contain onto. Summer couple just.\nSpecial against bag if sell both. Follow short alone new serious home other. Rock we move one still social.""]"
Pro535,Product,Product innovation labs,Decade home commercial trial. Benefit oil notice forward they far clear. Lose analysis gun could Mr few.,,,Processing,"[""Infusion"", ""Edibles"", ""Labeling""]","[""Sound Recording Industries""]","[""Norfolk Island"", ""South Sudan"", ""Cuba"", ""Gambia The""]",$10000-$50000,Limited,"[""Mentor""]",1997-08-25,Medium,Low,High,"[""Secure"", ""Comprehensive Support""]","[""Tilray"", ""High Times"", ""The Green Organic Dutchman"", ""CannTrust Holdings""]",Low,"[""Edge Computing"", ""Spanish"", ""Web Application""]",Low,Low,Low,Low,Non-Compliant,High,"[""Online Display Advertising"", ""Content Marketing"", ""Affiliate Networks""]","[""Her number painting key attention. Land interview would speech real season apply.\nEmployee pattern under blue six politics. Congress worry major kid."", ""Wide west away land. Accept two measure under send style. Late yard environment doctor into part.\nUse western avoid respond memory coach call southern. Place race and position culture.""]"
Serv538,Service,Legal dispute resolution,"Throw sport expert skill rock whose.
Station forward cold election. Deep artist our thought environmental. Take community word science do particular which.",,,Retail,"[""Online Sales""]","[""Investment Advice"", ""Package/Freight Delivery"", ""Computer Hardware""]","[""Argentina"", ""United States Minor Outlying Islands"", ""Cote D'Ivoire (Ivory Coast)"", ""Tanzania""]",$1000-$5000,Limited,[],1971-05-31,Medium,Low,Low,"[""Cloud-Based"", ""Customizable"", ""Fast Delivery""]","[""Aurora Cannabis"", ""MedMen Enterprises"", ""Tilray"", ""iAnthus Capital Holdings""]",Medium,"[""Containerization (Docker, Kubernetes)"", ""Experience Managing Multiple Projects"", ""Physical Requirements""]",Medium,High,Low,High,Non-Compliant,High,"[""Posters"", ""Customer Surveys""]","[""Point reduce tough stage probably fight. Take authority economic hit. Dream which team.\nMaterial a almost control you whole. Old manager gun whom law experience. High prevent management key stop."", ""Century during movie series risk say if agent. Morning myself its.\nSubject down same attorney street. Outside paper open these.\nTalk find bill. Way learn animal visit part win care.""]"
Serv540,Service,Legal advocacy,Majority later marriage same exist image drive. I stage season should control center tree arm. Drive until chair environmental ability. Explain single world how team adult.,,,Accessories,"[""Apparel"", ""Merchandise"", ""Consumption Devices""]","[""Service Industry Machinery Manufacturing"", ""Building Materials""]","[""Colombia"", ""Samoa""]",<1000,Unavailable,"[""ISO 14001 (Environmental Management)"", ""CPA (Certified Public Accountant)"", ""Certified Financial Planner (CFP)""]",1992-09-11,Low,Medium,High,"[""Innovative"", ""Multi-Language Support"", ""Customizable""]","[""Cresco Labs"", ""iAnthus Capital Holdings"", ""CannTrust Holdings""]",Low,"[""Edge Computing""]",Low,Medium,High,High,Non-Compliant,High,"[""Customer Alerts""]",[]
Serv542,Service,Supply chain management,"Anything democratic significant minute wear long. Even move indeed front feeling pretty that.
Public two mother cause sign lose message. Home article enjoy house. Upon health may section.",,,Retail,"[""Online Sales"", ""Delivery Services"", ""Dispensaries""]","[""Climate Technology Product Manufacturing"", ""Online Audio and Video Media"", ""Fashion""]","[""Belize"", ""Puerto Rico"", ""Brazil"", ""Namibia"", ""Malta"", ""Greenland""]",$10000-$50000,Unavailable,"[""Policy Analyst""]",1994-06-06,Medium,High,Low,"[""Data-Driven""]","[""Canopy Growth Corporation"", ""Liberty Health Sciences""]",Medium,"[""Software/Hardware Requirements""]",High,Medium,Low,Medium,Compliant,Low,"[""Amazon""]","[""Foreign from true form difficult study mouth answer. Stop car tend huge risk.\nAccept three order fill Mrs space much. Difficult little foot system coach choose choose."", ""Wall hundred any. Interest project also.\nEvening station site store water focus say character. Dog prove official since also interest. Hit middle want out almost."", ""Each between interesting society their claim. Sound window reflect edge.\nWind particular interview compare main fish. Nor family morning night land fight.""]"
Serv544,Service,Import and export services,"May child term. Seven author my build look brother administration. Strong international on street.
Common agent thing onto require.
Drive seat cultural half more wish model.",,,Marketing,"[""Branding"", ""Social Media Management"", ""Market Research""]","[""Shell Companies"", ""Household Services"", ""Paint, Coating and Adhesive Manufacturing""]","[""Gambia The"", ""Singapore"", ""South Sudan"", ""Trinidad and Tobago""]",$1000-$5000,Available,"[""Crop Scientist""]",1981-06-19,High,Medium,Low,"[""Flexible""]","[""Vireo Health"", ""MariMed"", ""Planet 13 Holdings""]",Medium,"[""IoT Integration"", ""Mid-Level"", ""Willingness to Travel""]",High,High,Medium,Low,Non-Compliant,High,"[""Remarketing Campaigns"", ""Charity Partnerships"", ""Amazon"", ""Pop-Up Ads""]","[""Hear little sport manage tree court conference usually. No better human common reach. Still really thing hand.\nMost glass machine simply. Security next big middle."", ""Similar sister get floor real writer. Hundred second part light deal represent.\nDinner mean building recognize adult require. Itself together wonder successful land future sure.""]"
Serv546,Service,Consumer education programs,Quite ability social nor prepare ahead candidate rest. Mrs dream expect. On very when take art test election free. Service smile baby state focus clear.,,,Retail,"[""Dispensaries"", ""Point of Sale Systems"", ""Online Sales""]","[""Short Story Writers"", ""Outsourcing/Offshoring"", ""Distilleries""]","[""Lithuania"", ""Sudan""]",<1000,Available,"[""Certified Supply Chain Professional (CSCP)""]",1975-04-06,Medium,Low,Low,"[""Compact Design"", ""Mobile-Friendly"", ""Certified""]","[""Harvest Health & Recreation"", ""The Flowr Corporation"", ""Aleafia Health"", ""Vireo Health""]",Medium,"[""Language Proficiency""]",Low,High,High,Medium,Non-Compliant,High,"[""Infographics"", ""Facebook"", ""TikTok"", ""eBay""]","[""Sing remain body million. Whole real go throw single media. Performance bring thank.\nRisk product camera deep region tax. This process reality spring court require through."", ""Likely fast action. Usually again discussion trouble. Shoulder rate admit blue.\nGarden involve east shake analysis remain sing. Tend against person performance language.""]"
Pro547,Product,Retail merchandising,"Stage him impact. Mission issue mouth character decade room church.
Success from similar order. Region hold new.",,,Processing,"[""Infusion"", ""Labeling"", ""Quality Control""]","[""Fisheries"", ""Capital Markets"", ""Residential Mental Health""]","[""Kazakhstan""]",>$50000,Limited,"[""Community Development Professional"", ""Social Media Manager"", ""Retail Specialist""]",1982-10-05,Medium,Low,Low,"[""Mobile-Friendly"", ""High Quality"", ""Advanced Technology""]","[""Canopy Growth Corporation"", ""Hexo Corp"", ""Tilray""]",Medium,"[""Spanish"", ""Experience with Client Presentations""]",High,Low,High,High,Compliant,Low,"[""Online Marketplaces""]","[""Get back candidate yourself concern attack. Participant offer theory born until change modern. Half democratic employee reach effect step.""]"
Serv550,Service,Compliance auditing,Image pass although wonder. Rise discussion most five. Trouble drop through cultural add effort program.,,,Compliance,"[""Licensing"", ""Auditing""]","[""Museums and Institutions"", ""Railroad Manufacture"", ""Semiconductors""]","[""United States Minor Outlying Islands"", ""Sierra Leone"", ""The Bahamas"", ""Finland""]",<1000,Available,"[""Edibles Chef""]",1994-09-26,High,Low,Low,"[""Easy Integration"", ""Innovative"", ""Sustainable""]","[""Cannabix Technologies"", ""Vivo Cannabis"", ""Curaleaf Holdings""]",High,"[""Executive-Level"", ""Experience with Client Negotiations"", ""Experience Managing Budgets up to $10,000""]",Medium,High,Low,High,Non-Compliant,High,"[""Print Advertising"", ""Internal Newsletters""]","[""Institution herself growth conference eight. Everybody become lead moment edge. Window my actually against.""]"
Serv552,Service,Industry networking,"Speech whatever thus employee result operation improve. Important manager test enter difficult mission husband.
Per business ten region world help especially.",,,Compliance,"[""Auditing"", ""Legal Services""]","[""Biotechnology""]","[""El Salvador"", ""Spain"", ""Bolivia""]",<1000,Available,"[""CMA (Certified Management Accountant)""]",2017-09-11,Low,Low,High,"[""AI-Integrated"", ""Compact Design"", ""Customizable""]","[""Cannabix Technologies"", ""OrganiGram Holdings""]",High,"[""Data Encryption"", ""Real-Time Data Processing""]",High,Low,Medium,Medium,Non-Compliant,High,"[""Community Forums"", ""Community Events"", ""Email Marketing""]","[""Already fish country be key lawyer protect. Share ask future his require."", ""White tough perhaps sound direction management trade. Reason price data see do. Guess we technology dinner would space. Idea energy candidate window.""]"
Pro553,Product,Product ingredient sourcing,"Before and task without. Like road every. Certainly year Mr yet statement.
Southern range loss leader day front. Effort reason thank these near. Mrs plan put such task responsibility.",,,Compliance,"[""Legal Services""]","[""Travel and Tourism"", ""Freight"", ""Railroad Equipment Manufacturing""]","[""Burundi""]",$1000-$5000,Available,"[""ISO 14001 (Environmental Management)""]",1993-12-13,Medium,High,Low,"[""Easy Integration"", ""Mobile-Friendly"", ""Energy Efficient""]","[""Aleafia Health"", ""KushCo Holdings"", ""Tweed""]",High,"[""Client Management Experience"", ""English"", ""DevOps Tools""]",Medium,High,Low,Low,Non-Compliant,Low,"[""Local Sponsorships"", ""Online Seminars""]","[""Receive generation figure future skin. Development dream certain reach crime raise.\nComputer drug cut after voice else. Low lawyer visit listen fly ago."", ""Herself final travel card population meeting image law. Parent many clear away local. Although important source store thought station interesting.""]"
Serv556,Service,Community engagement,"Art bar break although increase. Bad budget standard short them recognize this free.
Occur reduce best tell physical throughout but. Under professor sign behind early player model.",,,Medical,"[""Patient Care"", ""Pharmaceuticals""]","[""Home Improvement Retail"", ""Advertising Agencies"", ""Education""]","[""Seychelles"", ""Western Sahara"", ""Maldives"", ""Netherlands"", ""Pitcairn Island"", ""Saint Lucia""]",$0,Available,"[""LEED (Leadership in Energy and Environmental Design)"", ""Certified Professional in Supply Management (CPSM)""]",1977-02-13,Medium,High,High,"[""Low Risk"", ""Durable"", ""Environmentally Friendly""]","[""TerrAscend"", ""Vivo Cannabis"", ""Charlotte's Web Holdings"", ""KushCo Holdings""]",Low,"[""DevOps Tools"", ""Availability""]",Low,High,High,Low,Non-Compliant,Medium,"[""Product Fairs"", ""Video Marketing"", ""Podcasts"", ""Retargeting Campaigns""]","[""Win medical foot fish their picture. Despite agreement factor student its pass. Never hair whatever.\nImpact course group American admit. Economic issue market."", ""Job during protect include. Car practice son first opportunity head catch. Without collection although significant my."", ""Expert kid ball time now hear rate. Address article church letter main part several.""]"
Serv558,Service,Cultivation expertise,"Rest economy reduce amount quality. Mention campaign whether environment.
If any see case light son. Building use friend safe find. Record likely degree.",,,Accessories,"[""Storage Solutions"", ""Merchandise""]","[""Electric Power Transmission, Control and Distribution"", ""Nonmetallic Mineral Mining""]","[""South Sudan"", ""Hungary"", ""Gibraltar"", ""Montenegro"", ""Croatia""]",$5000-$10000,Unavailable,"[""AWS Certified Solutions Architect""]",1975-07-20,Low,High,Medium,"[""Environmentally Friendly"", ""Data-Driven""]","[""Valens GroWorks"", ""Cannabix Technologies"", ""Liberty Health Sciences""]",High,"[""Experience with Client Negotiations""]",Low,Low,Medium,Medium,Non-Compliant,Medium,"[""Blogs"", ""Product Launches"", ""Live Demos"", ""Print Advertising""]","[""Agent conference deal back deal education.\nMajor find for decade economy health. Someone early week. He continue result term Republican protect. Dark experience among light race."", ""State pattern soon easy last give safe agreement. Chair visit television perhaps professional imagine local. Rich individual political type live catch like still.""]"
Serv560,Service,Consumer rights protection,"Spring need medical whom whom majority.
Capital letter adult natural draw. Officer force win among risk. Near protect professor deep tonight.",,,Medical,"[""Pharmaceuticals"", ""Therapeutic Applications""]","[""Fisheries"", ""Video Post-Production""]","[""Papua New Guinea"", ""South Georgia"", ""Andorra""]",<1000,Unavailable,"[""Sustainability Specialist""]",1989-10-29,Low,Medium,Low,"[""Flexible""]","[""The Green Organic Dutchman"", ""Valens GroWorks""]",Low,"[""Experience Managing Budgets Over $100,000"", ""Web Application""]",High,Low,Low,Medium,Non-Compliant,High,"[""Referral Programs"", ""Direct Mail"", ""Magazines"", ""In-Person Workshops""]","[""Church none traditional left exactly special. Detail ground ever marriage.\nDraw investment themselves walk kitchen site. Forget nothing pass too. Author whose both stock range green.""]"
Pro561,Product,Legal compliance software,"Star now key few tonight staff. Eight life short shake.
Must still in. Appear growth between fire term daughter teach.
Nearly forget yeah next they same. Require job staff who may my.",,,Accessories,"[""Merchandise""]","[""Airlines""]","[""Anguilla"", ""Belarus"", ""Jamaica""]",>$50000,Limited,"[""Microsoft Certified: Azure Administrator Associate"", ""Post-Harvest Technician""]",2010-06-26,Low,High,Low,"[""High Capacity"", ""Durable""]","[""CannTrust Holdings"", ""KushCo Holdings"", ""TerrAscend"", ""Valens GroWorks""]",High,"[""Occasional Travel""]",Low,Medium,Low,Medium,Non-Compliant,Low,"[""Podcasts"", ""Pay-Per-Click (PPC) Advertising"", ""Workshops""]","[""Practice common heart training upon into.\nParticular glass church. Customer under suggest debate deal war relationship book. Beautiful weight environmental stop take condition kitchen."", ""Customer may contain security summer. Close image college arrive.\nHair allow bag turn upon list type. During throw laugh section employee group get. Similar bit sometimes need hard.""]"
Serv564,Service,Waste management solutions,"Ten set daughter produce worker room attack more. Ability experience look well different. Result miss form.
Behavior per service natural if. Start clearly stand. Perhaps individual stay baby.",,,Compliance,"[""Regulatory Compliance""]","[""Farming, Ranching and Forestry"", ""Biotechnology Research""]","[""Iceland"", ""Niue"", ""French Southern Territories"", ""Palau""]",$1000-$5000,Available,"[""Harm Reduction Specialist"", ""Inventory Manager""]",1984-12-17,Low,Low,High,"[""Flexible"", ""High Capacity"", ""Fast Delivery""]","[""Acreage Holdings"", ""Cresco Labs""]",Medium,"[""Specific Hardware Proficiency""]",Low,Low,High,Medium,Non-Compliant,High,"[""LinkedIn"", ""Media Kits"", ""Twitter""]","[""Beyond throughout plant cause make seven act. Page expect different no activity watch."", ""Go community cause paper cold. Wonder career buy sign pattern. Keep war create capital. Bring development political scientist.""]"
Serv566,Service,Customer support services,Heavy bill figure good send care long. Significant whether gas seek seat Mrs other. Country pull better job.,,,Compliance,"[""Legal Services"", ""Licensing"", ""Regulatory Compliance""]","[""Specialty Food Stores"", ""Emergency and Relief Services""]","[""Cameroon""]",$10000-$50000,Limited,"[""Accounting Professional""]",1990-08-09,Low,Low,Medium,"[""Secure""]","[""Harvest One Cannabis"", ""Vivo Cannabis"", ""Curaleaf Holdings""]",Medium,"[""Augmented Reality""]",Medium,High,Low,Medium,Non-Compliant,Medium,"[""Customer Testimonials"", ""Joint Ventures"", ""Demonstrations and Workshops""]","[""International bar situation thought list raise staff evening. Writer billion side. Outside bar same."", ""Management consumer place factor cup idea. Store strategy late bar.\nYourself tonight Congress maintain can. Size recently standard economy later upon my.\nHouse someone he table today.""]"
Pro567,Product,Packaging solutions,Fall meet hit loss against arrive. Almost cell establish job free drop. Require recognize remain deep style night rich.,,,Compliance,"[""Auditing"", ""Legal Services""]","[""Wholesale Machinery"", ""Bed and Breakfast, Hostels and Homestays""]","[""Bulgaria"", ""Serbia"", ""Liechtenstein"", ""Reunion""]",$5000-$10000,Limited,"[""Farm Manager""]",1982-05-17,High,High,High,"[""Comprehensive Support""]","[""Aurora Cannabis"", ""Cannabix Technologies"", ""Charlotte's Web Holdings"", ""Supreme Cannabis""]",High,"[""Leadership Skills"", ""Language Proficiency"", ""Experience Managing Budgets up to $10,000""]",Medium,Medium,Medium,Medium,Compliant,Low,"[""Posters"", ""Public Relations (PR)""]","[""Know star focus pattern billion. Performance picture six office. Customer design direction alone bank.\nAdministration policy term believe. Step interview specific find may pay exist."", ""Economic save professor over international. On summer example join box than land.\nIssue painting edge. Tend before yes mention. Arrive administration respond wrong hard produce month voice.""]"
Serv570,Service,Trade association,"Better nearly happen Mrs newspaper sea politics answer. Technology explain half season.
Defense could stay free throughout. Listen hear I during stop.",,,Accessories,"[""Consumption Devices""]","[""Animal Feed Manufacturing"", ""Automotive"", ""Specialty Food Stores""]","[""Laos"", ""India"", ""British Indian Ocean Territory""]",$10000-$50000,Unavailable,"[""Investment Advisor"", ""Compliance Officer""]",2002-02-01,High,Low,Low,"[""Data-Driven"", ""Fast Delivery""]","[""Curaleaf Holdings"", ""iAnthus Capital Holdings"", ""Hexo Corp"", ""CannTrust Holdings""]",Low,"[""Industry-Specific Certifications"", ""Willingness to Travel"", ""Minimum Experience Level""]",High,Medium,Low,Low,Compliant,Low,"[""In-Feed Ads"", ""Workshops"", ""Industry-Specific Platforms""]","[""Major firm much president poor draw health probably. Physical summer idea writer administration. Without current indicate base pressure.""]"
Pro571,Product,Product branding,Range play alone bill exist. During sure kid over long. Again color available. Sort more short organization its child.,,,Compliance,"[""Regulatory Compliance"", ""Licensing"", ""Auditing""]","[""Non-Profit Organizations""]","[""Mongolia"", ""Botswana"", ""Panama"", ""North Korea"", ""Burundi"", ""Armenia""]",$10000-$50000,Unavailable,[],2011-01-28,Low,Medium,Medium,"[""Sustainable"", ""Industry-Compliant""]","[""MPX Bioceutical"", ""Aleafia Health"", ""Cresco Labs""]",Low,"[""Software/Hardware Requirements""]",Medium,High,Medium,Medium,Non-Compliant,High,"[""Industry Journals"", ""Online Seminars"", ""Video Marketing"", ""Facebook""]","[""Modern feeling grow ever. Since contain up require new eye everybody. Party former well else.""]"
Serv574,Service,Public relations,"Risk white baby executive bring something other get. Man store behind evening run direction.
Take quite technology modern bar generation race. Five possible improve hard standard.",,,Medical,"[""Therapeutic Applications""]","[""Medical Distribution"", ""Waste Management""]","[""Tanzania""]",$0,Limited,"[""Product Developer""]",2015-08-03,Medium,Medium,High,"[""User-Friendly"", ""Easy Integration"", ""Advanced Technology""]","[""The Green Organic Dutchman"", ""1933 Industries""]",Low,"[""Mandarin"", ""Frequent Travel""]",High,High,Medium,Medium,Compliant,High,"[""Annual Reports"", ""Community Events"", ""Promotional Texts""]",[]
Serv576,Service,Consulting services,"Message deal goal rate could wish something. Build every break bag. Adult authority attorney course speak kitchen speak hard.
Deal gas the know require window. Cultural human industry staff single.",,,Technology,"[""Data Analytics"", ""Security Systems"", ""Software Solutions""]","[""Advertising"", ""Health Information Services"", ""Food and Beverage Manufacturing""]","[""India"", ""Turkmenistan"", ""Namibia""]",$10000-$50000,Available,"[""Marketing Professional""]",1992-08-02,Low,Low,Low,"[""Scalable"", ""Sustainable"", ""Industry-Compliant""]","[""High Times"", ""Cresco Labs""]",High,"[""Executive-Level""]",Low,Medium,Low,High,Non-Compliant,High,"[""Magazines""]",[]
Serv578,Service,Cultural and heritage preservation,Order attention smile body. Special hot box down. Forget support with positive thing.,,,Marketing,"[""Public Relations"", ""Advertising"", ""Social Media Management""]","[""Shoes Manufacturing"", ""Fire Protection"", ""Family Planning Centers""]","[""Bulgaria"", ""Australia""]",<1000,Limited,"[""Crop Scientist"", ""Harm Reduction Specialist"", ""Water Management Specialist""]",1975-05-21,Low,Medium,High,"[""Reliable"", ""High Quality""]","[""MedMen Enterprises"", ""Emblem Cannabis"", ""Acreage Holdings"", ""Tilray""]",Low,"[""German"", ""No Travel Required""]",High,High,High,Medium,Compliant,Medium,"[""Local Sponsorships"", ""Joint Campaigns"", ""Media Kits""]","[""In check always young defense term customer. Although national reason action. Value produce explain.""]"
Pro579,Product,Product safety testing,"Charge may home service drive trip without. Measure trade leader remember seat least the. Really vote resource future enter buy.
Future box there soon. Less it cell nor image indicate set.",,,Processing,"[""Edibles"", ""Quality Control"", ""Packaging""]","[""Renewable Energy""]","[""Uganda"", ""Kyrgyzstan""]",<1000,Available,"[""Nutrient Specialist"", ""Investment Advisor"", ""Crop Scientist""]",2013-04-12,Medium,Low,Medium,"[""Low Risk"", ""Multi-Language Support""]","[""High Times""]",Low,"[""Quantum Computing""]",Low,High,Low,Medium,Non-Compliant,High,"[""Referral Programs""]","[""North focus talk along it check kind. Level serve leave game together. Wonder cell dream. Performance add image turn."", ""Store few customer law firm different issue debate. Young make realize next. Nothing training television most since team option effect.\nChance wind without sea recently.""]"
Pro581,Product,Retail POS systems,Not win others else yourself parent view. Good stock unit five current onto fall. Still entire country.,,,Medical,"[""Clinical Trials"", ""CBD Products"", ""Pharmaceuticals""]","[""Wholesale Business Supplies and Equipment""]","[""Rwanda"", ""Bhutan""]",$5000-$10000,Limited,"[""Agile Coach"", ""CompTIA Security+"", ""Customer Service Representative""]",1998-06-01,Medium,Low,Low,"[""Multi-Language Support"", ""Comprehensive Support""]","[""Columbia Care"", ""Indiva"", ""Vireo Health"", ""Trulieve Cannabis""]",Medium,"[""Location Preferences""]",Medium,High,Medium,High,Compliant,Low,"[""Email Marketing"", ""Postcards"", ""Amazon""]","[""Get visit size cold his. Water way consumer key improve thought reveal. Land really individual growth decide."", ""Sure ago offer use foreign drive pattern. Whether beyond owner least tonight yeah position.\nLess subject style. Style large assume indeed. Hard recognize part society case."", ""Lot major talk health offer. Look field the maybe raise billion. Kid hospital choose among worry.\nOrganization class attack couple simple. Kid along sing choose.""]"
Pro583,Product,Health and wellness products,"Large late fight adult office. Experience economic growth stock medical because.
Race speech perform drop national name smile event. Organization modern piece stop again lot.",,,Education,"[""Industry Reports""]","[""Non-Profit Organization Management"", ""Railroad Equipment Manufacturing"", ""REIT - Residential""]","[""Gambia The"", ""Saint-Martin (French part)"", ""Gabon"", ""Laos"", ""Greenland""]",$10000-$50000,Limited,"[""Data Analyst"", ""Certified Quality Engineer (CQE)""]",1985-02-16,High,Medium,Low,"[""Low Maintenance""]","[""Acreage Holdings"", ""TerrAscend"", ""1933 Industries""]",Medium,"[""Minimum Years in Industry"", ""Associate's Degree"", ""Educational Qualifications""]",Medium,High,Low,Low,Compliant,High,"[""Referral Programs"", ""Joint Campaigns""]",[]
Pro585,Product,Farming equipment,"Head security hour speech. Magazine answer quality movement face.
Source ready religious for whether. Might much shake situation again weight leg. Opportunity prepare life southern.",,,Education,"[""Research Publications"", ""Workshops and Seminars"", ""Industry Reports""]","[""Real Estate - Development"", ""Online Audio and Video Media"", ""Renewable Energy Power Generation""]","[""Kazakhstan"", ""Kosovo"", ""Sweden"", ""China""]",<1000,Limited,"[""Market Research Analyst"", ""Topicals Specialist"", ""Product Development Specialist""]",2014-10-08,Low,Low,High,"[""Data-Driven""]","[""KushCo Holdings"", ""Harvest Health & Recreation""]",Low,"[""Experience with Client Negotiations""]",High,High,Low,Medium,Non-Compliant,High,"[""Print Advertising""]",[]
Pro587,Product,Retail merchandising,Clear learn join themselves some play.,,,Accessories,"[""Consumption Devices"", ""Merchandise"", ""Storage Solutions""]","[""Haulage"", ""Diagnostics and Research""]","[""Cameroon"", ""Sao Tome and Principe"", ""Bahrain"", ""Uzbekistan""]",<1000,Unavailable,"[""Organizational Development Consultant""]",1997-02-19,High,High,Low,"[""Reliable"", ""Easy Integration""]","[""Liberty Health Sciences"", ""1933 Industries""]",Medium,"[""Cybersecurity Knowledge"", ""Experience Managing Multiple Projects"", ""Real-Time Data Processing""]",Medium,High,Low,Low,Non-Compliant,Low,"[""Online Courses"", ""Remarketing Campaigns""]",[]
Pro589,Product,Extraction and processing,Bit listen word trade wear story visit majority. Machine high push.,,,Technology,"[""IoT and Automation"", ""Data Analytics""]","[""Storage"", ""Nanotechnology""]","[""Australia"", ""Laos"", ""Slovenia"", ""Peru"", ""Turks and Caicos Islands""]",>$50000,Limited,"[""Microsoft Certified: Azure Administrator Associate"", ""Edibles Chef""]",1997-09-16,High,Low,Medium,"[""Flexible"", ""Innovative""]","[""iAnthus Capital Holdings"", ""Neptune Wellness Solutions"", ""TerrAscend"", ""Emblem Cannabis""]",Low,"[""Standing for Long Periods"", ""Software/Hardware Requirements""]",Low,Low,Low,Medium,Non-Compliant,High,"[""Print Advertising""]","[""According suffer move participant themselves soon report. Purpose government generation television hour.\nPull keep party herself maybe continue. Whose trouble range to voice able argue.""]"
Pro591,Product,Trade publication,Performance debate bring some. Best friend accept bit. Source top property soldier student buy approach.,,,Retail,"[""Dispensaries"", ""Delivery Services"", ""Online Sales""]","[""Boilers, Tanks and Shipping Container Manufacturing""]","[""Jordan"", ""Spain"", ""Cook Islands"", ""Israel"", ""Hungary"", ""South Africa""]",$1000-$5000,Available,"[""Community Outreach Specialist"", ""Event Coordinator""]",1993-10-15,Medium,Low,Medium,"[""Energy Efficient""]","[""Canopy Growth Corporation"", ""MariMed"", ""Auxly Cannabis Group"", ""Acreage Holdings""]",High,"[""Industry-Specific Certifications"", ""Experience with Cloud Services"", ""Travel Requirements""]",Low,Low,Medium,Low,Compliant,Low,"[""Pop-Up Ads"", ""Videos""]","[""Soldier east style image result foot movement public. Second institution system market need unit cut. Help section yes ball during morning.""]"
Serv594,Service,Quality control,Data scene so executive example ten kid. Operation seem teach although enter charge. Vote foot into drug itself.,,,Compliance,"[""Legal Services"", ""Regulatory Compliance"", ""Auditing""]","[""Communications"", ""Physical, Occupational and Speech Therapists""]","[""Andorra""]",>$50000,Available,"[""Extraction Technician"", ""Security Specialist""]",2019-12-15,Medium,Medium,Medium,"[""Sustainable"", ""High Performance"", ""Cloud-Based""]","[""Hexo Corp"", ""The Supreme Cannabis Company"", ""Green Thumb Industries""]",Low,"[""Immediate Availability"", ""Executive-Level"", ""Background Check""]",High,Low,High,Low,Compliant,High,"[""Brand Ambassadors"", ""Drip Campaigns""]","[""Life yes happen scientist federal focus within. Person song hard daughter prove Democrat. Finish wear level half media.\nSpend machine sign last law letter born. American tough fear single test.""]"
Serv596,Service,Workforce training,"Could statement least study. Past cost skill.
Act current treatment discuss happy civil activity. Time likely whose trouble. Head affect shake beat PM artist government.",,,Cultivation,"[""Hydroponics"", ""Organic Farming""]","[""Security Systems Services"", ""Museums and Institutions""]","[""Brunei"", ""Kyrgyzstan"", ""Wallis and Futuna Islands"", ""Cameroon""]",$1000-$5000,Limited,"[""Cultivation Consultant""]",1977-02-04,Low,Medium,Low,"[""Multi-Language Support"", ""Environmentally Friendly""]","[""The Flowr Corporation""]",Medium,"[""Local Candidates Only""]",High,Medium,High,Medium,Compliant,High,"[""Corporate Announcements""]",[]
Pro597,Product,Health and wellness products,"Three father ask single. Live week reduce. Project camera well.
Paper job short ago loss. Industry nation newspaper guy. Plan important various today.",,,Compliance,"[""Licensing"", ""Regulatory Compliance"", ""Auditing""]","[""IT System Testing and Evaluation""]","[""Vatican City State (Holy See)"", ""Reunion"", ""Nigeria"", ""Democratic Republic of the Congo""]",>$50000,Limited,"[""SPHR (Senior Professional in Human Resources)""]",1993-03-29,High,High,High,"[""AI-Integrated"", ""Industry-Compliant"", ""Scalable""]","[""Charlotte's Web Holdings"", ""KushCo Holdings"", ""Neptune Wellness Solutions"", ""Curaleaf Holdings""]",High,"[""Software/Hardware Requirements"", ""Cybersecurity Measures""]",Low,High,High,High,Compliant,Medium,"[""Facebook""]","[""Its bill boy. From face company writer expect.\nPage form thought speak tend morning certainly. Mean research us next."", ""But family away value player million. Cold our ground gun pick know clear. Natural soldier suddenly option special floor.""]"
Serv600,Service,Legal dispute resolution,Have nor structure nor image. Cut whether fight standard take true soldier.,,,Cultivation,"[""Indoor Growing"", ""Greenhouse Growing""]","[""Uranium"", ""Sporting Goods Stores"", ""Pharmaceutical Retailers""]","[""Sao Tome and Principe"", ""Guyana"", ""Bulgaria"", ""Mongolia""]",<1000,Unavailable,[],1974-07-25,Medium,High,Medium,"[""Data-Driven""]","[""Tilray""]",High,"[""Bachelor's Degree"", ""Flexible Availability""]",Medium,Medium,Low,Low,Compliant,High,"[""Blog Posts"", ""Partnerships"", ""Newsletters"", ""Co-Branding Initiatives""]",[]
Serv602,Service,Security services,Child budget impact page operation. Spring significant scientist especially maybe live. Develop option know approach strategy hotel. Enough speech successful.,,,Cultivation,"[""Greenhouse Growing""]","[""Government"", ""Wood Products"", ""Structural Clay Product Manufacturing""]","[""Timor-Leste"", ""Democratic Republic of the Congo"", ""Saint-Barthelemy"", ""Western Sahara"", ""China""]",$10000-$50000,Available,"[""Organizational Development Consultant"", ""CISA (Certified Information Systems Auditor)"", ""Compliance Consultant""]",1994-11-10,Low,Low,High,"[""High Capacity"", ""Industry-Compliant""]","[""iAnthus Capital Holdings"", ""OrganiGram Holdings""]",High,"[""Continuous Integration/Continuous Deployment (CI/CD)""]",High,Low,High,High,Non-Compliant,Medium,"[""Television Advertising""]",[]
Pro603,Product,Retail merchandising,"Shake professor century. Hot else image could. Behind police small free foreign consider bag.
Together military same move. Structure evidence owner drive give tax practice.",,,Education,"[""Training Programs"", ""Industry Reports"", ""Workshops and Seminars""]","[""Commercial and Industrial Equipment Rental"", ""Fashion and Beauty"", ""Operations Consulting""]","[""Lebanon"", ""North Macedonia"", ""Mexico"", ""Virgin Islands (British)"", ""Afghanistan"", ""Guernsey and Alderney""]",$1000-$5000,Available,"[""HR Specialist""]",2019-01-18,Medium,Medium,High,"[""Reliable"", ""High Precision"", ""Advanced Technology""]","[""High Times"", ""Innovative Industrial Properties""]",High,"[""Permanent Residency""]",Medium,High,Medium,Low,Compliant,Low,"[""Podcasts""]","[""Might class treatment road word real each. Avoid home chair significant money.\nAcross number else choose. Discuss teach century something step dark."", ""Onto couple home feel. System they anything sport ok second final. Agree job feel off country officer."", ""Movie us lot huge partner. Baby create staff what assume ever.\nTeacher understand enough view.""]"
Serv606,Service,Consumer safety programs,Enter note foot continue challenge identify structure. Threat rate whether collection any kitchen garden. Clearly task capital personal effect law general establish.,,,Processing,"[""Quality Control"", ""Extraction""]","[""Museums, Historical Sites and Zoos"", ""Rubber Product Manufacturing"", ""Electronics""]","[""China"", ""Peru"", ""Lithuania""]",$5000-$10000,Limited,"[""Hootsuite Social Marketing Certification"", ""Budtender""]",1996-05-03,High,Medium,Medium,"[""Low Maintenance""]","[""Aurora Cannabis"", ""KushCo Holdings"", ""CannTrust Holdings""]",Low,"[""High School Diploma"", ""Programming Languages"", ""Blockchain Technology""]",Medium,Medium,Medium,Low,Compliant,High,"[""Trade Shows and Events""]",[]
Serv608,Service,Market entry strategy,"Form western production paper painting. Its administration rich decision degree. Picture child test eat behind institution.
Out guess building official fall.",,,Marketing,"[""Public Relations""]","[""Short Story Writers""]","[""Israel""]",$5000-$10000,Unavailable,"[""Certified Logistics Associate (CLA)"", ""Registered Nurse (RN)""]",2002-10-27,Medium,High,Medium,"[""Customizable""]","[""Green Thumb Industries"", ""Supreme Cannabis"", ""The Green Organic Dutchman"", ""Emblem Cannabis""]",Medium,"[""Project Management Tools"", ""Experience with Specific Equipment""]",High,High,Medium,Low,Compliant,Low,"[""Online Store"", ""Affiliate Networks"", ""Trade Shows and Events""]","[""Plan generation various. Agree analysis long season purpose.\nSimple buy research. Military morning task seek writer down class. Arm prove media.""]"
Pro609,Product,Extraction and processing,"Month member oil herself product certainly three television.
Say others technology that administration get this far. Sign possible account south sure fine pressure voice.",,,Compliance,"[""Legal Services"", ""Auditing""]","[""Drug Manufacturers - Major"", ""Financial Services"", ""Shoes Manufacturing""]","[""Saint-Barthelemy""]",$1000-$5000,Limited,"[""Certified Logistics Associate (CLA)"", ""Compliance Consultant""]",2013-04-13,High,High,Low,"[""Cloud-Based"", ""Comprehensive Support""]","[""CannAmerica Brands"", ""GW Pharmaceuticals"", ""Indiva""]",High,"[""Serverless Architecture""]",Low,Medium,Medium,Low,Compliant,High,"[""Panel Discussions"", ""Outbound Calls""]",[]
Serv612,Service,Legal compliance software,Structure memory investment eight else consumer. Upon environment include already gun. Another smile would listen.,,,Retail,"[""Dispensaries"", ""Delivery Services""]","[""Climate Technology Product Manufacturing"", ""Electronics and Computer Distribution""]","[""Guernsey and Alderney"", ""Latvia""]",$10000-$50000,Unavailable,"[""Change Management Specialist"", ""Brand Manager"", ""Employee Wellness Coordinator""]",1972-09-16,Low,Medium,Low,"[""Cloud-Based"", ""Innovative"", ""Easy Integration""]","[""iAnthus Capital Holdings"", ""Cresco Labs"", ""MPX Bioceutical""]",Medium,"[""Artificial Intelligence""]",High,Medium,Low,Low,Non-Compliant,High,"[""SMS Marketing"", ""Pop-Up Ads"", ""Product Fairs""]","[""Yard from out both down. Medical realize evening window prove weight.\nSound he poor recognize we industry. Again of lose present one next save. Cut evening and forget day full conference own."", ""Play employee likely. Anyone more dark air local health. However tell consumer include even manager gas.\nFirm cold find example where. Forward public item month environmental.""]"
Serv614,Service,Advocacy organization,Price accept about four marriage move. House action country big Mr then really.,,,Medical,"[""Pharmaceuticals"", ""Clinical Trials"", ""CBD Products""]","[""Discount Stores"", ""Outpatient Care Centers""]","[""Hungary"", ""Liberia"", ""Uzbekistan"", ""Kazakhstan"", ""British Indian Ocean Territory""]",$10000-$50000,Limited,"[""Customer Insights Specialist"", ""Registered Nurse (RN)"", ""Customer Service Representative""]",1993-10-30,Medium,Low,High,"[""Durable"", ""User-Friendly"", ""Reliable""]","[""Tilray"", ""TILT Holdings"", ""The Flowr Corporation"", ""TerrAscend""]",Low,"[""English"", ""Cybersecurity Knowledge"", ""Experience Managing Budgets up to $10,000""]",Low,Low,Low,Low,Non-Compliant,High,"[""Affiliate Marketing"", ""Social Media Influencers"", ""Pay-Per-Click (PPC) Advertising"", ""Panel Discussions""]","[""Commercial information serve peace effect such must. Sign meet individual little ever daughter low. Raise let various protect.\nAs old indeed deal positive. Moment expert hotel PM."", ""Care the else maybe amount smile idea. Dark tend our paper. Method summer majority from develop just series. Leave anything audience heart financial picture American town."", ""Lead article laugh. Animal then hear admit. Past near kitchen tax lose car bar. Particularly experience effect movement certain describe street early.""]"
Pro615,Product,Health and wellness products,"Compare culture let before society million human. Strategy maintain politics plant.
Air sound less view today less when. Son night staff social thing. Need make life example.",,,Compliance,"[""Regulatory Compliance"", ""Auditing"", ""Legal Services""]","[""Water"", ""Railroads"", ""Electric Lighting Equipment Manufacturing""]","[""Estonia"", ""Mauritania"", ""Sierra Leone"", ""Haiti"", ""Azerbaijan""]",<1000,Limited,"[""Banking Professional"", ""ISO 27001 (Information Security Management)"", ""CPA (Certified Public Accountant)""]",1995-09-02,Low,Low,High,"[""Cloud-Based"", ""AI-Integrated"", ""Customizable""]","[""MPX Bioceutical"", ""Auxly Cannabis Group"", ""The Flowr Corporation""]",Medium,"[""Soft Skills"", ""Frequent Travel"", ""Mid-Level""]",High,Low,Medium,High,Compliant,Low,"[""Newsletters""]",[]
Pro617,Product,Product compliance auditing,Evening wide hotel miss effort. Tree specific because food. Let south each part officer money.,,,Processing,"[""Edibles"", ""Infusion""]","[""Aluminum"", ""Resorts and Casinos"", ""Design Services""]","[""Sweden""]",$10000-$50000,Unavailable,"[""Medical Specialist"", ""Quality Assurance Technician"", ""Dispensary Technician""]",2022-02-26,Medium,Low,Low,"[""AI-Integrated"", ""Advanced Technology""]","[""Columbia Care"", ""TerrAscend""]",Low,"[""High-Performance Computing"", ""Experience with Client Negotiations""]",Medium,Medium,Low,Low,Non-Compliant,Medium,"[""Community Events"", ""Webinars"", ""Live Demos""]","[""To national local prevent fire. Hear end American. Job forget through on.\nOld away fire value art. Out then your billion throw poor imagine. Some human network then far so Mr."", ""Fly position worry interview computer smile all. Reality where industry your century short maintain. Father share finish table answer five board. Place miss power security yourself just along room."", ""Industry thing you citizen interest guess discuss. Social become good arrive accept. Method protect recent eat newspaper sense.""]"
Serv620,Service,Tourism services,"Do sell trouble discuss sometimes party increase. Phone yes low.
Her race feel company real office. Imagine partner mouth seek build.",,,Compliance,"[""Auditing""]","[""Building Structure and Exterior Contractors"", ""Outpatient Care Centers""]","[""Denmark"", ""Aruba"", ""Papua New Guinea"", ""Senegal"", ""France""]",>$50000,Available,[],1999-05-11,Low,High,Low,"[""Low Maintenance""]","[""Wayland Group"", ""TerrAscend"", ""KushCo Holdings"", ""Canopy Growth Corporation""]",Medium,"[""Background Check""]",Medium,High,Medium,High,Non-Compliant,High,"[""Infographics"", ""Newspapers"", ""Instagram"", ""Online Display Advertising""]",[]
Serv622,Service,Legal representation,"Understand to thus professional. Within character attorney city become. Eight voice number per western bag effect attention.
Provide center truth language. Nature leg whole center and official.",,,Retail,"[""Point of Sale Systems"", ""Online Sales"", ""Delivery Services""]","[""Medical Instruments and Supplies"", ""Fine Art""]","[""Syria""]",<1000,Limited,"[""Compliance Officer"", ""Project Management Professional""]",1973-02-14,Medium,High,Medium,"[""AI-Integrated""]","[""Jushi Holdings"", ""The Supreme Cannabis Company"", ""Liberty Health Sciences"", ""Supreme Cannabis""]",High,"[""Experience with Client Retention"", ""Specific Hardware Proficiency"", ""Programming Languages""]",High,Low,Medium,High,Non-Compliant,High,"[""Customer Surveys"", ""Instagram"", ""Facebook""]","[""Under or southern can truth series indeed matter.\nBenefit contain prepare wife. Authority item whom care current book measure.""]"
Serv624,Service,Customer support services,Stuff sing people trip build. Employee stock consider guy south thought consider.,,,Accessories,"[""Storage Solutions"", ""Merchandise""]","[""Airlines and Aviation"", ""Climate Technology Product Manufacturing"", ""Coal""]","[""Cook Islands"", ""Oman"", ""Madagascar""]",$0,Unavailable,[],1992-09-12,Medium,Medium,Medium,"[""Flexible""]","[""Liberty Health Sciences"", ""Canopy Growth Corporation"", ""Aurora Cannabis""]",Medium,"[""DevOps Tools"", ""Associate's Degree""]",Medium,High,High,Medium,Non-Compliant,High,"[""Affiliate Networks"", ""eBay"", ""Industry Experts"", ""Public Relations (PR)""]","[""Detail audience prevent while our government middle. Consumer son tough attention sister house provide.\nCost others and smile investment. Significant chance build record half minute Republican.""]"
Pro625,Product,Product certification,National moment it radio apply traditional listen decade. Vote local allow measure. Many impact when discuss age relate inside town.,,,Cultivation,"[""Organic Farming"", ""Greenhouse Growing""]","[""Tools and Accessories"", ""REIT - Hotel and Motel"", ""REIT - Office""]","[""United States Minor Outlying Islands"", ""Bouvet Island"", ""British Indian Ocean Territory"", ""Democratic Republic of the Congo"", ""Iraq""]",<1000,Available,"[""SPHR (Senior Professional in Human Resources)""]",1987-10-15,Medium,Low,Low,"[""Comprehensive Support"", ""Energy Efficient""]","[""Emblem Cannabis"", ""MariMed""]",Medium,"[""Frequent Travel"", ""No Travel Required""]",High,Medium,High,High,Compliant,Low,"[""Charity Partnerships"", ""Television"", ""Retargeting Campaigns"", ""Media Kits""]","[""Add figure crime end too already. Industry without key above resource. Free view receive rock student kitchen race. Baby energy do trade town southern."", ""Southern commercial who. Program occur six son expect day word.\nSimilar thing whatever turn they staff. Answer consumer pick risk. Administration present writer could."", ""Black skin look our represent director player artist. Often watch resource strong toward dog drop sound. News consumer customer see can.""]"
Serv628,Service,Waste management solutions,"Follow personal window. Size age high shake toward either arm.
Season coach message town. Garden difficult run.
May class our rest lead choice right. Between rise dog sign gas.",,,Medical,"[""CBD Products""]","[""Human Resources Services""]","[""Greece"", ""Sri Lanka"", ""North Macedonia"", ""Kiribati"", ""Niger"", ""Switzerland""]",$10000-$50000,Limited,"[""CFA (Chartered Financial Analyst)"", ""Product Development Specialist""]",1989-08-02,Medium,Medium,Medium,"[""Data-Driven""]","[""High Times""]",Low,"[""Experience Managing Multiple Projects""]",High,Medium,Low,Low,Non-Compliant,High,"[""Charity Partnerships"", ""Sponsored Content""]",[]
Pro629,Product,Product development,"Fear their hear member protect miss agreement. Son owner place fly issue teacher cultural majority. Boy single social say money certain always.
Policy line least building again.",,,Processing,"[""Packaging"", ""Quality Control"", ""Infusion""]","[""Consumer Goods""]","[""Sao Tome and Principe"", ""North Korea""]",<1000,Available,"[""Community Outreach Specialist"", ""Customer Service Representative"", ""Scrum Master Certification""]",1988-07-17,Low,Low,Medium,"[""Flexible"", ""Low Risk""]","[""CannTrust Holdings"", ""TerrAscend""]",Medium,"[""Edge Computing"", ""Manual Dexterity"", ""Minimum Years in Industry""]",Medium,Low,Low,Medium,Compliant,Low,"[""Customer Testimonials"", ""Public Relations (PR)""]",[]
Pro631,Product,Product safety testing,"Really parent mother analysis mind. Often play garden human himself happy traditional.
Central help seat go simply. Watch over dog no truth popular. Reveal quickly each agreement by worker.",,,Cultivation,"[""Greenhouse Growing"", ""Genetics and Breeding""]","[""Banks - Regional - US"", ""IT System Custom Software Development"", ""Dairy""]","[""Jersey"", ""Equatorial Guinea""]",$5000-$10000,Available,"[""Policy Advocate"", ""Product Development Specialist""]",2009-03-13,High,Low,High,"[""Innovative"", ""Energy Efficient""]","[""Jushi Holdings""]",Low,"[""Experience with Specific Equipment"", ""Specific Hardware Proficiency"", ""Experience in Similar Projects""]",Low,High,High,Low,Non-Compliant,Medium,"[""Sports Sponsorships"", ""Postcards"", ""Print Advertising""]","[""Attorney also way remember effort daughter new. Explain nature hot help operation among. Outside region southern group.\nChoice charge wide hair. Rich once could thing point professor."", ""Method east network card.\nSuddenly write car available able. But whole I describe type.\nDespite always visit enjoy particularly as. Camera for peace scene cell let represent."", ""Despite daughter not these place. Pattern knowledge camera. Season though into police answer letter.""]"
Serv634,Service,Legal dispute resolution,"Star life meet result conference spend have.
Material account from serious. Politics place similar degree home value apply.",,,Education,"[""Workshops and Seminars""]","[""Racetracks"", ""Beverages - Soft Drinks"", ""Electrical And Electronic Manufacturing""]","[""Belgium""]",<1000,Limited,[],2017-09-11,Low,Medium,High,"[""High Precision"", ""Durable""]","[""Harvest One Cannabis""]",Low,"[""Leadership Skills""]",Low,Low,Low,Medium,Non-Compliant,Medium,"[""Posters"", ""Community Events""]","[""Issue book government want benefit there could. Authority particular serve win front I. Enough mouth subject very when officer.\nMouth today would. Friend along tree what.""]"
Serv636,Service,Public policy advocacy,"Human garden institution there. Raise project cause food court value city.
Question agent far deep positive. News sing history. Now young watch south alone play.",,,Processing,"[""Infusion"", ""Labeling""]","[""Retail Products""]","[""New Zealand"", ""Saint Helena""]",>$50000,Available,"[""SPHR (Senior Professional in Human Resources)""]",2007-11-13,Low,High,Low,"[""High Capacity"", ""Fast Delivery"", ""Multi-Language Support""]","[""Neptune Wellness Solutions"", ""Cannabix Technologies"", ""Wayland Group"", ""1933 Industries""]",Low,"[""Master's Degree""]",Low,Medium,Low,Low,Compliant,High,"[""Transit Ads"", ""Industry Journals"", ""Partnerships"", ""Community Events""]",[]
Pro637,Product,Health and wellness products,"To young half national go develop because five.
Policy new product ability despite ahead enjoy. Different few control establish as. Necessary benefit year old. This you majority relationship anyone.",,,Processing,"[""Extraction"", ""Labeling"", ""Edibles""]","[""Vocational Training""]","[""Vietnam"", ""Latvia"", ""Western Sahara"", ""Costa Rica""]",>$50000,Unavailable,"[""HVAC Technician"", ""Product Developer"", ""Scrum Master Certification""]",2002-10-29,Low,High,Medium,"[""High Capacity""]","[""Aurora Cannabis"", ""MariMed"", ""Planet 13 Holdings""]",Medium,"[""Database Management System"", ""Data Analysis"", ""Desktop Application""]",High,Medium,High,High,Compliant,High,"[""Bing Ads"", ""Television"", ""Public Relations (PR)"", ""Newspapers""]","[""Military loss long impact sit cause. Field bed join shoulder season as.\nPainting find one themselves."", ""Majority growth wait side. Vote least argue one. Same break magazine let and history poor. Data wide adult.\nKeep bag including treat energy natural ground. Important outside hope final ago maybe.""]"
Pro639,Product,Product innovation labs,"Argue either know yet. Fall security certainly south girl able environment away.
Race their hotel interview. Product or himself campaign many PM sell that.",,,Recreational,"[""Event Organizing"", ""THC Products""]","[""Electronics and Computer Distribution"", ""Aluminum""]","[""Azerbaijan"", ""Lithuania"", ""Samoa""]",$10000-$50000,Limited,"[""Accounting Professional"", ""Farm Manager"", ""Compliance Consultant""]",1995-11-10,Low,High,Low,"[""High Capacity""]","[""KushCo Holdings"", ""CannAmerica Brands"", ""Vivo Cannabis""]",Medium,"[""API Integration"", ""Desktop Application""]",Medium,Low,Medium,Medium,Compliant,High,"[""Industry-Specific Platforms"", ""Online Store""]","[""For situation before culture per write source. None short hot question factor opportunity. Cost south quality move."", ""Fight also sit stuff thousand. Kind trouble wife anyone hit present."", ""At protect air rule probably. White toward hear for. Carry adult themselves however source reveal.""]"
Serv642,Service,Advocacy organization,"Turn good address heart it. Hospital line choose world.
Reduce compare travel pressure. Coach another today example break.",,,Cultivation,"[""Hydroponics"", ""Indoor Growing""]","[""Seafood Product Preparation and Packaging"", ""Metal Fabrication"", ""Climate Data and Analytics""]","[""Sudan"", ""Cape Verde"", ""Nepal"", ""Rwanda"", ""Turkey"", ""Syria""]",$0,Unavailable,"[""Software Developer""]",2006-06-13,Medium,Low,High,"[""High Quality""]","[""CannTrust Holdings"", ""1933 Industries""]",High,"[""Biometric Authentication"", ""Data Analysis"", ""Cybersecurity Knowledge""]",Medium,High,Low,High,Non-Compliant,Medium,"[""Posters"", ""Public Relations (PR)"", ""TikTok""]","[""Yourself growth early huge like high hope area.\nRise high ground light service. Since bag politics. Performance subject write kitchen performance.\nCitizen outside middle cold someone fine approach."", ""Work school win its and poor explain. Marriage purpose probably lot act pay morning pattern. Seat image religious box.\nHope system serve thousand husband."", ""Western road evening decide. Bring true its. Scene by travel.\nBeyond particular real somebody much plan become. Here like rich table might yeah series. Knowledge goal that body mother.""]"
Serv644,Service,Advocacy campaign management,"Maybe new must church computer feel science particular. All miss decide. Effort couple fast option third.
Tend former tonight. Beyond drug physical word open.",,,Recreational,"[""Event Organizing"", ""THC Products""]","[""Security System Services""]","[""Colombia"", ""Ethiopia"", ""Taiwan"", ""Western Sahara"", ""Aland Islands""]",$0,Limited,"[""Demographic Analyst""]",2009-07-18,Medium,Low,Low,"[""Compact Design"", ""Cloud-Based"", ""Cost-Effective""]","[""Charlotte's Web Holdings"", ""Aleafia Health"", ""Liberty Health Sciences""]",Medium,"[""Permanent Residency""]",Medium,High,Medium,Medium,Non-Compliant,High,"[""Internal Newsletters""]","[""Especially if me church.\nShe two try manager mind such field. Would challenge music among leg director why."", ""Once just budget professional process statement discuss. Movement six see smile sea particular. Range main mother commercial region agree key."", ""Development fall debate small report us continue. Similar do own build process sure lawyer provide.\nWhile week evidence stop model boy standard.""]"
Pro645,Product,Product supply chain transparency,"Nearly simple health popular where book. Product system common stage.
Project strong off couple thing pattern conference. Standard send activity commercial first other.",,,Medical,"[""CBD Products"", ""Therapeutic Applications"", ""Pharmaceuticals""]","[""Golf Courses and Country Clubs"", ""Machinery"", ""Storage""]","[""Iran""]",>$50000,Limited,"[""Researcher""]",2014-02-16,High,High,Low,"[""Fast Delivery"", ""Flexible"", ""Certified""]","[""Acreage Holdings"", ""Cannabix Technologies""]",Low,"[""Working in Various Weather Conditions""]",High,Low,Low,High,Compliant,Medium,"[""Remarketing Campaigns"", ""Google Ads"", ""Influencer Marketing""]",[]
Serv648,Service,Sustainability initiatives,"Bar scientist yet baby nearly arm father. Serious break mother arm for.
First lead over enter often. Fish their owner participant throw stand. Feeling machine professional act matter fact quickly we.",,,Medical,"[""CBD Products"", ""Therapeutic Applications""]","[""Emergency and Relief Services"", ""Aerospace and Defense""]","[""Samoa"", ""Trinidad and Tobago""]",$5000-$10000,Unavailable,[],2023-04-20,High,Low,Medium,"[""Advanced Technology"", ""Easy Integration""]","[""TerrAscend"", ""Auxly Cannabis Group""]",High,"[""Data Analysis"", ""Containerization (Docker, Kubernetes)""]",Low,High,High,Low,Non-Compliant,Medium,"[""Remarketing Campaigns"", ""Blog Posts"", ""Affiliate Marketing"", ""Blog""]","[""Many business yet bring pattern behavior. President social memory early today.\nArrive item future hit from blood major watch. Tend tree dark.\nAnd analysis where to suggest."", ""Represent open this ever couple final. Eight card blood federal able war ok boy.\nTake stay still top happen life. Item so note resource wear often. Middle doctor great attorney behind condition.""]"
Serv650,Service,Industry standards development,Yeah listen choose past factor meet system. Deep professor including bad. Head small very Democrat officer head.,,,Marketing,"[""Social Media Management"", ""Public Relations"", ""Advertising""]","[""Environmental Services"", ""Supermarkets""]","[""Colombia"", ""Greece"", ""Costa Rica"", ""Peru""]",$5000-$10000,Available,"[""Water Management Specialist""]",1975-07-13,Low,High,Medium,"[""Scalable"", ""Industry-Compliant""]","[""CannTrust Holdings"", ""Curaleaf Holdings"", ""TerrAscend"", ""MPX Bioceutical""]",Medium,"[""Immediate Availability"", ""Budget Management Experience""]",Low,Low,High,Medium,Non-Compliant,Low,"[""Videos"", ""Print Advertising"", ""Yahoo Search Ads""]","[""Benefit blue have song blood.\nCustomer a from most. Serve participant star.\nExperience point relate available either. As after provide detail federal institution.""]"
Pro651,Product,Product safety testing,"Onto set gun several rule story.
Produce discover according her third. Oil full management soon half trip rise certain. Will add service part onto.",,,Retail,"[""Delivery Services""]","[""Glass, Ceramics and Concrete"", ""Computer Games"", ""Sound Recording""]","[""Angola""]",$10000-$50000,Available,"[""Real Estate Specialist"", ""Topicals Specialist"", ""Market Research Analyst""]",2017-03-23,High,High,Medium,"[""Certified""]","[""Hexo Corp"", ""CannAmerica Brands"", ""Tweed""]",Low,"[""Experience with Cloud Services"", ""Edge Computing""]",Low,Medium,High,High,Non-Compliant,Medium,"[""Blog""]","[""Happen most yet save attack. Onto mind military home. Political deal toward.\nAcross want forget cause physical item. Thank partner look piece now by though."", ""Laugh painting six. Hope member possible meeting human this. Key baby week wife.\nElection note adult design consider leg half cut. Third however sign letter. Increase song view recently out break.""]"
Pro653,Product,Product safety testing,"Company that threat someone want question view. Power avoid within half.
New hair professor top officer. Once send life kitchen traditional. Wide apply military significant state that.",,,Marketing,"[""Advertising"", ""Market Research"", ""Branding""]","[""REIT - Industrial"", ""Semiconductor Equipment and Materials""]","[""Turks and Caicos Islands"", ""Namibia"", ""Maldives"", ""Azerbaijan""]",<1000,Available,"[""Google Analytics Individual Qualification (GAIQ)"", ""ISO 9001 (Quality Management)""]",2007-05-06,Medium,Low,Medium,"[""Easy Integration"", ""AI-Integrated""]","[""Indiva"", ""High Times"", ""MPX Bioceutical"", ""Charlotte's Web Holdings""]",High,"[""Specialized Tools"", ""Cloud Storage""]",Medium,Low,Medium,Medium,Non-Compliant,Low,"[""Online Store"", ""Blog Posts""]","[""Allow away traditional special. Information past fact trial three right.\nThen hotel history back church record. Thank world continue goal head. Second sit discover option mother give shoulder career."", ""Establish hospital develop major.\nDetermine cell tell city same. Phone difficult owner top moment."", ""Measure treat middle who dream believe determine drop. Me market recognize.\nNo home national political room energy carry million. History short participant one anything.""]"
Pro655,Product,Product innovation labs,"Fast win baby base. Fight approach administration.
Conference fire many board. Information book evening former statement individual.",,,Accessories,"[""Storage Solutions""]","[""Water"", ""Asset Management"", ""Wine and Spirits""]","[""Micronesia""]",$0,Available,"[""Delivery Specialist""]",1986-02-01,Low,Medium,Low,"[""Certified""]","[""Acreage Holdings"", ""Hexo Corp"", ""iAnthus Capital Holdings"", ""Wayland Group""]",High,"[""Security Clearances""]",Medium,Low,High,Low,Non-Compliant,Medium,"[""Billboards"", ""Live Demos"", ""Community Forums""]","[""Develop former administration mother professor wear. Read cut official see doctor crime individual. At coach talk sound follow knowledge. Employee discussion black order address."", ""Then affect ground six garden peace. Through particularly wear baby child true lead. Show else every represent project article.""]"
Pro657,Product,Consumer product reviews,Marriage certainly yet always. Character final someone administration executive call we. Half night answer mouth ability production. Where cause audience.,,,Education,"[""Research Publications""]","[""Medical Instruments and Supplies""]","[""San Marino"", ""Cuba""]",$1000-$5000,Available,"[""SHRM-CP (SHRM Certified Professional)""]",2007-02-25,Low,Medium,High,"[""Advanced Technology"", ""Sustainable"", ""Fast Delivery""]","[""Emblem Cannabis"", ""Aleafia Health"", ""TerrAscend""]",Low,"[""Experience in Similar Projects"", ""Travel Requirements""]",High,High,Medium,High,Non-Compliant,High,"[""Email Marketing"", ""Radio"", ""Corporate Announcements""]",[]
Pro659,Product,Retail POS systems,Phone finish billion into evening maybe catch structure. Box and look defense oil contain.,,,Retail,"[""Delivery Services"", ""Dispensaries"", ""Online Sales""]","[""Retail Trade"", ""Screenwriters"", ""Insurance Carriers""]","[""Cote D'Ivoire (Ivory Coast)"", ""Saint Pierre and Miquelon"", ""Czech Republic"", ""Liechtenstein"", ""Mauritius"", ""Guinea""]",<1000,Available,"[""Microsoft Certified: Azure Administrator Associate"", ""Medical Specialist""]",2003-04-09,Low,High,Low,"[""Comprehensive Support"", ""User-Friendly"", ""Multi-Language Support""]","[""The Flowr Corporation"", ""Supreme Cannabis""]",High,"[""Certifications"", ""Experience with Client Negotiations""]",High,High,High,High,Non-Compliant,Medium,"[""Online Seminars"", ""Local Sponsorships""]","[""Finally so show pick firm discuss. Teach animal explain forward child career discussion practice.\nStuff easy whether rock bill. Agent leg town behind. Student clear include do."", ""Reveal important those maybe. Human he or door. Able number brother only and energy natural leg.\nStyle according deal garden relationship baby."", ""Trouble item arrive church voice. Travel movie build without.""]"
Pro661,Product,Technology patents,Then upon cold instead represent. Shoulder represent nice Mr whether star. Own require east hospital reduce.,,,Accessories,"[""Apparel"", ""Consumption Devices""]","[""Recreational Facilities"", ""Media""]","[""Saudi Arabia"", ""British Indian Ocean Territory"", ""French Guiana"", ""Jordan""]",>$50000,Available,"[""Dispensary Technician"", ""Certified Information Privacy Professional (CIPP)"", ""Topicals Specialist""]",1986-08-08,Medium,Low,High,"[""Scalable"", ""Secure""]","[""Liberty Health Sciences"", ""The Flowr Corporation"", ""Curaleaf Holdings"", ""Planet 13 Holdings""]",Low,"[""Technical Skills""]",Medium,High,Medium,Medium,Non-Compliant,High,"[""Google Ads"", ""Catalogs"", ""Promotional Texts"", ""Resource Center""]","[""Investment treat power we image. Not agreement activity. Woman born east few positive. Kitchen generation low suffer."", ""Past seek care against close past firm. Through trouble current teach institution recent attention wind. Social build model cut boy here her close."", ""Responsibility money result significant. Hot guess term outside sure public police one.""]"
Pro663,Product,Product testing,Difference left give eye. Society amount him debate region difficult.,,,Marketing,"[""Advertising""]","[""Design"", ""Computer Hardware"", ""Specialty Finance""]","[""Andorra"", ""Malta""]",<1000,Available,"[""Community Development Professional"", ""Software Developer"", ""Certified Internal Auditor (CIA)""]",2023-12-26,High,Low,Low,"[""Energy Efficient"", ""Secure"", ""High Quality""]","[""Green Thumb Industries"", ""MedMen Enterprises"", ""GW Pharmaceuticals""]",Medium,"[""Programming Languages""]",High,Low,High,High,Non-Compliant,Low,"[""Twitter"", ""Promotional Texts""]","[""Detail exist front pass. Another popular pick painting lose myself boy. Line identify society who ready skin.\nThen you first impact you ten this. Stuff within indeed worker conference whole dark."", ""Something trip response night choose quality.\nCommunity interview yourself page change write heart. Control everybody color sometimes child run hot carry. Treatment determine with rock.""]"
Pro665,Product,Product branding,"Focus manager value concern baby. Indicate political interesting relate of.
Degree nothing nor explain particular. Last computer whether guess assume born.",,,Processing,"[""Infusion"", ""Packaging""]","[""Utilities - Regulated Electric"", ""Hospital and Health Care""]","[""Cambodia""]",$0,Limited,"[""Sustainability Specialist"", ""Operations Manager""]",1980-01-03,Medium,Low,High,"[""Certified""]","[""The Flowr Corporation"", ""Canopy Growth Corporation"", ""Acreage Holdings""]",High,"[""Experience Managing Budgets up to $100,000"", ""Citizenship""]",High,High,Low,High,Non-Compliant,Low,"[""Promotional Texts"", ""Bing Ads"", ""Public Relations (PR)""]",[]
Pro667,Product,Farming equipment,"Imagine garden resource interesting bar begin. Note without practice both.
Beyond degree choice attention seat. Guess area less while degree yeah all. Chair become upon begin office.",,,Retail,"[""Delivery Services"", ""Dispensaries""]","[""Recreational Facilities"", ""Wholesale Business Supplies and Equipment"", ""Chemical""]","[""Saint-Barthelemy"", ""United Kingdom""]",$1000-$5000,Unavailable,"[""Medical Specialist"", ""Accounting Professional""]",1972-10-21,Medium,Medium,High,"[""Secure"", ""Cost-Effective"", ""Durable""]","[""The Flowr Corporation""]",High,"[""Experience with Client Negotiations"", ""High-Speed Internet"", ""National Candidates""]",High,High,Medium,Medium,Compliant,High,"[""Sports Sponsorships"", ""Industry News"", ""Transit Ads""]","[""Trip own fall book arrive key force. Every former ask of ask meet fine far.\nShould live health stock fire city. Trial culture thank eat ok realize body sound."", ""Number my exactly run part consumer. Pattern us couple else.\nList like now provide she. Network peace in cold set happen. Huge voice high man building fly.""]"
Serv670,Service,Financial risk management,"Ahead stage be one of mouth brother. Difference plant herself discover expert.
Attorney prevent energy allow when together education. Goal today song join international heavy little.",,,Cultivation,"[""Indoor Growing""]","[""Metal Treatments"", ""Information Technology and Services"", ""Metal One Mining""]","[""Ethiopia""]",$5000-$10000,Available,"[""CompTIA Security+"", ""Topicals Specialist"", ""LEED (Leadership in Energy and Environmental Design)""]",1972-03-15,High,High,High,"[""High Quality"", ""Sustainable""]","[""Planet 13 Holdings"", ""Tilray"", ""Green Thumb Industries"", ""Columbia Care""]",Low,"[""Doctorate"", ""Travel Requirements""]",Medium,High,Medium,Medium,Non-Compliant,Medium,"[""TikTok"", ""Product Fairs""]",[]
Pro671,Product,Technology patents,"Certainly perhaps our glass must. Its thank above kind.
One personal sure north red different hit. Candidate sea enjoy trouble.",,,Cultivation,"[""Hydroponics"", ""Outdoor Growing"", ""Genetics and Breeding""]","[""Postal Services"", ""Data Storage"", ""Ground Passenger Transportation""]","[""United Arab Emirates"", ""Thailand""]",$1000-$5000,Unavailable,"[""Retail Specialist"", ""Banking Professional""]",1994-03-06,Low,Medium,Medium,"[""Advanced Technology"", ""High Precision""]","[""Rubicon Organics"", ""Hexo Corp"", ""Auxly Cannabis Group""]",Low,"[""Quantum Computing"", ""Doctorate"", ""Backup and Recovery Systems""]",High,Medium,Low,Low,Non-Compliant,Medium,"[""Newsletters"", ""Transit Ads"", ""Product Launches""]","[""Military in talk sing answer. Bag arm director star always bring.\nMaterial floor face finish stop and. Give sell type market hair among arrive heavy. Example project population."", ""Season red them issue second seem bank may. Bed population power expert single attorney. Tree now consumer its work today.""]"
Pro673,Product,Extraction and processing,He respond before could keep garden. Building in hot government participant.,,,Education,"[""Research Publications"", ""Online Courses"", ""Training Programs""]","[""Safety""]","[""South Sudan"", ""Azerbaijan"", ""Italy"", ""Cook Islands""]",$10000-$50000,Available,"[""Medical Specialist"", ""Business Manager"", ""Lean Management Specialist""]",1997-09-03,High,High,High,"[""Data-Driven""]","[""MariMed""]",Medium,"[""Biometric Authentication""]",Medium,Medium,Low,High,Compliant,Medium,"[""Corporate Announcements""]","[""Specific partner high size.\nMarriage much goal the owner fly. Toward stay step sign yourself try serious. Practice design history pressure recently."", ""Summer do memory hundred eye citizen employee. Arm task team traditional education.\nInterest the value condition under table. Specific contain wear away east agree girl."", ""Put benefit administration second. Hair soon wide see majority walk approach.\nGoal become imagine chance notice. Provide fire skill state into talk form read.""]"
Serv676,Service,Educational outreach,"Without each middle within section long. Ability answer bar about likely.
Person hand answer recognize. People in number certainly she mission long.
Catch drive model. Process turn hard book charge.",,,Recreational,"[""Event Organizing"", ""Social Consumption Spaces""]","[""Scenic and Sightseeing Transportation""]","[""Marshall Islands"", ""Cura\u00e7ao"", ""Monaco"", ""Ukraine"", ""Argentina"", ""Zambia""]",<1000,Available,"[""CISA (Certified Information Systems Auditor)"", ""Delivery Specialist"", ""Banking Professional""]",1978-10-25,High,Medium,High,"[""Compact Design"", ""Fast Delivery""]","[""Aurora Cannabis"", ""Harvest One Cannabis""]",High,"[""Industry-Specific Certifications"", ""Multi-Factor Authentication""]",Low,High,High,High,Non-Compliant,Low,"[""Email Marketing"", ""Online Marketplaces"", ""Print Advertising""]","[""Cell two prevent contain candidate collection condition understand. They theory edge performance live. Loss check understand sell rule weight.""]"
Pro677,Product,Product innovation,Serious affect decision sit whom together agency. Pm including commercial. Miss better record employee order.,,,Marketing,"[""Branding"", ""Market Research"", ""Public Relations""]","[""Wholesale Fuel"", ""Media and Telecommunications"", ""Urban Planning""]","[""Portugal"", ""Virgin Islands (US)"", ""Malaysia"", ""Ethiopia""]",$1000-$5000,Available,[],1972-01-23,Low,Medium,Medium,"[""Cloud-Based""]","[""Neptune Wellness Solutions"", ""Cresco Labs"", ""TerrAscend"", ""The Green Organic Dutchman""]",Medium,"[""Blockchain Technology"", ""Budget Management Experience""]",Medium,Low,Low,Medium,Compliant,High,"[""Trade Shows and Events"", ""Podcasts"", ""Brand Ambassadors""]","[""Pull boy scientist by sister. Fly stage heart scientist real.\nHowever choose firm vote choice language. Young enjoy whole bag degree. Task attack so. Yeah learn well throughout morning."", ""Spend material beyond agent beyond. Back loss white.\nLife level social through threat. Trouble goal feeling. City physical develop interest.""]"
Serv680,Service,Insurance underwriting,"Seven computer foreign. Bag girl become whom spring.
Hope need before it. Report community career lead nation speech coach.
Open someone despite truth. Recognize possible sound employee commercial.",,,Cultivation,"[""Genetics and Breeding"", ""Outdoor Growing"", ""Organic Farming""]","[""Operations Consulting"", ""Oil and Gas Integrated""]","[""Mozambique"", ""Cyprus""]",>$50000,Unavailable,"[""Banking Professional""]",2004-04-08,Low,High,Medium,"[""High Quality""]","[""Acreage Holdings"", ""Planet 13 Holdings"", ""Vivo Cannabis""]",Low,"[""Technical Skills"", ""Experience with Waterfall Methodologies""]",High,High,Low,Medium,Compliant,Medium,"[""Postcards"", ""Videos"", ""Online Marketplaces""]","[""At course boy scene force happen evidence.\nEconomy allow five reach reach product. Whose audience mean might school. More beat employee book."", ""Study whose despite career. Development have thing serve law break three partner. Keep debate line event oil third hope."", ""Memory result hard increase. Whatever forward his mission decade. Before surface of ability. Back bag those shake education rather friend.\nOfficer great look research shoulder minute including.""]"
Pro681,Product,Product testing,Color rise physical watch be. Claim administration place themselves measure despite. Public focus require whatever special treatment spend.,,,Retail,"[""Point of Sale Systems"", ""Dispensaries"", ""Delivery Services""]","[""Security and Protection Services""]","[""Belize"", ""Solomon Islands""]",$10000-$50000,Unavailable,"[""Industry Professional"", ""Six Sigma Black Belt"", ""Registered Nurse (RN)""]",2024-04-17,Low,Medium,Medium,"[""Easy Integration""]","[""Columbia Care"", ""MPX Bioceutical""]",Medium,"[""Laboratory Equipment"", ""Experience with Cloud Services"", ""Project Management Experience""]",High,Low,Medium,Medium,Compliant,Medium,"[""TikTok""]","[""Own well lead fly war raise. Almost decide finally huge daughter. Tonight occur energy.\nWin program follow cold against food player. Behavior understand part music phone training."", ""Officer nice many prove speech yeah hotel. Even long computer. Image task know me senior outside.\nPolitics wide law continue. Visit still plan box source student project."", ""They network talk.\nEnd apply important summer run. Right child indeed mind travel glass. Another rate card fill want wall.""]"
Pro683,Product,Product design,"Expert campaign quality course be.
Knowledge have wrong different accept. Among street far cultural.
Painting three why. Style case nice vote country leg record.",,,Compliance,"[""Regulatory Compliance""]","[""Shipping"", ""Resorts and Casinos""]","[""Lesotho"", ""Rwanda"", ""Cayman Islands"", ""Bhutan"", ""Svalbard and Jan Mayen Islands""]",<1000,Limited,"[""CMA (Certified Management Accountant)"", ""SHRM-SCP (SHRM Senior Certified Professional)"", ""Workforce Development Specialist""]",2024-03-18,High,Medium,Low,"[""Cloud-Based"", ""Innovative""]","[""TILT Holdings"", ""Tweed""]",Low,"[""Blockchain Technology""]",Low,High,Low,Medium,Non-Compliant,Medium,"[""Industry News""]","[""In instead central great.\nPer better machine American similar a.\nUs true teacher accept trial central tend. Party fear some him put Mrs.""]"
Serv686,Service,Public relations,"Open street situation financial. Everything seat affect skin.
Dark voice official. Step turn he ago response.",,,Technology,"[""Security Systems"", ""Software Solutions""]","[""Business Equipment and Supplies""]","[""Taiwan"", ""Antigua and Barbuda"", ""Egypt"", ""Latvia""]",$0,Unavailable,"[""Six Sigma Black Belt"", ""SHRM-SCP (SHRM Senior Certified Professional)"", ""Product Marketing Specialist""]",2001-07-20,High,Low,Medium,"[""Easy Integration"", ""Comprehensive Support""]","[""1933 Industries"", ""The Green Organic Dutchman"", ""Acreage Holdings""]",Low,"[""Experience Leading Teams"", ""Laboratory Equipment""]",High,High,Medium,High,Compliant,Low,"[""Educational Series"", ""Local Sponsorships"", ""LinkedIn""]",[]
Pro687,Product,Seed genetics research,Thus sort check part call foot certainly. Treat art may yard recognize traditional company. Course brother policy campaign response husband.,,,Marketing,"[""Social Media Management""]","[""Metal Valve, Ball and Roller Manufacturing""]","[""Austria""]",$5000-$10000,Unavailable,"[""Product Sales Specialist"", ""Certified Supply Chain Professional (CSCP)"", ""Project Manager""]",2019-06-10,High,Low,Medium,"[""Cost-Effective"", ""Cloud-Based""]","[""Aphria""]",High,"[""Mandarin"", ""Experience Managing Budgets up to $100,000"", ""Web Application""]",Low,Low,High,Medium,Non-Compliant,Medium,"[""Annual Reports"", ""Retargeting Campaigns"", ""Community Forums""]","[""Enter third shake individual.\nWife professor good finish through figure. Particular movement wide sing find star."", ""Focus design present sort.\nGo must space increase respond beautiful. It human learn figure civil. Account common finally ok.""]"
Serv690,Service,Retail customer loyalty programs,"Official money seem stay city.
No voice fly where. Number successful old direction rule thank sign.",,,Recreational,"[""THC Products""]","[""Postal Services"", ""Media Production""]","[""Vietnam"", ""Latvia"", ""Trinidad and Tobago"", ""Senegal"", ""Micronesia"", ""Nigeria""]",$10000-$50000,Available,"[""Financial Planner"", ""Certified Data Management Professional (CDMP)""]",2014-04-13,High,High,High,"[""Easy Integration"", ""Advanced Technology"", ""Environmentally Friendly""]","[""Curaleaf Holdings"", ""Rubicon Organics"", ""TerrAscend""]",High,"[""Frequent Travel"", ""High-Speed Internet""]",High,Low,High,High,Compliant,High,"[""Customer Loyalty Programs"", ""Radio Advertising""]","[""Station officer call always say. Class hit political impact. At arrive actually million better open."", ""Church company cause difference newspaper inside about begin. Country away very almost.""]"
Serv692,Service,Consumer education programs,"Cultural ok director traditional brother. Character sell their.
Onto production rock sea price key. Same indicate both than. Bit identify everybody into little hour want.",,,Processing,"[""Labeling""]","[""Internet Retail"", ""Book and Periodical Publishing""]","[""Lebanon"", ""Ireland""]",>$50000,Available,"[""Customer Insights Specialist""]",1970-01-16,Medium,Medium,High,"[""Compact Design"", ""Low Risk"", ""High Quality""]","[""Emblem Cannabis""]",Low,"[""Ability to Lift a Certain Weight"", ""Teamwork""]",High,Low,Low,Low,Non-Compliant,Medium,"[""Blogs""]","[""Cultural fill size organization why. Body body center speech. Consider nothing yourself moment.\nSea establish some shake himself cover growth.""]"
Serv694,Service,Insurance underwriting,"Black involve rate method push lose up move. Seek card worry relationship the real player.
In take TV often. Situation this reality ask mind industry.",,,Education,"[""Workshops and Seminars"", ""Industry Reports"", ""Training Programs""]","[""Public Relations"", ""Facilities Services"", ""Artists and Writers""]","[""Djibouti"", ""Cuba"", ""Mozambique"", ""Guam""]",<1000,Limited,"[""Labor Market Analyst"", ""Microsoft Certified: Azure Administrator Associate"", ""HVAC Technician""]",2004-04-02,High,High,Medium,"[""Flexible"", ""Data-Driven"", ""Mobile-Friendly""]","[""Planet 13 Holdings"", ""Aleafia Health""]",Low,"[""Specific Industry Experience"", ""Availability""]",High,Low,High,High,Non-Compliant,High,"[""Magazines"", ""Dynamic Retargeting Ads"", ""Videos""]","[""Management factor herself best style. Difficult but sometimes himself. Final three realize line adult be.""]"
Serv696,Service,Research and development,Them yeah line view. The hair small animal might worry appear. Employee difference receive book ahead for vote summer. Least office lay man approach name follow.,,,Recreational,"[""Adult-Use Products"", ""THC Products"", ""Social Consumption Spaces""]","[""Home Improvement Retail""]","[""Panama"", ""Nigeria"", ""Mayotte"", ""Russia""]",$1000-$5000,Available,[],2007-07-06,Medium,High,Low,"[""Environmentally Friendly"", ""User-Friendly""]","[""iAnthus Capital Holdings"", ""Charlotte's Web Holdings"", ""Vireo Health""]",Low,"[""High-Performance Computing""]",Medium,Medium,High,Medium,Non-Compliant,Low,"[""Cannabis Conventions""]","[""Southern enough baby energy place popular. Method quite culture issue truth company.\nResource good candidate without. Join force why information."", ""End whom the. View natural reason alone race.\nMethod way be western. Seek environment follow wonder poor record left. Blue lay international bank back always son. Town learn Congress mind turn well."", ""Today for wall remain. Factor challenge cover soon. Half see behavior sign many camera.\nCup to tax set allow us. Skill out should space policy last president.""]"
Pro697,Product,Product ingredient sourcing,Bag remain watch station seven save doctor. Base none condition person TV account. Wonder near beat left care relate.,,,Retail,"[""Point of Sale Systems"", ""Delivery Services"", ""Dispensaries""]","[""Advertising"", ""Civic and Social Organization""]","[""Cura\u00e7ao""]",<1000,Limited,"[""Delivery Specialist"", ""Post-Harvest Technician""]",2023-02-15,Medium,Low,Medium,"[""High Capacity""]","[""Innovative Industrial Properties"", ""Columbia Care""]",Low,"[""Data Analysis"", ""Machine Learning Algorithms""]",Medium,Medium,High,Medium,Non-Compliant,Low,"[""Transit Ads"", ""Demonstrations and Workshops"", ""Virtual Events""]","[""Eye rule father forward speech free keep.\nLong system sign level affect crime test. Approach save huge physical.""]"
Serv700,Service,Advocacy organization,"Throw describe debate. Deep against fly total baby physical whether. Stage investment nation true easy office.
Strategy property anything fear pattern. Difficult budget country.",,,Accessories,"[""Storage Solutions"", ""Merchandise"", ""Apparel""]","[""Staffing and Recruiting""]","[""Tokelau""]",$5000-$10000,Available,"[""Public Relations Specialist""]",1998-06-09,Low,Low,Low,"[""Cost-Effective""]","[""The Supreme Cannabis Company"", ""Columbia Care"", ""Liberty Health Sciences"", ""MedMen Enterprises""]",High,"[""Experience with Cloud Services"", ""Communication Skills""]",Low,High,Low,Medium,Compliant,Medium,"[""Live Demos"", ""Sports Sponsorships"", ""Cannabis Conventions"", ""In-Feed Ads""]","[""Stage security base total security. Indicate together truth fish physical."", ""Determine cultural happy age. Year degree learn break since money.\nMother stay subject grow because company class structure. Film store past benefit. New just word letter fish produce along memory.""]"
Serv702,Service,Education and training,"Nothing blue year. Nothing he onto interesting fast air. Hot late west join great reflect.
Case me never. Money senior especially group run.",,,Technology,"[""Security Systems""]","[""Magnetic and Optical Media Manufacturing"", ""Government Relations""]","[""United States Minor Outlying Islands"", ""Yemen""]",$0,Unavailable,"[""Medical Specialist""]",2017-09-23,High,Low,Medium,"[""High Quality"", ""Customizable""]","[""High Times"", ""Indiva"", ""Cronos Group"", ""Wayland Group""]",Low,"[""Data Encryption"", ""Desktop Application"", ""Permanent Residency""]",Medium,Low,High,Medium,Compliant,Low,"[""Live Demos"", ""Blog Posts"", ""Newspapers"", ""Direct Mail""]",[]
Pro703,Product,Retail merchandising,"Next along read return simply short. Whose lay power strategy produce would policy.
Face wear over minute have pattern design. Point make imagine.",,,Processing,"[""Infusion"", ""Quality Control""]","[""Transportation/Trucking/Railroad""]","[""Malta"", ""Cyprus"", ""Guyana""]",$5000-$10000,Limited,"[""Mentor""]",2002-01-10,Medium,Medium,Medium,"[""Cloud-Based"", ""High Precision"", ""High Performance""]","[""High Times"", ""Valens GroWorks"", ""Rubicon Organics"", ""Aleafia Health""]",Low,"[""National Candidates"", ""Available within 1 Month""]",Low,High,Medium,Low,Compliant,High,"[""Television""]",[]
Serv706,Service,Investment banking,"Under attorney consider network agent beyond to. Your this challenge exactly.
Middle impact beautiful board argue region. Quickly commercial forget billion mother.",,,Marketing,"[""Market Research"", ""Branding""]","[""Advertising"", ""Engines and Power Transmission Equipment Manufacturing"", ""Food and Beverage Services""]","[""Saint Kitts and Nevis"", ""Zambia"", ""Bahrain"", ""Sint Maarten (Dutch part)"", ""Tajikistan""]",>$50000,Unavailable,"[""Edibles Chef"", ""Mentor""]",1974-07-25,Medium,High,Medium,"[""Durable"", ""Secure""]","[""Rubicon Organics"", ""TILT Holdings"", ""Vireo Health"", ""Indiva""]",Low,"[""Biometric Authentication""]",High,Medium,High,Medium,Compliant,High,"[""Product Launches"", ""Journalist Outreach"", ""Drip Campaigns"", ""Online Courses""]","[""Should girl outside election believe. Ago increase parent simple trial present. Near change visit size close model pretty.\nCoach lawyer memory simply his style their. Happy live how.""]"
Serv708,Service,Educational content creation,"Send point system money produce toward. Discussion quite wait central. Test a cultural stage herself.
Bill such where up national outside not across. Area matter law believe. Next attorney bad see.",,,Accessories,"[""Apparel"", ""Merchandise"", ""Consumption Devices""]","[""Web Design and Development"", ""Aluminum"", ""Computer and Network Security""]","[""Grenada"", ""Slovenia"", ""Niue"", ""United States Minor Outlying Islands"", ""San Marino"", ""Guatemala""]",$0,Available,"[""Team Building Facilitator"", ""HVAC Technician"", ""Public Relations Specialist""]",1980-12-26,High,Low,Medium,"[""Advanced Technology"", ""Multi-Language Support"", ""High Capacity""]","[""Jushi Holdings"", ""Auxly Cannabis Group"", ""Tilray""]",Low,"[""Associate's Degree"", ""Specific Hardware Proficiency"", ""National Candidates""]",Low,High,Medium,Medium,Non-Compliant,High,"[""Referral Programs"", ""Infographics"", ""Industry Journals""]","[""And current operation important experience. Source own movie live.\nWorld budget build source character. Receive plan job must improve live course fall. Citizen audience skin.""]"
Pro709,Product,Health and wellness products,Money tonight knowledge throughout election pretty. Nothing represent north single consider treatment under. Direction beat operation effort away second. A thought me put strategy.,,,Technology,"[""IoT and Automation"", ""Data Analytics"", ""Security Systems""]","[""Vocational Training"", ""Pharmaceuticals""]","[""Moldova"", ""Venezuela"", ""Guatemala"", ""Tonga""]",$10000-$50000,Available,[],1975-01-07,High,High,Low,"[""High Precision""]","[""Emblem Cannabis"", ""KushCo Holdings"", ""MedMen Enterprises"", ""The Green Organic Dutchman""]",High,"[""Backup and Recovery Systems"", ""Security Clearance Level 3""]",Low,Medium,High,Medium,Non-Compliant,High,"[""Industry Journals"", ""Billboards""]","[""May will kitchen letter like into occur. Company nice probably course nothing benefit try.\nAbove care might modern energy. Program might require."", ""Green loss close animal. Money rather still box. West color management herself."", ""Quickly that statement include why tonight. Join keep Congress adult tree between. Should hotel happy use strong several.""]"
Pro711,Product,Seed genetics research,"Result series again threat school skill. Shake support buy report. Possible book provide be senior help.
Each partner natural ok. Maybe price about might key. Value to brother prevent.",,,Processing,"[""Extraction"", ""Labeling""]","[""Fine Arts School""]","[""Tonga"", ""Antarctica"", ""Portugal"", ""Japan"", ""Ecuador""]",$5000-$10000,Available,"[""Packaging Technician""]",1977-01-14,High,Low,Low,"[""Customizable""]","[""TerrAscend"", ""Indiva""]",Low,"[""Language Proficiency"", ""Available within 1 Month"", ""Software Development Kit (SDK)""]",High,Medium,High,Medium,Non-Compliant,High,"[""TikTok"", ""Video Ads"", ""Brand Ambassadors""]","[""Maintain assume watch. While white candidate write early dark ground. Drop fight almost adult discuss phone capital.\nEven might step billion energy military. Something employee cover might leg."", ""Next ball available cost standard collection home with. Be stop throw growth most shake may.\nEducation tonight remain accept economic agency.""]"
Pro713,Product,Packaging solutions,"Best father all heavy understand room hit. Ahead area interest medical low teacher if performance.
Mrs key indicate between night risk. Treatment suffer avoid stand.",,,Compliance,"[""Licensing"", ""Regulatory Compliance"", ""Auditing""]","[""Computer Networking"", ""Motor Vehicle Parts Manufacturing"", ""Industrial Distribution""]","[""Panama"", ""Denmark""]",<1000,Limited,"[""Team Building Facilitator""]",2001-12-10,Medium,Low,Medium,"[""Low Risk"", ""AI-Integrated""]","[""Rubicon Organics"", ""Vivo Cannabis"", ""Neptune Wellness Solutions"", ""Acreage Holdings""]",High,"[""Machine Learning Algorithms"", ""Permanent Residency""]",High,Low,High,Low,Compliant,High,"[""Journalist Outreach"", ""Industry Experts"", ""Partnerships""]","[""Yard mind government. Case middle southern while. Part gas health hand focus.\nFund thought force enter finally apply."", ""Interesting forward couple word thing. Seek Congress itself certain.\nPerson school behavior he bag. Next require president so candidate free allow.\nBit share avoid national exist. Push about join.""]"
Pro715,Product,Technology patents,"Only hundred military him argue. Pay long reflect music feel carry. Wrong eye necessary cut.
Yeah next much knowledge. Body exist foreign your discuss education sign.",,,Cultivation,"[""Genetics and Breeding"", ""Hydroponics"", ""Indoor Growing""]","[""Internet"", ""Diagnostics and Research"", ""Market Research""]","[""Taiwan"", ""Lithuania"", ""Haiti"", ""Panama"", ""Russia"", ""Azerbaijan""]",$1000-$5000,Unavailable,"[""CMA (Certified Management Accountant)""]",1993-08-09,Medium,Low,Low,"[""Flexible"", ""Cloud-Based"", ""Fast Delivery""]","[""Liberty Health Sciences""]",High,"[""Standing for Long Periods""]",Medium,Low,Medium,Medium,Non-Compliant,Low,"[""Virtual Events"", ""Print Advertising"", ""Amazon"", ""Google Ads""]","[""Current spend environmental. Practice large open project position on beyond. Thus executive onto.\nCurrent clear little thousand assume third station. Dark community experience read."", ""Energy age wide compare available owner. View future suggest more miss but.\nSee thank member key open. Improve to good eye rate well him.\nHold per itself challenge.""]"
Serv718,Service,Industry analytics,"Every compare however drug year. Seven per himself move all. Whatever entire leave whole never identify area.
Sing grow safe. Make yourself not.
All sell allow president.",,,Marketing,"[""Advertising""]","[""Electrical And Electronic Manufacturing"", ""Department Stores"", ""Public Health""]","[""Iraq""]",$10000-$50000,Available,"[""Genetics Specialist"", ""Sales Representative"", ""Certified Ethical Hacker (CEH)""]",1991-01-16,Low,Medium,High,"[""Flexible"", ""High Capacity"", ""Easy Integration""]","[""Tweed""]",High,"[""Software/Hardware Requirements""]",High,Low,High,Medium,Non-Compliant,High,"[""Cannabis Conventions""]","[""Family the to admit. Last audience how star easy stuff town. Lose plan ago book to dream rich."", ""Finish well bank act several. Under fine fast whole pattern real young. Everyone call result operation themselves determine where.""]"
Serv720,Service,Retail analytics,"Across force much across ask trip those. Body police recently fact like executive. Floor reason run hour.
Present us exist prove indeed. National beyond paper point. Six recently sea.",,,Technology,"[""Data Analytics""]","[""Asset Management"", ""Executive Search Services"", ""Museums and Institutions""]","[""Myanmar"", ""Monaco"", ""Kyrgyzstan"", ""Andorra"", ""Northern Mariana Islands"", ""Yemen""]",$1000-$5000,Available,"[""PMP (Project Management Professional)"", ""CPA (Certified Public Accountant)"", ""Security Specialist""]",1981-08-21,High,High,Low,"[""Customizable"", ""Easy Integration"", ""Scalable""]","[""Green Thumb Industries""]",Low,"[""Software/Hardware Requirements"", ""Background Check""]",Medium,Low,Medium,Medium,Compliant,Low,"[""Annual Reports"", ""Flyers"", ""Online Marketplaces"", ""Speaking Engagements""]","[""Second take remember discuss affect born. Past big around defense carry when.\nThroughout attorney think military if.\nExpert than once seem. Begin dream stand type detail there."", ""Mission news something hold toward perhaps until. Sister suffer stuff measure about activity rich."", ""Simple purpose receive. See live former last especially interest little.\nAccording entire often small clearly bank past. Truth can find.""]"
Pro721,Product,Technology patents,"Form PM military analysis walk. Score magazine travel.
Necessary popular money fall particular here.
Option writer stock power book. First general in project argue. Finish story drop season job any.",,,Recreational,"[""THC Products"", ""Social Consumption Spaces""]","[""E-Learning Providers"", ""Information Technology and Services"", ""Airlines/Aviation""]","[""Czech Republic"", ""Bhutan"", ""Dominica"", ""Central African Republic"", ""Grenada"", ""Ukraine""]",$1000-$5000,Available,"[""Pest Management Specialist"", ""Product Safety Tester"", ""Six Sigma Black Belt""]",1982-04-17,Medium,Medium,Medium,"[""Compact Design""]","[""Aphria"", ""Valens GroWorks"", ""Supreme Cannabis""]",Medium,"[""Serverless Architecture"", ""Software/Hardware Requirements"", ""IoT Integration""]",Medium,Low,High,Medium,Non-Compliant,Low,"[""Industry Expos"", ""Joint Ventures"", ""Online Marketplaces""]","[""Middle matter adult. Should else indicate including water. Change support person.\nSubject bill there man. Second could reason available oil accept. Around experience bed miss wall behind.""]"
Pro723,Product,Product recycling programs,"Best money job today stop smile surface. Reflect management seat yet despite many summer fall. Back country end road young.
Choice everyone week each. Foot soon fear. Drop early today wonder.",,,Education,"[""Training Programs"", ""Industry Reports""]","[""Aerospace"", ""Equipment"", ""Personal Care Services""]","[""Laos"", ""Guinea-Bissau"", ""Mauritius"", ""Sao Tome and Principe""]",$5000-$10000,Limited,"[""Compliance Consultant"", ""Product Marketing Specialist"", ""Financial Planner""]",1999-12-07,Medium,Medium,High,"[""Industry-Compliant""]","[""Planet 13 Holdings"", ""Vivo Cannabis"", ""MariMed""]",Low,"[""Local Candidates Only""]",High,Medium,Low,Medium,Compliant,Low,"[""Amazon"", ""Community Events""]",[]
Pro725,Product,Farming equipment,"Leader mind read back. Picture check government order western word.
Heart mean break operation buy own. Sell choice nearly there get should. Area western line evening.",,,Processing,"[""Quality Control"", ""Extraction"", ""Edibles""]","[""Periodical Publishing"", ""Weapons""]","[""Mozambique"", ""Germany"", ""Mauritius""]",$10000-$50000,Unavailable,"[""SHRM-SCP (SHRM Senior Certified Professional)"", ""Event Coordinator"", ""Trainer""]",2015-07-22,Medium,Low,Low,"[""Sustainable""]","[""CannTrust Holdings"", ""1933 Industries"", ""Acreage Holdings""]",Low,"[""Experience Leading Teams"", ""Executive-Level""]",High,High,High,High,Non-Compliant,Medium,"[""Content Marketing"", ""Pay-Per-Click (PPC) Advertising"", ""Video Marketing""]","[""Time travel place drug can consumer news.\nRead mouth also provide cut. Night thing agent we almost education power.\nPolicy of get make. Politics win everyone big number."", ""Others you your cut talk other. Government get age center church ever least. Huge modern become own agreement.\nAction carry about director can. Accept there wife evidence give him.""]"
Serv728,Service,Industry training programs,Country staff management above better partner. Point under risk total protect door where. These wide position fill common tree again even.,,,Recreational,"[""THC Products""]","[""Electrical And Electronic Manufacturing"", ""Data Storage"", ""Water Power Generation""]","[""Eswatini"", ""Reunion"", ""Argentina"", ""North Macedonia""]",<1000,Available,"[""Cisco CCNA (Cisco Certified Network Associate)""]",1976-06-18,Low,High,Low,"[""Cloud-Based""]","[""Aleafia Health"", ""CannaRoyalty Corp"", ""Neptune Wellness Solutions""]",Medium,"[""Minimum Years in Industry"", ""Time Management"", ""Communication Skills""]",Low,Low,Low,High,Non-Compliant,Low,"[""Blog"", ""Direct Mail"", ""Internal Newsletters""]",[]
Serv730,Service,Community engagement,These third bad prove. Bar establish knowledge sense consider reality. Sea east last ground fish candidate camera.,,,Marketing,"[""Advertising"", ""Market Research""]","[""Tour Operators"", ""Accessible Hardware Manufacturing"", ""Information Technology Services""]","[""Saint-Martin (French part)""]",>$50000,Unavailable,"[""Policy Advocate"", ""Security Specialist"", ""Community Outreach Specialist""]",2011-03-28,Low,Medium,Low,"[""Secure""]","[""Neptune Wellness Solutions"", ""Indiva""]",Medium,"[""Soft Skills""]",Low,Medium,Medium,High,Compliant,Low,"[""Instagram"", ""Video Ads"", ""Industry Expos"", ""Referral Programs""]","[""Commercial knowledge himself military party understand rate. Movement standard forward reach baby all. Board special become away present."", ""Reduce watch decide knowledge more. Star model teach each audience these employee. Green election writer common might easy attention.""]"
Serv732,Service,Technology incubator,"Source often catch tend. Stage land skin one wrong source majority discover.
Ago learn explain station drug certainly audience policy. Whether behavior face listen certain law.",,,Recreational,"[""Event Organizing"", ""Adult-Use Products""]","[""Medical Practice""]","[""Czech Republic"", ""New Caledonia"", ""Mayotte"", ""San Marino"", ""Nicaragua""]",>$50000,Limited,[],2021-02-24,Low,Low,Low,"[""AI-Integrated""]","[""Vivo Cannabis"", ""The Flowr Corporation""]",High,"[""Specific Hardware Proficiency"", ""Spanish""]",High,High,Low,Medium,Non-Compliant,High,"[""Product Launches"", ""Outdoor Advertising (Billboards, Posters)"", ""Online Display Advertising""]","[""Bill someone rest door candidate consider stand. Bit modern plant practice animal. Successful game suggest recently least drug light vote."", ""Probably miss rich performance piece political. Any suggest leg across party go east bill."", ""Environment hair ready might news cultural hotel. Realize tree food pull agent.\nRepresent firm soon wall. While I subject town we coach face. Impact paper try TV serve value specific manager.""]"
Serv734,Service,Import and export services,Material military face ok heart while indeed. Or take billion act. Relationship field require.,,,Technology,"[""Data Analytics""]","[""Specialty Business Services""]","[""Lebanon""]",$0,Limited,"[""Edibles Chef""]",1976-04-02,Low,High,Medium,"[""Comprehensive Support""]","[""Harvest One Cannabis""]",High,"[""Professional Certifications"", ""Communication Skills"", ""Mid-Level""]",Medium,Medium,Low,Low,Compliant,High,"[""Internal Newsletters"", ""Pay-Per-Click (PPC) Advertising"", ""Posters""]","[""Kitchen continue father four lot player reality. Interest off thank realize consider. Family box husband baby.\nBefore under owner identify system. Reflect many better report.""]"
Serv736,Service,Industry analytics,"Leave indeed back. Event west machine option activity later large.
Tree off good throughout scene. Night military town yes PM. Get develop bag.
Discuss age enter. Pay pass themselves evening.",,,Processing,"[""Extraction"", ""Infusion""]","[""Information Services"", ""Mortgage Finance""]","[""Sint Maarten (Dutch part)"", ""Syria"", ""Ukraine""]",>$50000,Unavailable,"[""Customer Service Representative"", ""Farm Manager"", ""Cultivation Consultant""]",1983-06-25,Medium,Low,High,"[""Low Maintenance""]","[""MedMen Enterprises"", ""Aphria"", ""Cresco Labs""]",Low,"[""Experience with Cloud Services""]",High,High,Medium,Low,Compliant,Low,"[""Media Kits"", ""Amazon"", ""Joint Campaigns"", ""Event Sponsorships""]","[""Require new recent management everybody organization book role. Investment area far town. Executive eat enter democratic newspaper center.\nRecord rock first church lead join lose."", ""Section attention friend late what short. Either under successful pretty reason expect site.\nEver current agreement. Success scene message top relate. Yourself campaign thank.""]"
Pro737,Product,Packaging solutions,"President movement parent. Sea increase really so.
Argue join mind from. Eye door themselves position himself service. Professor matter teach daughter majority language how message.",,,Cultivation,"[""Outdoor Growing""]","[""Building Products and Equipment"", ""Video Post-Production"", ""Computer and Network Security""]","[""Malta"", ""Tonga"", ""Belize"", ""Nicaragua"", ""Uruguay"", ""South Korea""]",$0,Limited,[],1997-09-23,High,High,High,"[""Innovative"", ""Energy Efficient"", ""High Capacity""]","[""Trulieve Cannabis""]",Low,"[""Virtual Reality"", ""Continuous Integration/Continuous Deployment (CI/CD)"", ""Senior-Level""]",Medium,Low,High,Low,Compliant,Medium,"[""Customer Alerts"", ""Public Relations (PR)"", ""Journalist Outreach""]","[""Last fast physical life. Song sign others threat fight great house card. Art while skin reduce pull person.""]"
Serv740,Service,Technology incubator,"Again marriage daughter realize today director economy. Writer truth major center purpose.
Book little listen.
Art common keep stand. Myself window environment man.",,,Recreational,"[""Social Consumption Spaces""]","[""Social Organizations"", ""Residential Building Construction""]","[""Malaysia"", ""Armenia""]",>$50000,Available,"[""Edibles Chef""]",1999-07-11,Low,High,Low,"[""Compact Design""]","[""TILT Holdings"", ""Auxly Cannabis Group"", ""Wayland Group"", ""TerrAscend""]",Low,"[""Artificial Intelligence""]",High,Low,Low,Medium,Non-Compliant,Low,"[""Affiliate Networks"", ""Community Events"", ""Content Marketing""]","[""Including right everybody least. Study impact foot wall second appear father.\nMoney tend grow radio. Ready decide others week. Smile to particular voice hit."", ""Subject lose million adult.\nArm within return allow. Board possible include per.\nAdmit dog whose society turn back field. Reach management agent.""]"
Serv742,Service,Market forecasting,Stuff beyond less lawyer clearly professor. Radio policy discuss inside. Let government stock half little.,,,Marketing,"[""Social Media Management"", ""Advertising""]","[""Weapons"", ""Ambulance Services""]","[""Antarctica"", ""Seychelles"", ""Heard Island and McDonald Islands"", ""Czech Republic"", ""Western Sahara"", ""Equatorial Guinea""]",$1000-$5000,Limited,[],2004-12-15,Medium,Low,Low,"[""Durable""]","[""Tilray"", ""Harvest Health & Recreation"", ""Harvest One Cannabis""]",High,"[""Multi-Factor Authentication"", ""Educational Qualifications"", ""Desktop Application""]",High,Low,High,Low,Compliant,Medium,"[""Radio"", ""Industry Expos""]","[""Available skill fly bit heart. Tv able sort include.\nFast water without girl none entire hospital. Short bar social with.\nShould cost character first recent. Not cost land. Series religious PM let."", ""Chair senior quickly very official expert including. Short buy government seem.\nDespite mouth subject night power. Rate door game good."", ""Test back others yard decide could. Onto challenge half cup start.\nBox yes sing science. Site we check cover while worry. Behavior hot police foot everybody.""]"
Pro743,Product,Trade publication,Free laugh also day quite policy. Smile difference film minute per. Style if similar heavy personal cost.,,,Medical,"[""Patient Care""]","[""Banks - Diversified"", ""Performing Arts"", ""Healthcare""]","[""North Korea"", ""French Southern Territories"", ""French Polynesia"", ""Comoros"", ""Democratic Republic of the Congo""]",$0,Unavailable,"[""Quality Assurance Technician"", ""Entrepreneurship Coach""]",1974-03-01,Medium,Medium,Medium,"[""Advanced Technology"", ""Energy Efficient""]","[""Tilray"", ""Rubicon Organics"", ""Emblem Cannabis""]",High,"[""Backup and Recovery Systems"", ""Technical Skills"", ""Ability to Lift a Certain Weight""]",Low,Medium,Low,Low,Compliant,Medium,"[""Catalogs"", ""Television Advertising"", ""Joint Campaigns""]","[""Wide late national try whom evening with. Reduce ready leg young article. Force movie performance recently put author here.""]"
Pro745,Product,Product supply chain transparency,"Worker something skin experience window southern. Election hour could street article base fish.
Property agent truth plan whole. Them shoulder teacher six raise. Base share region land.",,,Education,"[""Workshops and Seminars""]","[""Beverage Manufacturing"", ""Oil and Gas Midstream""]","[""Malaysia""]",$10000-$50000,Limited,"[""Certified Business Analysis Professional (CBAP)"", ""Entrepreneurship Coach"", ""CFA (Chartered Financial Analyst)""]",1983-06-10,Medium,Low,Medium,"[""Reliable"", ""Multi-Language Support"", ""Industry-Compliant""]","[""iAnthus Capital Holdings"", ""TILT Holdings"", ""Liberty Health Sciences""]",Low,"[""Artificial Intelligence"", ""Experience Managing Multiple Projects""]",Medium,Medium,Medium,Medium,Compliant,High,"[""Pop-Up Ads""]","[""Raise themselves dog star society. Wrong two throw spend. Call key street.\nEvening computer possible listen. Section low center style."", ""Growth night add culture. Challenge increase serious fire industry interesting myself. Strategy moment allow operation arrive participant."", ""Entire car or sure art risk. Change billion speech level kind care church.""]"
Pro747,Product,Retail POS systems,Full capital exist fund easy. Price current something appear capital do.,,,Cultivation,"[""Greenhouse Growing"", ""Indoor Growing"", ""Genetics and Breeding""]","[""Glass, Ceramics and Concrete"", ""Farm and Construction Equipment""]","[""Belgium"", ""Mongolia"", ""Saudi Arabia""]",$10000-$50000,Available,"[""SHRM-CP (SHRM Certified Professional)""]",2000-08-21,Low,Medium,Medium,"[""Cloud-Based""]","[""OrganiGram Holdings"", ""Vireo Health"", ""Vivo Cannabis""]",Low,"[""Master's Degree"", ""Machine Learning Algorithms"", ""Database Management System""]",Medium,Low,Low,Medium,Non-Compliant,High,"[""White Papers and eBooks""]",[]
Pro749,Product,Product supply chain transparency,"Child tree provide southern return seat. Poor policy forward sign common across.
Up production their find. Worker kind these degree.",,,Recreational,"[""Adult-Use Products"", ""Event Organizing""]","[""Computer Networking"", ""IT Systems Operations and Maintenance""]","[""South Africa"", ""Martinique"", ""Bahrain"", ""Turks and Caicos Islands""]",<1000,Limited,"[""Researcher"", ""Extraction Technician"", ""Patient Care Advocate""]",1975-11-20,High,Medium,Low,"[""Comprehensive Support""]","[""KushCo Holdings"", ""MedMen Enterprises""]",Medium,"[""Experience with Cloud Services"", ""Serverless Architecture""]",High,Low,Medium,Medium,Compliant,Low,"[""Community Events""]",[]
Pro751,Product,Farming equipment,"Rather any television hear fact cover star college. Discover successful player character technology cultural.
Trade his security such air management month. Himself daughter avoid affect.",,,Accessories,"[""Merchandise"", ""Apparel"", ""Storage Solutions""]","[""Newspaper Publishing"", ""Aviation and Aerospace Component Manufacturing""]","[""Sri Lanka"", ""Spain"", ""North Macedonia""]",$5000-$10000,Limited,"[""Lighting Technician"", ""SHRM-CP (SHRM Certified Professional)"", ""ITIL (Information Technology Infrastructure Library)""]",2017-11-06,Medium,High,Medium,"[""High Precision"", ""Cloud-Based""]","[""Valens GroWorks"", ""MPX Bioceutical""]",High,"[""High-Performance Computing"", ""Citizenship""]",High,Medium,Medium,Medium,Non-Compliant,High,"[""Video Marketing"", ""Outdoor Advertising (Billboards, Posters)"", ""Industry Expos""]","[""Federal which care receive join. Institution bring Mr city. After marriage sport better drop ask member.\nBy off part thought significant individual. Detail office sort practice."", ""Crime small happen bring they way. Matter discussion fine along box.\nYet program allow explain. Staff whether government few after again world quality."", ""Arm decision bank organization generation. Yeah story middle strong. Culture within particularly sign.\nMovie hit seat summer break race choice. Along bad record bring.""]"
