id,title,source,url,summary,slug,entry_type,author,content,author_name,author_image,content_vector,categories,tags,address,location,week_day,start_date,start_time,end_date,end_time,created_at,updated_at
EV001,Team-oriented context-sensitive pricing structure,williams-huber.com,http://rivera.com/,Fly there well instead foreign prevent.,spring-card-many,manual,88.0,Direction wrong measure cell must side describe. Result card agency exist message. Project me explain cut city.,Brittany Valdez,,,Business & Finance,"['Health', 'Politics', 'Science']","982 Thompson Fort
Everettborough, VI 08335",Guinea-Bissau,thursday,2024-07-16,21:52:59,,13:57:37,2022-11-22 21:58:57.236249,2022-06-25 11:03:08.798193
EV002,Future-proofed encompassing model,griffin-holt.biz,http://holmes.com/,Everything understand heavy.,argue-thought-field,manual,13.0,"Reason senior seem her claim. World about data last make.
Paper certainly political world voice recently live. Where cost fund step difference.",Andrea Smith,,,Technology,"['Entertainment', 'Business & Finance', 'Sports', 'Politics', 'Health']","18935 Hamilton River
South Amandahaven, WV 29095",Montserrat,thursday,2024-03-04,11:30:19,,07:31:16,2020-10-26 11:39:20.452727,2020-11-02 04:51:45.464562
EV003,Compatible stable attitude,NACB,http://nelson.com/,Born water amount easy water never.,western-none-front,manual,19.0,"Military raise tree doctor where either carry. Scene him this catch.
Including catch second music nation contain human. Decade assume budget record speak thank many.
Mrs television try top both hot.",Aaron Marshall,,,Politics,"['Science', 'Technology', 'Politics', 'Health']","5851 Gonzalez Grove
Lyonsfurt, ME 27325",Central African Republic,saturday,2024-01-28,23:31:25,,,2022-10-30 17:06:52.713136,2021-03-24 03:19:58.119709
EV004,Front-line object-oriented definition,NACB,http://gould-dyer.net/,New south international pick subject your.,model-nor-arm-argue,manual,,"But pay star mission population under speech. Space place capital ever. Value program writer hard paper throw tax.
Anyone later deep. Tree when American suggest. Into heavy be shoulder.",Connor Jackson,,,Sports,['Health'],"852 Michelle Point Apt. 498
Marcside, MD 86497",Antigua and Barbuda,tuesday,2024-04-05,23:24:20,2024-03-22,19:13:51,2021-05-08 14:44:45.854292,2024-05-13 05:01:54.857302
EV005,Adaptive well-modulated definition,lewis.com,http://smith.net/,Certain bar manager week.,dark-seven-remain,auto,23.0,Leader produce expert assume seek mouth sit. Exactly between usually themselves raise western. Soon him fear popular rich.,Edwin Acosta,,,Technology,['Technology'],"8148 Austin Union Suite 677
New Kelly, NY 77393",Reunion,thursday,2024-07-06,21:11:42,2024-02-27,20:56:32,2020-10-21 03:05:01.153147,2020-03-26 01:24:57.933682
EV006,Inverse client-server frame,NACB,http://www.aguirre-brown.com/,Hospital scene five same letter or tree.,specific-unit-seven,manual,98.0,"Focus skin discover. Thousand source manage human.
Mean chair general that compare entire. Travel last moment attention. Firm hospital student friend control.",David Smith,,,Technology,"['Science', 'Technology', 'Sports', 'Business & Finance']","5328 Porter Pines Suite 893
Rosalesbury, CT 91805",Bulgaria,monday,2024-07-06,23:06:57,2024-07-10,16:02:26,2020-12-12 17:06:45.691691,2020-07-29 23:12:13.125991
EV007,Realigned next generation pricing structure,NACB,https://www.flores.net/,What find easy middle red decide stuff my.,note-available-set,manual,24.0,Focus heart this require. Learn low former computer affect goal report. Identify easy past so two decision month.,Elizabeth Ramos,,,Science,"['Sports', 'Health', 'Technology']","10075 Jones Square
Lake Andrewview, ID 59908",Christmas Island,sunday,2024-04-20,17:14:32,,06:35:05,2022-04-22 07:58:45.674932,2021-04-06 20:28:41.358485
EV008,Intuitive uniform project,hill.com,https://moore-brown.com/,Indeed now lose see send black around.,we-skin-majority,auto,,Win want ball realize watch another once. Adult street wife court season beat hundred. Lose himself away great first reveal source.,Michael Patrick,,,Health,"['Sports', 'Entertainment', 'Science', 'Business & Finance', 'Technology']","4340 Day Center
Stacyport, NC 36412",Tanzania,friday,2024-03-15,05:22:02,2024-03-22,17:05:04,2021-05-31 04:46:11.159739,2023-12-16 16:48:21.216172
EV009,Distributed multi-state moratorium,turner.net,http://www.woods.com/,Whether back to attack she Mr.,bag-difficult-ahead,manual,,"Clearly paper almost.
Despite morning apply art scientist bag.
City wife with beyond evening. Range analysis notice charge sport lay end. Administration might read relationship service very think.",Ronald Dennis,,,Technology,"['Health', 'Technology', 'Science', 'Sports']","11153 Shepherd Center
Moorefort, NC 84847",Iceland,thursday,2024-04-07,07:15:47,2024-04-24,10:33:51,2022-09-22 05:55:08.978845,2020-04-18 11:04:00.626967
EV010,Synchronized 24/7 contingency,NACB,http://sanchez-harrison.com/,Ok next your professor plan.,indicate-brother,manual,,"Suddenly course lose visit real. Public and current government.
Show most there free. Cup to your its recently.",Carl Flynn,,,Health,"['Business & Finance', 'Technology', 'Sports', 'Science']","USNS Harding
FPO AE 75941",Nigeria,friday,2024-06-22,00:43:35,2024-06-06,10:31:28,2024-08-04 20:38:05.035394,2020-10-16 15:10:54.738774
EV011,Cross-group system-worthy function,larson-robertson.com,https://huffman.net/,Always physical every they whether recognize.,moment-fly-beat,auto,36.0,Once memory no each including structure father blue. Ever particular vote push. Card threat blood deep rate.,Timothy Potter,,,Health,"['Sports', 'Politics', 'Science', 'Health']","Unit 1443 Box 9623
DPO AE 55255",Guadeloupe,wednesday,2024-02-07,20:36:47,2024-02-11,,2020-02-09 20:06:28.214965,2020-09-21 21:35:31.497486
EV012,User-centric methodical installation,NACB,http://morales.com/,Ability boy age.,mind-edge-seek,manual,42.0,"Within same these today task. Turn us performance over possible environmental across. Keep big maybe before conference.
Sell shoulder machine through church skin. Avoid second process response.",Elizabeth House,,,Entertainment,"['Science', 'Technology', 'Politics', 'Entertainment', 'Business & Finance']","2008 Mcdonald Via Suite 120
Knappton, NC 80225",Bolivia,friday,2024-06-17,18:01:02,,05:39:16,2023-03-11 03:45:56.422976,2022-04-16 15:56:02.551764
EV013,Multi-tiered executive algorithm,NACB,https://ruiz.com/,Free simply home range.,office-book-part,auto,,"Side represent street sea them food suffer. Religious per race from.
Safe mission really clearly skin ability large. Sometimes music feeling. Message analysis protect expert sister.",Allison Manning,,,Health,"['Technology', 'Politics']","211 Herrera Village
Davismouth, ME 78145",Chile,thursday,2024-07-10,22:53:27,2024-04-13,,2020-07-19 13:34:44.042934,2021-06-23 18:13:24.201956
EV014,Optional mobile Local Area Network,watts.biz,http://gray.com/,Movement while matter successful.,along-think-on-with,auto,30.0,Even new plan respond. Fight your something available dog center hand attack.,Maurice Brown,,,Health,"['Sports', 'Business & Finance', 'Politics', 'Science', 'Health']","3562 Nathan Neck
New Jared, MS 35370",Chad,friday,2024-04-12,00:58:34,,01:43:28,2022-02-07 06:12:25.546919,2022-03-29 04:55:53.386722
EV015,Fully-configurable heuristic database,NACB,http://garner.com/,Least sometimes perhaps wide hundred add forward.,walk-hundred-these,manual,,Owner theory occur there democratic behind body strong. Throw mention mission police between.,Matthew Dominguez MD,,,Business & Finance,"['Sports', 'Entertainment', 'Health', 'Technology', 'Business & Finance']","1599 Figueroa Common Suite 888
Lake Deanshire, VT 46043",Botswana,wednesday,2024-03-13,16:58:41,,01:44:04,2020-12-29 08:26:45.311392,2022-09-16 00:13:23.691864
EV016,Adaptive tertiary application,clements.biz,http://burns-myers.biz/,Thus data along.,feel-rise-hospital,manual,67.0,Agent hear high project over pass. Get newspaper knowledge big federal next.,Lori West,,,Technology,"['Science', 'Sports', 'Health', 'Entertainment', 'Technology']","7018 Michaela Junction Suite 085
Margaretburgh, ID 36899",Nepal,wednesday,2024-05-26,09:45:25,,,2020-12-12 07:21:39.230382,2023-06-19 11:33:32.321535
EV017,Persevering uniform structure,NACB,http://www.fitzgerald.org/,Tax drug front school much only.,west-president-safe,manual,,"Himself fund then fill. They player rate service. Worry push nation place season three.
Figure see myself choice real meeting. National court television.",Sarah Cobb,,,Health,"['Politics', 'Entertainment', 'Sports', 'Technology']","PSC 1772, Box 9501
APO AP 77188",Samoa,sunday,2024-05-13,23:33:23,2024-05-19,,2023-05-08 01:31:32.402724,2021-05-27 06:53:30.217515
EV018,Down-sized user-facing neural-net,higgins.com,https://curtis.com/,Care really really operation fine.,challenge-hour,manual,94.0,"They ok behavior discussion develop father human program. Newspaper score party hit lot condition. Service guy amount.
Street already bar special remember TV.",James Miller,,,Technology,"['Health', 'Technology', 'Science', 'Entertainment']","420 Christopher Point Suite 119
East Jessicaside, IL 50295",China,tuesday,2024-03-29,07:18:21,2024-02-27,09:12:04,2024-03-19 09:07:41.967110,2020-05-25 14:19:16.963581
EV019,Open-source mission-critical flexibility,NACB,https://www.david-schultz.com/,Play which think behind.,what-prove-though,auto,31.0,"Say no away education. Poor exactly end.
Continue care wall may control. Quite impact paper task cultural other sit line.",Jose Gross,,,Business & Finance,"['Business & Finance', 'Entertainment']","861 Carroll Dale Suite 036
North Christopher, PR 11746",Congo,wednesday,2024-02-09,07:42:46,2024-05-06,14:49:46,2023-07-11 16:51:16.463915,2021-04-04 11:20:57.931668
EV020,Customizable systematic orchestration,spencer-morrow.biz,https://jones-haley.biz/,Ask require eat door.,story-nor-tonight,auto,,"International treatment seem face yourself above. Wall return stage recognize. Half market each.
Past can management Mrs. Feel debate minute now. One may huge great station less hair.",Stacey Short,,,Sports,"['Health', 'Business & Finance', 'Science']","9777 Mcknight Lodge
Judyborough, AZ 80163",South Africa,saturday,2024-05-05,02:40:10,2024-02-11,04:10:06,2020-03-31 08:35:36.161207,2020-03-07 21:38:50.875540
EV021,Versatile homogeneous time-frame,NACB,https://stone-wilson.com/,Show media during partner beat provide.,music-system-plan,manual,45.0,"Board break truth daughter method current option model. Off focus draw rest plant do. Strong recently culture impact late improve nice.
Popular present gun though trade class.",Kathleen Hall,,,Health,"['Entertainment', 'Science', 'Sports', 'Business & Finance', 'Politics']","7611 Nicole Station Apt. 770
West Cameron, MN 91786",Saint Vincent and the Grenadines,friday,2024-01-03,22:28:10,2024-05-18,,2020-06-02 05:24:42.266648,2021-12-31 17:07:04.097414
EV022,Horizontal heuristic pricing structure,carroll-ball.biz,https://garcia.info/,Open year particularly side push area available campaign.,republican-short,auto,51.0,"Green church study between she news cut ready. Republican choice write thus reflect whatever.
Artist start kind defense rule. Wall official feel dark. Us according station clear eight beat.",Jordan Perry,,,Sports,['Politics'],"147 Tran Valley Suite 502
Terriville, SD 22672",Nepal,monday,2024-05-25,01:27:10,,06:30:19,2024-06-21 04:23:50.869222,2022-05-31 10:39:05.133277
EV023,Phased analyzing firmware,NACB,http://johns-craig.com/,They only on particular sing.,themselves-happen,auto,,"Necessary board person themselves key worker. Toward again late determine since.
Much safe writer need because laugh crime. Institution unit serious land shake.",William Jackson,,,Entertainment,"['Science', 'Health']","54749 Jackson Roads
East Holly, IL 29665",Brunei,thursday,2024-02-27,04:40:28,2024-03-17,,2023-05-23 05:05:22.956932,2021-03-14 07:01:44.458281
EV024,Versatile empowering portal,NACB,http://www.kidd.com/,Camera kitchen cultural lead protect know.,society-energy,auto,,Oil a throw board event anyone board. International challenge somebody kitchen plan believe building sign. Usually plan community raise its.,Donald Edwards,,,Entertainment,"['Technology', 'Sports']","77681 Brian Stream
Lake Christopherborough, WI 50534",Burkina Faso,friday,2024-06-12,21:55:01,,,2022-01-07 11:26:41.733290,2020-07-08 18:47:01.556532
EV025,Sharable content-based superstructure,NACB,https://www.riley-skinner.org/,Spring rich political pass sit three town.,whatever-help-lay,auto,98.0,"Piece early appear on free brother tree discuss. Common benefit next like ability raise leader quite.
Player past picture dinner teacher. Detail allow lose glass various.",Whitney Perez,,,Technology,['Business & Finance'],"38610 Campbell Rest Apt. 980
Lake Josephview, WI 78593",Jordan,friday,2024-04-04,16:32:10,,,2023-02-21 19:34:27.678151,2024-03-19 10:32:48.555827
EV026,Networked methodical info-mediaries,brown.com,http://jones-smith.com/,During my culture game.,work-republican,manual,,"Husband move reach body sport foot. Level wide fill southern part.
Society center civil board color environmental. Federal mission in the home tell again machine. Center type land tonight account.",Michelle White,,,Entertainment,"['Business & Finance', 'Sports', 'Science']","90752 Smith Square
North Suzanne, VA 22636",Aland Islands,tuesday,2024-07-28,06:25:34,2024-06-15,00:57:17,2020-02-16 01:53:58.823965,2023-06-22 04:40:26.556642
EV027,Face-to-face upward-trending hierarchy,howard.com,https://www.parker-bullock.com/,Discover property property politics mention.,ball-region-recent,auto,27.0,Early to describe author both child business. I standard let reason of official degree. Go prove artist audience kind environment so.,Christopher Allen,,,Health,"['Science', 'Entertainment', 'Politics', 'Health', 'Technology']","25641 Clark Dam Suite 484
North Robert, SC 55879",Colombia,tuesday,2024-06-24,16:27:27,,,2021-01-17 14:01:24.171430,2021-12-13 05:43:43.197284
EV028,Enterprise-wide dynamic toolset,brown.com,http://www.rocha.com/,Sure research notice citizen particular too western.,of-between-message,manual,,"Probably bill good five man no. Available appear old teacher the friend make. Rate option around at color.
Manage person culture spring on your still. Day century order.",Brian Haney,,,Sports,['Entertainment'],"62291 Fletcher Rest
North Joeville, PW 51570",French Southern Territories,wednesday,2024-03-19,00:06:04,,11:37:01,2024-02-05 23:18:44.567331,2023-10-07 09:20:56.444665
EV029,Down-sized background attitude,shaffer-day.net,http://www.green.com/,Hold sense admit capital education.,two-position-agency,manual,,Fill easy what sure tax. Thousand keep already quickly continue water actually.,Robert Williams,,,Health,"['Science', 'Technology', 'Entertainment']","641 James Streets
Halebury, NE 17745",Spain,tuesday,2024-05-16,05:01:32,,,2020-02-26 00:02:39.477537,2023-03-22 03:20:19.243681
EV030,Pre-emptive zero tolerance benchmark,kaiser.com,https://manning-chan.net/,Air before century leader gun usually sing.,money-charge,auto,,"Walk upon particularly but garden serious success.
She PM practice. Talk theory government risk away raise line. Argue conference grow field. Behind final remain spring economy.",Robin Hernandez,,,Science,"['Politics', 'Entertainment', 'Sports', 'Business & Finance', 'Health']","285 Thomas Village Apt. 874
East Marilyn, AZ 83976",Equatorial Guinea,thursday,2024-07-22,13:11:58,2024-03-21,18:59:09,2023-06-16 09:40:04.035007,2020-07-12 14:01:17.082275
EV031,Self-enabling uniform intranet,griffith.info,https://www.russell.com/,Support about meet red blood above.,probably-begin,auto,,It wonder whatever section important since beautiful. Black myself significant bit seek standard however.,Kristy Carpenter,,,Politics,['Politics'],"PSC 4467, Box 7779
APO AE 33913",Thailand,sunday,2024-07-15,16:06:41,2024-03-27,23:23:19,2020-06-09 09:30:52.366337,2021-06-30 23:58:17.190445
EV032,Secured directional encoding,robbins-weaver.com,https://bowers.info/,Line likely start glass discussion.,message-world,auto,78.0,Movie real ago five education indeed. Well write design. Against act each address pretty.,Brett Alexander,,,Politics,"['Politics', 'Business & Finance', 'Technology', 'Health', 'Sports']","223 Barton Union Suite 217
East Taylorberg, SC 00855",New Caledonia,sunday,2024-07-17,18:37:48,2024-05-26,,2024-04-13 17:50:52.640176,2021-01-16 18:40:38.212806
EV033,Advanced maximized architecture,thomas.org,https://www.crawford-arias.info/,Play environmental ball.,letter-its-study,auto,89.0,"Wrong pay difference life trial first.
Soon set think me ten. Me budget themselves suffer kind lay movement. Worry most trip author various.",Kathleen Cochran,,,Technology,"['Business & Finance', 'Science']","76729 Martin Stream Suite 238
Dawntown, SD 36037",Argentina,sunday,2024-02-02,00:44:33,2024-02-07,20:42:17,2023-07-27 03:50:04.207065,2021-10-22 23:33:40.398131
EV034,Down-sized directional attitude,NACB,https://www.oneill.info/,Since son case cut onto painting already.,source-traditional,manual,,"Republican what produce say. Tax trade perhaps kitchen.
Career meeting these various man security. Go form green member letter computer. Result rate claim quickly.",Patrick Perez,,,Business & Finance,['Business & Finance'],"089 Shawn Tunnel
North Jenniferside, MD 18313",Austria,monday,2024-03-21,22:00:19,,00:29:27,2020-12-09 12:42:11.610681,2020-05-06 01:51:59.107789
EV035,Face-to-face bandwidth-monitored task-force,ramos.biz,https://campbell.com/,Nature activity different yourself while during poor.,what-blood-these,manual,47.0,"Seem coach report compare capital. Between rest seat when adult.
Think particular stop early continue. Green world artist though. Player happy middle.",Frances Brown,,,Technology,"['Health', 'Science', 'Business & Finance', 'Politics', 'Entertainment']","00436 Figueroa Forest Suite 112
Davidton, LA 48325",Denmark,friday,2024-04-01,19:39:56,2024-04-12,,2022-06-23 15:50:47.566950,2023-11-20 16:18:00.110898
EV036,Grass-roots optimizing interface,keith.info,https://www.wong.biz/,Big order month sport say herself behavior back.,sure-agency-yes,auto,82.0,"And short consider today. Modern anything run go.
Notice sometimes media again begin green new woman. Picture treatment main executive. Individual statement run growth power.",Taylor Francis,,,Technology,"['Science', 'Sports', 'Health', 'Politics']","68490 Fuller Branch Apt. 766
East Lisa, PA 32785",Turks and Caicos Islands,thursday,2024-06-18,07:22:27,,04:44:47,2023-12-15 16:03:57.171768,2022-04-20 02:26:06.694208
EV037,Up-sized dynamic concept,NACB,http://www.shields.biz/,Really develop heavy necessary.,teach-would-later,auto,98.0,Yourself per bring choice likely certainly certain her. Rather morning five follow agree late.,Andrew Griffin,,,Technology,"['Technology', 'Health', 'Sports', 'Business & Finance']","4832 Heath Prairie
West Katherine, IL 37919",Guatemala,wednesday,2024-04-28,14:44:59,,13:21:22,2022-04-20 08:38:43.102466,2020-08-07 10:45:53.589585
EV038,Persevering next generation info-mediaries,collier.info,http://mckinney.org/,Still investment should benefit significant mother course.,account-appear,auto,,"Reality agree forget seat machine. Attention brother bag point else.
Anything able over. Write imagine hour white number artist. Body when time argue year land large outside.",Vanessa Miller,,,Politics,"['Sports', 'Business & Finance', 'Science']","USNV Gray
FPO AA 91507",Congo,tuesday,2024-06-23,09:01:45,,18:37:22,2020-02-12 19:44:16.306542,2021-01-27 02:52:26.473631
EV039,Triple-buffered methodical utilization,rodriguez.com,http://clarke-berger.org/,But market new six.,personal-goal-tell,auto,,Your debate drive industry space college. High face my mean remember card recognize.,Robert Mason,,,Technology,['Business & Finance'],"826 Webster Fields
Terryhaven, MD 03887",Lesotho,tuesday,2024-02-07,04:43:04,,,2022-08-20 05:44:36.889988,2023-12-19 18:28:19.455398
EV040,Decentralized grid-enabled complexity,peters.org,http://www.brown.com/,Present out example building.,mission-station,auto,92.0,"Walk side wonder professional truth popular. Summer hot change close.
Everything member trouble can without report occur teach. Attorney story enjoy soon ground space movement.",Pamela Rodriguez,,,Science,"['Health', 'Technology', 'Sports', 'Politics']","675 Kristin Forks
New Kayleefurt, TX 32440",Iraq,sunday,2024-04-23,10:09:17,2024-03-12,20:51:24,2021-12-27 00:21:51.255028,2021-08-15 16:17:34.057689
EV041,Customizable next generation methodology,jones.org,http://www.hall.info/,Talk huge far.,weight-fire-result,manual,,"Under discussion method west itself walk perhaps.
Law lawyer which big son dream. Table red business officer effort.",Linda Miller,,,Business & Finance,['Sports'],"34653 Aguilar Wells
Moralesberg, MT 63866",Brunei,sunday,2024-03-01,18:33:57,2024-03-20,13:51:02,2022-01-06 00:50:51.404415,2023-01-22 16:05:12.164826
EV042,Self-enabling non-volatile methodology,pearson.org,https://montgomery.com/,Agree everyone boy every so try.,nice-mention-hot,manual,,"Would almost could sure various culture.
Particularly country appear push. Music entire include. Vote through after stand discover us.",Richard Davis,,,Entertainment,"['Sports', 'Politics', 'Health']","Unit 1324 Box 2171
DPO AP 58803",Sudan,thursday,2024-03-09,20:26:21,,,2024-06-24 23:25:47.677308,2021-09-23 10:40:58.290836
EV043,Organized analyzing initiative,NACB,http://lopez.com/,Environmental fight reality board national.,president-accept,manual,33.0,"Since out drug second member recent. Follow personal should no keep. Cost through stand yeah claim.
Financial simply might decade. Put research half mind effect.",Amanda Stewart,,,Politics,"['Technology', 'Sports', 'Business & Finance', 'Politics', 'Entertainment']","23509 Perry Glens
Kevinborough, MA 96937",Guadeloupe,monday,2024-05-24,08:43:57,2024-04-17,14:32:49,2024-04-28 14:14:57.796600,2022-04-08 23:56:06.113641
EV044,Reduced reciprocal firmware,shepherd.net,https://barrett.com/,Mention include article off apply institution.,candidate-yourself,auto,,"Instead decide job on factor. Writer eight once point. Hot affect smile.
Show safe old treatment. Career guy now.
Rule Republican program contain conference. Recent training picture state.",Danielle Fox,,,Politics,"['Science', 'Politics', 'Entertainment']","973 Morales Center
New Patriciaport, VT 31144",Papua New Guinea,friday,2024-02-01,07:46:18,,18:21:43,2024-07-24 06:17:03.859625,2020-03-28 11:10:23.936413
EV045,Enterprise-wide systemic data-warehouse,sweeney-levy.info,http://www.taylor.net/,Court environmental crime statement practice face fear author.,other-six-low,auto,,"Son phone surface such four. Finish hit rise possible simply.
Game even design skill. Blood type themselves admit get.",Christopher Hopkins,,,Entertainment,"['Entertainment', 'Politics', 'Science', 'Business & Finance', 'Technology']","74026 Beard Burgs Suite 488
Kennethview, VT 86104",Vietnam,tuesday,2024-03-24,03:13:34,,,2020-04-04 12:15:07.460796,2023-09-19 22:50:45.584451
EV046,Right-sized tangible application,moody-henderson.net,https://edwards-wilson.com/,Evening note become represent fly moment much.,writer-policy-arm,manual,74.0,Model Democrat course. Give part pattern can bed government offer him. Chance of sell five result past. While eat service find.,James Garcia,,,Business & Finance,"['Business & Finance', 'Science', 'Politics', 'Entertainment', 'Sports']","62473 Kyle Haven Suite 553
Priceshire, ND 71489",Guinea,saturday,2024-06-09,00:41:21,,04:56:32,2023-04-05 19:54:41.339080,2020-10-27 19:06:24.146435
EV047,Polarized leadingedge productivity,NACB,http://woods.com/,Return hot front.,blood-smile-pattern,manual,97.0,Run where last start. World talk describe grow former. Into say interview service article suddenly material. Eye job yes brother situation begin control here.,Daniel Miller,,,Politics,"['Health', 'Science']","556 Hunter Orchard
West Nancyshire, NE 68205",Palau,sunday,2024-07-09,19:02:45,2024-06-30,,2020-03-28 10:00:00.196684,2021-09-04 15:58:09.825243
EV048,Innovative actuating flexibility,malone.net,https://www.collins-butler.com/,Religious until listen.,part-improve-budget,manual,90.0,Serve ten up growth it. Could note anything take voice. Special put so here sort central shoulder.,Christy Dixon,,,Business & Finance,"['Health', 'Science', 'Technology', 'Business & Finance']","59009 Mcclain Unions
Susantown, IN 67054",Paraguay,monday,2024-04-17,08:13:42,2024-02-21,,2022-09-02 23:50:19.714395,2020-09-21 09:02:40.281151
EV049,Upgradable non-volatile leverage,smith-guzman.com,http://miller.com/,Economy toward partner their.,recently-keep,manual,,"Watch close majority probably dog century. Capital mission together. East right go sort.
Open common affect take.
Get police beyond shake for. Join class seem future stand physical professor.",Jennifer Alvarez,,,Science,"['Business & Finance', 'Health', 'Entertainment']","USNV Parsons
FPO AA 67992",Ukraine,sunday,2024-02-11,21:37:42,2024-07-13,,2022-01-14 15:02:37.634680,2022-07-21 06:41:38.908952
EV050,De-engineered static middleware,galloway-schmidt.biz,http://www.osborne-duffy.com/,Increase five against number whom maintain hair.,hit-individual-mrs,manual,54.0,"Research why throughout thought majority pass voice move. Apply from mother chair hot far determine game.
Into town college. Moment pick person note.",Maurice Ramirez,,,Entertainment,"['Sports', 'Technology', 'Entertainment', 'Business & Finance', 'Health']","35257 Amy Rest Apt. 938
Josephbury, WV 42279",Azerbaijan,saturday,2024-07-16,02:49:37,2024-06-06,,2020-02-06 06:30:26.017194,2023-04-04 00:56:16.988114
EV051,Synchronized homogeneous strategy,williams-horton.biz,http://davis-sims.net/,Up chance real best leave themselves community.,himself-account-no,manual,38.0,"Nothing third put very total just join. Most them the out national.
Their house economy administration behavior. Shoulder without interesting now third right affect.",Diana Rivera,,,Politics,"['Politics', 'Business & Finance', 'Technology', 'Sports']","6838 Lori Square
East Sherri, SC 87459",Somalia,tuesday,2024-02-12,00:07:29,2024-05-24,,2020-02-01 10:48:35.230023,2023-08-24 16:45:48.086019
EV052,Compatible multi-state conglomeration,NACB,http://hayes.org/,Detail better instead moment many write even.,husband-worry-those,manual,5.0,Early choice project kid baby continue. It development degree firm student after.,Anne Mcdonald,,,Sports,"['Sports', 'Science', 'Entertainment']","01089 Amy Parks Apt. 461
Lake James, NE 65049",Egypt,sunday,2024-05-03,12:22:57,2024-05-28,18:56:24,2020-01-07 15:05:06.705696,2020-11-12 22:00:09.379240
EV053,Polarized holistic firmware,NACB,https://schwartz.com/,Region area finally leader claim.,black-it-while-gas,auto,52.0,After them design low seat level compare new. Evidence rather sometimes believe mind face. Others deep young.,Carlos Perez,,,Business & Finance,"['Politics', 'Technology', 'Science', 'Health']","9905 Becker Meadow Suite 210
Jameshaven, FL 28755",Barbados,sunday,2024-03-02,17:53:26,,07:19:14,2022-01-30 16:12:31.499602,2022-09-04 00:47:07.134100
EV054,Centralized human-resource capability,dodson.com,http://www.nichols.info/,Each out quickly help.,sit-business,manual,,"Congress use official. Development late manage interview around education perform.
World bring film. Call not call thousand candidate them. Nothing law when true continue.",Jonathan Morgan,,,Sports,"['Sports', 'Politics', 'Science', 'Entertainment', 'Technology']","91573 Carter Courts Apt. 429
New Catherine, MO 51871",Luxembourg,monday,2024-02-07,15:59:14,,14:26:03,2020-07-30 22:41:41.922263,2022-02-23 04:09:33.084067
EV055,Secured explicit Local Area Network,brown.com,http://www.smith.org/,Popular thing they onto agree area.,much-reduce-likely,auto,8.0,"Appear movie property partner. Person fund better.
Buy shake through every moment scientist. War bring street firm. Window property trip who despite begin.",Kathryn Martinez,,,Health,"['Science', 'Technology', 'Business & Finance', 'Sports']","88535 Johnson Road
New Stacyland, NJ 29042",Tuvalu,friday,2024-01-18,03:27:03,,,2020-03-30 23:21:50.387410,2024-02-06 04:24:37.339206
EV056,Seamless eco-centric collaboration,best-martin.info,https://howe.com/,Generation religious last born five purpose film sister.,kid-water,auto,94.0,Coach country food only. Star draw whose hot.,Wendy Levy,,,Politics,"['Sports', 'Science', 'Health', 'Business & Finance', 'Entertainment']","553 Denise Pass Apt. 250
Jillianmouth, IN 20357",Maldives,monday,2024-04-11,07:05:36,,07:02:19,2022-04-20 06:19:30.483015,2023-04-28 18:41:46.434139
EV057,Seamless coherent extranet,johnson-gonzales.org,http://werner-phillips.org/,Believe provide natural new claim.,tell-find-finish,manual,93.0,"Project page less. Suggest same manage. Oil will owner place college.
Bank discover reduce office wide our we see. Late blue nearly Republican issue as. Suddenly service still build.",Crystal Castillo,,,Business & Finance,"['Politics', 'Science']","7569 David Lock
Lindamouth, AK 01775",Estonia,thursday,2024-07-01,01:34:09,2024-08-04,18:46:20,2022-11-28 03:37:59.378663,2024-04-18 00:01:17.349968
EV058,Vision-oriented bottom-line database,barrera.com,http://frederick.biz/,Certainly accept let able road dark.,admit-end-industry,manual,88.0,Among identify glass food throw where. Outside camera big name teacher however sister. Page finally state.,Christina Stone,,,Health,"['Business & Finance', 'Science', 'Entertainment', 'Health', 'Politics']","51354 Smith Pines
Williamborough, OK 03323",Nepal,monday,2024-07-26,11:20:27,,,2024-07-11 01:02:10.819288,2022-02-10 12:54:47.464546
EV059,Switchable bottom-line installation,NACB,http://www.smith-king.biz/,Continue surface include man for.,arrive-food-again,auto,66.0,"Right necessary with lawyer past against. Decision finally service activity of national party.
Door could crime health. Impact two people stock wall cell. Soldier PM although rule.",Lisa Gomez,,,Entertainment,"['Sports', 'Politics', 'Entertainment']","USNV Cohen
FPO AA 89622",Bulgaria,sunday,2024-01-12,20:47:50,,23:10:22,2024-04-17 07:51:34.148921,2020-11-26 06:25:34.514884
EV060,Universal national moderator,oliver.org,https://www.green.com/,Current word important race floor call.,phone-south-can,auto,,"Hand several for case. Bag night for represent alone.
Determine response first where. You amount second serve laugh.",Danielle Garcia,,,Politics,"['Entertainment', 'Politics', 'Health', 'Business & Finance', 'Science']","86036 Jones Fort
Kevinborough, TX 64889",Zimbabwe,friday,2024-07-19,02:18:58,,10:47:58,2022-05-14 21:31:14.455308,2021-11-10 02:49:42.881568
EV061,Visionary local interface,morris.org,http://raymond.com/,Entire who write hold.,organization-anyone,auto,85.0,"Trip down nature international. Movement Mrs for order ball else.
Discussion coach property want. Available gas claim. Trouble range receive act go part view force.",Joshua Flynn,,,Technology,"['Politics', 'Health', 'Business & Finance', 'Entertainment', 'Science']","12340 Jack Island Apt. 551
Rothchester, AK 79439",Ghana,sunday,2024-02-18,10:31:54,,,2021-03-27 21:41:28.249652,2022-04-11 06:51:40.745133
EV062,Phased logistical emulation,NACB,https://www.martinez-carpenter.biz/,Produce film evening story allow.,red-center-fire,auto,1.0,"Significant eight detail eye race strong owner. Center artist yard stock. Investment development whether product air whether conference add.
Worry energy return home great movement. Father many hit.",Karen Scott,,,Sports,"['Entertainment', 'Business & Finance', 'Science', 'Sports']","7929 Montoya Square
Port Richardchester, KS 98572",Western Sahara,wednesday,2024-05-14,13:58:05,2024-07-11,10:09:15,2021-01-07 21:02:20.326578,2022-12-04 11:59:26.099908
EV063,User-centric optimizing policy,NACB,http://chang.com/,Real million mother test.,increase-true-down,manual,,"Government born arrive economy throughout education star detail. Show issue recent.
Range improve can condition campaign.",Mr. Mark Francis,,,Entertainment,"['Business & Finance', 'Technology', 'Entertainment']","55306 Guerrero Plains Suite 646
Joneschester, MD 23232",Turkey,saturday,2024-01-18,21:20:14,,08:07:24,2021-09-07 21:44:05.562742,2023-05-03 08:57:50.954414
EV064,Re-engineered bi-directional Graphical User Interface,robles-bates.com,http://www.jackson.com/,Message head maintain wall number east.,scientist-really,manual,52.0,"Single news major. Man situation seem strong. Speak part bar front agent daughter its floor.
Wish mouth general. Certain as while out type. Continue include laugh.",Heather Armstrong,,,Sports,"['Health', 'Politics', 'Sports', 'Business & Finance', 'Entertainment']","1302 Cristina Fords Suite 300
Martinezview, AZ 71381",Norfolk Island,thursday,2024-02-02,20:49:06,2024-06-22,,2023-01-05 17:41:56.827459,2024-07-28 16:14:45.600110
EV065,De-engineered web-enabled concept,NACB,http://www.williams-jenkins.com/,Money almost cultural.,month-away-word,auto,52.0,"Mrs edge people sound. Central among task some. Exist dark task light. Tv service these fund less.
Any budget thank cover. Easy risk article author.",William Herrera,,,Health,"['Sports', 'Entertainment']","544 Brown Isle Apt. 774
East Brandon, UT 42698",Fiji Islands,wednesday,2024-05-27,01:22:17,,,2020-06-05 18:47:27.637125,2023-11-29 18:44:14.269206
EV066,Advanced directional time-frame,NACB,https://henry.net/,Crime suddenly particularly market beat front hospital treatment.,certain-western,auto,65.0,"Scientist top without once. Various bill realize skill.
Attack agree marriage wonder during. Someone clear upon.
How not forward teacher. Great language enter official project whose baby.",William Hill,,,Politics,"['Health', 'Technology']","7652 Haley Views
Briannashire, NY 11680",Saint Vincent and the Grenadines,sunday,2024-03-11,11:44:45,2024-02-11,13:42:48,2022-10-24 02:51:40.467722,2021-12-28 17:05:33.374618
EV067,Triple-buffered radical array,diaz-ibarra.com,http://murphy-gonzalez.com/,Ask in take different.,full-pull-him-news,manual,,"Note actually read.
Fall possible realize special air. Gas push work national whole institution.
Spend help model model. Pull soon major until. All place conference present yard respond.",Alicia Smith,,,Science,"['Health', 'Sports']","043 Nancy Ford Apt. 104
Rhondaview, MA 74010",Argentina,wednesday,2024-04-15,08:57:28,2024-07-15,,2023-07-10 04:17:02.126932,2021-07-12 02:10:26.374378
EV068,Open-source methodical time-frame,NACB,https://www.smith-robinson.com/,Baby tough majority less good win.,us-heart-mother,auto,96.0,Send either out difference. Someone leader never political at. Even yet use whom board each enter.,Jeremy Hernandez,,,Politics,['Politics'],"PSC 3258, Box 6202
APO AP 98495",Georgia,monday,2024-02-18,13:43:26,2024-03-19,,2021-12-06 00:16:36.611407,2022-01-11 23:26:30.927609
EV069,Exclusive scalable methodology,bond.com,https://dominguez-thomas.com/,Help similar might church project arrive task.,again-site-skin,auto,,Pressure side building example near purpose employee test. Mother nation a election born entire. Across level property sit thing actually level.,Margaret Walker,,,Science,"['Health', 'Technology', 'Sports']","147 Robert Spring
South Andrew, MN 79113",Montenegro,thursday,2024-07-28,18:47:23,,,2022-02-08 02:01:29.746216,2021-04-16 10:51:41.718546
EV070,Phased bandwidth-monitored core,NACB,http://porter.com/,Popular line nor bill big must value.,minute-reduce,auto,,"Establish project discussion respond keep. For whatever pass happy than. Tax century wear entire million.
Avoid television approach. Would lay evidence loss how after role.",Brian Williams,,,Technology,['Science'],"676 Michael Park Apt. 155
Robertborough, CO 50139",Saint Vincent and the Grenadines,wednesday,2024-04-20,01:06:54,2024-04-26,,2024-02-20 04:45:05.490920,2024-02-17 01:58:06.355863
EV071,Networked maximized software,rivas.org,https://www.porter-shannon.biz/,Agent dinner attorney special should here.,partner-certain,auto,,"Smile cost scientist court. Last pressure collection president let maybe.
Activity deep dark. Full affect guy piece. Feeling fall four meeting.
Another data face choose between.",Lindsey Williams,,,Technology,"['Business & Finance', 'Technology', 'Science']","441 Harrison Villages Apt. 066
North Erica, MH 19869",Hong Kong S.A.R.,friday,2024-05-14,11:56:21,,,2023-06-25 16:56:37.023931,2022-09-12 21:31:24.318606
EV072,Synergistic needs-based installation,NACB,https://www.young-reed.com/,Economic car whatever result.,plant-perform,manual,,"Whom especially from loss admit. Deal citizen fight heart. Surface message child pass those section group single.
Total with wide occur. Run professional sing part responsibility.",Victoria Williams,,,Business & Finance,"['Business & Finance', 'Sports']","7043 Jimenez Wall
Jonesfort, WY 72713",Pakistan,thursday,2024-05-09,04:57:33,,21:25:25,2020-10-30 20:14:41.416090,2021-05-27 17:34:42.783665
EV073,Switchable modular budgetary management,gilbert-thomas.com,http://morris.biz/,Others ability include candidate audience interest good.,letter-strong-final,auto,78.0,"Accept apply heart claim machine young. Provide star minute treatment standard culture note wish.
Else task country worker blue seat among. Suggest south particular traditional factor conference.",Lori Waters,,,Politics,"['Sports', 'Health', 'Science']","USCGC Hansen
FPO AA 14287",Slovenia,sunday,2024-08-04,16:09:37,2024-03-07,,2021-12-24 00:08:07.558043,2024-01-06 18:15:25.537899
EV074,Synchronized uniform parallelism,smith.org,http://simpson.info/,Sound compare recent benefit force.,a-reach-north-enjoy,auto,,North hour little myself must. Hot home fear much. Consider administration project identify under.,Emily Hart,,,Business & Finance,"['Business & Finance', 'Science']","053 Best Lakes
Marcmouth, CO 60297",Canada,monday,2024-03-23,19:24:46,,04:09:58,2021-09-18 13:04:55.699569,2021-04-22 10:25:59.585654
EV075,Re-engineered demand-driven standardization,NACB,https://www.lopez.com/,One drug even nothing down boy.,action-late-whom,auto,,"Else media continue around from check view. Event each offer point line happen.
Second who speak without set check.",Adam Hicks,,,Health,"['Sports', 'Politics']","36021 Torres Cliffs Apt. 766
North Amandaside, PR 22439",Belgium,thursday,2024-02-17,10:23:27,,,2022-02-06 00:29:18.668969,2021-09-26 02:18:56.022036
EV076,Adaptive didactic framework,NACB,https://sutton.com/,Include must might window half father.,rather-physical,manual,4.0,"Majority seven real quite. Baby want leave create blood.
Rule nice measure growth laugh. Difficult difficult meet class. Power knowledge space free manage baby stage. Drug stop culture democratic.",Denise Murray,,,Science,"['Health', 'Science', 'Technology']","056 Guerra Track Apt. 038
Jonesside, PR 26065",Macau S.A.R.,thursday,2024-02-02,01:59:19,,,2022-10-04 05:11:58.533267,2024-02-06 04:16:19.959192
EV077,Optimized bifurcated support,cox-williams.com,https://miller.com/,Since first before left wife.,phone-bed-process,manual,2.0,History whose then structure however plant. Instead process safe participant. Pass quite from mission reach owner. Increase truth spring involve arm tell.,Carla West,,,Sports,['Sports'],"571 Joseph Glens Apt. 825
Jenniferton, AZ 75337",Afghanistan,friday,2024-02-28,20:46:54,2024-01-28,20:24:33,2024-06-30 15:51:24.712389,2024-06-21 03:16:14.918947
EV078,Business-focused impactful architecture,NACB,http://www.gilmore.biz/,Family team way carry one western man.,generation-best,auto,,"Plan morning position why strategy. Vote all blue section word factor role anyone.
Debate young factor much western card member wonder. Cold fast if. Charge part main specific help trip money.",Kristin Simmons,,,Business & Finance,"['Sports', 'Health']","8531 Hampton Inlet
Bellshire, WI 24068",Jordan,sunday,2024-06-23,21:42:31,2024-05-06,,2024-03-24 13:38:24.183612,2021-11-22 12:39:25.413639
EV079,Implemented client-server intranet,gonzalez.net,http://www.anthony.com/,Happen term not house true federal whom.,decision-source,manual,,Under pick tell executive these memory. Under above article near begin.,Matthew Smith,,,Entertainment,"['Health', 'Politics']","794 Mccarthy Rapid
Codyhaven, NJ 03611",Indonesia,monday,2024-04-17,10:14:48,2024-06-28,,2020-12-18 08:10:56.720692,2024-01-02 12:45:02.174289
EV080,Fully-configurable composite contingency,NACB,https://wilson.info/,Opportunity exactly girl.,soldier-doctor,auto,,Contain hour alone movie security process line lead. Close degree factor social management century brother agreement. Offer indeed us science practice meet.,David Harvey,,,Science,"['Science', 'Politics', 'Entertainment']","95427 Jones Drive Suite 545
Christinestad, IN 88585",Equatorial Guinea,monday,2024-03-01,04:53:38,2024-01-18,,2022-07-24 18:46:40.373534,2020-07-12 15:29:43.371702
EV081,Reduced real-time framework,marshall-johnson.com,https://richardson.com/,Sister financial little especially.,company-military,manual,31.0,"Hard happy play.
Concern real writer rather clearly most. Certainly practice owner charge plant.
Fast continue into decade him none worry. Itself white culture yes relate.",Mark Knight,,,Science,"['Technology', 'Health', 'Entertainment', 'Science', 'Business & Finance']","66791 Smith Mill Apt. 461
Brockmouth, VA 52039",Kuwait,thursday,2024-02-29,08:05:15,,,2021-11-18 20:17:03.029166,2022-10-17 05:03:25.894511
EV082,Grass-roots explicit Graphical User Interface,NACB,https://robertson-martinez.biz/,Will available among three accept.,thing-hear-people,auto,93.0,Head radio street create outside other interview. Structure modern impact draw himself. Foreign maintain really forget himself good rate.,Sherry Harris,,,Entertainment,['Politics'],"90460 Andrea Forges Suite 360
Port Sherrymouth, NY 54204",Falkland Islands,tuesday,2024-06-06,17:02:38,2024-02-01,,2024-06-26 21:56:14.712777,2022-04-21 19:02:44.686301
EV083,Innovative bifurcated synergy,richards.com,http://www.rivera-watts.com/,Catch none speech baby past bring again.,now-interest-many,auto,35.0,Third garden number network opportunity learn clearly government. Under very message significant.,James Camacho,,,Business & Finance,"['Entertainment', 'Sports']","3665 Solis Harbors
Taylorborough, NH 35841",Falkland Islands,wednesday,2024-05-26,15:54:13,,22:26:32,2022-06-21 15:45:57.245986,2020-04-26 02:01:36.026433
EV084,Pre-emptive optimizing projection,NACB,https://carter.com/,When particularly raise heart.,magazine-without,auto,,"Child service something person step painting door.
Social quickly garden brother debate want. Attack music second small. Not day only.
Group involve need probably research.",Dawn Garner,,,Technology,"['Business & Finance', 'Health']","18654 Dunn Meadows Suite 315
South Sheliahaven, CT 45229",United Arab Emirates,monday,2024-07-10,04:46:40,2024-03-15,,2021-12-15 12:19:37.735360,2023-08-23 16:06:46.695748
EV085,Universal explicit encryption,ortega-thomas.com,https://www.romero.net/,Local identify employee choose social no.,able-player-her,auto,56.0,"Production within whatever specific. Authority whose century sign probably prove author.
Spend friend walk beautiful first country. Remember bring now real parent eight long.",Steven Herrera,,,Sports,"['Technology', 'Politics']","4897 Carrie Court Suite 500
East William, GU 06393",Bangladesh,sunday,2024-01-26,17:22:21,,,2023-07-12 07:58:24.076510,2023-11-09 23:12:58.621996
EV086,Open-source mission-critical focus group,mccarthy-brock.org,http://valentine-owens.net/,Change ok without side.,player-relate-add,auto,,Son reflect development different. Opportunity outside clearly score support issue travel. Also accept that former.,Linda Knox,,,Technology,['Sports'],"405 Castillo Club
Hansonton, WA 55983",Zambia,monday,2024-02-20,05:41:44,2024-03-18,,2022-11-16 12:19:50.442213,2023-02-28 09:42:26.580186
EV087,Ameliorated interactive collaboration,NACB,https://www.watson-butler.com/,Force plant believe yeah doctor.,mouth-authority,manual,73.0,"Grow agency too drop wonder page. Year statement hotel attention.
Respond cut fall same. Politics free same.
A market another stand. Child benefit performance. Father across land either country.",Sarah Lewis,,,Business & Finance,"['Entertainment', 'Technology']","2062 Sanders Trail
Kimberlybury, KY 86442",Chile,monday,2024-02-28,22:35:20,2024-06-19,,2020-08-24 16:51:15.924924,2024-01-16 16:05:02.901977
EV088,Fundamental actuating application,austin-cruz.biz,http://www.sanchez.com/,Response offer store.,wide-effort,auto,,Including table cold visit traditional. Leave set perform today. One travel name detail any not however full.,Michelle Sandoval,,,Science,"['Sports', 'Politics', 'Entertainment']","60601 Shane Union
Smithbury, NE 47909",China,monday,2024-03-11,12:30:43,,,2022-12-16 16:09:06.881955,2022-12-26 01:29:26.632576
EV089,Object-based human-resource moratorium,NACB,http://hill.com/,Green oil enter feeling heart news arrive.,weight-worker-ok,manual,,Provide speak seat surface drug. Company money friend religious turn act. Condition think these popular near left this mean.,Mr. Travis Sandoval,,,Science,"['Entertainment', 'Science', 'Health', 'Business & Finance']","8011 Alexandra Tunnel
Lake Kaitlynchester, FM 65157",Slovakia,friday,2024-07-22,08:59:42,2024-06-21,01:41:13,2022-06-11 11:42:34.448816,2022-01-08 09:56:39.641093
EV090,Centralized explicit project,brooks.com,http://www.mitchell.com/,Thousand sound marriage sound itself trip resource.,reason-dog-question,auto,30.0,Write check lawyer president rule company pass test. Five dream seem senior.,Frank Sexton,,,Health,"['Technology', 'Politics', 'Business & Finance', 'Health', 'Science']","8317 Morales Pine
Davidview, NH 23230",Lebanon,monday,2024-04-03,03:37:05,2024-05-31,,2023-06-07 00:31:17.290440,2021-01-08 09:08:46.506783
EV091,Pre-emptive grid-enabled middleware,NACB,https://www.hoffman.biz/,Table service through which car perhaps simply.,do-past-go-author,auto,,Allow finish treatment get either. Record by spring single. Collection against ready citizen clear material any chair.,Barry Sanders,,,Health,['Health'],"74575 Martin Drives
Susanfort, FM 69951",Nepal,tuesday,2024-06-26,00:35:56,2024-07-15,,2020-07-08 16:20:33.678769,2020-10-11 21:13:25.716778
EV092,User-centric executive projection,NACB,https://www.allen-sutton.com/,Teach ready option threat forget old.,indicate-its-care,manual,,"Media wear Mrs north popular everybody money tough. Water program window. Win usually property lose world that event.
Whose ever about create already term. Discuss away chance born down positive as.",Rebekah Williams,,,Technology,"['Politics', 'Entertainment', 'Health']","3128 Simmons Green
South Joseph, WA 91390",Austria,sunday,2024-07-18,12:31:44,2024-02-24,,2020-03-26 12:39:24.797550,2022-05-18 16:20:06.329368
EV093,Pre-emptive intermediate flexibility,campbell.net,https://larsen.com/,Eat picture state nearly green last yard.,american,manual,75.0,"Successful determine this analysis foot at that alone. Guy career of detail. Cost yard nice team.
Quality prepare bring follow newspaper list.",Matthew Moreno,,,Entertainment,"['Business & Finance', 'Sports', 'Politics']","07412 Macias Station
Jacksonton, PW 93430",Lithuania,monday,2024-03-29,03:12:16,,19:14:24,2022-12-14 20:34:29.569455,2022-06-22 02:27:23.843062
EV094,Visionary foreground leverage,NACB,http://smith.net/,Glass fight strategy on.,dinner-bit-none,auto,,"Cause edge small skill. Beautiful break note.
Cultural toward itself lay focus second. Capital while station guy.",Christopher Jones,,,Politics,"['Entertainment', 'Sports']","6744 Bailey Street Suite 053
East Hayleyville, TX 90302",Uganda,sunday,2024-05-02,06:52:43,2024-02-29,03:22:47,2020-12-26 17:18:39.248532,2023-06-10 19:44:06.326385
EV095,Vision-oriented bifurcated moderator,NACB,http://www.rodriguez.com/,Main enough world up.,own-commercial,manual,15.0,Stand baby can control decade. Maybe here today man fast actually place. Even history south research pattern fight.,Tara Brown,,,Politics,"['Politics', 'Sports']","399 White Lakes
Jamesville, ME 82428",North Korea,saturday,2024-05-25,13:03:50,2024-03-04,12:58:11,2022-02-28 06:39:11.611052,2023-04-09 17:00:28.567550
EV096,Optimized national analyzer,kennedy.net,https://lopez.com/,Poor cause network despite sell fund who.,sure-clearly-across,manual,,"Positive vote bring study still wear lay. Focus what home seat out determine.
Go fear human you plant social teach. Series recently town building.",Craig Myers,,,Politics,"['Entertainment', 'Politics', 'Sports', 'Science', 'Business & Finance']","358 Randy Stravenue
Lake Raymond, MO 49215",Thailand,saturday,2024-01-06,08:37:50,2024-04-16,20:04:39,2021-12-31 21:47:50.545116,2024-03-22 00:10:42.273392
EV097,Synchronized 24hour product,NACB,http://www.moon.org/,Issue finally account prepare modern dark nor.,purpose-never-hope,auto,,"Lay ten example memory chance mouth partner read. Hospital worry camera together.
Theory much want piece. Prove base development skin happen. There out hot manager.",Anthony Patel,,,Politics,"['Health', 'Entertainment', 'Technology']","8322 Dennis Highway Suite 796
Tylerfort, OK 43609",Svalbard and Jan Mayen Islands,tuesday,2024-02-16,22:25:34,,03:55:21,2021-10-27 18:08:59.914977,2022-06-14 03:24:50.371180
EV098,Progressive object-oriented frame,NACB,https://walker.com/,Figure wall whether whom sound image.,start-language-them,auto,52.0,"Imagine fear court record industry mind major. Quickly itself walk brother avoid line recently rate.
First inside water front. Exactly situation wear remain test six law.",Lindsay Stewart,,,Science,"['Sports', 'Business & Finance']","2516 Juan Parks
Lake Hannah, OH 34794",Greece,sunday,2024-04-30,03:59:14,2024-03-17,01:19:37,2020-08-19 21:41:25.152881,2021-08-15 19:35:59.671271
EV099,Adaptive systematic intranet,webb.com,http://www.henry.com/,With any store happy.,ten-scene-require,manual,92.0,Take her later leader. Discover single gun ball debate boy local middle. Radio everybody good speak growth.,Vincent Murphy Jr.,,,Politics,"['Science', 'Health', 'Sports', 'Politics']","0396 Miranda Estate Suite 007
Lake Ryanshire, FL 18351",Faroe Islands,wednesday,2024-01-18,10:15:10,,11:42:54,2020-03-14 18:26:43.630765,2024-04-05 05:07:34.196445
EV100,User-friendly exuding challenge,pierce.info,https://smith.net/,Pretty tell stock.,why-speech-enter,manual,,"Candidate meet nothing method themselves white thousand decade. Look special despite call baby form.
Here away role third. Training fly fine money. Call early ready.",Zachary Carrillo,,,Science,"['Health', 'Science', 'Entertainment', 'Technology']","12728 Christine Field
North Jack, WY 98593",Gabon,monday,2024-02-17,17:36:02,,21:23:16,2024-06-04 20:58:48.380506,2021-05-02 18:38:56.563028
EV101,Sharable global workforce,burton-sanders.com,http://www.ferguson.info/,Black culture spend activity have happen I.,class-final-bag,manual,30.0,Thus choose every state all draw. Really common rate health marriage in. Possible actually medical.,Kara York,,,Science,"['Politics', 'Entertainment', 'Business & Finance']","970 Duncan Greens
Tiffanyberg, FM 52067",Burundi,thursday,2024-02-21,23:17:51,2024-02-26,11:01:25,2023-01-05 00:18:48.526520,2023-05-19 10:30:26.762676
EV102,Synchronized 24hour project,ramirez-jones.com,https://robbins.com/,Generation operation dark seem wait.,foreign-even,auto,,"See determine region. General on easy many senior.
Under detail after beat. Quality force test baby. Quality interest clear mouth nearly.",Wendy Hunter,,,Technology,"['Health', 'Business & Finance']","997 Sweeney Keys Apt. 860
West Benjaminmouth, KS 52907",Japan,saturday,2024-04-24,03:29:25,,14:47:26,2021-05-04 21:24:13.071025,2020-12-24 15:29:57.853662
EV103,Visionary bottom-line implementation,NACB,https://www.davis.com/,Clear find instead together pay whom mean full.,wall-majority-hour,manual,66.0,Later knowledge his indicate ground. Training treatment employee leader. Perhaps century relate need build program mention upon.,Monica Parrish,,,Business & Finance,['Politics'],"USS Walker
FPO AP 04656",Nicaragua,friday,2024-04-05,23:09:57,,,2022-09-19 14:27:27.933043,2022-03-08 19:50:50.845943
EV104,Object-based methodical support,NACB,https://www.ramos.net/,Old country whatever always international.,lot-plan-north-rate,manual,55.0,"Ago arm us interesting Mrs. Herself debate billion area federal later. Purpose race television consider soon.
Protect leave national public get prevent sort.",David Jones,,,Science,"['Science', 'Sports']","514 Vincent Lake
Lake Mathewhaven, AL 42305",Greenland,saturday,2024-03-11,00:13:27,2024-06-22,,2020-09-17 02:38:00.650130,2020-07-24 00:41:33.188593
EV105,Re-engineered heuristic conglomeration,NACB,https://jones.com/,Same go half conference ever you best skin.,establish-enough,auto,96.0,"Eat total property actually talk lay test.
Half onto anything officer what region. Collection it green hear computer. Place choice blue her.",Charles Gutierrez,,,Entertainment,['Entertainment'],"2039 Amy Harbors
Stewarttown, RI 94020",Cyprus,saturday,2024-01-07,13:58:44,2024-03-12,,2024-01-17 08:57:35.436449,2021-01-30 00:39:41.532341
EV106,Adaptive discrete model,NACB,https://holt.biz/,Conference draw seek.,according-affect,auto,97.0,"Through second daughter dog development fast fall service. Concern bring as pretty recently important.
Become modern seven work analysis quality matter. Attention join hold include get.",Diana Green,,,Technology,"['Entertainment', 'Technology', 'Health']","3237 Baker Throughway
Lake Scottview, MH 65481",Lesotho,wednesday,2024-03-05,18:38:24,2024-01-21,03:38:20,2023-09-17 04:48:53.792862,2023-12-23 21:48:47.831311
EV107,Synchronized impactful process improvement,romero.com,https://www.floyd.info/,Conference break class western list tend.,maintain-south,manual,,"Control person thus charge. Avoid for table authority. Could treat may push list enough read fish.
Night occur history common. Common source continue.",Christopher Nixon,,,Technology,['Business & Finance'],"3825 Coffey Inlet
Perezchester, OR 15379",Samoa,wednesday,2024-04-07,14:44:26,,,2023-09-22 09:26:22.335214,2022-02-11 11:35:22.997301
EV108,Object-based explicit workforce,terry.com,https://www.johnson-washington.com/,Detail game million affect federal body.,nation-though,auto,,Value serious exist but along. Positive seem drop clearly recent idea.,Michael Obrien,,,Science,"['Entertainment', 'Politics', 'Sports', 'Technology']","856 Thompson Avenue
Kimberlychester, MP 28551",Saint Pierre and Miquelon,friday,2024-05-30,12:52:13,2024-03-03,19:00:09,2020-08-24 04:45:51.899348,2021-11-08 06:21:24.896839
EV109,Pre-emptive demand-driven framework,NACB,https://nelson-butler.com/,Glass because large with.,fish-be-east-risk,auto,,"Agreement imagine direction home. Soldier trade she outside. Memory budget budget drive religious decision.
Thank place concern from face. The her report Mr growth hundred beyond.",Makayla Matthews,,,Politics,"['Technology', 'Science', 'Sports']","92200 Craig Flats
South Zacharyville, OR 00534",Nigeria,friday,2024-05-12,13:01:50,2024-06-27,,2023-08-02 08:05:28.734287,2024-04-30 23:56:26.083151
EV110,Optional systemic algorithm,jones-wu.com,https://www.bridges.com/,Indicate available democratic population record institution majority.,allow-measure-four,manual,16.0,"Democrat very light skin drive. Human color throughout senior minute.
With nice reach cause parent way real. Civil student player. If television away analysis.",Aaron Barrera,,,Sports,['Politics'],"9255 Jones Islands Apt. 170
North Charlesburgh, ME 09764",Italy,sunday,2024-05-05,19:27:01,2024-08-01,,2023-05-24 07:58:53.439096,2023-10-28 01:34:48.948629
EV111,Inverse scalable approach,fleming-nelson.com,https://jenkins.com/,Strategy kitchen continue happen.,one-how-trial,manual,16.0,Store sense voice character short because. Star hotel compare ask authority budget. Around picture career same but run. Test everybody free from.,Ethan Strong,,,Entertainment,"['Sports', 'Business & Finance']","6001 Alejandro Groves
Harrellshire, PW 14389",Macau S.A.R.,saturday,2024-05-08,02:22:28,,23:50:55,2021-09-21 05:16:14.312598,2023-09-09 04:31:30.163962
EV112,Quality-focused dynamic array,NACB,http://mendez.com/,Force bit edge benefit.,finally-more-like,manual,48.0,"Leader worker west economy attention. Arrive war probably language.
Already institution career set. By color art mind ok produce doctor official.",Christopher Massey,,,Technology,['Politics'],"9160 James Estates
West Tracymouth, GU 56386",Qatar,tuesday,2024-07-24,14:40:40,,,2020-12-06 03:19:32.025469,2023-12-14 00:39:41.046093
EV113,Synergized system-worthy model,maxwell.com,https://www.le.com/,While question record when.,large-summer,manual,,"Weight protect safe hand size sit. Next name main about thank reflect.
Court generation memory. Almost probably necessary can billion wonder.",Deborah Reyes,,,Sports,"['Science', 'Entertainment', 'Business & Finance']","20985 Kristopher Common
Birdmouth, WI 16931",Man (Isle of),wednesday,2024-03-10,12:09:40,,12:41:29,2021-11-27 19:11:26.514897,2021-12-26 09:34:37.245570
EV114,Robust maximized moratorium,hill.info,http://zuniga-gibbs.org/,Sport current sign story actually season.,response-position,auto,,Institution tough stand trial hear professional together. Church season property theory. Book film travel well.,Kristen Jones,,,Health,"['Science', 'Technology', 'Politics', 'Sports']","78090 Erika Club
Port Stevenhaven, CT 96228",Marshall Islands,sunday,2024-08-01,02:06:51,2024-01-16,,2021-03-20 13:03:41.644057,2020-01-09 23:37:19.838550
EV115,Seamless demand-driven productivity,long.biz,http://johnson.net/,Capital so here rate card almost trial.,step-traditional,auto,,"Happy paper understand ever sure community. Tree open fast more different sign region.
Leader skin value natural performance item. Deep half team less.",Kelly Kelly,,,Entertainment,"['Health', 'Politics', 'Science', 'Entertainment']","USS Morris
FPO AA 62851",Luxembourg,friday,2024-02-08,22:27:27,2024-03-21,,2020-11-26 06:50:49.821280,2024-06-04 06:36:13.444443
EV116,Organic radical Internet solution,humphrey-smith.info,http://www.adams-graves.com/,Report strong arrive statement majority no quality left.,smile-say-water,auto,,"Letter fall instead serve deep most. Smile final girl air these.
Man life hand accept wide. Coach individual law down weight take rest.",Patrick Carter,,,Entertainment,"['Sports', 'Politics', 'Health', 'Technology']","8214 Rebecca Spring
North Melissaside, WV 31105",Congo,wednesday,2024-05-29,23:31:39,2024-04-24,08:47:56,2020-05-19 15:59:28.025830,2022-11-17 16:05:26.290842
EV117,Customizable dynamic open architecture,NACB,http://campbell.org/,Soldier knowledge explain past interesting feeling yes.,record-policy,auto,,"Action black agreement near myself data bar. Wish attack go next.
Need traditional while something decision fund. Contain eat ahead together quality deep floor.
Value ready we now run later parent.",Jacqueline Brewer,,,Politics,['Politics'],"Unit 0869 Box 4028
DPO AE 80877",Luxembourg,tuesday,2024-07-01,11:10:07,,15:01:52,2020-04-08 16:29:54.223351,2020-03-06 19:09:36.063974
EV118,Streamlined 3rdgeneration access,vance.com,http://cruz.com/,Consider to other the part experience.,nothing-left-happy,manual,3.0,Anyone fire medical indicate stand seem require. The public behavior official analysis sort. Heavy walk run own. Likely ask possible quality couple.,Nathan Ayers,,,Health,"['Politics', 'Health']","706 Mary Lodge Suite 198
Thompsonville, WV 13051",Israel,monday,2024-06-03,20:56:50,,11:25:54,2022-08-13 22:00:07.916836,2022-01-21 14:36:51.863917
EV119,Grass-roots composite complexity,mays-beltran.com,http://gibson-tucker.com/,Expect tough argue how.,defense-candidate,auto,,Watch again rule discover common green reality ball. Nature beat continue size statement course material. Public network cultural improve of. Smile such couple tend.,Joel Lopez,,,Entertainment,"['Science', 'Entertainment', 'Sports', 'Business & Finance']","772 Clay Shores
Garzamouth, TX 21925",Palestinian Territory Occupied,tuesday,2024-01-09,09:07:21,2024-03-27,,2024-06-25 02:56:35.160800,2020-12-18 08:34:06.708842
EV120,User-friendly global emulation,malone.info,http://www.davis-cochran.com/,Protect choose crime human or group worker.,television-wear,auto,,Eye human bag tax car purpose. Personal sense billion success. School set local hair.,Amanda Tucker,,,Science,"['Sports', 'Politics', 'Business & Finance', 'Technology']","PSC 4797, Box 1279
APO AP 85962",Lesotho,monday,2024-08-01,03:26:19,2024-04-22,,2022-09-30 23:04:42.988096,2023-09-07 06:56:05.598522
EV121,Balanced radical access,white.org,http://www.west-turner.org/,Case total last reach impact.,story-over-every,auto,,"Keep will phone race past.
Art into street school. Against development south scientist course view pull. Thought year our former.",Tara Wang,,,Business & Finance,['Sports'],"630 Natasha Mall
North Amanda, VI 01644",Spain,monday,2024-01-14,12:46:28,2024-03-02,21:37:24,2022-03-30 00:16:49.746236,2020-09-06 13:51:25.911321
EV122,Implemented heuristic utilization,velasquez.com,https://www.valencia-garrison.net/,Political maintain opportunity oil interest matter.,arrive-huge,manual,26.0,"Education experience help keep field similar. View school window catch whose.
In well oil face have evening only clearly. Character candidate high you might heavy catch bill.",Jamie Hayes,,,Entertainment,"['Sports', 'Health', 'Business & Finance', 'Technology', 'Science']","84006 Jones Burgs
Englishhaven, CA 44541",Iran,tuesday,2024-05-19,15:03:56,,,2020-05-25 08:54:10.854838,2023-07-11 15:08:33.450094
EV123,User-centric secondary Graphical User Interface,NACB,http://guerra.net/,Recent campaign American audience.,social-could-finish,manual,,"Writer if enough car short successful grow. Future yeah miss card.
Present catch shoulder single. Also organization heart suddenly together third generation.
Song leader PM. Small heavy loss energy.",Gabriella Adkins,,,Science,"['Science', 'Health', 'Technology']","0847 Lisa Trail
Port Victoriaview, TN 24701",San Marino,saturday,2024-02-21,15:25:37,2024-01-05,,2023-06-22 16:24:04.222486,2023-09-10 14:30:28.153322
EV124,Secured methodical hardware,miller-wong.com,http://www.smith.com/,Similar forward reduce wife down choose.,avoid-board-fire,auto,,"Identify high before main various kid. Catch blue focus bed market. Far imagine attack generation break law gun.
Bank deal employee town ability. Spend year middle though space field campaign.",Tonya Proctor,,,Entertainment,"['Business & Finance', 'Technology']","28511 Ramos Causeway Apt. 887
Markborough, LA 04878",Somalia,wednesday,2024-02-06,21:04:51,2024-02-08,00:13:45,2023-03-16 09:07:40.391487,2022-06-25 16:39:42.899005
EV125,Networked bottom-line benchmark,NACB,http://dixon-cooper.com/,Store identify possible central south seven fly.,way-so-list-media,manual,,Establish most within quickly every. Tend rule everything push interesting agent want. Increase spring contain movement trade.,Theresa Lopez,,,Health,"['Technology', 'Sports', 'Science', 'Business & Finance', 'Health']","49281 Michael Fords Apt. 727
North Michelleburgh, NE 84342",Central African Republic,thursday,2024-01-14,02:51:55,,10:18:53,2021-11-26 15:10:32.227022,2023-08-22 05:22:21.493773
EV126,Triple-buffered bi-directional migration,davis.biz,https://www.ramirez.org/,Increase west federal commercial senior opportunity.,begin-something,auto,93.0,"Fire want assume lot process. Account suddenly family down still somebody need rock. Lead street born road evidence boy where character.
Live card kid anything. Upon station close stage door.",Christopher Hamilton,,,Health,"['Sports', 'Technology']","90828 Michelle Squares Suite 827
Mariastad, OK 16971",Turks and Caicos Islands,friday,2024-06-09,06:54:09,,,2021-04-18 23:57:35.690479,2024-02-15 20:02:35.227214
EV127,Team-oriented regional approach,NACB,http://cole.biz/,Call south west occur friend against.,spring-last-current,auto,38.0,Tv necessary another unit no. Record medical blood note specific send. Claim development think subject dog.,Kathryn Huang,,,Entertainment,"['Technology', 'Science', 'Entertainment', 'Politics', 'Health']","345 Jay Lakes Apt. 528
Hernandezstad, MH 73283",Mauritania,monday,2024-08-02,08:36:22,2024-01-21,,2023-11-01 02:35:11.219483,2024-02-25 08:04:14.876363
EV128,Progressive client-driven groupware,NACB,http://www.weber-day.biz/,Throw card law.,score-american-more,auto,,"Within common common shoulder. Science these scene because. Serve ground dark. Discover wait want report too.
Fight past able road evidence. His treat parent officer president order.",Patricia Lewis,,,Entertainment,"['Entertainment', 'Sports', 'Health', 'Technology', 'Science']","6122 Rebecca Bridge
Johnsonside, CA 83534",Benin,monday,2024-02-18,02:16:16,2024-05-25,,2021-08-03 17:06:51.938435,2023-09-13 06:18:07.727196
EV129,Visionary transitional help-desk,ramos-gibson.biz,https://www.krueger-martinez.com/,Road small western include base serve.,company-out,auto,10.0,"Boy success offer number blood improve song. Dark become newspaper past song success imagine. Determine tough involve trouble history task suddenly.
Shake effect evidence by large put speech.",Diana Martin,,,Technology,"['Health', 'Entertainment']","65787 Ross Extensions Apt. 541
West Joseph, UT 24830",Lesotho,thursday,2024-05-01,14:02:11,,,2024-03-06 09:12:15.571091,2020-11-17 02:49:53.372329
EV130,Profit-focused local analyzer,trujillo.net,https://thompson-higgins.com/,Catch because seek.,not-lose-somebody,auto,,"Decide resource campaign special keep pass marriage.
Few Democrat wide nearly first structure. Ok hope audience check help like others.",Charles Thomas,,,Technology,"['Technology', 'Politics', 'Sports', 'Entertainment']","7994 White Parkway
Tylertown, OR 15449",Norfolk Island,friday,2024-06-26,17:42:52,,09:10:10,2020-08-29 01:05:49.897818,2020-04-26 08:13:07.292375
EV131,Focused directional task-force,NACB,https://www.fisher.org/,Top season term including determine.,high-born-state,manual,26.0,"Magazine though century kid.
Wait guess however hand thousand. Seven charge her happy under stock strong structure.",Aaron Brown PhD,,,Science,"['Technology', 'Entertainment', 'Sports', 'Business & Finance', 'Science']","91748 Scott Port Suite 400
West Dillonfort, OR 17306",Latvia,friday,2024-06-20,08:04:54,,04:13:17,2020-07-15 04:17:23.456218,2022-06-05 06:51:19.585892
EV132,Persistent client-server utilization,jacobs.com,http://www.mora.info/,Ask option treat perhaps mother hear player hundred.,race-budget,auto,,Machine wife trouble able officer across. Second pretty nearly dog. Miss water large. Mr PM human evening her night.,Tonya Buckley,,,Entertainment,"['Science', 'Entertainment', 'Politics', 'Sports']","33732 Martinez Lodge Suite 372
North Ericville, OK 69816",Uganda,wednesday,2024-07-21,13:44:26,,,2022-05-09 10:33:10.696675,2023-10-12 09:02:55.605382
EV133,Fundamental dynamic forecast,NACB,https://www.peterson.info/,Paper draw deep current professional mother sell.,interesting-own,manual,98.0,Either training upon us life reflect hair. Friend state science produce know ability condition.,Gary Donovan,,,Technology,"['Technology', 'Entertainment', 'Science', 'Politics']","928 Wilson Road
New Bethton, TX 07800",Albania,thursday,2024-02-02,13:47:33,,,2023-03-18 05:56:28.969964,2023-12-01 11:49:56.211954
EV134,Managed eco-centric groupware,NACB,http://browning.com/,Step ok prove whether ball.,this-six-role,manual,69.0,"Amount employee increase. Also second response.
Lose business church particular.",Kerry Ruiz,,,Business & Finance,"['Technology', 'Sports', 'Entertainment']","USS Griffin
FPO AA 55700",Philippines,tuesday,2024-07-08,23:22:57,,,2020-01-22 04:56:41.422214,2023-02-20 01:39:58.674061
EV135,Stand-alone bandwidth-monitored middleware,NACB,https://www.evans.com/,Floor including majority different central language again.,drop-everybody-can,auto,95.0,"But month big soon throw stay piece smile. Animal media court all community experience.
Window soon study partner. Move among none fight.",Daniel Smith,,,Business & Finance,"['Technology', 'Business & Finance']","PSC 9875, Box 1301
APO AP 66870",Reunion,monday,2024-04-26,23:11:50,2024-07-06,03:53:38,2022-08-04 19:39:05.795078,2023-08-17 18:34:17.208278
EV136,Customer-focused coherent budgetary management,sanchez.com,http://wright-cox.com/,Floor across feeling manage.,decade-positive,manual,62.0,Most audience who seven cost smile person young. Collection he eight since quite. Attention citizen chance off seek yes next.,George Miller,,,Politics,"['Sports', 'Science', 'Entertainment']","7348 Mckinney Glen Apt. 734
East Kathrynland, GU 25311",Serbia,thursday,2024-03-12,04:34:46,,21:29:26,2020-04-26 16:44:58.288523,2022-01-28 06:55:05.409981
EV137,Customer-focused explicit circuit,pennington-white.com,http://perez.org/,Charge collection each couple toward begin.,too-authority-why,auto,,"Pretty lead hour state interview. Entire Mr seven little best something picture.
Resource worry special. Collection structure year win ground treatment fill happy.",Matthew Welch,,,Technology,"['Technology', 'Business & Finance', 'Sports', 'Health']","765 Ayala Gardens
North Amy, HI 52299",Vatican City State (Holy See),tuesday,2024-05-31,07:58:21,,,2021-03-29 21:32:42.541800,2022-07-01 05:14:07.203231
EV138,Configurable asynchronous website,NACB,https://www.harrell.com/,Few beautiful participant age develop full lot any.,standard-house-save,auto,,"Executive cultural back couple. Modern very hair get employee assume claim. Line drug service never subject father writer.
Culture strong sometimes nature coach section.",Andrew Garner,,,Politics,"['Science', 'Health']","53494 Derek Plains Apt. 709
New Matthew, MN 75994",Tajikistan,thursday,2024-02-12,19:24:10,2024-02-18,,2022-10-20 02:50:13.371402,2022-08-12 19:20:12.107627
EV139,Distributed explicit infrastructure,mcfarland.com,http://wallace.info/,Size bar significant any.,risk-low-drop-least,auto,,Too indicate service charge project question camera animal. Red sit positive traditional summer day.,Sergio Hoffman,,,Business & Finance,['Politics'],"827 John Avenue
West Anthonyfort, NM 03198",Hong Kong S.A.R.,tuesday,2024-01-19,15:04:33,,20:10:30,2020-03-06 08:54:00.930513,2022-08-28 05:12:20.568056
EV140,Cross-group static middleware,pruitt.com,http://www.maxwell.com/,High with close beautiful down.,thank-stand-behind,auto,95.0,"Executive special school direction drug laugh factor heavy. Republican than edge agency pick.
Specific picture some speech. Phone either when risk.
Save leave less myself education science.",John Garner,,,Science,"['Sports', 'Technology', 'Entertainment', 'Business & Finance', 'Science']","14001 Tracy Overpass
Stevenberg, MI 19252",Jersey,tuesday,2024-02-23,22:48:48,,,2020-08-03 22:24:32.416790,2022-03-14 06:39:30.204384
EV141,Sharable homogeneous budgetary management,NACB,https://adkins-alexander.com/,Unit hand analysis.,understand-interest,auto,41.0,"Explain win sister soldier. Finally involve lose case candidate message color. Any room to drug price writer us.
Compare hot as room could begin others deal. Follow bill a bit four room.",Hannah Stewart,,,Health,"['Entertainment', 'Politics', 'Technology', 'Business & Finance']","272 Ellis Crossroad Apt. 782
Josephland, WA 67302",Pitcairn Island,tuesday,2024-02-21,19:49:45,2024-02-20,06:45:44,2022-11-10 22:55:06.998879,2021-05-20 07:29:30.209935
EV142,Implemented systematic capacity,NACB,https://www.shelton-decker.com/,Performance hard approach expect specific guess.,window-cause-black,manual,,"Card choice level remember among trouble. Government job treat.
Product officer individual thought final reflect now stand. Hour fact attention TV business claim machine.
Group trial low civil.",Danielle Robinson,,,Business & Finance,"['Technology', 'Sports', 'Entertainment']","2852 Stout Falls Suite 894
Lake Marcusmouth, NM 66612",Dominican Republic,tuesday,2024-01-05,02:38:29,2024-02-17,,2024-05-17 21:46:55.719325,2020-05-18 04:58:08.298790
EV143,Future-proofed coherent approach,sanford.com,https://moore.info/,Before ready your animal politics effect own.,contain-wife-us,manual,4.0,Population less realize share who probably case. Road sell firm serve. Fill create relate system knowledge hear itself.,Katie Kelley,,,Sports,"['Science', 'Politics', 'Health', 'Business & Finance', 'Technology']","9759 Julie Rapids
East Katherine, SC 30997",Cuba,friday,2024-01-19,19:25:11,,06:27:33,2021-06-04 11:20:50.291630,2021-04-16 07:22:10.785289
EV144,Optional well-modulated migration,NACB,http://moore.com/,Attorney seven grow cold.,environment-job,manual,87.0,"Authority American left together subject research. Cost figure road over whatever.
Return through magazine develop rate force claim. Only store become travel benefit record material dog.",John Turner,,,Sports,"['Business & Finance', 'Technology']","991 Kristina Centers Suite 639
Brownport, IL 54877",Mali,monday,2024-04-18,14:58:31,2024-03-10,03:57:16,2020-01-07 19:55:54.897509,2022-04-30 01:50:31.506993
EV145,Decentralized fresh-thinking function,NACB,http://day.com/,Back it law short level heavy.,air-fill-and,auto,7.0,"Capital different open enter wear growth too.
Development development up place agree thank. Inside statement strategy similar southern a.",Eric Richardson,,,Sports,['Science'],"388 John Tunnel Apt. 040
Lake Brianna, DE 40330",Zambia,tuesday,2024-08-01,23:00:20,,,2024-03-03 04:26:44.427338,2024-07-25 06:06:45.178387
EV146,Multi-lateral client-server infrastructure,NACB,https://king.com/,Measure grow player traditional almost piece trial.,really-bag-cover,manual,,Hand I city move town consider start. Wish language fear forward personal their major. Growth over support campaign end.,Deborah Fuentes,,,Business & Finance,['Sports'],"18735 Alvarez Courts
East Melissachester, AL 39324",Morocco,sunday,2024-06-07,06:10:58,,,2022-01-23 05:23:11.805311,2020-08-22 00:38:41.698540
EV147,Devolved client-driven methodology,NACB,http://ewing-monroe.com/,Base service staff go travel few.,age-future-east,manual,,"Method four indicate candidate science.
Little improve painting character camera focus morning. Certainly serious hand house continue six. Decide more where message born baby PM.",Nancy Ortega,,,Politics,"['Health', 'Technology']","47191 John Green Suite 922
Lake Deniseborough, FM 87794",Bangladesh,sunday,2024-04-05,01:22:40,,03:05:07,2023-08-16 15:34:04.575372,2024-07-18 19:21:01.030733
EV148,Fundamental radical approach,roberts-burton.com,https://www.rogers.org/,Rule which media democratic quite world show.,goal-international,auto,,Full without other speak their local manager. Trip make effort something Mrs protect.,Brian Townsend,,,Science,"['Entertainment', 'Sports']","632 Henry Center Apt. 359
Bonillaburgh, GA 29286",Central African Republic,monday,2024-04-19,14:45:30,,07:14:22,2023-12-10 08:09:05.741274,2020-05-07 22:58:33.683482
EV149,Stand-alone global flexibility,williams-sullivan.com,https://potter.net/,Require force family finish real perform production.,million-bed-guess,manual,,"Court approach next art least. Including some particularly base technology dark get.
Next up power offer.
Magazine begin hard. Ten because relationship there.",Linda Salas,,,Entertainment,"['Sports', 'Science', 'Politics', 'Technology', 'Health']","604 Ruiz Drive Apt. 007
Darrylchester, MH 44845",Israel,tuesday,2024-05-24,08:09:58,,,2023-08-30 14:11:59.660335,2020-08-09 19:23:25.086462
EV150,Monitored bandwidth-monitored Graphical User Interface,hancock-huffman.com,http://chambers.com/,Chance box month rock a.,water-include,manual,78.0,Example billion firm sport. Hundred order hold how here special allow.,Traci Fisher,,,Technology,"['Science', 'Politics', 'Sports', 'Health']","699 Pena Springs
Kimberlybury, VI 24506",Saint-Martin (French part),sunday,2024-06-27,07:32:52,2024-02-28,,2022-09-05 18:21:00.210613,2021-01-27 13:07:36.858288
EV151,Versatile coherent attitude,NACB,http://mcintyre.com/,Voice she military large.,direction-day,manual,3.0,Than particular consumer others I rather. Animal have could each have grow magazine start. A sign space know fly study everything wish.,Kenneth Bowen,,,Sports,"['Entertainment', 'Science', 'Business & Finance', 'Sports']","75209 Haynes Common Apt. 555
Gonzalesberg, OH 75968",Guam,monday,2024-03-07,10:06:29,,00:53:32,2022-09-16 21:16:44.511863,2023-12-23 07:51:26.068607
EV152,Team-oriented 24/7 extranet,arnold.com,http://www.esparza.com/,Eye play author money body.,day-billion-market,auto,42.0,"Office defense move. Citizen anything me player key computer someone. Late attention successful improve during.
A break rather program finish.",Katherine Rivera,,,Politics,['Science'],"62155 Sylvia Centers Apt. 630
Daviston, VI 61940",Uzbekistan,sunday,2024-07-22,22:38:32,,,2024-03-10 07:55:35.707576,2022-08-29 03:22:59.838806
EV153,Self-enabling object-oriented functionalities,NACB,https://mitchell.biz/,Make still figure popular push main situation food.,every-give-listen,auto,68.0,"Bit common eat write author name. Every cost learn general. Set member something hot maintain its.
Receive forget campaign write mention. Scene crime while occur. Response drug call then street.",Jennifer Martinez,,,Sports,"['Business & Finance', 'Technology']","4172 Wallace Grove
Lisafort, TN 37364",Saudi Arabia,monday,2024-01-07,10:32:59,2024-06-22,,2022-04-16 01:37:02.854006,2020-12-26 16:39:02.028855
EV154,Stand-alone fresh-thinking encryption,NACB,http://www.anderson-massey.org/,Another measure treatment unit many.,garden-never,manual,50.0,"Pretty must score until catch. Fund agree on. Common item none want throw suggest doctor.
Seek know north school article impact. Century exactly left item always prevent determine whatever.",Raven Hanson,,,Business & Finance,"['Technology', 'Entertainment', 'Health']","910 Maurice Vista
Lake Douglashaven, MN 12744",Cameroon,wednesday,2024-06-05,05:37:26,2024-04-06,,2021-08-27 01:52:51.890521,2022-08-06 14:36:25.123507
EV155,Ergonomic motivating product,NACB,https://www.smith.com/,View later writer arrive serve cut.,red-prove-million,manual,71.0,"Idea listen little degree read. Person sell really cultural including.
Discussion appear effort listen high contain man. Gas too government such hot. Leader front pattern individual attention.",Heather Oliver,,,Business & Finance,"['Health', 'Technology']","38327 Erin Rapid
East Daniellehaven, AZ 42325",Maldives,monday,2024-03-05,02:57:18,,05:13:35,2021-11-22 10:01:59.322599,2024-02-20 17:20:32.118506
EV156,Multi-tiered content-based analyzer,NACB,https://martin.net/,College instead other.,force-customer,auto,38.0,"With yard very western agent.
Never color result responsibility care sort blood. Unit social quickly around. Thousand enjoy perform good simple next.",Phillip Lamb,,,Science,"['Health', 'Business & Finance', 'Science', 'Entertainment', 'Politics']","65761 Combs Plains Apt. 443
Martinmouth, WV 11277",Kazakhstan,friday,2024-06-25,04:48:42,,08:20:15,2020-12-11 19:05:54.574393,2023-01-14 01:50:33.984687
EV157,Pre-emptive contextually-based service-desk,NACB,http://cole.org/,Manage tough always right.,huge-yeah-add,manual,6.0,"Seek appear best teacher exactly before. Space structure fight mouth.
Father carry face have police stuff. Church sister investment policy. Mention president wide wonder.",Tina Leblanc,,,Entertainment,"['Science', 'Business & Finance']","1245 White Mission Apt. 045
West Williamshire, WY 47990",Tonga,tuesday,2024-03-22,15:59:48,,21:08:00,2020-09-22 23:50:04.223671,2022-06-26 12:30:08.851780
EV158,Managed user-facing solution,NACB,https://landry-beck.com/,Market matter find stand window table.,his-of-near-story,auto,16.0,"South other foreign during from imagine physical. Way expect cover customer animal around.
Sort bar yet. Be sense bill image. Base reflect foot begin when discuss.",Eric Conner,,,Entertainment,"['Technology', 'Sports', 'Science', 'Politics', 'Health']","Unit 6412 Box 1883
DPO AP 35260",Western Sahara,saturday,2024-02-19,09:34:58,2024-03-20,,2020-10-27 03:30:19.510336,2020-09-06 03:02:05.448633
EV159,Function-based optimizing functionalities,NACB,http://wood-murphy.com/,Factor sell sure risk memory city.,discover-trouble,manual,,Do weight report available hope. Approach defense head place measure court second summer. Total range hot again million through. School agreement yard rate build standard room.,Alexander Fields,,,Health,['Business & Finance'],"17525 Heather Corner Suite 536
Rebeccashire, VT 43897",Bermuda,monday,2024-04-10,14:54:32,,,2024-01-20 15:32:21.202539,2024-07-11 02:05:52.468979
EV160,Optional real-time matrices,strickland.com,http://kim.info/,Surface majority consider really we benefit agency.,protect-pass,manual,,Old plan fight above talk across concern. Realize significant share give health garden standard today. Very may several third though possible.,Kathleen Paul,,,Health,"['Politics', 'Health', 'Technology']","816 Martin Plains Suite 430
Mcculloughmouth, VT 67751",Tanzania,saturday,2024-07-24,06:35:28,2024-06-19,,2024-07-04 07:40:44.168365,2024-03-22 08:32:15.767311
EV161,Cross-platform 5thgeneration support,NACB,http://price-nichols.biz/,Skill enough administration success suffer then face good.,better-development,auto,,"Often both feel field. Many industry senior people deal coach. Organization laugh lay old when.
Term artist would notice. Term expect building bit. Model happen word.",William Howell,,,Science,"['Health', 'Politics', 'Business & Finance']","5801 Mary Springs
North Christian, KS 42572",Chad,wednesday,2024-04-11,23:15:31,,22:50:28,2021-06-05 13:25:13.676975,2021-07-01 05:51:10.136359
EV162,Re-engineered web-enabled time-frame,NACB,https://bowen.biz/,Partner exist instead mission present present little.,notice-break-act,manual,6.0,Good street culture he mind seven method force. Yet keep argue test whole mother road. Senior hit finally plan.,John Jimenez,,,Business & Finance,"['Sports', 'Politics', 'Health', 'Technology']","272 Hurley Grove Apt. 483
Stephanieport, WV 94286",Curaçao,saturday,2024-03-22,14:14:37,2024-06-11,03:23:52,2022-06-15 22:59:08.666380,2021-01-09 11:34:46.487100
EV163,Pre-emptive context-sensitive challenge,nunez.com,https://young.com/,Again movie use want seven cover treatment law.,plant-plant,manual,,"Nature industry event political teach yet. Certain or chair exactly population.
Those performance poor appear. Beat task reveal. Range want your reduce.",Larry Lee,,,Politics,['Business & Finance'],"4447 Lewis Path Suite 965
Wendyberg, PW 32587",Saint Helena,thursday,2024-03-24,05:30:36,,18:55:22,2024-05-26 09:42:24.235597,2021-11-29 21:52:18.669788
EV164,Reverse-engineered content-based implementation,foster-mcdonald.net,https://bird-brennan.com/,Include the general religious draw thank.,before-natural,auto,,"Father reason thousand shake. Stop must authority hand white skin hair worker.
Concern ask concern without agreement dream. Be couple million. Next free think site.",Allen Deleon,,,Health,"['Sports', 'Technology', 'Entertainment']","838 Miller Ferry Suite 317
West Joshuaside, RI 32372",Zimbabwe,thursday,2024-06-10,19:58:18,,06:43:13,2023-05-23 21:45:54.127284,2020-11-11 14:20:19.646346
EV165,Cloned object-oriented access,green.net,https://molina.net/,Break use result road.,reflect-true-nice,auto,16.0,"College who without. Ago only others white wonder school. Forget chair thus billion.
Evening box part. Shake project reduce debate arm camera. Operation list rule decide least.",Douglas Cortez,,,Technology,['Science'],"797 Luke Corners Apt. 128
West Georgeberg, MS 75959",Lithuania,wednesday,2024-02-17,14:03:12,2024-04-07,11:32:02,2021-10-01 14:17:27.457122,2024-05-29 00:30:31.043477
EV166,Focused national contingency,NACB,http://www.flores.com/,Management huge live hold argue wish.,law-particularly,manual,8.0,"Free out soldier edge. Thought believe film suffer.
Six wife work group particularly example. Represent pay local person. Hour mother speak their certain ready.",John Martinez,,,Health,"['Technology', 'Politics', 'Health']","441 Tyler Roads
South Juliabury, OR 27078",Bahrain,sunday,2024-06-09,13:57:30,2024-02-02,20:35:00,2024-08-03 01:53:46.959759,2021-09-27 08:30:30.062339
EV167,Polarized value-added parallelism,NACB,https://www.rogers.net/,First occur identify realize.,technology-talk,auto,,"Learn head price. View meeting forget. Standard edge great not find. Go heart sound Congress strategy expect.
Could yet trip off similar with. Sound detail add who public must. Affect common defense.",David Olson,,,Health,"['Politics', 'Health']","74805 Kimberly Canyon Suite 078
South Jose, NY 31402",Maldives,sunday,2024-05-23,02:30:31,,,2023-06-07 09:19:12.959887,2024-04-27 05:12:36.499969
EV168,Front-line secondary synergy,burns.com,https://www.wiggins.info/,Voice international become too special.,accept-everyone,manual,,"Exist theory tree buy. Word strategy high between parent necessary.
Religious you miss law history million. House add radio three.
About understand explain form list. Meeting pretty design show.",Mark Odonnell,,,Sports,"['Politics', 'Entertainment', 'Health', 'Science', 'Business & Finance']","59523 Alyssa Loop
Meredithview, ND 99384",Macau S.A.R.,saturday,2024-02-08,19:39:01,2024-04-09,,2020-07-30 17:58:29.325983,2021-02-18 13:30:55.684677
EV169,Self-enabling intermediate moderator,richardson.com,https://james-campbell.net/,Recent young drive.,firm-level-mean,manual,68.0,"Other agency finish ten interest whole. Agent official charge into space.
Above rise north situation reach kitchen front. Into or then whatever.",Jose Tucker,,,Health,"['Business & Finance', 'Health']","0958 Wright Brook Apt. 828
Campbellmouth, NJ 03444",Djibouti,monday,2024-02-11,20:43:59,,19:04:20,2023-05-21 11:55:01.596443,2023-02-18 19:49:03.948389
EV170,Focused tertiary hub,NACB,http://fletcher.com/,May find character.,true-space-he-build,auto,86.0,Rate often share seem red fish knowledge. Second Mrs soldier office among painting. Next experience indeed someone provide value.,Adrian Nelson,,,Science,"['Sports', 'Business & Finance', 'Health', 'Entertainment', 'Science']","3776 Kaufman Route
New Sarah, IA 22747",Finland,friday,2024-05-28,04:49:36,2024-06-09,21:02:02,2022-11-26 08:38:28.748810,2024-02-04 15:32:51.804149
EV171,Profound multi-tasking protocol,NACB,https://www.paul.net/,Inside way enter must.,approach-in-while,auto,,Road spend fine mission share structure. Mother view while instead. Cold indicate past significant however fight. Kitchen less degree resource.,William Goodman,,,Technology,"['Health', 'Science', 'Entertainment', 'Technology']","94767 Lawrence Cliff Apt. 869
Lake Sarah, CT 11538",Ukraine,friday,2024-02-28,04:24:00,2024-06-13,09:38:08,2024-05-23 02:31:57.983851,2023-02-03 12:38:05.042290
EV172,Realigned analyzing paradigm,ramirez-nelson.com,http://steele.info/,Tell debate dark whole relate.,throughout-unit,manual,41.0,Age history perform those travel exactly environmental. Occur shake point look happen develop should. Along realize hair blood society also only police. Central have available name person.,Maria Johnson,,,Health,['Sports'],"5863 Hansen Camp
Shawnview, MH 57092",British Indian Ocean Territory,friday,2024-07-10,06:59:27,,19:37:29,2022-10-16 00:05:56.195678,2023-04-16 11:25:09.567248
EV173,Front-line systemic complexity,galloway.info,https://www.cisneros.com/,Wall tend project large.,avoid-several-thus,manual,,Medical generation product major indicate. Quite economy skin capital. Administration store movie maintain relate.,Jared Morales,,,Politics,"['Politics', 'Entertainment', 'Science']","76822 Wilson Lodge Apt. 750
Port Madisonshire, AL 65663",Suriname,friday,2024-02-29,14:19:20,,11:34:41,2020-09-07 00:50:51.728477,2020-01-05 10:05:23.151530
EV174,Optimized well-modulated throughput,miller.com,http://www.fischer.com/,Population until medical attention cold.,far-he-near-break,auto,,Offer represent goal. Science under learn result. Political while interesting natural power production future.,Connie Garza,,,Politics,"['Politics', 'Technology', 'Business & Finance']","7942 Antonio Turnpike Apt. 851
East Stephaniefort, CO 74433",Greece,sunday,2024-03-23,21:09:20,2024-01-17,,2023-08-22 12:39:44.506373,2023-11-28 04:00:16.360886
EV175,Reactive dedicated parallelism,NACB,https://villarreal.com/,Day production phone full newspaper.,important-subject,auto,,Could hope market difficult environmental. Coach certainly build yourself able strategy control. View a side matter. Owner space increase able discuss per indicate big.,Nathaniel Thompson,,,Entertainment,"['Technology', 'Science', 'Business & Finance', 'Entertainment']","379 Phillips Mission Apt. 460
Hughesland, ME 90593",Laos,sunday,2024-07-28,06:28:16,,,2021-11-28 12:47:40.711106,2022-05-04 07:31:38.089166
EV176,Integrated executive ability,NACB,http://watkins-turner.info/,Door town nothing such.,hand-suffer,manual,,Expect several sell impact million side option. Minute doctor begin collection agreement. Include event suffer medical father better treat goal.,Anne Farmer,,,Sports,"['Entertainment', 'Sports', 'Technology']","23664 Stanley Mission Apt. 636
Jamesstad, MP 39910",Mongolia,monday,2024-07-10,19:02:05,,21:28:19,2021-10-20 19:46:26.200583,2021-05-11 15:34:06.547340
EV177,Multi-channeled disintermediate hierarchy,NACB,https://thompson.com/,Town leave its society vote whom.,baby-top-pretty,auto,,Able despite around line wonder personal significant. Company morning really this sign consider wait. Building or million safe available detail who.,Jennifer Marsh,,,Business & Finance,"['Politics', 'Science']","732 Shawna Green
Port Jenniferborough, MN 57445",Aruba,wednesday,2024-07-15,17:23:31,2024-02-21,16:20:09,2020-01-18 07:41:54.004546,2020-07-24 15:34:52.467303
EV178,Reactive even-keeled instruction set,NACB,http://www.johnson.biz/,Get special red country.,future-what-effect,auto,,"Source system us identify. Police light artist law near economy off. Image maybe under.
New direction rich way. Happy attack cause student. Not middle range same beat operation friend.",Mr. Tyler Kelley DVM,,,Technology,"['Sports', 'Health', 'Politics', 'Entertainment']","703 Sanchez Manors Suite 979
Port Diane, MT 46900",Tunisia,sunday,2024-05-06,02:45:08,2024-01-05,02:53:26,2020-01-27 19:20:55.608967,2020-05-03 10:58:13.037098
EV179,Upgradable demand-driven archive,raymond-morrison.com,http://garza.org/,Never effect poor.,movie-chair-natural,auto,,"Join note forward various white.
Strong significant certainly white play animal style machine. Ok would way hard early during. Wind hear general whatever hit edge game.",Sarah Morales,,,Entertainment,['Health'],"475 Alexandra Crossroad
Kristinberg, OR 63929",Tuvalu,tuesday,2024-03-04,14:50:30,2024-02-01,,2022-05-17 00:14:50.578883,2020-02-11 09:17:01.645757
EV180,Multi-layered secondary superstructure,brown.biz,https://www.ferguson.info/,Lose tough notice rule sometimes son lot side.,as-put-floor-check,manual,25.0,"Enter we great yard. Case least range small them foreign point. Page can resource chair both show.
Rock us instead what point. Want happen last its price human. Test pattern bag manage put force.",Charles Hamilton,,,Entertainment,['Politics'],"4881 Smith Station
Port Paulmouth, CT 80442",Latvia,sunday,2024-05-22,14:04:31,2024-06-04,,2020-07-05 11:09:52.904180,2021-05-07 14:28:04.401013
EV181,Ergonomic dynamic implementation,NACB,http://sosa-ryan.com/,Business gun that ground down.,best-bring-price,manual,9.0,"Environmental describe school challenge detail easy attention. Budget where standard high because discussion beat get.
General fire yard seem. Cost shake same growth.",Robert Davis,,,Health,"['Science', 'Entertainment', 'Business & Finance', 'Sports', 'Politics']","PSC 5540, Box 4467
APO AP 76479",Turkey,sunday,2024-05-08,04:24:44,,10:13:59,2023-06-23 05:36:28.526174,2022-01-04 18:49:13.235668
EV182,Stand-alone empowering focus group,NACB,https://www.anderson.info/,Security business avoid hundred production.,western-allow-enter,auto,,Degree dinner spring opportunity. Until staff success social skin might. City building employee do wear example thing.,Timothy Dalton,,,Technology,"['Science', 'Health', 'Politics']","49438 Boyer Lodge Suite 417
West Juantown, TN 99724",Angola,monday,2024-06-17,04:04:13,2024-02-14,,2022-02-23 18:07:23.627336,2020-04-09 15:32:36.040331
EV183,Polarized system-worthy intranet,lewis.net,http://smith.net/,Base center wonder million weight.,year-plant-act,manual,,"Phone indicate determine support behind environment voice. Hospital movie that discuss away.
Organization bill himself alone dark. Analysis arm believe five along sure election across.",Lisa Hess,,,Business & Finance,"['Sports', 'Health']","457 Janice Bypass Suite 712
New Michaelmouth, MS 04487",Vanuatu,thursday,2024-04-07,12:00:29,2024-03-02,14:26:55,2021-11-16 16:29:16.848665,2024-04-20 07:43:52.461990
EV184,Synergistic scalable access,heath-aguilar.biz,https://jackson.net/,Quite job half surface.,road-ready-vote,auto,94.0,Add officer his culture policy. Half hope both your place city stop maybe. Especially commercial easy ready hotel drive.,Logan Jones,,,Politics,"['Science', 'Entertainment']","263 Kenneth Radial
Stantonchester, PR 27127",Armenia,sunday,2024-05-25,20:57:56,,,2023-03-24 11:02:15.393533,2020-07-29 22:06:19.940292
EV185,Sharable interactive frame,NACB,http://white-castillo.net/,Step trade prepare general.,take-what-north,auto,,"Them effort identify others Mr arm. Each what sing campaign American strategy.
More throughout finish which beyond. Weight loss office picture any science point. Try more heart various science.",Micheal Savage,,,Health,"['Business & Finance', 'Science', 'Entertainment']","928 Robert Roads
Harrellton, NJ 25424",Romania,saturday,2024-08-04,19:55:55,,21:24:12,2023-07-18 02:30:14.187435,2023-06-04 20:06:01.630487
EV186,De-engineered next generation protocol,jackson.biz,http://bowen.biz/,Firm participant thing draw south.,really-well,auto,44.0,"Collection human appear form citizen. Democrat usually author serve ten usually.
Out street thousand stock any. Power interest real hot whose send woman detail. Really capital citizen.",Carol Miller,,,Politics,"['Science', 'Health', 'Technology', 'Entertainment']","204 Christopher Crescent
Hopkinsland, HI 62604",Syria,wednesday,2024-03-03,22:43:54,2024-07-01,,2020-06-20 09:13:35.338290,2020-11-25 07:47:33.943516
EV187,Visionary disintermediate encoding,NACB,https://www.meyer.com/,Special upon resource treat I any line.,rather-strong,manual,,"Third reveal allow thought record look money Republican. Hear high forget off doctor much.
Raise bag especially good. Establish for sign happy. Name travel happy worker defense.",Elizabeth Nielsen,,,Sports,"['Politics', 'Business & Finance', 'Technology']","719 Kathleen Pass
Bridgesville, MP 19600",Bhutan,saturday,2024-06-01,11:07:33,2024-02-07,15:47:42,2023-07-13 19:51:06.157110,2022-09-25 02:43:10.324902
EV188,Balanced empowering help-desk,NACB,https://davis.net/,Brother join each everybody ball article.,claim-alone-win,manual,,"Manage happy rock religious chair structure. Others natural whose trip. Threat at find try.
Some experience high must white hundred they. Live section any friend material writer edge.",Christopher Chavez,,,Politics,"['Entertainment', 'Politics']","6375 Patricia Ferry
Johnland, KS 73896",Ireland,sunday,2024-06-15,12:22:43,2024-08-04,,2022-12-16 22:55:38.811589,2024-05-12 18:57:51.520333
EV189,Triple-buffered composite definition,roberts.com,http://www.andrews.com/,Most teacher knowledge different.,home-reflect,manual,68.0,Why shoulder police final partner it figure. Particularly cover push wish include break article.,Jackson Buck,,,Technology,"['Health', 'Politics']","68848 Flores Junction Apt. 284
Nelsonland, AS 94409",Norfolk Island,wednesday,2024-04-10,05:07:53,,10:30:55,2023-08-07 12:30:15.761605,2023-04-05 03:16:53.795461
EV190,Object-based bottom-line approach,NACB,https://thompson.com/,Try help news avoid meet knowledge.,the-party-pick,manual,,Reflect common you. Power remain this board easy rise. Audience production science today.,Tiffany Morrow,,,Entertainment,"['Technology', 'Politics', 'Entertainment']","7318 Collin Creek Apt. 084
Michellefort, NY 88620",Hong Kong S.A.R.,thursday,2024-06-26,15:22:48,2024-05-02,,2022-07-27 06:36:32.561689,2022-10-29 16:39:04.215091
EV191,Multi-channeled zero tolerance open architecture,carpenter-hudson.biz,https://hawkins-patterson.com/,Then agree moment.,range-give-like,auto,53.0,"Should sense its. Measure member up type too attention. Might drug concern fact positive.
Image mission without modern at east create boy. Sea argue partner find oil us why.",Amanda Price,,,Science,"['Sports', 'Technology', 'Politics']","PSC 1704, Box 7180
APO AP 66306",Egypt,thursday,2024-03-20,18:45:26,2024-06-29,04:24:38,2021-02-15 05:41:57.733519,2023-04-28 06:32:03.852029
EV192,Innovative analyzing strategy,NACB,https://contreras-mcpherson.net/,Pressure past scene figure suddenly their.,policy-garden-east,auto,,"Choice west poor executive huge. Establish reach religious color.
Value special have recognize. Among media staff project decade save lay. Their and agency white happen process new.",Angela Weaver,,,Entertainment,"['Science', 'Business & Finance', 'Entertainment']","65405 Edward Ridges
South Lauren, UT 30661",Northern Mariana Islands,wednesday,2024-04-23,09:25:09,2024-04-10,20:39:15,2024-04-06 08:21:46.590309,2023-01-05 16:40:34.266564
EV193,Team-oriented object-oriented standardization,brooks.net,https://www.beard-rodriguez.net/,Require must bank yet imagine big behavior.,since-wide-decade,auto,,"Bar beat scientist figure member necessary.
Mouth hour strong oil trip case. Benefit main article movement director break. Interesting teacher director case.",Dr. Linda Rodriguez DDS,,,Politics,"['Technology', 'Business & Finance', 'Entertainment', 'Health']","7081 Kristen Groves
Dalebury, SD 17428",Eritrea,saturday,2024-02-14,05:56:07,2024-04-16,,2024-04-15 08:47:34.153123,2021-04-14 06:24:41.147280
EV194,Synergistic upward-trending neural-net,lawson-palmer.biz,https://garrett-sandoval.com/,Have these dog debate.,project-play-series,auto,,"Camera quite support including there nearly.
Strategy area second. Pull law without main fight yes enjoy. Determine member live open conference boy. Sort pay machine teach step behavior amount form.",Andrew Nunez,,,Technology,['Business & Finance'],"7341 Christina Landing Suite 212
Bryantside, OH 56989",Nepal,saturday,2024-03-14,02:08:46,,20:13:30,2022-08-17 15:21:51.510834,2021-08-13 07:03:44.016932
EV195,Profound multi-state analyzer,NACB,http://www.landry.com/,Use measure trouble give.,which-economic-sort,manual,,"Indeed generation democratic difference through. Both difficult degree people history subject difference any.
Great operation find administration condition suddenly. Water arrive eight.",James Martinez,,,Science,"['Sports', 'Entertainment', 'Technology', 'Politics', 'Business & Finance']","22469 Valentine Summit
Clarkeport, VI 48742",Denmark,wednesday,2024-04-09,10:19:26,,,2023-05-01 04:06:53.000537,2021-05-25 15:30:36.402817
EV196,Quality-focused asynchronous neural-net,NACB,http://www.brown-johnson.com/,Place main any race sign who over.,center-others-score,auto,,Source past certain direction garden local bill. Important present city about require reality. Maybe beat fire place.,Charles Wilson,,,Politics,"['Business & Finance', 'Science', 'Sports', 'Health', 'Politics']","39764 Kelly Isle
Lake David, MO 81070",Guinea-Bissau,friday,2024-06-22,12:34:37,2024-02-10,04:37:20,2022-01-14 06:57:15.691895,2024-05-05 11:08:45.768237
EV197,Business-focused optimal neural-net,terrell.biz,http://www.bailey.biz/,Various drug seem old.,although-direction,auto,,"Total our pay people analysis.
Measure enjoy few road company within.
Arrive night soldier protect pattern huge group. Me her ground sea answer.
Total agency follow too.",Melissa Rivera,,,Health,"['Entertainment', 'Health']","332 Cameron Points Apt. 045
Geraldburgh, AL 90193",Nigeria,thursday,2024-05-17,22:47:29,2024-01-27,14:41:13,2022-10-29 09:47:33.893195,2024-03-12 19:58:44.536372
EV198,Reverse-engineered needs-based customer loyalty,krueger.com,http://www.cohen-gonzalez.biz/,Wear only seven.,individual-old-that,manual,24.0,"Food week hold data school civil far. Training cold value center safe boy it.
Part clearly front machine subject consider seek.
Kid economy green easy president product. President sit pay.",Samantha Arias,,,Sports,['Politics'],"922 Christopher Plaza
Matthewborough, ME 65859",Thailand,tuesday,2024-03-15,15:04:16,,04:57:58,2023-10-09 14:07:50.076981,2022-01-30 06:17:45.141559
EV199,Customer-focused uniform circuit,NACB,http://www.davies.org/,Actually movement blood American memory.,impact-pm-seem,auto,49.0,Deal nor good prepare single. Seek them civil rule several. While development turn because.,Austin Mahoney,,,Entertainment,"['Politics', 'Technology', 'Health']","179 Fox Garden
Obrienside, LA 08226",Senegal,thursday,2024-06-14,17:42:36,2024-05-19,15:17:17,2023-11-14 13:59:46.248065,2021-02-21 23:05:39.038141
EV200,Automated reciprocal structure,white.com,http://www.garcia.com/,According head like assume present.,city-right-fund,auto,,Western Mr push hot. Trial city give car third cover could.,David Wright,,,Technology,"['Business & Finance', 'Sports', 'Technology', 'Entertainment']","7944 Bradley Locks
Hannahtown, MO 91966",Eritrea,friday,2024-04-28,20:24:54,2024-06-29,,2024-03-02 10:52:56.327620,2021-06-04 20:52:02.586183
EV201,Proactive modular toolset,NACB,https://www.stanton-wallace.com/,Small professional fear international ten deep.,project-any-officer,manual,,"Son every bar word state. Defense table seat large. Together enjoy sense citizen candidate four.
Site like campaign really. Culture face through morning own.",Joshua Turner,,,Science,"['Sports', 'Science']","USNS Kelly
FPO AE 81642",Niger,monday,2024-03-20,07:44:25,2024-07-28,,2020-03-30 15:22:59.022790,2022-10-25 21:53:40.119749
EV202,Persevering national utilization,cooper.com,https://shelton-burke.com/,Half thousand body probably usually image.,color-land-side,manual,4.0,"Stage above environment claim particularly prove else. Mother care conference.
Direction everybody each miss stage yeah. Pm true way risk. Yet whose role rather expect yes.",Jose James,,,Politics,['Sports'],"84918 Autumn Isle
West Krista, SC 79365",Argentina,saturday,2024-03-30,01:41:17,,,2020-08-03 15:36:47.505498,2021-03-11 08:38:19.467647
EV203,Re-contextualized homogeneous customer loyalty,brown-shepherd.com,https://moore.com/,Pm business can Congress heavy.,push-wrong,manual,94.0,Possible use group phone product both majority. Human game ok stop stuff note civil. Article break fall main him.,Scott Rivera,,,Technology,['Technology'],"822 Garrett Shore Suite 206
Shieldsfort, MN 01461",Seychelles,friday,2024-06-29,22:41:07,,,2022-09-24 19:32:17.835078,2021-09-27 23:19:14.652209
EV204,Distributed fresh-thinking productivity,king-collins.com,https://www.douglas.biz/,Beyond decide include next since.,form-war-measure,auto,,Conference especially term scientist commercial magazine build all. Community best on edge billion produce house. Cup establish level response share win Mrs.,Tammy Wood,,,Business & Finance,"['Entertainment', 'Sports', 'Technology', 'Health', 'Business & Finance']","1413 Schmidt Shores
Williamsborough, TX 85309",Bulgaria,tuesday,2024-05-29,00:43:03,,05:13:21,2023-11-18 05:48:55.793459,2020-05-21 09:15:57.905642
EV205,Visionary full-range policy,burns.com,http://www.webb-brown.com/,Believe against although.,nor-over-fear-word,manual,96.0,"Accept rather side guy west never true. Network war number.
Black military small. Moment staff look computer manage almost bar. Middle myself moment guy best city easy.",Penny Potter,,,Entertainment,"['Politics', 'Science']","8192 Cook Motorway Suite 914
South Dustin, MA 60942",French Southern Territories,saturday,2024-03-10,03:30:27,2024-04-08,05:08:47,2022-03-22 10:13:41.497848,2021-03-18 20:30:58.208965
EV206,Compatible needs-based artificial intelligence,mata.com,https://www.hebert-boyd.biz/,Commercial between watch begin lay none guess.,foreign-thought,auto,,"History know people. Employee western total hot process new something there.
Trial station outside cause feeling impact recently wind. Hard enter expect court late experience stand.",William Benjamin,,,Health,"['Entertainment', 'Business & Finance', 'Technology']","0409 Elijah Islands
Kevinton, MA 57214",Italy,wednesday,2024-07-12,05:54:42,,17:42:45,2020-11-23 22:52:50.125962,2023-09-08 07:45:32.902198
EV207,Universal executive orchestration,watson.com,https://www.graham.com/,Girl meet can very break water whatever.,culture-yeah-red,auto,45.0,"Need position set it any call. Always yard beat growth sort fill. Total choose baby many push kid serious forget.
Good dark such work big wind support. Third fast he score buy near avoid.",Michelle Perez,,,Technology,"['Business & Finance', 'Entertainment', 'Technology']","PSC 9060, Box 3347
APO AP 09157",Norway,tuesday,2024-07-19,02:23:09,2024-07-22,,2022-07-09 04:39:13.979738,2021-10-11 23:56:02.561999
EV208,Intuitive even-keeled superstructure,larson.net,https://martin.com/,Television kind goal story senior Democrat million safe.,year-approach-event,auto,35.0,Yeah still and yeah beautiful responsibility player. Nice film phone fish admit. Language rest make national write any half. Time body piece boy concern.,Holly Spence,,,Entertainment,['Science'],"949 Young Creek Apt. 966
Blanchardhaven, WA 63054",El Salvador,thursday,2024-05-07,03:50:42,,,2021-06-29 13:27:24.501680,2021-06-21 20:22:52.289104
EV209,Ameliorated bifurcated projection,johnson.com,http://www.benson-dalton.com/,Federal sister organization still.,beyond-pull-truth,auto,,"Assume entire morning. Similar late day population. Theory organization religious detail set decade radio.
Just American tree. Attorney Congress practice.
With easy pretty later section but send.",Heather Castaneda,,,Technology,"['Entertainment', 'Politics', 'Health']","150 Rhodes Shores Suite 119
Melissachester, AL 60971",Congo,monday,2024-08-04,22:37:20,2024-02-27,21:58:35,2022-07-08 22:17:53.006041,2023-07-06 16:02:45.617663
EV210,Configurable upward-trending matrices,jackson.com,https://thomas.com/,Daughter because wish support chair mention during.,teacher-simply-same,auto,5.0,"Security compare quite off enter foreign.
Young night hear each if never wall. Recognize receive full good magazine.",Michael Murray,,,Technology,"['Health', 'Sports', 'Business & Finance', 'Politics']","96256 Campbell Ports
Brownmouth, AL 38713",Antigua and Barbuda,monday,2024-06-12,04:53:15,,,2024-03-24 08:40:07.399141,2021-02-16 17:17:13.533493
EV211,Reverse-engineered scalable archive,NACB,http://hurst-smith.com/,Body help training test during season.,remember-school-how,manual,,"Town run through. Day door hope.
Since late part way federal enjoy floor decide. Change upon nation event size hot.",Travis Sparks,,,Business & Finance,"['Politics', 'Health', 'Entertainment']","63235 Thompson Crescent
Port Thomashaven, MO 93016",El Salvador,friday,2024-05-09,12:34:05,,09:00:52,2021-12-24 03:08:43.867389,2022-09-27 04:09:11.636501
EV212,Multi-lateral attitude-oriented emulation,morales.org,https://smith.com/,Country space table cell truth.,hold-read-price,manual,,"Nature fill media personal expert loss system. Hospital event lot executive. National course figure discuss.
Move much ask spend area others choose. Kind join once all food kind nor.",Lisa Goodwin,,,Entertainment,"['Technology', 'Health', 'Sports']","92052 Jones Inlet
South Mckenziefort, AZ 00758",Antigua and Barbuda,tuesday,2024-01-01,19:22:20,,01:44:09,2024-06-16 19:35:40.804877,2022-06-04 22:16:51.352780
EV213,Up-sized uniform task-force,reid.com,http://hunt.biz/,Thus head along dinner any.,possible-cause-song,auto,,World research interview fight teach something. Dream capital job store. Far factor factor middle off. Move most meeting myself.,Dorothy Freeman,,,Health,"['Business & Finance', 'Entertainment', 'Politics']","99861 John Course
Port Justinmouth, OH 73956",Mali,friday,2024-01-25,13:10:24,2024-06-12,05:34:14,2020-11-09 17:15:52.131184,2023-08-10 05:19:51.951579
EV214,Enhanced coherent throughput,NACB,https://www.oneal.com/,Particular though discover.,five-effect-board,manual,81.0,"Sell black its image. Truth yard along first tree. Admit crime most.
Plan quickly marriage no. Without Mr ask teach.",Katherine Morris,,,Sports,"['Politics', 'Health']","531 Martin Spring
Danielport, MT 98590",Aland Islands,saturday,2024-03-08,21:01:45,,17:28:15,2022-05-12 22:47:53.391043,2021-07-20 19:08:54.398576
EV215,Multi-tiered intangible core,singleton-edwards.org,http://www.young.biz/,Up serve anyone between degree.,military-air-ground,auto,,"Say religious language can. Gas just business late method common view.
Pretty person stage. Enjoy suddenly board professor prepare need only. Officer government need art.",Francisco Young,,,Health,"['Science', 'Technology', 'Politics', 'Sports', 'Health']","51612 Rowland Tunnel Apt. 413
East Joshuatown, DE 26481",Mexico,sunday,2024-04-27,00:48:40,2024-02-28,04:08:04,2023-12-17 23:35:00.155771,2021-08-11 02:55:31.614020
EV216,Function-based regional intranet,NACB,http://malone-edwards.org/,Wear public peace product society.,rule-ahead-right,manual,55.0,"Open fear heavy none them world.
Turn way among young teach sea great Mr. Lawyer consider miss shoulder.",Tonya Young,,,Entertainment,"['Entertainment', 'Technology', 'Politics', 'Sports']","867 Kirk Valleys
Campbellton, GU 16307",Togo,wednesday,2024-02-19,18:15:21,2024-05-15,17:51:51,2021-02-24 07:43:40.147020,2023-06-09 03:04:45.024356
EV217,Cloned multimedia hierarchy,NACB,https://juarez-watson.com/,Than house suddenly.,sea-for-goal-center,auto,31.0,Wind past investment lawyer past color beautiful. Fire against analysis Democrat reflect hard.,Lori Blankenship,,,Entertainment,['Science'],"590 Johnson Mountains
Brittanyfurt, DC 43870",Uzbekistan,tuesday,2024-04-21,21:03:39,,,2023-01-14 07:00:15.512950,2020-12-04 19:33:35.808755
EV218,Reduced coherent Internet solution,campbell.net,http://www.hale.com/,Catch cost level time.,fire-catch-draw,auto,78.0,"Again science head rather relate conference series. Open rule program situation wait resource amount important.
Nothing speak exist around light law site. Director which however consumer no.",Melissa Wilcox,,,Science,"['Health', 'Technology', 'Entertainment']","207 Ruiz Village
Schaeferhaven, NY 37993",Tanzania,saturday,2024-01-05,05:34:49,2024-04-01,11:34:09,2021-09-29 19:25:51.441573,2021-01-16 17:50:51.309488
EV219,Stand-alone static pricing structure,NACB,http://tucker.net/,System which paper go contain.,central-political,manual,,Term like speak adult else describe. Support according one college agreement.,Lacey Campbell,,,Politics,"['Health', 'Business & Finance', 'Entertainment', 'Technology', 'Sports']","41347 Veronica Corner
Robertsstad, LA 41004",Kyrgyzstan,friday,2024-06-17,19:32:14,2024-05-18,,2022-01-23 20:59:58.468649,2024-04-24 14:15:20.297752
EV220,Universal content-based complexity,gonzalez.com,https://henderson.com/,Expect spend pressure.,wife-arm-after,manual,19.0,"Star everybody company future. Win down fear must.
Democrat design leader learn economic any. Guess issue step smile letter.",Sarah Norton,,,Science,"['Business & Finance', 'Sports', 'Health']","838 Jackson Fields Apt. 296
Ramosport, IL 94093",Cayman Islands,sunday,2024-08-04,20:48:54,,,2023-12-29 09:30:36.302565,2020-05-13 03:41:23.866860
EV221,Cloned background software,jones.info,https://walker.com/,Drop three school bar also.,brother-picture,manual,67.0,"News trouble full writer customer present foot. Back about staff cut record item today attention.
Protect generation century prove world next difficult. Ahead including various somebody network.",Holly Morris,,,Technology,"['Health', 'Technology']","961 Michael Lakes Apt. 809
Michelleburgh, ND 98481",Congo,saturday,2024-05-02,14:55:14,2024-03-16,,2023-10-15 00:07:55.998640,2024-04-15 21:53:40.404522
EV222,Focused foreground focus group,cantu.org,http://galvan.info/,Economic happy idea.,clear-treat-prevent,manual,,"Prove arm amount whether they organization quality. Bill enter son. Gun top player keep.
Painting president or hundred else difference.",George Gallegos,,,Entertainment,['Entertainment'],"3037 Thomas Mission Suite 336
Angelafurt, SD 21659",Colombia,tuesday,2024-04-21,19:45:32,2024-03-19,,2022-06-04 17:17:40.430079,2024-03-24 22:06:27.896331
EV223,Face-to-face optimal capability,smith.biz,http://www.rodriguez.org/,Computer job Congress research occur.,writer-purpose,manual,81.0,Wear professor seat enjoy develop. Pressure sign parent often affect. Remain owner administration reach reduce plant physical.,Richard Peters,,,Technology,"['Politics', 'Science', 'Technology']","26398 Jones Roads
East Patricia, NJ 54322",Austria,saturday,2024-03-10,04:23:24,,23:08:13,2020-03-23 04:45:32.763195,2024-04-05 20:29:36.032475
EV224,Organized directional software,NACB,http://www.park.com/,Success include including life allow us.,first-several,auto,,"Final involve learn they chance act wrong.
Someone result blood for positive share. Nation process each later term. Push various level allow situation site wear.",Steven Brown,,,Entertainment,"['Business & Finance', 'Sports', 'Entertainment']","568 Debra Ridges
Singletonborough, AL 78811",Antigua and Barbuda,saturday,2024-07-29,20:13:31,,,2021-03-10 11:03:38.967774,2024-05-24 09:03:04.283238
EV225,Robust national forecast,jones-jones.com,https://www.griffith.com/,Describe stand here ready sort ground where.,else-whose-police,auto,,"Reason type kid painting. Camera above with hold relate. Seven perform production realize collection.
Fear even industry mouth arrive provide. Collection financial where. Threat will treat pick.",Robert Patterson,,,Science,"['Technology', 'Science', 'Business & Finance']","813 Destiny Mission Apt. 864
Port Heatherton, NJ 19867",Nicaragua,sunday,2024-06-07,06:45:12,,,2022-05-04 03:42:41.015511,2022-03-06 04:07:51.468566
EV226,Up-sized next generation customer loyalty,NACB,http://sanders.com/,Adult seem apply college nothing could put.,medical-large-allow,auto,38.0,"Low if future respond long keep. Partner activity part somebody. Power huge institution have yourself dinner run.
Crime us culture director argue mother high.",Christopher Werner,,,Sports,"['Business & Finance', 'Science', 'Politics']","001 Vasquez Isle
East Connie, WA 64920",Honduras,tuesday,2024-03-11,01:59:04,,,2023-12-01 15:08:54.492084,2024-07-16 08:59:31.772897
EV227,Triple-buffered web-enabled alliance,allen-moreno.info,https://stanley.com/,Read southern inside lawyer.,present-him-no,auto,,Game card pull continue high. Commercial friend wear since standard training fish build. Card control effect put world despite safe.,David Shepherd,,,Science,"['Business & Finance', 'Politics', 'Sports', 'Health', 'Entertainment']","67069 Turner Springs Suite 821
Kellyborough, AK 62687",Saudi Arabia,saturday,2024-04-07,14:00:12,2024-01-04,15:26:51,2020-10-12 10:17:02.286811,2023-04-04 04:20:37.961174
EV228,Upgradable homogeneous superstructure,lang.com,https://www.edwards.biz/,Institution follow floor without know describe onto.,question-ball,auto,,First school look prove conference property. Hard grow measure road owner drive. Listen nothing special provide. Of pay more main.,Cameron Williams,,,Business & Finance,"['Entertainment', 'Science', 'Politics']","8652 Tiffany Glen Suite 032
Lake Jason, RI 25805",Cuba,friday,2024-01-10,01:52:35,,,2024-03-29 21:34:31.668673,2021-04-19 21:23:41.730089
EV229,Cloned heuristic paradigm,NACB,https://benton.com/,Professional give economic.,culture-minute,auto,54.0,"Next have reveal reflect. Career fear exactly.
Better recently all feel everybody but employee. Name his modern production break prevent.",Monica Thompson,,,Politics,"['Science', 'Politics']","4950 Martinez Trafficway Suite 139
Brooksport, SC 65118",Switzerland,friday,2024-04-04,18:04:02,2024-03-22,,2024-06-08 06:14:52.258879,2021-03-03 01:53:36.442485
EV230,Monitored bottom-line product,kennedy.org,http://hardy.org/,Charge administration else.,key-through-tax,manual,73.0,"Seek expect change return still name character.
Alone resource across prevent. Hope conference lay treat.",Sarah Martinez,,,Health,"['Technology', 'Health', 'Politics']","98463 Jeff Tunnel
Lake Mallory, AL 42570",Somalia,thursday,2024-05-13,18:56:41,,,2023-08-18 01:51:07.816389,2021-05-12 20:23:28.256177
EV231,Enhanced clear-thinking function,bailey.com,https://www.roth.net/,Already election food event study.,cold-billion-itself,manual,46.0,Left few more as look data mother. Free establish amount between public least too. Continue among others American.,Alexander Ortiz,,,Sports,"['Science', 'Technology', 'Politics', 'Entertainment', 'Sports']","0408 Laura Mountain Apt. 579
New Meganshire, IN 24752",Cayman Islands,monday,2024-06-02,14:49:43,2024-02-29,22:07:25,2021-01-16 01:24:08.819225,2020-07-07 23:10:21.733784
EV232,Open-architected intermediate moderator,meyer-harris.com,https://reyes-stewart.com/,Recognize simple here American.,not-election-spring,manual,90.0,"Leader provide entire tax interesting own. Do drive hit unit time beyond home. Human third arm contain improve case offer.
Develop candidate gun road positive.",Matthew Taylor,,,Technology,['Science'],"61434 Justin Alley
Wattsstad, VI 24214",Paraguay,wednesday,2024-04-14,12:21:18,,08:36:16,2020-05-07 05:31:30.968030,2024-03-25 15:38:34.213847
EV233,Business-focused heuristic budgetary management,NACB,http://www.murphy.com/,Site number stand less ten.,challenge-grow,auto,54.0,"On real because let person beyond. Between story real. Can local size cultural.
All management whole director me current realize. Customer little you pay according.",Michael Harrington,,,Technology,['Health'],"60412 Griffin Locks
Andersenmouth, NY 34672",Ecuador,saturday,2024-04-13,06:20:39,,13:29:19,2020-12-25 17:42:01.264368,2023-06-26 17:45:37.340263
EV234,Object-based local groupware,jones-foster.com,https://www.roberts-hendricks.biz/,Test government free station list.,remember,auto,97.0,Office set notice area accept arm. Doctor begin same little. National suddenly situation pass.,Mackenzie Ruiz,,,Technology,['Technology'],"9863 Amy View Apt. 441
Lake Sarah, FM 53403",Solomon Islands,thursday,2024-03-23,13:47:06,,05:06:33,2024-07-08 07:51:49.838851,2022-03-18 19:51:53.337085
EV235,Decentralized multi-state portal,NACB,http://glover.com/,Environmental with I anything.,yet-across-owner,auto,38.0,"Room add fear hold plant. Than turn nature indicate save.
Make fill policy others including. And anything history create. Doctor upon first everybody information.",Emily Wilkerson,,,Business & Finance,"['Health', 'Entertainment', 'Politics', 'Sports', 'Technology']","454 Toni Ville Apt. 523
Port Thomas, UT 32270",Qatar,thursday,2024-07-23,01:11:04,,13:49:32,2023-09-15 07:32:03.323858,2021-04-23 20:47:16.395422
EV236,Ameliorated context-sensitive architecture,NACB,http://www.walker.net/,Simply feel choose recently.,course-program-than,manual,49.0,"Yes company answer big. Blood evidence sometimes available.
Suffer author run production same present stay. Sound paper just guess season than strong.",Emily Harrington,,,Health,"['Politics', 'Business & Finance']","906 Ferguson Street Suite 852
Robinsonstad, DE 02572",Yemen,monday,2024-01-14,20:03:50,2024-04-10,18:10:57,2023-10-06 22:22:21.705321,2024-05-04 02:42:11.219213
EV237,Diverse context-sensitive help-desk,ford-campbell.com,https://carroll.com/,Paper eight common environmental.,each-there-on,auto,,Do customer bill anyone under simply appear. Everything strong but argue. Way say bit become civil allow interview.,Donald Turner,,,Business & Finance,"['Technology', 'Entertainment', 'Politics']","PSC 2643, Box 2375
APO AP 24597",Palestinian Territory Occupied,monday,2024-05-14,00:49:15,2024-07-19,13:19:53,2023-05-26 01:26:11.090031,2021-02-09 03:06:10.816485
EV238,Cross-platform even-keeled leverage,clark.com,https://www.harrington-buckley.com/,Race between chair since article explain team.,just-accept-pattern,auto,,"Soldier loss management open leader trade adult.
Include these yes quite black eat. Ok class or this. Another couple plan traditional send behind.",Jennifer Thomas,,,Health,"['Health', 'Business & Finance', 'Science', 'Technology', 'Politics']","395 Miller Forges Apt. 852
Saraborough, MI 11714",Norway,friday,2024-02-13,21:00:24,2024-06-01,11:30:37,2021-08-11 05:47:15.528028,2023-02-08 08:57:48.473831
EV239,Devolved 4thgeneration array,manning.com,http://hall.com/,Physical somebody serve surface free.,white-hand-less,auto,74.0,"Picture gas sometimes economic. Dog manager difficult human about.
Visit conference usually theory.
Nice management wonder marriage land. Them man science she.",Jacob George,,,Politics,"['Technology', 'Sports', 'Entertainment', 'Politics']","2950 Patel Manors Suite 545
Mooreberg, AS 24415",Bangladesh,tuesday,2024-03-25,14:46:36,2024-04-15,,2023-09-26 11:03:17.449467,2020-06-05 20:46:37.610157
EV240,Reduced scalable leverage,hunter.org,http://www.peterson.info/,Avoid left the hope.,computer-century,manual,36.0,"Book baby test. Pass wear do once skin sense account.
Vote movie necessary off. Home beat almost manager sing. Themselves open financial.
Letter training reveal smile. Seven year body.",Tiffany Davidson,,,Business & Finance,"['Technology', 'Science', 'Politics', 'Entertainment']","48438 Tyler Spring
Davidton, OR 21714",Saint Kitts and Nevis,saturday,2024-02-29,10:10:38,,09:54:41,2021-09-17 16:59:18.316661,2021-02-07 14:55:45.987573
EV241,Synchronized fresh-thinking strategy,NACB,https://hardy-mathis.net/,Person seek actually information easy family town.,herself-we-part,auto,98.0,"Thing sign someone least spend soldier. Score officer indicate boy. Card learn even positive.
Card step reflect hope home very trip. Behavior hit skin goal born. Old close rock movie crime main.",Stephanie Rose,,,Technology,"['Business & Finance', 'Technology', 'Science', 'Entertainment', 'Health']","55538 Edward Lake Suite 993
North Vincent, FM 43187",Niger,monday,2024-01-05,07:08:14,,08:36:03,2023-12-02 12:20:06.568579,2024-08-03 12:17:06.273258
EV242,Function-based 6thgeneration analyzer,tanner-bonilla.biz,https://wong.com/,Ability decision time answer stand.,open-radio-medical,manual,85.0,"Available mother hour feeling school. Summer throw prove. Player gas across often often.
Page heavy set term. Skill physical officer prepare along long.",Tyrone Clark,,,Business & Finance,['Sports'],"Unit 8658 Box 4026
DPO AP 73209",Slovenia,friday,2024-01-20,17:14:12,,,2020-06-24 22:16:24.231186,2020-02-17 19:21:53.105422
EV243,Polarized dynamic circuit,ward-morales.com,https://mccoy-flores.com/,Imagine stay community focus hot charge.,other-whatever-open,auto,,"Particularly media easy such rather include. Travel military across friend image reach me.
Simply join question. Son soldier anyone.
Game popular card debate exactly employee agency.",Christopher Morris,,,Politics,"['Science', 'Technology']","898 Owen Neck
Adrianchester, NJ 87852",Denmark,monday,2024-05-21,06:58:58,2024-07-27,06:21:59,2021-03-25 21:02:44.451598,2021-10-30 13:13:26.140956
EV244,Open-architected dynamic installation,williams.com,http://www.romero.com/,Single reach thousand stuff impact.,treat-bad-family,auto,,Black trip be dinner deal thousand under. Worker whose age city soldier its measure. Let marriage responsibility economic. Ten apply with clearly more into.,Robert Mcdaniel,,,Entertainment,"['Politics', 'Technology', 'Sports', 'Entertainment']","53617 Nicholas Mountain Apt. 518
Aguirreport, DC 03622",Gambia The,thursday,2024-02-12,21:44:28,2024-01-21,,2023-08-05 16:56:57.881238,2022-06-05 12:38:21.936245
EV245,Proactive neutral analyzer,NACB,http://rogers.com/,Sometimes point of general production.,enough-open-rule-my,manual,15.0,"Hold information firm. Art remain everything share.
Notice from summer hospital. South teach no create some.",Ashley Walker,,,Business & Finance,"['Science', 'Politics', 'Technology']","PSC 2113, Box 8683
APO AA 82540",Ghana,monday,2024-02-20,10:16:13,,,2020-09-28 23:34:10.281378,2023-03-17 04:34:17.446816
EV246,Ameliorated multimedia parallelism,NACB,https://brown.com/,Allow about specific explain do cell large.,day-avoid-special,manual,51.0,"Mr mean front machine phone individual. Around single and media pressure ahead.
Board budget type charge article lot. Speech keep develop firm again. Stock health accept send yet hair line recognize.",Nathaniel Rogers,,,Politics,['Technology'],"78402 Laura Fort
Brianbury, NV 43740",Samoa,saturday,2024-04-08,10:19:54,2024-02-05,,2021-01-08 10:53:44.572704,2022-12-17 16:15:17.857759
EV247,Profit-focused exuding Internet solution,kim.info,http://randolph-rodriguez.net/,Newspaper less feeling state cultural world.,country-center-side,manual,49.0,"Class financial pattern nor measure. Be teacher enjoy all.
Take window wide couple note focus. Detail go hear adult out not effect.",Jonathan Barnes,,,Technology,['Entertainment'],"25196 Robert Mall
South Tonyachester, SD 00620",Saint Helena,sunday,2024-05-08,10:13:20,,01:26:53,2021-01-20 19:46:32.380011,2022-02-16 16:00:52.219529
EV248,Expanded non-volatile installation,NACB,http://ramos.biz/,Federal type billion factor.,son-mission-read,manual,,Enough which reach issue challenge artist morning. Control much need analysis success top a interview. Some color her everybody talk.,Sarah Jones,,,Technology,['Business & Finance'],"96344 Kenneth Islands Apt. 946
Pearsonfort, OR 12587",Botswana,tuesday,2024-02-25,16:13:22,2024-06-05,07:57:28,2020-01-02 13:53:15.577389,2020-03-08 15:47:39.754139
EV249,Robust leadingedge array,NACB,http://bailey.info/,Upon sort travel film happy responsibility their.,nice-pattern-mother,manual,63.0,"Stage woman lay them land close cost test. Any more ten art somebody.
Table stand offer care. Company study floor consumer thus control if. Surface close camera paper seek generation.",Rhonda Green,,,Sports,['Technology'],"28379 Castillo Pines
Johntown, IA 59664",Guatemala,monday,2024-04-15,09:40:15,2024-05-21,18:52:37,2021-10-26 13:55:24.003506,2020-09-16 09:31:21.938491
EV250,Realigned multi-tasking superstructure,bauer.com,https://www.adams.com/,People enter real they.,region-white-third,manual,81.0,Many day business consumer bed detail age. Record cover interesting take talk represent soldier property.,Shawn Hayes,,,Science,['Politics'],"259 Doris Highway Apt. 923
South Brandimouth, WA 78459",Barbados,wednesday,2024-06-09,23:58:13,2024-04-19,,2023-08-05 22:26:42.989530,2024-01-26 13:02:35.782834
EV251,Organic motivating capacity,wyatt-klein.com,http://craig.biz/,Strategy put offer method.,dinner-voice-wife,manual,,Between election senior. Similar care loss specific baby miss college. Light health short seek say writer mention.,Geoffrey Peck,,,Politics,['Politics'],"06086 Sweeney Isle
Port Alexanderberg, AR 72764",Grenada,thursday,2024-06-02,01:36:45,2024-02-12,17:33:21,2024-07-03 06:19:23.269834,2022-02-08 19:07:54.204713
EV252,Managed secondary function,johnson.com,https://webb.net/,Audience take study improve spend.,quite-education,auto,74.0,Campaign cup cup through include four. Short great recognize serve all. Practice science trade well. Future stay ten TV father moment.,Laura Miller,,,Health,"['Entertainment', 'Technology', 'Business & Finance', 'Politics']","76314 Allison Tunnel Suite 773
Burnetthaven, MN 53310",Mexico,tuesday,2024-02-20,16:53:37,,,2021-12-14 20:51:36.576897,2023-01-08 01:16:07.024596
EV253,Cloned context-sensitive encryption,torres.biz,http://rivers.com/,Social culture several commercial including tell central.,that-never-suggest,manual,51.0,"Remain you stand ago.
Guy reason take material science option. Six herself score reduce military down car. Computer show heavy view bag deal.
Employee blood probably. Past four again ever against.",Sharon Davis,,,Health,"['Health', 'Business & Finance', 'Sports', 'Politics', 'Science']","Unit 6042 Box 7689
DPO AE 31954",Azerbaijan,thursday,2024-04-03,12:49:32,,04:41:19,2021-04-17 05:46:36.976947,2020-12-06 14:04:20.583166
EV254,Polarized zero administration system engine,shea.com,https://peters.com/,Song power approach piece wonder practice figure.,stop-treat-require,manual,,Tend moment such. Decide whom hand one clear energy chair. Vote meet eat piece left environment attorney this.,Dr. Tammy Williams,,,Science,"['Technology', 'Health']","25565 Myers Harbor
East Amy, IL 80015",Guatemala,friday,2024-01-18,13:16:12,2024-01-02,06:25:43,2020-10-01 17:10:28.178807,2022-08-25 05:52:27.203474
EV255,Advanced regional data-warehouse,NACB,https://jones.com/,Grow third increase expect create.,how-system-cause,auto,,"Visit house garden task already other town focus. Opportunity us item leader law consider.
Wonder center high itself organization include environmental. Remember property nor fish.",Catherine Liu,,,Science,"['Technology', 'Entertainment', 'Sports']","4438 Lee Corner Apt. 605
Port Cynthiaview, UT 65131",Niger,friday,2024-01-24,03:48:42,,,2023-07-06 00:28:09.221492,2020-02-17 10:50:10.123126
EV256,Compatible well-modulated approach,NACB,https://www.parrish.com/,Guess sport analysis process question bit.,right-family-less,manual,28.0,"Law director think individual board activity the. Anything career fill enter smile notice pretty yourself. Movie big many behind describe occur.
Situation course especially politics.",Lance Juarez,,,Politics,"['Business & Finance', 'Entertainment', 'Health']","29290 Mitchell Cliff Apt. 732
Shannonport, SD 82625",Marshall Islands,saturday,2024-03-17,07:25:50,2024-03-16,,2020-04-16 07:17:24.883608,2020-01-20 17:34:39.570917
EV257,Sharable static help-desk,stein.com,https://www.sandoval.com/,See return bad do.,rock-nature-member,auto,13.0,"Good fire watch early base trip. Born stay television anything also move check.
Benefit letter wrong wall. Maintain stock plan. Develop look low name purpose agent in early.
Future effort must lose.",Charles Brown,,,Sports,"['Science', 'Politics', 'Business & Finance']","489 Miller Estates Apt. 638
Christinebury, WI 82581",Qatar,tuesday,2024-06-17,11:37:05,2024-03-13,,2021-06-13 20:07:35.416713,2020-04-17 19:34:26.662830
EV258,Reduced radical synergy,NACB,http://www.conrad-scott.com/,Current surface very.,capital-show,manual,,"Analysis available Democrat doctor. Develop own report also blue hundred. Imagine people material hundred.
Boy stay pick probably. East something act rule.",Charles Mcbride,,,Entertainment,['Politics'],"8035 Taylor Viaduct
North Brian, PW 53310",Czech Republic,thursday,2024-05-22,05:36:10,2024-07-05,,2020-10-28 16:57:23.822191,2021-01-29 05:25:17.101836
EV259,Re-engineered logistical approach,lane.com,http://www.harvey-carr.com/,Politics until sound pass happen.,parent-bank-much,manual,,Election leader fish decide discuss explain. Order leave letter almost community capital. Book one little protect market person.,Cassandra Ramirez,,,Science,"['Sports', 'Entertainment', 'Politics', 'Science']","3356 Christina Walks
Nathanielview, MH 01637",Norway,wednesday,2024-07-20,11:02:42,2024-04-09,14:53:29,2020-02-28 11:03:18.030269,2022-09-08 12:03:45.898615
EV260,Re-contextualized optimizing moratorium,stevenson.org,http://www.dixon.com/,Ago image doctor back.,interest-now-career,auto,8.0,"Personal indicate game process. Past among participant watch reach. Treat media player artist thing nature six.
Author I car range. State without morning election.",Joshua Wolf,,,Science,"['Business & Finance', 'Entertainment']","3775 Harrison Skyway
New Harryport, IN 33251",Honduras,friday,2024-04-25,14:21:40,2024-05-31,,2024-01-29 21:05:05.821138,2023-04-23 21:50:48.131601
EV261,Reactive interactive support,NACB,https://wagner-allen.net/,Itself need simply Mr international be bring town.,vote-of-admit-begin,auto,,"Nation citizen reality treat. Focus right strong open politics.
Lay good use protect vote bill something. Start course public training send maybe growth.",Lauren Harris,,,Science,"['Sports', 'Entertainment', 'Technology', 'Health', 'Politics']","979 Olson Lock Apt. 388
Nelsonton, AZ 52883",Sweden,saturday,2024-03-14,10:42:50,,,2021-12-09 21:48:59.593021,2022-03-15 08:54:06.579774
EV262,Profit-focused 6thgeneration framework,lee.com,https://fuller.com/,Start heart push.,these-choice-take,manual,,"Rest writer another provide Mr pay. Few natural above street ahead southern sea way. Standard evidence single play score.
That treat different bar serve get control seat.",Tonya Carter,,,Health,"['Science', 'Sports']","8527 Farley Extensions
Dustinton, DE 21415",Mayotte,sunday,2024-06-29,23:32:20,,05:30:26,2020-10-17 23:32:38.322090,2022-12-06 04:03:04.556880
EV263,Multi-tiered systematic secured line,mason-young.com,https://www.carter-arnold.info/,Federal rule on different of tough.,less-mouth-man-or,manual,69.0,Small agreement imagine discover. Of term eight sit rule quite evidence. Cultural high where face trade center. Various until light him improve project.,Kiara Conner,,,Health,"['Health', 'Politics']","696 Deanna Way
Lake Russellport, FL 00697",Syria,monday,2024-04-08,05:21:29,2024-02-02,18:18:37,2024-07-10 01:41:30.519313,2021-02-10 08:37:32.599830
EV264,Grass-roots heuristic focus group,NACB,http://garcia.org/,Form option social student owner become information economic.,send-order,auto,,"Little even line particular. So talk every deal enough want girl.
Job including couple someone travel develop heavy.",Marissa Boyd,,,Science,"['Science', 'Entertainment', 'Technology', 'Sports']","Unit 1959 Box 9974
DPO AE 36113",Colombia,monday,2024-01-20,19:05:48,,15:29:45,2022-11-14 06:58:15.622540,2022-05-22 14:14:13.382634
EV265,Balanced reciprocal migration,maldonado.biz,http://adkins-bass.com/,Politics land doctor rise when guess.,technology-mind,manual,8.0,"Hot nation much. Common rise scene nice produce decade.
Fill kitchen trip election. Question describe without one mouth walk. Particular product watch against herself fine.",Carla Black,,,Health,"['Technology', 'Health', 'Science', 'Sports', 'Politics']","7651 Jackson Village Apt. 022
South Michaeltown, VI 68297",Nigeria,thursday,2024-06-13,10:52:12,,03:34:37,2022-04-20 20:06:28.273404,2022-02-07 04:38:26.104453
EV266,Open-source bi-directional emulation,NACB,https://gonzales.com/,Create work thing far.,small-eat-computer,auto,63.0,Hard necessary air site mean. Throw he time ahead try partner why education. Maybe each since able respond first half. Skill second can business avoid size story.,Thomas Powell,,,Entertainment,['Sports'],"4472 Scott Cape
Port Stephenview, ND 42014",Germany,sunday,2024-07-03,14:54:23,2024-03-11,19:21:18,2020-10-31 13:57:42.385900,2023-11-14 08:43:45.137844
EV267,Future-proofed systemic support,parker-johnson.com,http://www.bautista-williams.com/,Dog red toward push thousand until sit.,value-write-impact,manual,,"Human trade man maintain pretty college letter. Run region hold church.
Wife pressure carry another production. Level ask deep.
Week condition there daughter find less.",Courtney Howard,,,Technology,"['Entertainment', 'Politics', 'Science', 'Technology']","125 Paul Plaza
Lake Amy, NV 07388",Malawi,tuesday,2024-05-17,06:14:34,2024-03-05,,2022-03-27 17:24:45.772521,2024-04-04 04:03:39.552103
EV268,Realigned web-enabled Graphic Interface,drake.biz,http://clark.com/,Return expert amount crime.,practice-she,manual,72.0,"Next above crime color available. Task require friend fast. Mr third hotel activity head.
Drive enough travel grow budget indeed through after.",Mr. Jeffrey Sims,,,Technology,"['Business & Finance', 'Technology', 'Health']","476 Jay Field
Karenberg, IN 35212",Reunion,saturday,2024-04-08,01:46:47,,,2024-07-23 11:55:28.205630,2020-09-02 15:20:45.171528
EV269,Exclusive neutral adapter,NACB,http://www.bryant.com/,Wait coach beat explain audience marriage through according.,cell-again-training,auto,89.0,"Never interesting region ok scientist morning. Road protect involve herself medical buy same.
Man my at teacher.",Brent Dorsey,,,Health,"['Sports', 'Technology', 'Politics', 'Science']","9933 Bonilla Isle
South Stephen, RI 82166",Kyrgyzstan,wednesday,2024-06-01,12:10:31,2024-06-29,,2021-09-27 22:45:08.509925,2023-02-16 15:20:23.485714
EV270,Profit-focused regional groupware,NACB,http://www.lee-johnson.org/,Relationship gun place like long serious.,current-along,auto,6.0,"Shoulder good before traditional. Feeling chance test beautiful pattern myself. Seat phone also economy stage avoid.
West plan suggest voice thousand however force. When scene quality section true.",Matthew Fox,,,Politics,['Business & Finance'],"805 Thompson Estates Apt. 895
Huffmanhaven, KY 98484",Chad,friday,2024-03-11,15:43:58,2024-04-04,13:36:34,2023-01-09 12:55:48.921968,2022-08-19 21:59:16.193836
EV271,Balanced multimedia initiative,NACB,http://hughes-cunningham.com/,Research guy everyone compare service.,technology,auto,,"Radio star east deep role technology then. Where development amount operation trial professor toward.
Room land as modern at. Forget ago street responsibility peace. Serve remember return west.",Kevin Reilly,,,Politics,"['Health', 'Science']","818 Leah Villages
Lopezburgh, FL 07282",Saint Helena,friday,2024-01-17,06:56:03,,,2023-11-28 09:00:06.792833,2021-09-13 05:48:44.843494
EV272,Progressive actuating hierarchy,mcmillan.info,https://huff.com/,Six energy car year development subject.,notice-time,auto,,"Him law hope money buy. See two smile again control.
Agree impact play music. Anything give yourself performance. Drop poor right form. Resource newspaper step seem mouth data painting ten.",Dr. Dean Preston,,,Health,"['Health', 'Business & Finance', 'Politics']","14023 Leonard Motorway
Markfort, WY 92428",Saint-Martin (French part),friday,2024-07-06,11:31:18,2024-06-04,19:23:10,2023-10-03 02:19:21.904934,2020-01-06 05:36:11.834888
EV273,Re-engineered national focus group,bell.info,https://myers.com/,Moment writer office skin heart.,so-structure,manual,37.0,But like Democrat toward issue. Animal enjoy history speak generation. President much bring news idea. Central light task financial.,Cole Hall,,,Entertainment,"['Health', 'Sports', 'Technology']","4944 Beck Views
Swansonfort, PW 69457",United States,wednesday,2024-01-17,21:16:31,2024-04-21,,2024-04-05 08:48:24.518016,2021-10-30 10:25:52.986585
EV274,Grass-roots bi-directional conglomeration,peck.com,http://phillips.com/,Test military respond interest sometimes allow.,own-property-doctor,auto,,Range action trip how during mean. Seek information thought place. Himself public report end bag strategy federal should.,Lisa Mitchell,,,Business & Finance,"['Health', 'Science']","1601 Thomas Drive Apt. 079
Allenmouth, VT 04014",Vietnam,wednesday,2024-03-19,14:13:26,,,2024-01-18 12:51:03.872871,2022-05-29 03:48:39.445578
EV275,Persevering content-based process improvement,taylor-clayton.com,https://www.cabrera-cruz.com/,Late he out often type.,entire-exactly-read,auto,77.0,"Foreign campaign exist sell agent parent. Current rather around theory build wife pretty.
News subject ever ball. Operation agency manager easy choice.",David Myers,,,Entertainment,"['Technology', 'Politics', 'Business & Finance', 'Health', 'Entertainment']","45772 Farmer Ferry
East Erin, MS 58315",French Southern Territories,friday,2024-04-02,18:42:19,,,2020-08-11 19:14:09.392256,2024-04-12 22:25:03.235053
EV276,User-friendly radical neural-net,NACB,http://www.smith.com/,Become truth professor majority character.,together-note,manual,,Or north fill administration word second lay. Mission of doctor. Quality expert particularly might shoulder.,Nicholas Fernandez,,,Technology,"['Entertainment', 'Technology']","262 Martinez Well Apt. 589
Melissaberg, GU 02860",Uruguay,sunday,2024-05-12,10:58:14,2024-02-26,20:44:33,2022-03-13 20:01:28.271135,2022-11-08 09:49:50.905770
EV277,Configurable incremental adapter,peterson.com,http://www.miller-rush.info/,Region sign avoid region charge painting.,accept-future,manual,84.0,"According either turn young until majority. Environment drop notice add even.
Institution wait decision tough. Cultural art see rate which.",Roy Hanson,,,Health,"['Politics', 'Health', 'Entertainment', 'Science']","314 Jean Viaduct Apt. 104
Lake Michelemouth, DE 19679",Spain,friday,2024-01-06,18:15:52,2024-04-20,,2024-05-11 06:07:51.038972,2021-07-23 07:50:49.348132
EV278,Devolved demand-driven frame,NACB,http://www.jones.org/,Event various agency activity.,half-challenge,manual,11.0,"Statement white term bag. Itself well nearly moment economy discover set.
Record majority court left deep.
View type recently west. Final test produce.",Sylvia Wood,,,Sports,"['Science', 'Politics', 'Technology', 'Entertainment', 'Sports']","2861 Amanda Curve
Bryanmouth, CT 78731",Sierra Leone,thursday,2024-06-22,23:13:05,2024-05-08,11:34:21,2024-01-04 19:39:03.740915,2020-06-10 12:22:59.173436
EV279,Diverse asynchronous attitude,hart.biz,https://www.ramirez-nelson.biz/,Enter when turn.,similar-magazine,manual,,"Feeling party act standard skill. Agent good history involve. Social cultural total speak. Door player office wide class.
Mission while company certainly discussion training strategy.",Albert Myers,,,Entertainment,"['Politics', 'Science']","1648 Anderson Stravenue Suite 572
West Jeanetteview, PA 91594",Seychelles,wednesday,2024-03-20,11:53:18,2024-04-24,,2021-06-21 10:45:36.692171,2022-09-25 19:27:03.851238
EV280,Streamlined even-keeled hierarchy,wade.info,https://curtis.net/,Though unit protect occur wear run focus.,cold-reveal-develop,auto,83.0,Particular even their arrive scientist always. Imagine thing street by. Development see nation one executive coach.,Nathan Robertson,,,Business & Finance,"['Technology', 'Science', 'Business & Finance', 'Entertainment']","019 Martha Inlet Suite 269
Christopherberg, GU 45845",Iceland,monday,2024-01-18,21:08:09,,,2024-02-06 11:29:11.519026,2024-04-19 10:24:59.081932
EV281,Secured discrete forecast,NACB,http://schwartz.biz/,Keep begin before.,yet-cup-table,auto,2.0,"Speech nature something feel. Music expert turn party hospital.
Operation end study store model. Girl nor federal ground evidence call smile fast. Popular deal show audience.",Daniel Arnold,,,Business & Finance,"['Business & Finance', 'Science', 'Entertainment']","732 Collins Keys Apt. 776
East Lisa, OR 28019",Uzbekistan,thursday,2024-01-07,22:44:51,2024-07-21,15:50:37,2020-03-20 14:46:37.435504,2024-04-20 20:24:29.628445
EV282,Optional multi-state forecast,NACB,http://weeks-norton.com/,Baby move one up bring.,doctor-indicate,auto,,"Lot stuff painting thousand term. Mind enough third mind step return.
Him pretty traditional nation.",Ashley Rojas,,,Politics,"['Technology', 'Business & Finance']","3484 Gibson Squares
Peterport, PA 32487",Austria,saturday,2024-04-13,10:25:39,2024-08-03,21:59:54,2020-04-02 21:30:14.313089,2021-06-10 14:28:55.827133
EV283,Mandatory executive model,NACB,https://www.washington.com/,Side check picture would situation finally huge.,eight-free-list,auto,99.0,"Agreement there trial book. Ever whether measure game growth seven.
Teach box event power to marriage. South if sign morning everybody talk.",Christopher Arnold,,,Business & Finance,['Science'],"93637 Charles Walk
Blackberg, VI 90334",Timor-Leste,wednesday,2024-05-10,09:36:46,2024-05-31,06:50:11,2024-01-27 03:33:30.202246,2023-07-01 17:25:24.117696
EV284,Implemented hybrid circuit,bush-robinson.org,https://johnson.com/,Within side travel skill company water ground.,easy-participant,auto,,South large significant result seem condition answer. Without size him large.,Kimberly Davis,,,Science,['Health'],"73432 Mcgee Isle
Tylerfort, PW 40931",Senegal,wednesday,2024-06-06,23:44:43,2024-03-26,20:35:48,2020-06-26 14:04:23.145002,2023-08-24 11:28:04.170805
EV285,Multi-tiered systemic forecast,glover.com,http://aguirre.com/,Body oil picture nor fine tend.,when-in-always,auto,82.0,"Enjoy sport suggest indicate skin it green. Degree much between question north. Town approach natural natural.
Save drug human at idea rate. Stuff professional last close.",Sheila Brown,,,Entertainment,"['Technology', 'Sports', 'Business & Finance', 'Science', 'Politics']","Unit 8309 Box 0994
DPO AP 04472",Palestinian Territory Occupied,tuesday,2024-02-04,14:54:42,2024-03-04,19:51:29,2020-03-03 02:36:57.174521,2024-06-03 15:41:42.156576
EV286,Profound tertiary model,meyer.com,http://www.hall.net/,Prevent identify exactly hit way thus official.,least-you-personal,manual,93.0,Then rather through send PM watch. Fight project someone. Everybody plant conference with section. Together note range reflect TV maintain determine who.,Jeffrey Wolf,,,Politics,"['Business & Finance', 'Technology', 'Science']","7852 Morris Brooks Apt. 854
Tammybury, NV 73116",Puerto Rico,sunday,2024-08-04,01:56:06,2024-04-19,,2021-10-22 06:06:41.744855,2022-07-27 03:49:53.432468
EV287,Persevering needs-based project,NACB,https://dodson-obrien.org/,White alone nation hair.,knowledge-design,manual,21.0,"Congress ten more already.
Cover cause quickly his against born environment with. Drop morning entire as impact.",Jamie Jackson,,,Politics,"['Technology', 'Entertainment', 'Science']","PSC 6687, Box 6469
APO AP 55213",Albania,wednesday,2024-06-18,02:14:19,,,2021-05-19 16:43:44.531458,2023-05-15 07:15:54.036436
EV288,Innovative composite archive,NACB,https://www.smith.com/,Risk anyone lose defense office quite.,million,manual,,Stock part person benefit fund sense realize relate. Movie later safe coach fact. Establish remain mouth film listen summer new.,Michelle King,,,Science,"['Health', 'Sports']","8348 Gordon Island
Johnberg, IL 62016",Marshall Islands,sunday,2024-01-24,03:05:05,,,2023-07-08 21:42:09.087567,2024-04-14 05:47:53.429086
EV289,Synchronized empowering synergy,NACB,http://www.ross.org/,Exist better once.,near-rise-call,auto,,"Example whom nature woman. Southern care couple product.
Knowledge individual care director computer account. Particularly time nor early investment food rise.",Samantha Henson,,,Politics,"['Technology', 'Entertainment', 'Health', 'Business & Finance', 'Science']","804 Sarah Rue
Lake Kimberlyland, CA 33355",Guernsey and Alderney,monday,2024-03-08,23:28:13,,18:30:31,2022-03-11 11:11:02.065648,2022-05-20 13:46:58.745259
EV290,Phased upward-trending data-warehouse,NACB,https://suarez.info/,Debate build hotel model fish life.,say-guy-fire-total,auto,77.0,"Almost either present concern. Adult yes economy goal main. Teacher positive wrong anything evening.
Its much evidence instead reduce end long letter. Compare evidence can face court glass.",Melissa Padilla,,,Science,"['Entertainment', 'Science']","529 Scott Street Suite 159
Port Lindsay, NC 17736",Laos,saturday,2024-04-12,18:25:37,,,2020-03-12 18:17:59.939497,2023-09-21 11:49:29.330623
EV291,Open-architected stable Graphical User Interface,crawford-valdez.com,https://www.moreno-acevedo.com/,Turn decade environment hair might.,to-after-hair,auto,60.0,"Loss include soldier ability law will financial. I magazine reduce left family side agree on.
Evening realize evening miss.",Wayne Martinez,,,Health,"['Health', 'Technology', 'Science', 'Entertainment']","444 Wise Island Suite 803
North Coreymouth, DC 26854",Niue,tuesday,2024-06-10,01:30:36,,23:43:34,2022-01-20 22:28:45.745438,2023-12-12 09:24:46.904305
EV292,Cross-platform contextually-based challenge,vargas.biz,http://www.scott-oliver.biz/,Defense best anything protect herself.,control-stop,auto,84.0,"Bag want upon discuss seem. Box open ok expect near site.
Six daughter to way. International support if goal stock. Serve which bag try company media.",Timothy Williams,,,Technology,"['Politics', 'Business & Finance']","856 Tracy Port
Gilmoreland, WI 58324",Mongolia,tuesday,2024-06-12,15:02:05,,,2021-08-09 03:40:41.437433,2021-04-25 05:01:49.216259
EV293,Vision-oriented cohesive analyzer,NACB,http://www.paul.com/,Blue eye generation to Mrs majority real hope.,low-how-represent,auto,91.0,"Reduce couple series pay quite expert continue. Off available from student officer entire.
Like population clear. Beautiful safe significant human.",Angel Martinez,,,Science,"['Politics', 'Sports', 'Health', 'Science']","Unit 4283 Box 7483
DPO AA 94198",Sint Maarten (Dutch part),monday,2024-04-10,11:39:53,2024-05-22,,2023-09-08 00:15:38.868339,2021-09-22 20:26:11.133480
EV294,Up-sized cohesive interface,robinson-mclaughlin.com,http://www.peters.com/,Area color against adult.,land-woman-piece,manual,,"Remain agency focus low. Talk example fight. Be about expect enough city make many.
Claim model near like now. Leader pressure home plan policy collection. Parent can else note whether.",Annette Bryant,,,Entertainment,"['Science', 'Business & Finance', 'Sports', 'Technology']","398 Anderson Greens Apt. 347
Alvarezview, OH 97961",Bosnia and Herzegovina,tuesday,2024-04-29,08:49:38,2024-06-24,19:04:36,2021-10-06 12:42:14.994260,2020-01-09 06:03:38.167296
EV295,Digitized full-range alliance,rodriguez.net,https://gutierrez.com/,Any brother under step him pattern.,structure-when,auto,,"Media boy already dream test pass site.
White account ground direction. Way picture discuss power concern there finally.",Sarah Williams,,,Technology,"['Science', 'Business & Finance', 'Politics', 'Sports']","251 Williams Course Apt. 996
Johnsonside, KS 28878",Antarctica,monday,2024-06-23,08:16:22,2024-07-30,12:50:01,2024-03-18 05:43:13.041710,2021-07-08 10:48:59.279249
EV296,Optional client-server matrices,silva.biz,https://alvarez-davis.com/,Well lay system indeed instead.,guess-direction,manual,,Sport drug themselves effect loss. Fact name suddenly shoulder note he method another. Situation sure example everything listen hour wish can.,David Brown,,,Science,"['Science', 'Politics', 'Entertainment', 'Technology', 'Sports']","48061 Martinez Inlet Apt. 324
Lake Thomasburgh, DC 67947",New Caledonia,saturday,2024-04-06,09:57:17,2024-08-02,,2023-08-16 13:22:07.707768,2023-08-01 17:50:06.690096
EV297,Operative object-oriented forecast,clark.com,http://montgomery.com/,Buy mention yourself participant policy effort.,technology-huge,manual,,"Middle scientist white southern upon official. Become nearly bag crime deal guy there. Leader back price hair final push court. Defense fight three prevent.
Family among process season.",Christina Gregory,,,Business & Finance,"['Technology', 'Entertainment', 'Health', 'Science', 'Politics']","940 Melissa Terrace Suite 887
Joshuaville, PA 21837",Belgium,friday,2024-04-21,12:27:20,,,2022-12-29 12:38:35.190880,2022-01-28 15:58:54.341336
EV298,Reduced national analyzer,NACB,http://www.haynes-clark.net/,Everything understand just game ability audience dinner.,continue-support,auto,1.0,"Guy step issue join factor personal. Girl institution finally window reason.
Risk rather although score enter. Federal third issue while. Prevent agency term worker eat.",Nicole Kelly,,,Health,['Technology'],"24027 Alexandra Lake Apt. 780
North Johnmouth, PA 35839",Norway,monday,2024-06-19,02:48:42,,20:41:15,2021-08-17 20:42:49.711337,2021-06-11 08:32:55.756863
EV299,Customizable impactful matrix,arnold.com,http://www.ortiz.com/,Him help general wonder name great.,west-west-their,auto,,"Understand share power include ago.
Identify why very performance different early. Baby write consumer type lot population. Interest morning trip still last mind laugh though.",Rebekah Wilkerson,,,Business & Finance,['Entertainment'],"PSC 6437, Box 7506
APO AA 20141",Israel,friday,2024-01-28,09:34:45,,15:56:41,2022-10-08 11:48:59.721658,2020-06-02 17:08:48.679311
EV300,Decentralized tertiary hardware,blair-lopez.com,http://brown.info/,When hope prevent assume.,million-kid-travel,manual,78.0,Whole strategy relate form shoulder study. Interview career effect idea may amount. Building arm loss return show. Next others account explain.,Anthony Davis,,,Politics,"['Science', 'Sports', 'Entertainment']","Unit 3840 Box 6926
DPO AE 65252",Kosovo,sunday,2024-01-30,08:29:11,2024-04-05,18:43:12,2022-01-06 00:31:26.790363,2021-11-08 18:07:07.655779
EV301,Cross-group 24/7 service-desk,NACB,https://middleton.com/,Student early drive woman than sing evening.,trade-mean-leave,manual,43.0,"Newspaper only deep wish trade since outside move. A let send eat bring state if factor.
Send activity five fact difference rule though. Account away language. Baby record apply itself ball article.",Daniel Jacobson,,,Business & Finance,"['Health', 'Sports', 'Entertainment', 'Politics']","558 Kyle Ridges Suite 495
Kevinport, OH 37610",Gabon,monday,2024-03-14,06:59:41,,,2021-04-30 08:23:03.678035,2022-01-10 15:20:22.311504
EV302,Programmable motivating standardization,NACB,http://brewer-berry.com/,House manager bring owner billion moment.,century-down-great,auto,73.0,"Course professional measure foreign cut available return. Kid stuff whatever expect only tonight. Audience mind until describe box.
National simply recognize audience them run best concern.",Kimberly Terry,,,Entertainment,"['Business & Finance', 'Science']","707 Thompson Hollow Apt. 375
North Ericton, OR 00973",Algeria,wednesday,2024-03-20,18:35:03,2024-07-30,,2023-04-28 04:43:39.369069,2023-07-31 22:15:01.479711
EV303,Fundamental coherent structure,NACB,https://robbins-riddle.org/,Trip field stage country ask much food.,share-interest,manual,93.0,Region able which pay believe activity product. Leg read enter now model natural. Start throughout where position here difficult. Address democratic set hour.,Andrea Ford,,,Entertainment,"['Science', 'Entertainment']","7996 Cuevas Roads Suite 860
Mariaton, GA 80065",France,thursday,2024-05-08,10:18:46,,,2022-09-05 06:06:42.188417,2022-10-03 16:17:22.157833
EV304,Seamless static moderator,NACB,http://www.barr.com/,American onto radio detail concern foreign.,sense-site-from,auto,44.0,"Task skill into pay sound. Owner left similar item action serious.
North white against past. Land class floor suddenly.",Daniel Taylor,,,Business & Finance,['Entertainment'],"40167 Anderson Greens Apt. 390
Jefferyshire, RI 50243",Slovakia,monday,2024-06-12,23:08:30,2024-02-02,,2021-11-03 11:59:57.076740,2023-11-20 18:03:57.115939
EV305,Reduced clear-thinking leverage,NACB,https://olson.biz/,Upon increase candidate in quality.,decide-glass,auto,,Again about writer wife action security because. Less us traditional reduce travel language.,Nicholas Gonzales,,,Politics,"['Health', 'Sports', 'Science', 'Technology', 'Politics']","74752 Rose Canyon
Jacksonbury, WI 00985",Kuwait,wednesday,2024-02-10,10:15:26,2024-04-18,16:09:15,2022-01-12 00:34:56.491845,2024-07-16 06:11:17.611805
EV306,Switchable bifurcated core,NACB,https://blackburn.com/,Candidate maybe strong these help above question.,property-rule,manual,32.0,"Success find avoid. Student interview pick officer end detail.
Republican tend seek site Democrat. I small see seat serve forward.",Matthew Carlson,,,Politics,"['Politics', 'Health', 'Business & Finance', 'Sports', 'Entertainment']","6381 Kristina Spurs
Williamschester, AZ 41495",Tanzania,saturday,2024-06-01,03:37:18,,,2022-06-10 10:10:47.229917,2024-05-14 05:24:22.691000
EV307,Reverse-engineered zero tolerance throughput,NACB,https://www.coleman.com/,Under maybe every less fish general.,well-check-more,auto,80.0,"Opportunity appear with garden into. High save sea everyone majority stay open vote.
Me range camera event whole wait. Mother themselves their just. Certain off Republican cause.",Kimberly Dawson,,,Sports,['Science'],"898 Parks Plains Apt. 481
West James, AK 61254",Georgia,monday,2024-01-04,01:08:17,,03:07:21,2024-07-22 02:23:05.027326,2020-01-13 07:10:10.588968
EV308,Grass-roots solution-oriented utilization,NACB,https://bishop.biz/,Majority because story economic end page.,here-question,auto,64.0,Analysis open admit show give state rock. Research field century population case stop tree. Gas light political defense finally forget.,Michelle Mendoza,,,Science,['Politics'],"4770 Hurst Island
North Cristian, AR 88618",Tanzania,wednesday,2024-06-26,08:11:20,2024-07-18,,2022-07-24 22:35:33.160719,2022-03-14 23:23:02.005871
EV309,Object-based discrete moratorium,boyer.com,https://bradley.com/,Let around son medical game.,campaign-wind,manual,25.0,"Fill can moment population field understand tend happy. Image education along project peace art.
Stand major where occur. Building million teach of peace majority issue.",Alexander Mitchell,,,Sports,"['Science', 'Politics', 'Business & Finance', 'Health', 'Technology']","7349 Carrie Dale Suite 418
Clarkport, MN 56947",Timor-Leste,wednesday,2024-04-25,23:54:22,,19:54:41,2021-01-16 19:59:27.912029,2024-02-18 13:25:43.382691
EV310,Implemented reciprocal system engine,krueger.com,http://www.owens-bell.biz/,Form attorney place charge.,center-speech-rich,auto,48.0,Source himself medical minute this everybody memory. Series party turn manage which provide picture between.,Alejandra Rogers,,,Entertainment,"['Science', 'Politics', 'Business & Finance', 'Health', 'Sports']","2977 Kennedy Burg
South Jeffrey, ID 95456",Dominican Republic,thursday,2024-01-29,04:33:21,,,2023-05-14 16:50:15.651306,2022-10-28 09:35:46.377550
EV311,Reverse-engineered didactic protocol,NACB,http://www.patterson-graves.com/,Red could team.,lot-peace-cause,auto,87.0,Meeting work top site sell. Fine attorney notice describe decide collection really. Situation north finally. Again deep heavy ability office discover arm.,Caleb Porter,,,Technology,['Health'],"935 Nguyen Dam Apt. 084
Toddmouth, NV 24236",Palau,thursday,2024-03-14,18:03:09,2024-04-08,,2023-07-10 18:26:31.390612,2021-06-04 04:34:19.866391
EV312,Robust zero administration methodology,NACB,https://lopez.biz/,Perform PM second check eat seven.,within-increase-own,manual,51.0,"Stand participant baby. Strategy itself ball six raise international exist.
Less land dog young writer best executive.",Kathy Moore,,,Science,"['Politics', 'Sports']","USS Walsh
FPO AE 70129",Moldova,monday,2024-04-12,01:35:27,2024-06-14,,2023-02-16 20:04:48.868845,2020-04-15 17:06:30.107257
EV313,Customer-focused mobile initiative,NACB,http://www.walsh.info/,Brother seat short herself.,go-artist-human,auto,,Kid investment when soon network yard friend. Five lose authority simple social market.,Teresa Gallagher,,,Politics,"['Health', 'Science', 'Politics', 'Technology', 'Business & Finance']","USCGC Nicholson
FPO AP 80577",Turkey,wednesday,2024-07-06,16:15:41,2024-02-21,,2020-08-15 23:22:42.584146,2024-07-21 00:43:31.241855
EV314,Fully-configurable 4thgeneration system engine,holt.com,http://cole.info/,Charge house us write senior young.,music-might-real,auto,,Financial into anything director question. Most election way do. Although walk commercial letter there join.,Lee Gutierrez,,,Health,"['Science', 'Business & Finance', 'Technology', 'Sports', 'Health']","485 Hughes Spring Suite 690
Heidifort, MN 52553",Cyprus,thursday,2024-05-23,08:00:02,,,2020-10-01 08:55:40.870724,2021-04-14 18:18:24.576125
EV315,Re-contextualized homogeneous instruction set,davis.org,https://hardy-barnett.net/,Market without station.,individual-pass-per,manual,,"Perhaps ok series matter choose. Shoulder yard whom any.
Somebody suddenly address. Military rise memory. Important sign size understand.",Paul Johnston,,,Technology,"['Politics', 'Health', 'Entertainment']","2366 Charles Extension
Jennachester, CO 52738",Lithuania,friday,2024-06-30,08:33:25,2024-03-01,22:14:29,2024-01-06 18:02:53.220637,2021-09-04 17:58:02.726238
EV316,Reduced fresh-thinking website,NACB,http://www.jones.com/,Pretty fill might on.,follow-though-pass,manual,,Mrs its win drop sometimes number. Huge sense wrong century talk development total force. Compare call rock much town first.,Theresa Porter,,,Politics,"['Science', 'Health', 'Politics']","093 Mikayla Glen
Michealtown, WI 84336",Man (Isle of),tuesday,2024-07-03,08:14:06,2024-04-05,05:52:03,2024-06-23 18:33:01.067738,2020-11-18 07:17:14.531498
EV317,Monitored regional hardware,thomas.info,https://davenport.com/,With speech popular medical public decade.,parent-involve,auto,19.0,"Movement democratic concern reality develop partner. Environmental customer get board theory current.
Fast when seven pretty style bad. Ten politics later knowledge simple.",Bridget Walsh,,,Technology,"['Sports', 'Health', 'Entertainment']","0892 Kathleen Forks
West Omarbury, VA 09270",Marshall Islands,sunday,2024-01-13,12:21:49,,07:27:07,2024-03-13 03:30:31.446991,2021-11-18 10:10:24.205981
EV318,Focused discrete function,wilson.net,https://www.roberts-melendez.com/,Together computer next hair clear laugh again.,election-health,auto,,Fear pick need including simple remember choose everybody. Trade nor southern great along culture page quite. Our real garden bar. Peace plant outside case ever crime.,Michael Brown,,,Entertainment,['Science'],"3008 Welch Heights Apt. 314
North Dianafurt, MD 93926",Guinea-Bissau,saturday,2024-04-06,22:14:45,,05:14:23,2022-03-29 07:23:02.629629,2023-07-28 19:34:00.409583
EV319,Self-enabling explicit artificial intelligence,NACB,http://parks.com/,Ago require attention little chair style well.,parent-recognize,manual,,Decide there nice friend finish ever. Course usually war across year skin. Authority author stage carry.,Christine Mcdowell,,,Business & Finance,"['Health', 'Science', 'Business & Finance', 'Entertainment', 'Sports']","8971 Ortiz Squares Apt. 951
Morganchester, TN 10346",Bahrain,thursday,2024-04-25,07:45:35,2024-05-11,03:12:03,2023-03-21 02:20:11.052473,2024-05-30 19:52:59.767411
EV320,Synergized leadingedge encryption,NACB,http://davis.org/,Support move kid some face with significant.,treatment-now-area,manual,58.0,"Skin can again window despite.
Deal could account she like around wind I.
Share among month world. Conference over senior debate space same. Go green some.",Ashley Bryant,,,Sports,['Business & Finance'],"3157 Black Green
Port Richardport, SC 95002",Micronesia,saturday,2024-05-03,02:30:02,,,2023-03-07 10:10:59.169124,2023-01-22 21:37:00.946770
EV321,Reverse-engineered full-range functionalities,NACB,http://oconnor-cox.net/,Still author them fact carry about.,subject-stage-boy,auto,,"Leader machine mind actually century feel single. Ten early school believe human name talk.
Day raise seven young season smile. Hand usually finally.",Crystal Owens,,,Business & Finance,"['Entertainment', 'Sports', 'Technology', 'Politics']","0539 Whitney Motorway
New Rhondaton, VA 50094",Yemen,friday,2024-01-28,17:16:41,2024-05-05,,2022-06-25 04:39:57.268058,2020-08-08 09:22:20.814407
EV322,Diverse holistic middleware,NACB,http://salazar.com/,Positive card majority assume goal kid.,hospital-apply,auto,78.0,"Person black beat go pick. For decision represent college large unit gun. Decision one fill more.
Outside consumer who send Congress. Alone product little clearly ready federal player.",Scott Benson,,,Science,"['Sports', 'Health']","739 Roy Lakes Apt. 900
East Madisonville, KS 24016",United States Minor Outlying Islands,saturday,2024-02-21,07:32:51,2024-01-16,20:13:34,2022-10-12 15:52:17.590744,2020-11-23 13:51:11.713525
EV323,Customer-focused multi-tasking Graphic Interface,roth-stuart.com,http://www.huff.com/,Lay enter what market authority especially.,policy-air-less,manual,39.0,"Phone even type finally change. Across movie suffer unit prepare environment plant.
Teach which commercial purpose themselves throw benefit end. Affect player general none try.",Tina Armstrong,,,Business & Finance,['Sports'],"19709 Jason Branch
Nicholasmouth, GU 43080",Haiti,monday,2024-04-27,07:58:49,,09:12:30,2023-01-10 19:53:01.500324,2020-08-09 11:39:34.226083
EV324,Enterprise-wide content-based alliance,NACB,https://mendez.org/,Maintain who walk appear life true.,rise-trouble-never,manual,,"Dog everything save management key cultural. Player agent detail different bank improve.
Card huge structure must beyond. Culture everyone also. Drive animal kid marriage.",Aaron Jones,,,Technology,"['Health', 'Entertainment', 'Science']","6153 Perez Plains
Lake Debra, ID 97838",Guam,wednesday,2024-02-17,20:27:50,,,2024-01-02 18:39:31.756492,2022-03-26 19:48:35.157639
EV325,Ergonomic reciprocal system engine,NACB,http://www.johnson.com/,Him adult truth state family.,store-everything,auto,20.0,Water economy new agree against law. Million challenge watch party improve throw southern recently. Tax vote similar month indicate.,Timothy Walker,,,Technology,['Business & Finance'],"1744 Crawford Roads
North David, SD 44839",Saint Pierre and Miquelon,wednesday,2024-01-02,09:12:34,,07:05:46,2022-05-22 06:17:01.166458,2022-03-24 20:26:09.765943
EV326,Progressive 24hour monitoring,houston.org,https://www.sullivan.biz/,Mind so simple I in.,oil-morning-detail,manual,63.0,"Month understand and artist high. White follow much particularly cut.
Understand expect interest. Position serious tend high along what series coach. Trade add data fear brother center loss drug.",Willie Davis,,,Sports,"['Science', 'Politics', 'Technology']","9028 Michael Hills
Maxwellfurt, VI 30112",Luxembourg,monday,2024-06-24,00:12:52,2024-07-26,10:52:51,2022-11-22 21:43:11.075825,2020-10-07 18:43:16.375974
EV327,Expanded attitude-oriented paradigm,miller-jones.com,https://www.james-olson.com/,Relate capital lot next send.,tax-marriage,manual,,"Movie growth as particular. Describe society bad.
Clearly yourself box risk. Thank risk moment mouth quality.",Edward White,,,Technology,"['Health', 'Politics', 'Science']","163 Howard Tunnel
Mollyberg, NJ 31731",Ethiopia,friday,2024-01-17,07:26:15,,15:05:38,2024-03-10 16:46:08.646650,2021-04-12 04:48:45.099045
EV328,Switchable zero administration Local Area Network,NACB,https://dickerson.com/,Tv book care lead effect lay.,near-stock,auto,89.0,"Hope song source my think. Toward less interesting two federal.
Meet sometimes any item street civil thank. East only gas pattern environment cost nor want. At condition hot sport listen.",Kristin Nelson,,,Business & Finance,"['Business & Finance', 'Entertainment', 'Politics', 'Science', 'Sports']","059 Adrienne Pines
North Ian, CO 16612",Saint-Barthelemy,friday,2024-02-17,18:24:52,,,2023-09-06 19:42:39.341758,2024-05-31 15:09:47.180318
EV329,Switchable tangible knowledgebase,NACB,http://www.shepard.com/,Stay role whatever ask six actually.,marriage-enough-war,manual,42.0,Try focus body do summer heart nothing. Century film throw movie her strong campaign. Truth also world start expect.,Brian Burke,,,Health,"['Entertainment', 'Politics', 'Science', 'Sports', 'Technology']","2058 Fitzpatrick Parks
Lake Tylerview, AS 43338",Hong Kong S.A.R.,friday,2024-02-07,15:55:51,,,2020-05-05 00:16:53.683663,2021-08-15 07:45:33.723866
EV330,Compatible local policy,NACB,https://www.taylor.com/,Letter heavy energy from produce consider chance large.,remember-well-group,manual,46.0,Everyone safe effort anyone task future. None million north network. Peace late serve four care respond car. Season bank song foot anyone skin food.,John Skinner,,,Science,"['Entertainment', 'Sports', 'Health', 'Science']","34511 Solomon Greens Apt. 868
Cynthiaberg, ND 83863",Jordan,sunday,2024-01-24,07:44:32,,23:17:27,2024-05-11 21:21:03.972871,2021-10-29 17:56:30.443907
EV331,Realigned content-based knowledgebase,NACB,https://miller-stewart.com/,Natural cut financial cultural magazine similar.,affect-stop-reduce,auto,32.0,"Police long never hand she site. Experience easy side so. Who live wife one place ability attack.
Still night already full. Than performance international beautiful.",Emily Taylor,,,Technology,"['Business & Finance', 'Health', 'Technology', 'Politics', 'Science']","994 Peter Oval Apt. 890
Port Keithborough, IA 83282",Zambia,tuesday,2024-07-12,21:00:42,2024-05-09,,2023-01-17 03:12:33.481589,2021-10-15 23:47:11.133682
EV332,Enhanced cohesive model,NACB,https://www.morales.org/,Former trip its color measure build allow.,industry-next-like,auto,7.0,"Several perhaps natural ground none young beat. Thank dream husband believe. Strong wife need as of specific benefit.
Specific purpose use. Since skin seven unit a policy.",Logan Hendricks,,,Entertainment,['Sports'],"046 Powers Oval
Anthonyborough, CA 11179",Andorra,friday,2024-02-05,21:28:00,,01:13:05,2021-09-29 06:27:32.065468,2023-06-24 12:51:18.007993
EV333,Inverse value-added Local Area Network,NACB,https://www.baker.com/,Spend especially special leave break among.,threat-yourself,manual,46.0,End yet surface others else. Study property individual its kitchen. Force from foot teach. Cold son piece couple.,Brandon Smith,,,Science,"['Entertainment', 'Politics']","736 Andersen Trail Suite 930
Westside, AL 37976",Moldova,friday,2024-07-22,03:07:04,2024-05-19,,2023-05-17 11:45:23.844593,2020-07-17 15:45:22.467389
EV334,Centralized demand-driven flexibility,NACB,http://www.church.org/,Suggest area people pattern security oil allow.,different-standard,auto,,Trouble citizen election question pull image. If month old scene phone understand country. Difficult peace return fly. General most figure study white top.,Jessica Taylor,,,Business & Finance,['Science'],"78259 King Pass
East Seanville, KY 21102",Canada,thursday,2024-06-27,09:33:50,2024-04-12,07:13:33,2020-03-23 02:04:07.176448,2022-05-11 01:55:37.120587
EV335,Reverse-engineered foreground emulation,NACB,http://www.huerta.com/,Between if second toward example official bad threat.,authority-hospital,manual,,Future scene choice prepare world. Concern process increase large high offer across.,Cynthia Ellis,,,Sports,"['Sports', 'Entertainment', 'Politics']","31797 Shannon Street Apt. 619
Fitzgeraldstad, TN 40271",Haiti,thursday,2024-03-09,21:01:52,2024-02-01,10:21:19,2020-12-07 13:05:20.854570,2021-05-09 12:12:02.207031
EV336,De-engineered foreground capacity,NACB,https://harper.info/,Tree animal professional region case significant.,purpose-blue-item,auto,,Reflect nature particularly him identify follow. Rich yard option on figure. Paper structure method audience church.,Katherine Bautista,,,Business & Finance,"['Technology', 'Sports']","585 Stanley Green Apt. 306
Port Alicia, WY 67704",Vatican City State (Holy See),wednesday,2024-04-30,19:35:15,,01:33:48,2021-10-28 22:38:00.385558,2022-04-27 08:15:02.124063
EV337,Configurable high-level flexibility,NACB,http://banks-mccoy.com/,Choose interview between inside group her hear.,somebody-whole,manual,,Step threat write. Inside yourself cost threat adult author Democrat.,Sylvia Mills,,,Health,"['Technology', 'Health', 'Entertainment', 'Science', 'Politics']","31823 Ashley Greens Suite 135
Martinstad, CA 98373",Norfolk Island,wednesday,2024-05-27,23:12:37,2024-06-14,,2023-11-24 21:33:03.169219,2020-06-04 20:47:12.947267
EV338,User-centric context-sensitive benchmark,NACB,https://wilson.com/,May room thank understand.,respond-may-project,auto,19.0,"Near country church hold. Measure develop should last five religious. Bill anyone state like.
Like physical PM open everything better discover save. Free else cause court.",Brent Henderson,,,Entertainment,"['Science', 'Entertainment', 'Business & Finance', 'Health']","1690 Walker Overpass Apt. 021
Ryanburgh, DE 43958",Syria,friday,2024-06-08,02:59:37,,12:35:49,2024-01-03 14:35:39.230383,2023-10-10 00:17:34.890580
EV339,Horizontal local orchestration,terrell.com,http://www.bell.info/,Wonder everything wall painting establish.,mrs-listen-training,auto,,Up well conference understand without suffer. Keep ball light question. Tough night newspaper me national.,Sabrina Boyd,,,Sports,"['Politics', 'Entertainment', 'Sports']","18256 Zachary Park
East Deannashire, IL 26478",Antarctica,saturday,2024-02-21,03:13:58,2024-03-15,,2023-06-03 23:24:54.875118,2023-09-11 10:13:57.601525
EV340,Configurable multi-tasking utilization,NACB,https://www.hodge.net/,Court artist indicate scientist.,cost-you-agent,manual,49.0,"Least north fact prove. Former much can must let focus beat must. East loss resource.
Difference what approach. Consumer information coach. Sound money possible record shake.",Craig Woods,,,Business & Finance,"['Entertainment', 'Business & Finance']","1970 John Forges Suite 852
Perezfort, MN 35961",Rwanda,thursday,2024-08-03,03:49:17,,15:13:27,2023-12-17 13:09:04.548662,2024-07-27 18:17:00.563902
EV341,Reduced logistical Graphic Interface,tran.com,http://www.wyatt-padilla.org/,Crime exactly raise condition cause success history.,person-production,auto,24.0,"Claim happy several history claim. Share assume thousand.
Majority past seat debate. Official mission production important service itself few. Point throughout west resource see view should.",Steven Moreno,,,Business & Finance,"['Health', 'Business & Finance', 'Entertainment']","Unit 6335 Box 1757
DPO AE 63546",North Korea,monday,2024-07-11,10:19:56,,,2022-01-29 05:46:33.075397,2021-08-01 10:47:43.004857
EV342,Implemented non-volatile hardware,parker.com,https://jackson-jones.com/,In local evening news continue least.,exist-charge-first,auto,,"Move itself respond life up describe product. Peace agency range upon body thank.
We this four single education value let score. Wind couple run Republican budget seem majority customer.",Jennifer Jensen,,,Politics,"['Politics', 'Science']","44666 Hunter Trail Suite 816
Hurleychester, MT 34690",Greece,thursday,2024-06-21,10:23:10,2024-02-21,22:03:26,2023-12-21 13:03:28.411571,2023-10-01 16:33:15.062510
EV343,Open-source multi-state database,NACB,http://www.parker-washington.biz/,Successful interview shake firm least daughter.,evening-security,manual,,Identify able clear least work.,Philip Norris,,,Health,"['Business & Finance', 'Entertainment', 'Technology', 'Politics']","1675 Freeman Village
Mejiaside, NJ 56387",Costa Rica,monday,2024-01-09,21:09:22,,,2020-06-18 22:31:02.984746,2020-10-13 13:46:01.508044
EV344,Progressive interactive service-desk,NACB,http://smith.com/,She region just a fire sell possible.,minute-recent-kid,manual,,Ever realize to main direction. Everything foot Republican until whom production. Follow government should police. Bank such fact five now.,Michael Bennett,,,Entertainment,"['Science', 'Technology', 'Politics', 'Business & Finance']","013 Valencia Neck
Samanthaton, KS 87443",Maldives,sunday,2024-01-03,00:12:59,,,2023-06-12 11:54:01.326772,2023-07-11 15:59:27.568463
EV345,Organic zero tolerance productivity,nguyen.com,https://brady-cabrera.net/,Bad evening necessary even or spend.,successful-hour,manual,22.0,Keep civil many argue per event. Position several certainly fill they western face.,Jason Kim,,,Entertainment,"['Health', 'Politics']","5161 Amy Manor
South Jessica, MO 19174",Saint-Barthelemy,saturday,2024-03-28,15:39:28,2024-02-28,12:42:24,2023-07-12 17:46:55.393938,2024-03-04 15:23:56.469109
EV346,Total object-oriented secured line,NACB,https://davis.net/,Nothing north easy or perform our example.,dark-music-imagine,auto,,Reason fire successful rest office. White fear Congress similar parent until moment. Tough three myself challenge thus off.,Tracie Bentley,,,Business & Finance,"['Science', 'Entertainment']","461 Julie Trail
Harveyside, NV 30918",Micronesia,thursday,2024-03-23,03:08:58,2024-07-28,,2022-02-13 11:43:56.005741,2020-04-09 13:41:57.251180
EV347,Multi-tiered tangible knowledgebase,marquez.com,http://www.adkins.com/,There four indicate religious goal figure watch.,spring-family-phone,auto,,"Small source like quickly else TV well. Result culture officer idea task other.
Key Republican use agreement wife. Next public evidence kitchen later believe also.",Greg Coleman,,,Sports,"['Health', 'Science', 'Business & Finance', 'Entertainment']","69480 Rhodes Stream
Hannahborough, VT 46220",Heard Island and McDonald Islands,friday,2024-04-07,02:02:05,,,2022-05-01 21:30:53.861196,2021-05-19 05:06:56.699630
EV348,Focused background emulation,NACB,http://www.larsen.com/,Option increase cut discussion board including party.,tv-to-write-series,manual,,"Arm toward reason else alone. Hard admit natural.
Keep daughter hotel pretty scientist. Help design performance have energy democratic. Movement exist bit fight smile.",Danielle Hale,,,Health,"['Entertainment', 'Politics', 'Technology']","724 Manning Manor
Lake Cynthiafort, IN 43373",Sierra Leone,tuesday,2024-04-10,18:32:27,2024-01-13,19:15:26,2022-01-21 11:35:17.019999,2022-12-01 21:41:26.865259
EV349,Switchable global customer loyalty,webb-campbell.biz,http://vaughan.info/,Worker mention order or miss style worker.,two-behind-service,manual,,Toward mean will year drop decade. Condition into put stage majority owner. Parent site no leader lay although between serious.,Carrie Ellis,,,Business & Finance,"['Business & Finance', 'Sports', 'Science', 'Health']","5489 Vaughan Vista
Christopherville, ND 95412",New Caledonia,wednesday,2024-04-01,11:53:16,2024-06-02,08:39:36,2021-06-15 18:50:29.214431,2024-05-29 08:17:32.962012
EV350,Reverse-engineered content-based attitude,NACB,http://king-schultz.com/,Upon project despite few letter company hear reach.,admit-the-argue-arm,manual,76.0,"Condition economy court little appear agency five. Party plant sing speech big build east. Past face to rule senior window.
Establish last remain cultural. Ready step opportunity poor.",Kathryn Villarreal,,,Sports,"['Technology', 'Business & Finance', 'Sports', 'Entertainment', 'Health']","5458 Joshua Drive
Lake Calvin, VA 30604",Gambia The,wednesday,2024-06-06,15:30:27,,,2022-01-26 02:28:12.813876,2021-01-16 00:00:16.523476
EV351,Adaptive neutral parallelism,NACB,https://www.robinson-gray.com/,Thus watch management cultural machine well.,lot-kind-remain,manual,,"Long man attention someone. Every country floor indeed cut system though.
Father green simply economy. Kid purpose usually attack.",Susan Summers,,,Health,"['Sports', 'Science', 'Entertainment', 'Business & Finance', 'Technology']","916 Bruce Hollow Suite 506
Carolinestad, RI 82154",Saint Helena,monday,2024-01-04,18:50:18,2024-06-15,,2024-07-31 08:05:18.160914,2021-12-06 10:46:34.433895
EV352,Monitored value-added infrastructure,wolf-anderson.com,http://hudson.com/,Air benefit another defense.,stock-road-sure,auto,79.0,"Control father note moment better teach.
Provide note first yard success. Man money single standard both him role. Religious son who old everything.",Joel Clark,,,Sports,"['Business & Finance', 'Politics']","627 Brittany Mall Apt. 199
Lake Dorothyville, OH 90980",Croatia,friday,2024-03-18,00:59:40,2024-07-08,,2023-12-01 19:34:29.466319,2021-05-24 20:19:03.718522
EV353,Exclusive global solution,NACB,http://www.johnson.org/,Tough poor although eight usually drive red.,treatment-day-field,manual,,"South while do rich. Security benefit involve yourself happen happy.
Across various feeling water interest rule. Summer test performance response free high a. Meet face house affect oil support.",Erin Conner,,,Sports,"['Technology', 'Health', 'Politics', 'Business & Finance']","73973 Reeves Club Suite 713
Robinsonton, AZ 69912",Guernsey and Alderney,sunday,2024-02-12,08:04:32,,,2021-05-16 21:04:46.324747,2023-04-11 20:45:18.829051
EV354,Multi-tiered object-oriented workforce,williams-hull.com,https://www.gay.com/,Deal instead situation.,one-today-life,auto,,Dinner southern what central. Air number ask scientist computer. Full chance discuss talk card.,David Brock,,,Health,"['Science', 'Technology', 'Business & Finance']","41909 Elliott Motorway
East Ariana, NH 50391",Uzbekistan,friday,2024-05-02,10:51:42,,,2023-07-04 04:39:23.374713,2022-12-07 15:33:36.293688
EV355,Open-source interactive encryption,NACB,https://hernandez.org/,Or book girl many rest decide.,ready-baby-thousand,manual,,"Television create water nature skill always meet name. High six able.
Speak the against early strong me bag. Huge rich wonder address. Their view hour few ok beyond.",Debbie Bishop,,,Entertainment,"['Technology', 'Politics', 'Health', 'Entertainment']","411 Baker Stream Apt. 637
Kellyhaven, AK 42255",Falkland Islands,wednesday,2024-07-02,21:26:28,,04:24:16,2022-12-23 23:39:43.437714,2021-04-04 22:12:50.457610
EV356,Grass-roots transitional contingency,NACB,http://shelton.org/,Figure medical child color.,without-hand-door,auto,98.0,Believe language knowledge. No list that garden their. Live election today early occur defense capital.,Michelle Boyer,,,Sports,['Entertainment'],"3651 Jessica Skyway
Dawsonton, NM 99134",Czech Republic,sunday,2024-02-14,14:24:33,,16:46:56,2023-10-04 15:20:58.805193,2024-01-05 05:15:46.124283
EV357,Synchronized context-sensitive analyzer,sawyer.com,https://jefferson-warren.com/,Size speech expect although within.,citizen-north,manual,95.0,"Direction large soon assume future best financial east.
But staff career write education. Catch voice item police never skill turn.
Break let set through. Feeling night world do.",Jennifer Cannon,,,Business & Finance,"['Science', 'Health', 'Sports', 'Business & Finance']","78561 Morgan Prairie
South Cynthia, AZ 27400",Brunei,friday,2024-01-22,23:28:06,2024-05-08,09:13:12,2021-05-23 23:14:18.994189,2022-07-16 16:11:45.852508
EV358,Distributed zero-defect adapter,taylor-mata.biz,http://wilson-cameron.com/,Notice product risk at into sound decide event.,arrive-lawyer,manual,,Interesting television development continue rather. Follow hair lose debate question yes. Understand over fear community morning history.,Juan Carter,,,Sports,"['Health', 'Science', 'Sports']","117 Rebecca River
Coleville, OH 96687",Vatican City State (Holy See),thursday,2024-01-08,14:06:19,,,2022-12-09 17:14:55.839160,2024-06-22 21:58:47.429804
EV359,Right-sized homogeneous architecture,roberts.com,http://miller-jones.biz/,Professor much word lead economic glass.,could-office-sort,manual,68.0,Have several history enjoy word store language hotel.,Amanda Hernandez,,,Health,"['Sports', 'Technology']","PSC 0502, Box 0705
APO AP 72419",Sint Maarten (Dutch part),tuesday,2024-07-31,09:33:54,,06:44:48,2020-01-13 22:49:02.685838,2020-04-09 21:19:31.502821
EV360,Customizable dedicated collaboration,NACB,https://www.durham.com/,Investment set perhaps someone country seek than.,her-this-walk-among,auto,79.0,Part push change ever dinner visit also. Question structure these us grow less. Office anyone audience must commercial hospital.,Matthew Mcdonald,,,Entertainment,"['Politics', 'Sports', 'Technology']","01438 Pham Manors Suite 708
East Davidberg, FL 02969",Turks and Caicos Islands,tuesday,2024-03-29,09:19:59,,,2021-04-12 22:28:35.486446,2021-12-02 11:17:10.624732
EV361,Configurable dedicated Internet solution,NACB,http://weber-hayes.com/,Nor true Congress attack city.,term-remain-about,manual,,Guess find ball can. Reason away same beautiful choose morning data quality. Important past all take view discussion.,Robert Curtis,,,Business & Finance,"['Business & Finance', 'Health']","093 Brown Flats Apt. 374
Jonesborough, GA 55038",Curaçao,wednesday,2024-06-26,16:47:43,2024-01-21,,2024-03-05 17:09:39.357087,2023-06-24 07:01:57.368171
EV362,Sharable demand-driven migration,NACB,http://melton-turner.com/,Explain than experience board short.,back-information-be,auto,65.0,"Civil base lot well hold music Congress full. Fact team magazine.
Technology difficult conference. Reveal today worry. Edge college build positive home network statement.",Erin Turner,,,Politics,"['Technology', 'Health', 'Sports', 'Science']","582 Elizabeth Circles
Michaeltown, LA 04820",Turkey,friday,2024-01-17,15:38:32,2024-03-26,00:08:25,2022-01-17 00:34:23.882059,2024-05-29 08:24:38.240884
EV363,Fundamental leadingedge strategy,NACB,http://www.choi.com/,Media state part.,sell-many-instead,auto,15.0,"Sing stuff theory.
Reason enjoy great high enjoy.
Control section official their why time. Travel market evidence wonder short thank. Upon traditional guess stay surface may country.",Jordan Martin,,,Science,"['Entertainment', 'Business & Finance', 'Technology']","25983 Robinson Plaza Apt. 025
Lake Patricialand, MT 99790",Japan,wednesday,2024-07-21,02:12:10,,,2021-05-28 07:11:47.501693,2022-11-11 01:25:51.561852
EV364,Quality-focused fresh-thinking artificial intelligence,knapp-campbell.biz,http://garrison.org/,Benefit garden guy whom military majority.,economic-should,auto,,"Television father whether friend water election. Reason benefit show admit drive market.
Office reach call message future think people. Home score American safe produce food cost.",David Aguilar,,,Business & Finance,['Technology'],"24686 Ashley Stravenue
West Matthew, PW 17401",Malawi,saturday,2024-01-14,03:33:39,,,2020-02-16 06:21:06.459377,2023-10-31 10:15:17.551138
EV365,Grass-roots exuding time-frame,NACB,https://www.howe.net/,Statement which article decide everybody almost.,spend-media-author,auto,,Design data yeah gun particularly short it. Wife language training event pressure. Recognize us culture whether management budget loss.,William Baldwin,,,Science,['Technology'],"06651 Jeffrey Mountain Suite 898
New Jefferychester, IL 12177",Malaysia,tuesday,2024-05-28,10:48:00,2024-07-18,03:15:47,2023-05-05 08:48:49.052782,2022-10-31 14:08:46.310927
EV366,Customer-focused 24hour project,NACB,https://vargas.com/,Firm likely ground guess ground.,bank-hour-admit,auto,,"Yard past old tough. Smile grow try consider property meeting part.
Kind front so only exist usually bit. Wonder social sense kid office prevent.
To evidence past thousand.",Tracey Rivera,,,Sports,"['Health', 'Entertainment']","233 Michael Square
South Maria, VA 54460",Jamaica,friday,2024-03-08,22:21:20,,,2022-10-18 00:56:09.649153,2023-04-04 20:05:24.762108
EV367,Profound homogeneous pricing structure,nelson.net,https://www.matthews.org/,Morning piece marriage data enjoy.,street-player-yard,manual,,"Reveal do police pass successful western nation prepare. Team still job catch.
Guess everyone do without career figure. Management doctor country concern international have maybe fish.",Kimberly Oneill,,,Health,"['Technology', 'Sports', 'Science', 'Politics']","1509 Hayden Prairie Suite 933
Briannaborough, PA 01812",South Georgia,wednesday,2024-03-29,22:43:38,,,2021-07-24 08:16:48.274318,2021-03-09 13:18:04.421530
EV368,Persevering multi-tasking support,NACB,https://stein.com/,Finally development building.,as-knowledge-rise,auto,17.0,"Field why Mrs glass. These white will for someone quite line.
Discussion much protect sell rise admit. Middle level project street ahead travel.",Crystal Rodriguez,,,Sports,['Science'],"43104 Palmer Pass
Christinabury, DC 85820",Poland,saturday,2024-05-07,00:22:56,,23:38:09,2020-04-24 01:17:33.343539,2023-06-15 12:37:17.577027
EV369,Persistent transitional strategy,kent.org,http://www.johnson.net/,Dinner true today actually.,way-parent-so-north,manual,35.0,Over design listen thank compare. Matter along those. Field church whether no line.,Sandy Castro,,,Entertainment,"['Politics', 'Entertainment', 'Health', 'Business & Finance', 'Science']","USS Butler
FPO AE 24949",Cayman Islands,thursday,2024-05-11,08:19:29,,,2022-02-18 07:23:17.976655,2022-01-07 20:58:58.631651
EV370,Total non-volatile hierarchy,jackson.com,http://www.carter-campbell.info/,Just international public other.,me-father-style,manual,10.0,Discuss lay south management kid man. Hold single voice.,Nicole Obrien,,,Health,"['Business & Finance', 'Science', 'Health', 'Technology']","63559 Brian Forges Suite 119
West Michael, DC 58484",Virgin Islands (US),wednesday,2024-05-29,11:58:51,2024-03-11,,2020-10-05 08:45:03.510200,2024-01-06 22:24:19.811238
EV371,Customer-focused bifurcated definition,bennett.com,http://www.salazar.com/,Anything generation process foot nearly rise.,week-food-lay,auto,,Soldier head need protect century most. Account walk themselves employee sure. Career kitchen check Mrs which unit per.,Andrew Welch,,,Science,"['Technology', 'Politics', 'Health', 'Sports']","7605 Amy Ferry Apt. 727
Marissaburgh, OK 13097",Chile,wednesday,2024-07-16,07:05:18,2024-02-10,,2021-06-19 10:34:33.463590,2021-08-31 18:13:08.605525
EV372,Multi-channeled even-keeled hierarchy,rasmussen.com,https://shaw.biz/,Image matter family learn.,use-street-office,manual,,"Least door perhaps war lose choice blue red.
Western offer ok evening. Organization raise second body think. Control majority foreign least.",Jenny Doyle,,,Science,"['Technology', 'Business & Finance', 'Science', 'Entertainment']","26940 Walker Road
Port Williamshire, VI 10966",Sudan,friday,2024-02-15,01:42:56,,18:07:32,2023-04-13 22:42:22.315985,2024-06-16 14:02:14.636672
EV373,Managed cohesive Local Area Network,anderson.com,http://www.ryan.com/,Answer myself group ago.,energy-avoid-option,manual,81.0,"Break sing list including current strategy. High sister husband phone service enjoy. Somebody official relationship sound consider rich billion.
Happy away government beyond west.",Ricardo Owens,,,Health,"['Business & Finance', 'Politics', 'Entertainment', 'Technology']","Unit 5022 Box 9917
DPO AP 29618",Martinique,sunday,2024-05-03,18:50:07,,15:39:20,2023-07-20 07:59:27.646803,2021-03-19 04:04:25.409745
EV374,Cross-group 24/7 neural-net,carpenter.com,http://green-bean.com/,Realize statement must name cut dark per.,himself-carry-into,manual,,Open than task various. Couple upon deal final road people expert. Process learn baby chance sister far.,Joseph Powers,,,Technology,"['Sports', 'Politics', 'Technology']","24441 Johnathan Harbor Suite 556
Freemanmouth, VI 63206",El Salvador,tuesday,2024-06-12,01:34:26,2024-03-22,,2021-03-22 23:03:33.074066,2021-12-17 21:28:37.500155
EV375,Adaptive next generation archive,NACB,https://johnson.org/,Me season no.,market-father-sign,auto,,"Image fact decide magazine buy same. Production take senior once assume. Visit fear stock memory age candidate.
Allow we report. Deal sound game down under.",Lisa Cruz,,,Sports,"['Politics', 'Business & Finance', 'Sports']","74387 Browning Roads Apt. 351
South Emilyborough, CT 13335",Belarus,tuesday,2024-07-01,16:43:05,2024-05-23,,2020-01-12 11:06:34.775393,2021-11-18 02:53:54.375942
EV376,Reverse-engineered dynamic Local Area Network,stephens.com,https://freeman.net/,Decision fact drive feel room represent.,tell-each-police,manual,,"When deal over left.
Someone ahead fact shake discussion policy. American rather sit. Room worry remain recently.",Veronica Riley,,,Politics,['Technology'],"7422 Bell Springs Suite 757
West Mauricechester, GA 75391",Tokelau,saturday,2024-04-13,15:50:08,2024-05-06,,2021-10-05 03:17:06.604222,2021-09-03 14:59:42.298778
EV377,Realigned even-keeled time-frame,NACB,https://www.shaw-sanford.com/,Expect clearly establish minute large hour.,scene-short-pick,auto,8.0,"Act if campaign list it.
Itself front even go heart up current. Kind stage expert teacher car.
Same benefit hear fish enter parent fight. Compare determine here.",Bonnie Wells,,,Technology,"['Politics', 'Science', 'Sports', 'Business & Finance']","710 Arellano Harbors
Port Brittanyhaven, NC 67026",Jersey,wednesday,2024-04-28,06:17:30,,,2024-07-29 07:13:55.533202,2020-11-19 17:12:25.275818
EV378,Customer-focused dynamic firmware,NACB,http://jacobs-crawford.info/,Later concern night fish.,explain-exist-might,manual,,"Scientist stuff mother effect child nor word. Sign federal property ahead car guess top image.
Class take east painting score. Though wish firm knowledge population fear score situation.",Aaron Mitchell,,,Business & Finance,"['Entertainment', 'Sports', 'Health', 'Business & Finance', 'Science']","251 Williams Viaduct
Gibbsport, CT 28660",Virgin Islands (US),sunday,2024-08-03,12:53:40,2024-06-10,,2022-12-21 13:42:31.918913,2023-02-04 05:02:14.093006
EV379,De-engineered demand-driven definition,horn-bailey.com,http://gonzalez.com/,Day authority spend you less.,newspaper-ahead-set,manual,,"Culture fish recognize understand arm. Item participant must. It fund work leg.
Pretty well our new vote establish cup. Drug store Mr pick laugh lawyer truth.
Name why power around level.",Logan Vaughn,,,Politics,"['Politics', 'Science']","958 Burns Cliffs Suite 517
East Ryanburgh, DE 11966",Norway,monday,2024-06-06,14:46:45,2024-01-08,,2023-01-02 02:00:01.358279,2020-03-24 14:33:55.931166
EV380,Robust intangible attitude,NACB,https://wilkinson-griffin.com/,Certain lot maintain among himself.,attention-room-my,auto,,"Employee situation seat medical. Similar president far. Deep child create miss author.
Thought new third society network building join. Fact author series leave.",Alex Miller PhD,,,Sports,['Technology'],"78324 Stevens Junctions
Brownview, PW 76850",Maldives,friday,2024-04-05,12:03:02,,06:45:36,2023-04-13 10:11:41.711205,2023-04-15 00:27:20.832659
EV381,Organized cohesive matrices,rodriguez.info,https://smith.biz/,Series scene dog sort.,heavy-push,auto,32.0,"Certain receive at at cut. Indicate purpose clear each gun.
Ask friend history whole magazine Congress really. Better likely bring. Plan anyone fall.
Quite any also serve. Civil soldier exist full.",Erin Long,,,Health,['Sports'],"5016 Flowers Trail
Lake Susantown, OK 28295",Austria,wednesday,2024-04-04,21:59:39,,,2021-07-11 09:33:23.564326,2023-07-24 17:13:08.289772
EV382,Right-sized leadingedge functionalities,NACB,http://moore.net/,Foreign Congress allow be.,father-spend-huge,auto,,Whose hold civil why water seek world. Fast data act sense. Find miss fight happen institution.,Casey Price,,,Technology,"['Science', 'Sports', 'Business & Finance', 'Entertainment', 'Health']","USNV Caldwell
FPO AA 19615",Suriname,friday,2024-08-04,03:23:57,2024-07-28,10:15:27,2020-08-12 18:57:55.103390,2023-04-14 10:52:53.357419
EV383,Customer-focused 3rdgeneration protocol,page-mitchell.info,http://www.lucas-stephenson.com/,Quality society range discussion ahead matter couple bar.,institution,auto,,"Agree note film table. Little list enjoy.
Spring respond my alone adult same. Ahead surface lead process. City radio pull state success.",Tony Rosario,,,Health,"['Business & Finance', 'Politics', 'Entertainment', 'Technology', 'Health']","76705 Diana Station
West Susan, LA 77372",Maldives,sunday,2024-03-16,17:11:06,,18:51:14,2021-03-11 21:29:58.550164,2021-03-21 03:12:00.402682
EV384,Horizontal executive process improvement,oliver.com,http://barton-burnett.com/,Discussion across per give.,rise-hot-food-front,auto,24.0,Mrs hair pass two write major baby. Example play might lead. Detail century rock want power maintain. Hand quality detail degree reason move.,Dawn Gibson,,,Business & Finance,"['Science', 'Business & Finance', 'Politics']","60090 David Terrace Suite 647
West Malik, DC 71913",Bhutan,wednesday,2024-05-26,21:44:03,,,2020-05-28 20:46:49.390587,2021-10-31 00:13:43.438157
EV385,Persistent methodical projection,beck.com,http://www.price-turner.info/,Parent daughter despite because.,window-present,manual,98.0,"Describe because offer feeling. Why news edge kitchen. Expect short certainly involve use physical computer.
Recently president yard indeed because sign yard kind. Own act low.",Barbara Howard,,,Technology,"['Technology', 'Sports', 'Health']","756 Jennifer Crescent Suite 133
Port Maria, AZ 74362",Romania,monday,2024-01-11,19:03:46,2024-07-17,03:29:24,2022-12-16 18:42:30.937102,2024-04-23 22:12:43.763953
EV386,Programmable tangible circuit,NACB,http://www.garcia-swanson.net/,Might ok measure she.,threat-improve-than,auto,,"Simply smile data place difference day state.
Tough Mrs throw resource some ahead woman. Notice watch sense similar game agree. Read court rise. Almost rise former administration.",Heather Fleming,,,Entertainment,"['Health', 'Science', 'Entertainment', 'Sports', 'Business & Finance']","97309 Johnson Courts
Sarahchester, IL 29604",France,tuesday,2024-02-28,00:45:16,2024-04-10,,2021-06-24 03:23:51.056297,2020-04-10 00:51:40.039832
EV387,Managed value-added matrix,NACB,https://kirk-chase.biz/,Woman another reduce tax.,cold-because-class,manual,43.0,"Hospital outside require ask. We believe future something movie trade. Him forward baby test. Arm wonder win test reduce stay.
Hope nature choice east. Above tree alone throughout.",Philip Caldwell,,,Politics,['Health'],"779 Monica Trafficway
Lunashire, ND 49597",Micronesia,sunday,2024-07-05,19:04:46,2024-06-18,10:58:58,2023-01-04 20:43:16.133062,2021-03-26 03:24:41.399649
EV388,Compatible value-added installation,NACB,https://www.nguyen.com/,Season blue too send physical country might happen.,majority-shoulder,manual,,"Spend same present mean. Enjoy writer meet want population. Mean truth arm direction beautiful film.
Politics such center various health hot test. Body instead accept near.",Alec Moore,,,Health,['Sports'],"543 Reynolds Shoal Suite 457
East Kimberly, MN 13273",Belarus,friday,2024-06-17,22:33:22,2024-05-29,05:03:53,2020-08-15 13:33:43.943145,2022-03-06 07:07:17.239011
EV389,Open-architected fault-tolerant definition,NACB,https://www.boyle.biz/,Hour get foot table lay.,thank-number-watch,manual,,"Will open movie worker personal. Most customer decade single help. Clear have there century.
Information gun up sort wait every little dinner. Movie dinner baby course career.",Heather Hoffman,,,Entertainment,['Politics'],"90296 Contreras Light Suite 031
Lisaville, PW 97056",Namibia,saturday,2024-03-17,01:51:50,2024-04-22,03:08:22,2024-07-03 02:13:04.654162,2020-07-10 00:36:13.370017
EV390,Extended impactful attitude,NACB,https://garcia.biz/,Style all tend open phone citizen cup.,point-speak-also,auto,47.0,"Film soldier company high kitchen during. Sort tree color rock establish him tax.
Knowledge floor knowledge program natural. Realize project animal could how. Machine affect wall machine do arrive.",Ellen Boyd,,,Entertainment,"['Science', 'Technology', 'Politics']","745 Rivera Point
Port Amanda, MT 76405",Northern Mariana Islands,sunday,2024-01-08,11:03:05,,,2021-12-14 15:10:36.243395,2022-02-16 18:21:28.785157
EV391,Sharable local array,NACB,http://www.gaines.org/,Avoid civil however cultural research ok easy.,project-threat-hair,auto,,"Write art your air. Speak sea build produce sport. Space field reality world.
Face poor any information word today true.
Yard make page international nice. Young return quite speech go concern.",Claudia Smith,,,Politics,['Entertainment'],"1272 Aaron Green
Alfredfurt, FL 85281",Mozambique,saturday,2024-07-31,16:06:23,,,2022-11-20 08:37:48.088283,2022-11-15 14:55:28.026611
EV392,Compatible multi-tasking core,reid.net,http://miller.biz/,Address daughter fight return road cut.,name-pm-add-car,manual,38.0,"Environmental help statement believe study cover. Service part general explain people place.
Republican town attack church then.",Carol Conner,,,Technology,['Sports'],"105 Jose Grove Apt. 928
Schroedermouth, MS 83722",Kazakhstan,sunday,2024-01-06,14:57:32,,06:57:25,2022-03-19 22:37:04.274402,2024-07-13 03:06:53.172802
EV393,Self-enabling grid-enabled extranet,conner.net,https://anderson-jones.com/,Education scene develop white give phone.,cause-part-later,manual,11.0,Possible shake body senior. Take agency take town player answer.,Joshua Wall,,,Health,"['Entertainment', 'Politics', 'Sports', 'Business & Finance']","6850 Green Vista Apt. 411
North Jose, VA 34852",Virgin Islands (US),wednesday,2024-08-04,00:48:17,2024-05-12,,2023-09-07 19:01:57.694257,2023-05-25 11:00:18.637813
EV394,Public-key holistic access,NACB,http://www.tran-johnson.com/,Interesting very hot mind.,reduce-break-human,auto,81.0,"Else less some dog. Nature food buy job right night.
Radio event page give. Daughter defense certainly value method focus. Skill might worker exist send usually week.",Catherine Ford,,,Entertainment,"['Sports', 'Politics', 'Business & Finance']","230 Austin Manors
Shelleybury, MA 87829",Nicaragua,wednesday,2024-06-06,10:31:24,,,2022-12-02 15:44:29.453007,2021-03-22 00:35:53.691150
EV395,Synergized homogeneous projection,wheeler.com,http://shields.com/,Talk speak sometimes they.,color-until-lead,auto,,"Through democratic notice democratic. Live later meeting role on summer establish. Station window teach fill.
Poor rate then various parent push room.",Courtney Wheeler,,,Science,"['Technology', 'Business & Finance']","6273 Graham Skyway Apt. 979
West Rita, FM 84879",Gambia The,monday,2024-04-08,15:23:00,2024-07-20,16:50:39,2021-03-17 11:36:32.230963,2021-07-03 13:02:47.277012
EV396,Fully-configurable analyzing support,williams.com,http://garcia.com/,Though government left truth source direction summer road.,business-against,manual,4.0,"Subject she event religious. Thus hope cold. Read through serious lawyer last.
Contain expect understand describe look. Standard idea dream. In next send traditional.",Zachary Reid,,,Business & Finance,"['Health', 'Technology', 'Entertainment', 'Sports']","383 Vanessa Loop Apt. 540
Bellstad, NH 87076",Saint-Martin (French part),monday,2024-05-31,10:57:54,2024-03-12,01:37:44,2021-10-03 18:45:06.283783,2023-04-13 19:43:41.413649
EV397,Face-to-face grid-enabled array,joseph.com,http://powell-miranda.org/,Practice east receive follow.,million-only,auto,,"Exist provide leave final up brother. Art training speech suggest.
Morning market expert movie understand. Affect make agreement close always door room his.",Harold Hunt,,,Entertainment,"['Politics', 'Business & Finance', 'Health']","142 Adams Keys
Rodriguezfurt, CA 14813",Nauru,friday,2024-06-01,03:20:30,2024-04-05,06:25:44,2023-04-02 21:04:51.016956,2022-08-27 20:31:39.020006
EV398,Fundamental high-level info-mediaries,NACB,http://www.jackson.biz/,Physical agree picture wind continue.,along-measure,auto,39.0,"Loss adult action must have. Color audience available say hotel.
Hospital couple road so trial smile must simple. Become program need occur him their success nearly.",Christopher Miller,,,Sports,['Health'],"79907 Ware Creek Apt. 787
East Josephfort, MA 91215",Bouvet Island,wednesday,2024-03-18,02:27:37,2024-05-21,22:43:56,2021-10-01 20:50:16.979983,2021-05-11 09:04:56.037717
EV399,Multi-lateral zero-defect middleware,gray.com,https://avila.org/,Book today early particularly.,outside-economic,auto,86.0,Prevent my we effect present find. Realize education before sometimes view letter under.,Alexis Diaz,,,Technology,['Entertainment'],"USNS Wilson
FPO AE 74007",Cambodia,saturday,2024-05-29,11:56:19,2024-06-29,,2020-12-29 05:13:46.086872,2022-05-01 04:17:08.187177
EV400,Open-architected neutral adapter,gomez.net,https://www.wang.com/,Employee would notice month tax certainly.,sense-report-onto,manual,,"Moment cover despite analysis card material. Take these would light rather story stand single. From hard per as allow newspaper level.
Collection upon tell concern. Perhaps environment level eat.",Thomas Perez,,,Science,"['Science', 'Sports']","USNS Henderson
FPO AA 11046",Honduras,sunday,2024-02-29,09:53:57,,,2022-03-29 07:29:18.220850,2021-01-05 15:08:07.193654
EV401,Automated coherent instruction set,NACB,https://www.kennedy.com/,Little argue off more understand agent particularly home.,attention-important,manual,,Line which defense region like situation action. Benefit we head mother kid nature. Soldier section guy field. Person goal soon away police television ask development.,Lisa Dawson,,,Business & Finance,"['Technology', 'Politics', 'Health']","441 Jasmine Dale
West Jasonshire, CA 94358",Syria,monday,2024-02-12,09:53:34,,,2023-06-02 12:01:37.700567,2023-08-21 18:55:01.442957
EV402,Reverse-engineered local success,NACB,http://www.christensen.com/,Have concern major rule.,task-detail-impact,auto,40.0,"Time human nothing painting. Only state finally to dream among impact class.
Garden himself include operation set marriage. Parent though language north detail skill.",Anna Wright,,,Technology,"['Business & Finance', 'Entertainment']","660 Sophia Courts Suite 424
South Keithmouth, GU 18985",Hong Kong S.A.R.,friday,2024-02-05,09:52:03,2024-07-24,01:22:14,2024-06-25 07:14:20.842922,2022-01-12 04:03:48.294731
EV403,Mandatory zero-defect toolset,NACB,https://www.huber.com/,Its fire pattern.,room-cell-kind,auto,41.0,Maintain source add another. Energy you most special foot my. Buy machine grow series value truth require. Tax too bill stage degree.,Joseph Dickerson,,,Business & Finance,"['Technology', 'Entertainment', 'Business & Finance']","91300 Alexis Isle
Maureentown, CO 63286",Zambia,tuesday,2024-07-20,22:50:41,,,2022-10-01 11:52:45.761935,2023-09-11 07:54:41.737634
EV404,Expanded intangible encryption,james-obrien.biz,http://www.duncan-young.com/,Feeling local others.,authority-fight,manual,,Democrat watch win now business shake anyone. True similar deal evidence where team.,James Lee,,,Health,"['Business & Finance', 'Sports', 'Technology', 'Entertainment', 'Politics']","1870 Reed Trace Apt. 278
Adamfurt, DC 14061",Burundi,tuesday,2024-04-10,15:20:28,2024-04-19,,2020-10-12 17:19:53.958283,2021-08-17 21:32:01.489886
EV405,Organized global intranet,anderson-johnson.info,http://www.haas.com/,Pattern read decide.,although-those,auto,46.0,"Individual simply project result.
Stop seven plan. Material carry race owner out. Design on support ball.",Ann Brady,,,Health,"['Technology', 'Politics', 'Entertainment', 'Health']","68107 Perkins Plain
Port Karenland, PW 30481",Anguilla,saturday,2024-01-23,15:07:14,,,2023-11-05 08:21:27.353264,2020-12-02 00:52:57.135185
EV406,Secured encompassing solution,NACB,https://jimenez.com/,Front meeting policy wall majority tree popular.,claim-lawyer-wish,manual,91.0,"Act west certain almost institution inside.
Fly bar first true. Machine task necessary really task want able.",Christina Olson,,,Entertainment,"['Technology', 'Business & Finance']","056 Martin Springs Suite 856
Johnsonstad, NJ 56205",Poland,thursday,2024-03-10,00:39:01,2024-01-25,13:57:06,2023-11-11 21:28:13.745091,2023-12-24 07:32:50.436211
EV407,Multi-lateral directional Graphical User Interface,NACB,https://www.davenport.info/,Require series require hot media information watch.,sign-speech-outside,auto,,Project traditional fly include. Expert dinner moment across new sit. Opportunity right development behavior dream feel.,Jeff Mann,,,Business & Finance,"['Politics', 'Science', 'Sports']","925 Mcintyre Light
Whitakerfurt, HI 85611",Armenia,saturday,2024-01-07,20:20:10,2024-06-30,,2020-09-27 00:56:19.972704,2020-01-15 06:22:10.847764
EV408,Down-sized mobile open architecture,hughes.net,https://www.osborn.com/,Second imagine growth real.,candidate-agent,auto,,Item pay civil low. Consider while between increase.,Jeremy Jones,,,Science,"['Science', 'Politics', 'Business & Finance', 'Sports']","76552 Jacob Loaf Apt. 904
Roseton, NM 87289",Uzbekistan,monday,2024-07-02,04:43:39,,13:55:39,2022-03-13 08:03:42.821138,2023-08-22 04:57:00.215067
EV409,Horizontal hybrid flexibility,NACB,http://www.nguyen.com/,Image leg note good approach establish color.,i-tree-leave-budget,manual,,Thing style number onto. Environmental kid so develop response. Bed light management affect.,Lisa Moore,,,Science,['Science'],"216 Morgan Station Apt. 235
North Anthony, CO 70345",Mongolia,thursday,2024-03-13,03:02:31,2024-03-31,23:32:46,2021-03-10 17:04:23.409291,2023-08-29 22:04:23.179654
EV410,Decentralized 6thgeneration artificial intelligence,williams-wright.com,https://wade.com/,Edge democratic same popular quality onto.,list-rather-plan,auto,51.0,Analysis attack pretty billion population huge. Hold site region set. Page finish ask program also improve.,Troy Peterson,,,Entertainment,"['Entertainment', 'Health', 'Science', 'Sports']","41120 Jeffrey Meadows Suite 152
Jeffreychester, KS 40127",Guernsey and Alderney,monday,2024-01-16,04:56:02,,21:48:18,2021-10-19 20:27:15.505916,2023-03-19 13:39:49.228228
EV411,Advanced contextually-based parallelism,williams.com,https://gregory.com/,Agency sea discover something standard fall.,water-address,auto,,"Option music cultural want large. Traditional under enter modern huge.
Knowledge join structure goal decision development already. Whole buy election positive. Clearly general federal across.",Michael Stewart,,,Business & Finance,"['Health', 'Politics']","Unit 5172 Box 7450
DPO AA 05262",Wallis and Futuna Islands,thursday,2024-04-30,08:04:33,,11:24:06,2024-05-01 06:26:01.907331,2022-04-06 18:04:54.546757
EV412,Focused dedicated parallelism,NACB,https://diaz-maxwell.org/,Five tell central school.,in-mrs-toward-fight,manual,,"Daughter cultural true place. Summer local four create raise will.
Sell particularly responsibility only science agent. Rise beautiful science wonder little treatment. Amount per give pull.",Steven Warren,,,Health,"['Business & Finance', 'Science', 'Politics', 'Technology', 'Health']","015 William Meadow
South Amber, ND 29277",Heard Island and McDonald Islands,saturday,2024-01-14,18:12:46,,,2021-12-16 11:56:36.420213,2023-11-16 01:42:19.530101
EV413,Reduced analyzing open architecture,NACB,https://www.wright-cooley.com/,In individual game book before.,trip-citizen,auto,70.0,"Stay show major might. Color appear card student.
Possible need quite free per interview. Somebody him PM anything benefit stage sing. Where always author realize past be bring range.",Shawn Johnson,,,Business & Finance,"['Health', 'Sports', 'Politics']","8402 Monica Drive Suite 281
North Stevenport, CA 48381",Eswatini,thursday,2024-04-28,09:49:00,,,2021-11-11 08:42:03.119272,2023-12-23 12:49:16.615206
EV414,Balanced encompassing complexity,NACB,https://www.walker.net/,She middle teach stuff various.,draw-age-own,manual,,Whose care become still million natural store. Green half risk network. Character system along bill defense right kid.,Ashley Jackson,,,Sports,"['Sports', 'Health', 'Science']","116 Pace Brooks
Ruizmouth, NY 62062",Syria,friday,2024-07-07,16:36:06,2024-07-14,21:42:41,2021-06-25 07:06:18.687289,2020-03-04 05:17:11.347937
EV415,Centralized bifurcated solution,anderson.com,http://frazier.info/,And you person role actually develop.,discuss-nothing,manual,92.0,"Reach recent fund large partner maybe. Or leave ever late generation. Conference anything style star throw unit.
Identify history of again top themselves benefit. Line smile well ago director.",Andrew Baker,,,Sports,"['Health', 'Politics']","57459 Fry Avenue
South Katrina, NY 37247",Dominican Republic,thursday,2024-05-09,21:12:49,2024-01-16,,2024-05-19 12:00:28.950384,2020-07-12 07:23:30.944365
EV416,Phased motivating challenge,NACB,https://williams.com/,Explain century should town.,marriage-entire,auto,66.0,"Stock use speak son provide. Remain smile doctor result test base want.
Authority practice capital tough from. Describe bed indicate car usually fact pay.",Melissa Smith,,,Entertainment,"['Business & Finance', 'Technology', 'Entertainment']","41260 Mcdonald Skyway Suite 524
Munozfort, ID 85688",Serbia,saturday,2024-01-05,15:31:06,2024-03-12,,2021-01-08 20:37:13.884702,2021-03-07 03:18:14.929004
EV417,Organized explicit parallelism,NACB,https://www.nelson-le.com/,Cut job sort as house case.,identify-fact-main,manual,,"Lay day bit threat boy learn. Computer natural maintain site will. Process trial loss few each rate oil sell.
Issue direction along another environment organization. Detail group every sea together.",Emily Martinez,,,Sports,"['Health', 'Science', 'Politics', 'Sports']","051 Evelyn Springs
Bellfurt, CT 87531",South Africa,saturday,2024-01-11,08:41:46,,20:00:38,2020-06-08 16:50:03.191850,2020-04-08 15:27:06.435560
EV418,Right-sized 6thgeneration utilization,NACB,http://www.carpenter.org/,Right water glass civil tell.,seem-service,manual,,Card all hear the indeed with. Check protect choose business both.,Kelly Holt,,,Entertainment,"['Technology', 'Health']","409 Mitchell Lodge
West Amyton, CA 91150",Samoa,sunday,2024-06-15,16:47:48,,,2022-04-09 06:55:18.715187,2021-10-27 23:01:01.549250
EV419,Customizable maximized interface,NACB,https://www.andrews-george.info/,Threat care man campaign sure.,collection-mind,manual,,"Cultural forward treat item leave success. Table course former word whether exist.
Brother spend I sell run country thank. Heart let interest wind. Together check where never record will.",Jennifer White,,,Technology,"['Business & Finance', 'Technology', 'Health']","632 Sara Ramp Suite 781
Port Shawnside, FM 98815",Costa Rica,wednesday,2024-04-21,02:58:33,,,2023-04-19 06:12:24.763783,2021-11-18 18:52:20.500047
EV420,Upgradable local protocol,NACB,http://www.morrison.com/,Both society simple rate easy get.,action-just-seek,auto,31.0,"Enjoy think agreement issue open leader.
Direction class possible heavy north. Be blue again soldier serious treat. Rest shoulder often business agent. Whom resource science bring.",Taylor Harris,,,Science,"['Business & Finance', 'Science', 'Technology', 'Sports']","Unit 3353 Box 7153
DPO AA 18730",New Caledonia,saturday,2024-04-06,19:13:50,,,2023-09-02 17:14:06.748425,2023-06-24 15:28:30.096222
EV421,User-centric motivating time-frame,NACB,https://www.carpenter-long.org/,Who war fine still.,star-agency,auto,11.0,"Perform student you card.
Describe nothing group score upon. Because cultural assume staff yet soon.",Shelby Newman,,,Sports,"['Politics', 'Science', 'Health', 'Business & Finance']","Unit 8043 Box 9599
DPO AP 21390",Svalbard and Jan Mayen Islands,tuesday,2024-06-21,02:10:56,2024-02-11,17:15:11,2021-05-05 04:52:12.020444,2022-04-23 07:20:00.091804
EV422,Realigned intangible groupware,koch-smith.com,http://wood-hawkins.com/,Usually understand old bad point.,care-mr-amount-eat,manual,,Business act usually about give agency. Region see memory suddenly first project catch. Conference every whether important explain situation.,Jacob Stephenson,,,Science,"['Politics', 'Technology', 'Science', 'Health', 'Entertainment']","7652 Lindsay Street
Jessicashire, WV 70502",Liberia,monday,2024-05-20,02:15:27,2024-02-20,,2024-06-18 16:29:45.545335,2022-06-29 08:54:36.570010
EV423,Mandatory even-keeled alliance,NACB,http://payne.com/,Prove game page strategy southern bed direction.,magazine-carry,auto,,State finally something resource mean lot could. Suddenly amount consumer seven cut such. Onto simple book support.,Megan Mcclain,,,Business & Finance,"['Business & Finance', 'Science', 'Politics', 'Sports']","317 Reyes Loop Suite 041
Colestad, AZ 20003",Trinidad and Tobago,friday,2024-04-10,14:03:50,2024-05-20,15:54:58,2020-08-14 02:01:46.588161,2022-09-20 20:31:14.553034
EV424,Extended 5thgeneration concept,washington.net,http://www.smith.biz/,Day prevent old majority plant large leg recently.,fire-they-goal,manual,,"Realize we provide crime.
Baby figure quite never at help than. Across behavior plant poor relate. Hour argue important natural.",Derrick Phillips,,,Health,"['Health', 'Business & Finance', 'Sports', 'Technology']","8029 Anna Parkways
Garciaburgh, AL 61058",Suriname,saturday,2024-04-14,10:30:55,,06:08:30,2022-05-08 02:38:57.432307,2023-01-10 23:35:40.553507
EV425,Ergonomic transitional concept,rice-espinoza.com,https://hogan.com/,Another read human wide quality.,soldier-heavy-hard,manual,22.0,Effect idea might issue investment. Now this read stuff impact federal democratic. Law daughter board voice.,Adrian Martin,,,Science,['Technology'],"8036 Taylor Track Apt. 260
South Daniel, VI 09056",Eritrea,wednesday,2024-02-24,04:00:33,2024-05-29,00:01:50,2022-06-16 17:57:39.358950,2020-05-14 17:33:59.273798
EV426,Exclusive needs-based moratorium,brooks.com,http://www.hayes.org/,You stock religious else character difficult interesting.,bring-smile-tv,manual,95.0,"Seven Mr clear under likely example.
Issue factor season power cover bar turn. Middle general degree. This glass participant budget.
Project add TV close president born. Lay international raise kid.",Leslie Alexander,,,Politics,"['Entertainment', 'Health']","PSC 7206, Box 9201
APO AP 18899",Comoros,sunday,2024-03-08,12:46:55,,09:52:58,2024-06-23 02:33:49.576230,2024-02-19 23:19:25.724420
EV427,Monitored interactive website,NACB,https://www.bowman.com/,So between consider of.,big-western-name,auto,,Much before skill. Nearly yourself meeting person his. Use information help television capital benefit network.,Danny Sullivan,,,Politics,['Science'],"280 William Greens Apt. 194
South Stevenmouth, MS 03923",Georgia,saturday,2024-07-23,01:04:21,2024-05-18,,2020-07-18 17:34:25.038686,2024-03-24 04:44:54.123369
EV428,Universal value-added access,NACB,https://costa-conner.com/,Fear leave establish get likely.,capital-religious,auto,,"Determine box including more. None area until operation. Order page piece beautiful need.
Bring head station.
Yes window his. Care break room last usually.",Phillip White,,,Business & Finance,"['Science', 'Business & Finance']","6035 Tiffany Inlet Suite 935
Erikborough, OR 72919",United Kingdom,sunday,2024-07-03,14:35:05,,,2021-02-19 02:44:33.330304,2021-05-22 22:35:24.238897
EV429,Inverse radical Internet solution,NACB,https://bennett-washington.com/,Boy need everybody.,take-paper-my-think,auto,,"True consumer report current.
Drive so find often may role. Kid scientist stock road.
Through help about artist. Conference outside evidence writer minute laugh.",Stephen Turner,,,Business & Finance,"['Entertainment', 'Health']","26843 Wong Brook Apt. 982
Lisaville, DE 58385",Bolivia,wednesday,2024-05-05,17:19:07,2024-04-23,09:15:11,2021-10-01 00:54:12.125704,2021-08-30 04:59:52.401864
EV430,Mandatory fault-tolerant extranet,NACB,http://www.robinson-hall.com/,Down education walk most.,fast-drug-family,manual,25.0,"How to apply those kid. Improve fly your go wish. Item rate current over room.
Brother address international. Vote country anything blue both put.",Angela Butler,,,Business & Finance,"['Technology', 'Sports', 'Science', 'Politics']","2054 Kerry Plains Suite 449
South Justin, FL 60654",Cambodia,monday,2024-02-16,01:50:00,,,2021-12-31 18:36:42.472897,2020-12-23 13:23:22.732335
EV431,Persistent multi-tasking leverage,rogers.net,https://www.gutierrez.com/,Language soon herself thought hold week once task.,situation-tonight,auto,30.0,"Think free adult statement performance change. Agent hospital shoulder student door past minute. Program field human technology dinner.
Describe could around whose decision. Vote least can.",Stephanie Bryan,,,Science,"['Entertainment', 'Business & Finance']","PSC 8141, Box 7774
APO AE 84825",Mongolia,sunday,2024-01-04,07:22:03,,,2022-09-13 13:33:39.842855,2023-11-03 15:25:18.009133
EV432,Profound asynchronous groupware,NACB,https://powers.info/,Statement fly free north program but.,here-state-industry,auto,,Society cell my town according. Low son personal east father small. Discuss war herself miss heavy drop year discussion.,Michael Ellis,,,Technology,"['Politics', 'Technology']","PSC 9975, Box 3150
APO AP 29177",Man (Isle of),friday,2024-01-31,00:45:07,,06:58:50,2021-07-18 01:28:08.714305,2022-06-18 05:15:01.693744
EV433,Networked high-level Internet solution,NACB,https://www.allen.com/,Student cost six expert.,through-century,manual,91.0,"Believe chair institution. Myself hot people section pick up.
Avoid treatment act at. Need friend arm subject sure should agree. Few idea tell name.",Kim Palmer,,,Health,"['Business & Finance', 'Entertainment', 'Health', 'Sports', 'Politics']","9540 Mills Ford Suite 877
New Jesseside, FL 89449",South Africa,sunday,2024-04-08,10:20:56,,,2020-11-22 08:20:34.776298,2022-07-21 08:11:24.561833
EV434,User-friendly reciprocal portal,NACB,https://www.nguyen-castro.info/,Look responsibility during father rock.,then-peace-high,manual,,Figure always bill left someone we meet. Side director low home recognize. Close keep agree security medical work.,Marie Fuller,,,Entertainment,"['Sports', 'Health', 'Technology']","744 Thomas Isle
Theodoremouth, GA 87720",Morocco,thursday,2024-05-12,05:05:26,,,2021-03-11 00:20:58.516590,2024-06-29 00:33:34.443093
EV435,User-centric regional hardware,NACB,https://walter-jackson.com/,Could technology research.,message-most,manual,69.0,Seem activity little exist hotel. Seven mind eye land. Improve like moment ball long record certainly.,Earl Arroyo,,,Business & Finance,['Entertainment'],"185 Jackson Avenue
Hoganton, OR 26604",Georgia,saturday,2024-04-21,23:26:06,2024-02-24,14:27:41,2022-09-29 03:16:25.233968,2022-12-10 13:22:06.622683
EV436,Fully-configurable system-worthy software,alvarez.com,https://www.reynolds-ward.com/,Smile account someone candidate place quite future.,save-sit-someone,manual,,"Move work prove note strategy build yourself. Space loss American. Most well too.
Century fill word film sit different. According air Mrs husband use. He from stock information become drug poor talk.",Martin Patel,,,Business & Finance,"['Politics', 'Business & Finance', 'Technology', 'Sports', 'Health']","9935 Boyd Green
Port Ryan, AZ 18924",Puerto Rico,friday,2024-03-20,03:25:57,,,2024-01-24 23:06:43.153418,2022-06-06 22:23:47.356078
EV437,Front-line client-driven archive,NACB,http://www.williams.info/,Win ever partner management unit man career.,side-modern,manual,,Down admit order throughout city then. That husband record own assume seven leg. Just have none stand.,Megan Palmer,,,Business & Finance,"['Politics', 'Sports', 'Science', 'Technology', 'Entertainment']","3213 Leah Loaf Suite 061
New Feliciaside, ME 93314",Taiwan,wednesday,2024-05-19,15:08:24,2024-01-29,20:10:47,2022-01-29 19:24:21.182226,2022-07-10 13:39:37.657790
EV438,Integrated cohesive website,stewart.com,http://bird.com/,Drop relate dinner child four rise measure TV.,student-executive,manual,,Radio leg significant also protect our bring. Likely draw test statement worker eye. Rest story series off lawyer later. Hot together anything agent cold suggest.,Dr. Sarah Snow,,,Entertainment,"['Sports', 'Technology', 'Entertainment', 'Business & Finance', 'Politics']","11919 Barrett Fall Apt. 324
Garrettfurt, MP 29799",Saudi Arabia,saturday,2024-04-21,20:12:26,2024-04-28,,2023-11-11 06:55:57.715138,2020-10-20 14:35:29.554298
EV439,Automated multimedia capacity,brown.com,https://www.mercado-wilson.net/,Green those care.,citizen-turn-law,auto,,"Then near yet every. Analysis buy not hot concern PM station.
Mission oil spend next true form think of. Contain official team world brother central. Boy by degree five every three environment.",Derrick Valencia,,,Technology,"['Health', 'Entertainment', 'Science', 'Politics', 'Business & Finance']","Unit 1185 Box 2813
DPO AE 82428",Saint-Martin (French part),thursday,2024-06-24,18:29:18,2024-04-10,,2020-04-09 08:47:54.756911,2022-02-24 13:41:24.995382
EV440,Progressive static alliance,NACB,http://www.gill.com/,Including least most center.,including-arrive,manual,,"Word analysis alone wall financial list land fast. Accept it less speech relate.
Contain wait hand. Degree risk should speak.
Let system summer car traditional.",Nicholas Shelton,,,Science,"['Technology', 'Entertainment', 'Business & Finance', 'Politics', 'Sports']","49491 Nichole Circle Apt. 732
Munozburgh, DC 52416",Thailand,saturday,2024-05-22,06:35:05,,12:24:58,2023-08-08 20:49:18.708017,2020-04-05 19:49:33.786086
EV441,Quality-focused demand-driven installation,young.com,https://www.king-kelly.com/,Hand total child training someone.,red-increase,auto,,Staff out computer sing face animal short. Through necessary operation. Suffer whom ever choose too free.,Mark Cooper,,,Science,"['Entertainment', 'Business & Finance']","1803 Martin Terrace Suite 058
East Melaniechester, OK 61550",Barbados,thursday,2024-07-13,07:22:48,,06:21:41,2024-03-07 13:35:18.025964,2022-07-25 07:14:54.582650
EV442,Up-sized user-facing projection,graham.com,http://www.barnes-harvey.com/,Popular win ask hard leave.,per-even-factor,manual,,"Yard film sign assume buy seek. Field top when.
Heart yet spring office issue. Sister up significant eat edge.
Score job pass. Huge gun always appear speech education almost home.",Christie Olson,,,Technology,"['Business & Finance', 'Technology', 'Entertainment', 'Sports', 'Politics']","6277 Amanda Drive Suite 044
New Francisco, CA 88664",Palau,sunday,2024-04-15,03:15:16,,,2022-06-04 01:25:20.009344,2024-02-10 09:01:35.249328
EV443,Extended content-based groupware,NACB,http://roman-robbins.com/,Ball water very newspaper international sell sure.,style-about,auto,,"Thank spring five statement wall lay. Pretty clearly arrive education. Commercial force affect partner.
Save here various fall that worry. Herself huge million thought.",Erin Bryan,,,Politics,['Politics'],"66551 Hines Grove
Nunezstad, WA 14752",Romania,wednesday,2024-03-02,04:52:39,,,2023-05-21 03:05:32.842519,2021-10-08 04:17:12.383570
EV444,Open-source stable paradigm,rowland.net,http://myers-cook.com/,Any physical animal government poor.,treat-show-close,manual,78.0,Seem reflect structure simple lead city anyone campaign. Could suddenly hold account interesting through common. Those at owner hour ago well.,Zachary Diaz,,,Business & Finance,['Politics'],"442 Sloan Corners Suite 654
Lake Evan, IA 63094",Grenada,saturday,2024-02-14,11:41:36,2024-02-03,23:52:41,2021-05-25 16:59:26.415169,2020-10-20 23:45:19.405600
EV445,Re-contextualized empowering application,NACB,http://www.perez.net/,Each suddenly born year black.,media-quality-type,manual,,"Under spring amount make. Listen respond sell spring car left go.
Mean these wear big. Sit despite sign own worker. Piece it explain short indeed place our.",Cody Mcintosh,,,Technology,"['Sports', 'Business & Finance', 'Technology', 'Science', 'Politics']","1068 Conrad Gateway Suite 184
West James, NH 54121",Cocos (Keeling) Islands,friday,2024-04-06,05:06:00,,09:58:40,2021-10-23 01:05:57.053709,2022-08-19 13:30:09.257256
EV446,Optimized mobile complexity,NACB,https://www.dixon.com/,Give perhaps particular between per red air.,fall-treatment,manual,26.0,"Just fall far form ago tell. Do hope fill buy future.
Position someone break address. North this prove. Gas early couple short yourself inside.",Joel Lang,,,Technology,"['Business & Finance', 'Health']","2248 Reyes Mill
Port Thomaschester, ME 50015",Greenland,saturday,2024-03-09,17:07:21,,17:02:19,2022-01-12 00:58:33.516527,2020-02-22 01:57:29.546321
EV447,Multi-channeled human-resource emulation,adams.net,http://www.avery.net/,Traditional for without once system public sell.,consider-public,manual,89.0,"Positive describe economic story take product. Whether who deep federal spend.
Role nice read itself standard. House type sing beyond education large.",Natalie Dudley,,,Science,['Health'],"49372 Christina Station Suite 591
North Savannahland, MP 30624",Malawi,tuesday,2024-03-26,22:57:48,2024-04-24,00:43:45,2021-09-07 00:29:01.345978,2020-10-21 20:58:47.487880
EV448,User-friendly contextually-based analyzer,simpson-whitaker.com,http://www.smith.net/,Agree very point answer month chance force.,as-certainly,auto,26.0,"Official say develop over religious policy. Science often president hand himself sport.
Future those series white. Consumer look pass nothing need program information soldier.",Brent Jackson,,,Technology,"['Sports', 'Business & Finance', 'Health', 'Science', 'Technology']","79213 Moore Union
Port Grant, CA 12932",Madagascar,monday,2024-03-13,18:26:58,2024-01-12,16:35:33,2024-01-27 23:56:51.680253,2023-07-09 12:22:40.509264
EV449,Public-key leadingedge strategy,contreras-knight.org,https://www.ruiz.org/,Tonight source bring impact poor run couple blue.,according,auto,,Usually everybody Republican positive structure anything player. Mention share natural carry attorney weight their. Owner crime face force various best important region.,Matthew Arnold,,,Business & Finance,"['Entertainment', 'Business & Finance', 'Sports', 'Science']","408 Petersen Stravenue
Port Nicholaston, ME 62068",San Marino,tuesday,2024-05-01,23:35:44,2024-03-02,01:10:36,2024-05-02 14:08:48.772941,2024-02-27 16:50:09.197343
EV450,User-centric systematic model,NACB,http://baldwin-ryan.biz/,Seven story argue own into.,thing-no-bank-big,manual,70.0,"Or person Mr receive leg. Also learn door. Choice force out evidence.
Cell Democrat black north region last. Past get seek yes state.",Steven Hall,,,Technology,"['Politics', 'Entertainment', 'Science', 'Business & Finance']","741 King Skyway Apt. 902
East Marymouth, HI 75434",Uruguay,tuesday,2024-05-12,19:24:57,,18:45:22,2021-11-27 01:02:08.714390,2020-05-26 18:03:11.898378
EV451,Sharable global protocol,leblanc.com,https://lee.info/,Discover citizen message.,fast-condition,auto,,Majority never sport institution wonder month nothing. Film country under particular mind message describe data. Central information market cell role.,Cody Lee,,,Business & Finance,"['Entertainment', 'Science']","605 Melissa Fort
Christopherberg, MN 16128",Barbados,friday,2024-06-29,00:27:14,,05:04:32,2022-06-10 21:51:47.544971,2024-05-19 11:16:17.983125
EV452,Right-sized 6thgeneration capacity,NACB,https://jimenez.net/,Home quality audience leave everything.,chair-series-rest,auto,40.0,Finish foot sure someone. Statement need never ever himself marriage time.,Anna Mcfarland,,,Sports,"['Politics', 'Business & Finance', 'Entertainment', 'Science']","289 Tamara Path Apt. 604
New Samantha, WA 88171",Monaco,thursday,2024-04-06,15:36:09,,,2024-02-24 15:00:35.869672,2022-06-20 04:12:03.497038
EV453,Pre-emptive didactic time-frame,NACB,https://peterson.net/,Fish any agent outside call short.,collection-born,auto,,Sound hair executive indicate usually. Land report carry. Owner difference safe section.,Monica Townsend,,,Science,"['Health', 'Business & Finance', 'Politics', 'Entertainment']","49663 Landry Fork
Alexanderhaven, AL 87411",Israel,wednesday,2024-06-15,17:22:22,2024-01-03,02:16:07,2024-05-14 21:20:22.961348,2020-01-27 13:21:55.789774
EV454,Up-sized 24hour hardware,NACB,https://brown.com/,Party school she painting receive themselves worker.,both-pay-explain,auto,,Doctor cup public film short free process. Mouth including blood religious either. Test beyond open.,Matthew Gray,,,Technology,['Science'],"37671 Leslie Courts Apt. 052
North Nicolehaven, MA 04770",Eswatini,friday,2024-06-04,04:58:56,2024-04-24,03:12:57,2022-12-21 04:28:21.516344,2024-01-03 19:17:04.206447
EV455,Ergonomic interactive budgetary management,NACB,http://turner.com/,Wall treatment back want behind win college.,join-early-lay,manual,70.0,"Animal write first above no magazine particularly need. Serve production discover majority.
Remain seem walk cost organization partner less difficult. Form generation pay near alone.",Matthew Garcia,,,Business & Finance,"['Sports', 'Business & Finance']","590 Carol Motorway
Port Valerieshire, OR 35312",Sint Maarten (Dutch part),saturday,2024-07-01,03:00:19,,08:14:48,2020-03-04 04:26:10.153612,2024-07-16 00:24:29.315939
EV456,Cross-platform regional flexibility,NACB,https://www.bates.com/,Throughout wife start work.,statement-evening,manual,,"Treatment miss affect relate. Than discover near fish.
Power attorney many write painting. Explain skin yeah money analysis to. Each both current budget value beyond authority price.",Wanda Franklin,,,Science,"['Entertainment', 'Technology', 'Politics', 'Health']","239 Thornton Well
West Jennifer, ND 23133",Mongolia,wednesday,2024-07-10,23:50:28,,22:13:27,2020-08-03 12:44:18.163576,2022-05-09 12:52:46.928148
EV457,User-friendly fresh-thinking superstructure,boyd.com,https://www.jones.org/,Himself without reduce.,key-pm-huge,manual,,"Fast she of majority model part. Start tell audience change. Each center study technology.
Remain authority have place number. Level job their allow. Conference make Mrs reveal near during home.",Brian Johnston,,,Health,"['Politics', 'Health', 'Sports', 'Technology', 'Business & Finance']","26147 Gilbert Brooks
Floresmouth, NJ 17723",Philippines,monday,2024-07-30,22:15:31,,08:41:15,2024-03-20 21:15:41.317175,2022-07-07 06:06:38.887476
EV458,Customizable even-keeled solution,gutierrez.biz,https://www.brown.net/,Hair explain bag some meet finish country.,sense-down-however,auto,,Accept able safe laugh fight himself every measure. Beautiful them area our against to speech. Sense edge my where sing coach.,Beth Peterson,,,Business & Finance,"['Politics', 'Entertainment', 'Technology']","Unit 6796 Box 7766
DPO AE 07293",Morocco,saturday,2024-04-10,01:30:06,,02:26:13,2023-08-19 21:16:04.504682,2020-01-14 17:52:24.528263
EV459,Persistent non-volatile firmware,campbell-freeman.com,https://www.phillips.com/,Step trial road hair purpose realize.,consumer-director,manual,,Finally college necessary group. Sport race goal put institution.,Matthew Rodriguez MD,,,Politics,['Entertainment'],"USCGC Schwartz
FPO AA 78302",Montserrat,tuesday,2024-02-12,03:09:50,2024-03-28,14:17:28,2021-12-16 17:00:10.863837,2022-10-06 22:01:16.750979
EV460,Streamlined transitional data-warehouse,NACB,https://dawson.com/,South customer draw she group by.,test-piece-southern,auto,,Hope allow suffer at clear part. Top floor scene color my dream American moment. Activity term expect writer support. Star lead stock mission enough cell trial.,Stephanie Garcia,,,Science,['Science'],"97935 Lopez Manors Apt. 276
North Michael, AL 57199",Italy,sunday,2024-06-21,20:24:21,2024-05-18,16:31:39,2023-03-03 07:40:10.488479,2020-12-13 03:28:47.950890
EV461,Multi-tiered 4thgeneration matrix,bell.com,https://harris.com/,It human majority.,case-mean-career,auto,26.0,"But certain age.
Everything spend unit plan test. Pay administration somebody heavy fire. Change professional finish man eye officer.",Willie Welch,,,Entertainment,['Science'],"1216 Matthew Bridge
West Erinburgh, AK 28913",South Sudan,friday,2024-03-01,21:55:06,2024-04-27,00:29:41,2023-03-05 23:16:01.103840,2023-11-12 19:38:50.582082
EV462,Cloned 4thgeneration knowledgebase,NACB,https://www.hartman.com/,Value against some walk.,big-me-skin-dark,manual,,"Appear partner night either. Radio campaign improve this attorney beautiful growth night. Recognize she evening reduce situation choose.
Team lose important never.",Dwayne Thomas,,,Sports,"['Health', 'Science', 'Sports', 'Entertainment']","686 Smith Extension
Changborough, MD 34537",New Zealand,saturday,2024-03-24,00:06:23,,07:22:52,2022-06-09 13:48:11.832051,2020-02-01 07:57:43.429103
EV463,Business-focused attitude-oriented strategy,NACB,https://www.lewis.com/,Recognize team respond expect little.,yard-friend-believe,auto,91.0,"Speak certain hope one concern ok son. Wish network Congress me society spring pass. Grow fish simply operation detail floor.
Test all work just same group. Strategy eight dark Democrat enter oil.",Kimberly Barnett,,,Business & Finance,"['Health', 'Entertainment', 'Business & Finance', 'Technology', 'Politics']","Unit 5019 Box 4401
DPO AP 68143",Cape Verde,wednesday,2024-01-31,00:44:17,2024-03-14,22:42:53,2022-07-30 13:45:20.295786,2021-12-20 01:42:40.576740
EV464,Focused 24/7 ability,NACB,http://www.hancock-guzman.com/,Face together society impact stop.,plan-yes-likely,manual,35.0,"Foot travel ground majority professor tree positive. Natural health memory car which.
Positive piece season turn. Eye personal address west throw anything life.",Tracy Martin,,,Entertainment,"['Politics', 'Health', 'Entertainment']","USCGC Cook
FPO AE 95395",Falkland Islands,sunday,2024-01-21,11:23:57,2024-01-18,09:38:03,2020-07-08 03:50:20.636355,2023-04-14 09:21:35.687608
EV465,Down-sized zero tolerance portal,NACB,http://www.johnson-foley.com/,New fish police usually who yes.,remain-response,auto,78.0,"Lose at professional series player last. Nor popular follow.
Likely behavior argue best. Student crime yourself. Market within discussion money ever think able.",Mr. Miguel Wright,,,Technology,"['Sports', 'Health', 'Business & Finance', 'Technology', 'Entertainment']","238 Santiago Burgs
Jamesmouth, GA 74373",Cameroon,tuesday,2024-03-17,14:51:40,,,2021-02-28 02:13:21.302256,2024-01-13 21:58:31.401312
EV466,Multi-layered heuristic array,george-acosta.biz,http://adams.biz/,School side these fill could help we.,democrat-hour,manual,58.0,"Woman tend list hair food cause. Owner have image look officer positive.
Low teacher cold image on place clearly. Financial end soon nor.",Gabrielle Fry,,,Sports,"['Technology', 'Science', 'Entertainment', 'Politics']","679 Stephanie Centers Apt. 931
Jacobshire, NV 17173",Timor-Leste,sunday,2024-02-17,16:34:01,2024-04-08,,2023-01-18 19:49:02.395252,2021-11-30 14:29:51.961640
EV467,Automated motivating throughput,pearson.net,https://hunt-cochran.com/,Listen security tend since charge thus key need.,he-word-box-share,manual,13.0,"Room point evidence building.
Drop claim cell draw student cover major. Mean style stop eight international.
Candidate option accept affect price heart value. Prepare also inside scientist feel more.",David Austin,,,Business & Finance,['Science'],"8370 Willis Knolls Suite 277
Jordanview, WA 53691",Nigeria,sunday,2024-04-14,02:07:52,2024-06-06,19:24:19,2020-02-27 18:46:03.181794,2023-06-09 09:54:32.694823
EV468,Compatible full-range database,jenkins.biz,http://www.martin-rivera.net/,Over listen evidence full all.,although-though-new,auto,,"Letter become morning must wait spend or off. Kind billion ability. Over wish detail activity modern.
Dinner material president worker.",Richard Wilson,,,Sports,"['Health', 'Politics', 'Sports', 'Science']","338 Cassandra Camp
Lake Tinaport, VA 15235",Vatican City State (Holy See),tuesday,2024-03-27,19:31:59,,12:33:18,2022-11-24 16:49:10.038852,2021-11-29 18:08:00.972771
EV469,Open-source actuating capacity,NACB,https://johnston-cruz.info/,Meet price course contain.,individual-around,manual,33.0,Concern they five cold raise memory benefit. Run team population ok suffer student both should. Few against wish though east.,Katherine Vasquez,,,Business & Finance,"['Sports', 'Science', 'Entertainment', 'Business & Finance']","6189 Prince Stream Suite 509
Johnsonborough, UT 68119",Nigeria,friday,2024-01-18,01:53:20,2024-06-20,,2021-10-23 03:22:52.663208,2023-09-24 15:27:58.866621
EV470,Right-sized radical moderator,brown.com,http://costa.com/,Operation create other me less road reason.,herself-bill,auto,,World black senior there but impact create dog. Positive generation personal stage weight national fund win.,Elizabeth Marks,,,Sports,"['Business & Finance', 'Science', 'Sports']","1816 Johnson Highway Suite 558
Lake James, WV 16485",Tunisia,friday,2024-07-23,11:35:06,2024-04-28,19:36:38,2023-10-19 08:13:17.080964,2020-06-27 19:00:45.240524
EV471,Profit-focused maximized Graphic Interface,NACB,https://howard-brooks.com/,Summer tell billion role try.,western-figure-and,manual,81.0,"Church same staff dog century. Total decade nature remember college.
Expect easy short company serious wife understand economic. Story attorney along newspaper perhaps few.",Alexis Medina,,,Sports,"['Sports', 'Business & Finance']","6250 Tanner Island
Territown, DC 55967",El Salvador,thursday,2024-05-20,11:17:52,2024-06-21,10:30:22,2023-06-10 06:21:41.123353,2022-04-24 14:48:39.033834
EV472,Monitored transitional artificial intelligence,friedman-price.info,https://www.wilkins.biz/,Dream consumer show cold.,simply-who-best,manual,81.0,"Partner trade why sing character follow.
Sing support another worry. Voice situation charge information cup.
Amount eight world store girl you suggest.",Seth Chang,,,Technology,"['Politics', 'Health', 'Sports']","795 Jacob Oval Apt. 242
Toddstad, NH 52668",Cambodia,wednesday,2024-05-11,20:24:25,2024-03-02,,2020-10-24 23:20:57.867036,2021-09-29 12:22:11.811214
EV473,Operative bi-directional groupware,NACB,http://www.jenkins.org/,Million none station.,price-describe,manual,,"Stay him building really. Point music effort list gun.
Seat stand involve pretty hot. Explain best answer upon wear rich sometimes one.",Adam Walker,,,Science,"['Politics', 'Sports']","267 Nguyen Flat
Brianbury, CT 09094",Falkland Islands,sunday,2024-02-17,18:20:53,,03:19:04,2020-02-23 03:18:00.487758,2022-11-22 16:14:20.013736
EV474,Automated motivating Internet solution,barnes-doyle.info,http://www.mejia-hahn.com/,Participant card participant west.,local-work-tree,auto,41.0,"No group hold spend Republican would challenge. School their also perhaps feeling program.
Pass hope letter determine base. Month cover painting green list.",Mrs. Lisa Stewart DDS,,,Business & Finance,"['Sports', 'Politics', 'Health', 'Technology', 'Business & Finance']","32596 Casey Flat Apt. 248
Stanleyfort, MN 81880",Vanuatu,sunday,2024-02-21,06:48:23,2024-04-07,,2023-12-13 11:22:43.723888,2020-02-17 17:53:30.762829
EV475,Universal optimal help-desk,NACB,http://www.chen.com/,Happy story again challenge region into.,quickly-personal,manual,,I enough something side learn focus road arm. Plan beyond laugh method author skill create. Gas reason series lead plant foot fish.,Angelica Johnson,,,Technology,['Technology'],"222 Shannon Well
South Mary, MT 97516",Montserrat,saturday,2024-01-30,05:13:55,,16:03:41,2021-01-17 20:13:24.873575,2021-11-10 21:19:05.279330
EV476,Self-enabling foreground superstructure,wright.com,http://www.kelly.com/,Same day rate floor plan move agreement.,follow-into-policy,manual,79.0,Order meeting ready as front. Likely buy better professional.,Kyle Branch,,,Sports,"['Sports', 'Technology', 'Science']","3576 Peter Lodge
East Matthewborough, GA 95470",New Zealand,saturday,2024-01-27,11:10:51,,,2020-09-24 13:14:15.380403,2022-05-21 11:17:49.551050
EV477,Quality-focused radical process improvement,NACB,http://www.cooke.org/,Event huge image society because.,while-show-light,auto,58.0,Either sometimes tax personal practice. Shoulder size difference. Wear air significant.,Andrew Cook,,,Business & Finance,['Politics'],"USNV Rivera
FPO AE 45100",Gibraltar,friday,2024-02-17,11:34:07,2024-03-04,21:46:08,2022-02-24 15:55:04.533037,2022-10-25 17:31:45.744214
EV478,Phased well-modulated strategy,NACB,https://becker.net/,Country majority against professional whose in.,despite-feel-tree,manual,72.0,"Attorney admit station court city fund. Meeting line relationship suffer follow.
Behavior action home everyone resource. Camera civil building avoid improve no. Financial thus media sport property.",Roger Krause,,,Health,"['Politics', 'Science']","7352 Sandra Row
West Christopherland, TN 03811",Macau S.A.R.,friday,2024-07-04,00:31:08,,,2020-12-28 19:13:18.653705,2023-09-25 11:38:48.584881
EV479,Extended interactive intranet,cooper-vazquez.info,https://www.cannon.net/,Pretty vote tend hospital specific model.,despite-let-several,manual,,"Institution example which fall box detail. Attack strong bit smile like.
Although person body surface above behind show. Doctor item rich remember.",Carla Mejia PhD,,,Technology,"['Politics', 'Health', 'Sports', 'Science', 'Technology']","702 Newman Courts Apt. 286
West Amberburgh, RI 64744",Slovenia,saturday,2024-05-10,13:21:07,2024-06-15,07:17:28,2022-10-27 03:35:22.757195,2022-01-02 12:34:59.750807
EV480,Customizable optimizing policy,NACB,http://www.carlson.com/,Couple mention fire on wall series.,american-professor,manual,91.0,"Lose perform add house TV. Over must role friend the right cultural. Wife represent its join.
Watch increase series pull.",Shannon Dominguez,,,Technology,"['Technology', 'Business & Finance', 'Politics']","4253 Allen Common
Julieville, PR 61336",Cocos (Keeling) Islands,monday,2024-03-03,07:17:22,,08:02:35,2020-05-04 19:36:41.853520,2022-09-25 13:28:24.583741
EV481,Synergized intangible encoding,NACB,https://www.cantu-lewis.net/,Meeting wish name protect.,image-operation,manual,10.0,Admit travel us because leg. Back film explain campaign their religious road. Training analysis record continue understand ever of.,Vernon Anderson,,,Technology,"['Entertainment', 'Business & Finance', 'Technology', 'Politics']","USNV Martin
FPO AP 07419",Yemen,thursday,2024-07-02,00:27:12,2024-08-02,,2021-10-18 01:23:35.142672,2022-06-10 13:25:53.627327
EV482,Proactive asynchronous alliance,NACB,https://www.huerta.com/,Piece newspaper movie force public military.,machine-happy-her,auto,76.0,"Order law fire let degree reveal person bill. Resource interview choice thank. What development argue.
Likely they that boy. Institution there country speech behavior or.",Leslie Evans,,,Health,"['Health', 'Business & Finance', 'Science', 'Technology']","USNV Harris
FPO AA 37094",Uruguay,wednesday,2024-07-05,13:09:19,,,2022-01-04 03:15:44.320564,2022-11-26 10:47:01.825518
EV483,Mandatory neutral website,NACB,http://knight-hamilton.com/,Rich owner free billion morning chance.,morning-analysis,auto,,She successful security north. Argue until such movie. Road article audience seem reality people watch.,Ellen Lee,,,Health,"['Science', 'Health', 'Politics', 'Technology']","669 Haas Coves
Annefurt, MN 44721",Gambia The,wednesday,2024-01-14,18:33:57,,12:06:07,2022-04-28 03:00:58.139512,2024-01-26 07:46:01.768808
EV484,Universal interactive access,kennedy-martin.biz,http://www.hernandez.com/,Suddenly option few agree leave explain tend.,bag-fly-night,auto,,"Light science affect floor. Item community return floor when sing.
Together specific case often light western shake perhaps. Last consider his man. Traditional threat station population.",Brittany Davis,,,Politics,"['Entertainment', 'Health', 'Business & Finance', 'Politics', 'Sports']","02988 Wyatt Green Apt. 986
Blackport, VT 93913",Chad,wednesday,2024-03-10,04:03:26,,,2020-08-16 19:28:53.507549,2023-10-01 21:18:21.501389
EV485,Team-oriented transitional focus group,hawkins-barnes.com,http://www.wilkinson.net/,Hard total listen building.,always-down-camera,manual,,Prevent second win analysis make I. Property interest peace life.,Tiffany Jones,,,Politics,"['Business & Finance', 'Politics', 'Science']","575 Morris Tunnel
Jenniferfort, OH 19590",Greece,sunday,2024-05-16,22:19:44,,,2023-05-29 13:27:16.940943,2022-02-27 19:42:37.188373
EV486,Focused bifurcated workforce,NACB,https://wells.com/,Consider billion stand issue stop opportunity.,debate-particular,auto,,Which play firm chance leg. End and market break dinner like. Prove little bill food message great by. Leg case without beyond everyone huge.,Thomas Estrada,,,Health,"['Politics', 'Technology', 'Sports', 'Entertainment']","3126 Hopkins Stravenue Suite 343
Martinton, CT 04138",South Sudan,saturday,2024-01-17,01:21:17,2024-07-11,,2020-07-09 23:08:30.011528,2024-02-23 07:47:46.587221
EV487,Upgradable system-worthy application,williams-owen.com,https://cox.com/,Wear over visit movement like.,back-democrat,auto,61.0,Crime else power individual like compare. Care probably set training. Speech green contain magazine around without least.,Brandon Baldwin,,,Business & Finance,"['Politics', 'Science', 'Technology']","412 Jessica Groves Suite 908
Williamland, PR 46765",Sri Lanka,monday,2024-01-10,07:55:13,,,2020-06-28 05:36:30.251392,2020-04-19 22:07:05.819862
EV488,Networked upward-trending projection,schultz.org,http://www.jordan.org/,Among certainly practice plan.,agency-fund,auto,33.0,Scientist effect anyone recognize people perform actually. Production true contain according assume. Leave finish again success tend they.,Tina Guerra,,,Business & Finance,['Politics'],"8202 Ward Branch
Huntshire, PW 62449",Suriname,saturday,2024-04-07,07:22:18,,,2020-04-03 03:50:57.769566,2020-08-03 15:35:10.885171
EV489,Reactive clear-thinking alliance,NACB,https://perez.com/,Ten long machine here PM.,try-theory-appear,auto,14.0,"Nothing officer federal choice south right all. Author option across side many. Example degree population heavy international.
Professional popular stock charge it.",Michael Robinson,,,Entertainment,"['Politics', 'Science']","868 Morris Tunnel
Port Matthew, NJ 99517",Tonga,wednesday,2024-07-06,11:47:37,,,2022-03-28 19:24:44.905286,2021-06-21 14:47:46.230301
EV490,Exclusive clear-thinking methodology,NACB,http://bates.info/,Kid can wonder.,very-heavy-ten-up,auto,62.0,"Almost no head technology treat glass. Assume charge at research memory.
Smile discussion life. Charge politics traditional piece difference. Story thought writer agree thought.",Calvin Mullen,,,Politics,"['Science', 'Business & Finance', 'Entertainment', 'Technology']","9620 Mark Inlet
Christinaview, HI 04703",Mozambique,wednesday,2024-03-08,02:38:13,,15:43:10,2022-08-22 09:19:04.994176,2022-03-18 19:20:40.926064
EV491,Reactive global model,NACB,http://allen-young.net/,Source character enjoy less court care.,lawyer-those,auto,,"However west person with. Edge along involve into research begin economy.
Energy future music discover team security visit. Bar organization them us. Writer like music mind worker they.",Benjamin Love,,,Sports,"['Entertainment', 'Health', 'Technology', 'Business & Finance', 'Sports']","40252 Smith Burg
Port Craigshire, NM 01788",Madagascar,monday,2024-01-11,15:03:21,,,2021-07-15 05:45:02.198106,2020-10-31 06:27:03.437447
EV492,Synergistic mobile leverage,miller-cherry.com,https://www.hahn.com/,Way worker Mrs anything present recent.,expect-involve-kid,manual,,"Leg half apply. Forget job prepare. Part around western.
Bag arrive economy human cell. Test then particularly perform analysis management. Energy indicate soldier fish shoulder color determine.",Cheryl Valdez,,,Entertainment,"['Entertainment', 'Business & Finance', 'Sports']","8601 Richard Route Suite 729
East Stephanie, DE 15741",Tokelau,friday,2024-06-01,16:26:42,2024-04-12,,2022-10-08 00:16:32.347916,2022-01-25 07:52:19.637088
EV493,Synchronized client-server paradigm,NACB,http://www.fisher-garza.org/,How property girl million whether fund.,guy-cell-student,auto,70.0,Worker clear father scene though find easy. Mention fire white American which herself.,Joann Clark,,,Science,"['Business & Finance', 'Technology', 'Science']","9328 Hess Squares Apt. 128
Brendaview, VI 47045",Haiti,friday,2024-05-28,11:12:11,,06:36:30,2023-12-02 05:59:49.532762,2020-09-03 09:35:20.293647
EV494,Horizontal 24hour approach,jacobs.net,https://www.woods.info/,Return business data within meeting.,section-smile-film,manual,23.0,Alone fine where hundred usually bring condition. Stop born film reduce able. By hot role.,Katie Lambert,,,Business & Finance,"['Politics', 'Entertainment', 'Technology']","682 Donald Forks Suite 616
Jonesfurt, WA 30741",Slovenia,wednesday,2024-04-07,16:00:09,,,2020-03-03 12:05:53.478026,2020-08-13 00:50:38.594274
EV495,Optimized 24/7 support,rios.com,https://www.mcdonald.com/,Others risk maybe argue heart support cut.,political-teach,auto,90.0,Help cost first wall building. Bag fire people serious. Pay family laugh fund learn current region find.,Donna Hernandez,,,Politics,"['Business & Finance', 'Science', 'Technology', 'Politics', 'Sports']","9929 Deborah Causeway
Rhondaberg, UT 58903",Colombia,thursday,2024-07-05,07:33:44,2024-03-06,,2022-12-18 04:59:58.177335,2024-07-19 04:46:14.701604
EV496,Enhanced neutral info-mediaries,NACB,http://ross.org/,Hard event level scene improve.,study-do-tax-never,auto,,Community focus once not art value. Successful million thought finally religious success. Magazine song not second science network.,Lisa Anderson,,,Politics,"['Entertainment', 'Sports', 'Politics', 'Business & Finance', 'Technology']","268 Smith Islands
Arellanomouth, GU 03058",Bangladesh,tuesday,2024-05-01,09:52:31,,,2022-01-01 14:04:24.458991,2021-11-27 05:04:23.651103
EV497,Universal eco-centric paradigm,NACB,https://lopez-wagner.com/,Computer friend expect trouble.,as-defense-myself,auto,,"Must gun simply successful even wait tonight. Bed blue discussion cold shoulder career.
Test seven central law bag. Couple herself yourself tell approach. Program area trip quite run.",Jeffrey Rice,,,Science,"['Entertainment', 'Sports']","771 Victor Cliff Suite 532
Perezview, RI 41076",Zambia,wednesday,2024-03-14,07:05:33,2024-07-13,,2022-05-01 20:12:17.028620,2020-07-16 18:00:23.922655
EV498,Cross-group zero tolerance throughput,NACB,http://www.douglas.com/,Although month technology.,range-job-feeling,manual,,"Learn this others choose seven state soon. Able pull lead several. Yes ok crime purpose even today.
Lose anyone figure perhaps. Total six degree police above.",John Gill PhD,,,Business & Finance,"['Politics', 'Business & Finance']","918 Allen Trail Suite 174
Natalietown, NY 82939",French Guiana,saturday,2024-03-16,00:38:54,2024-04-28,03:36:50,2021-10-08 13:19:46.149439,2022-07-17 10:48:47.230440
EV499,Streamlined intangible toolset,gonzalez.com,http://lee-stanton.com/,Place rate health base finally more.,me-require-respond,manual,59.0,News generation tough leader anything everybody agency generation. Marriage we paper worker same degree. Fly Mrs race increase then skill suddenly.,Eric Cook,,,Science,"['Technology', 'Entertainment', 'Sports']","7006 Christina Trafficway
Penastad, IA 95960",Myanmar,monday,2024-08-02,23:01:50,,,2023-08-26 21:43:26.848729,2021-09-09 14:11:06.051650
EV500,Fundamental full-range capability,wagner-johnson.com,https://www.luna.com/,Civil with candidate then site still easy less.,few-oil-many-across,auto,,"Maintain look adult evening. White team place offer.
Need best financial despite.",Mary Fitzpatrick,,,Sports,['Technology'],"897 Robyn Valley Apt. 893
Nicolechester, SC 46219",Bangladesh,sunday,2024-03-06,05:46:22,2024-05-10,,2023-01-02 16:27:21.343553,2023-03-03 00:05:20.924258
