Event ID,Title,Source,URL,Summary,Entry Type,Author ID,Author Name,author_image,content_vector,categories,Tags,Address,Location,Week Day,Start Date,Start Time,End Date,End Time
EV001,Team-oriented context-sensitive pricing structure,williams-huber.com,http://rivera.com/,Fly there well instead foreign prevent.,manual,88.0,Brittany Valdez,,,Business & Finance,"['Health', 'Politics', 'Science']","982 Thompson Fort
Everettborough, VI 08335",Guinea-Bissau,thursday,2024-07-16,21:52:59,,13:57:37
EV002,Future-proofed encompassing model,griffin-holt.biz,http://holmes.com/,Everything understand heavy.,manual,13.0,Andrea Smith,,,Technology,"['Entertainment', 'Business & Finance', 'Sports', 'Politics', 'Health']","18935 Hamilton River
South Amandahaven, WV 29095",Montserrat,thursday,2024-03-04,11:30:19,,07:31:16
EV003,Compatible stable attitude,NACB,http://nelson.com/,Born water amount easy water never.,manual,19.0,Aaron Marshall,,,Politics,"['Science', 'Technology', 'Politics', 'Health']","5851 Gonzalez Grove
Lyonsfurt, ME 27325",Central African Republic,saturday,2024-01-28,23:31:25,,00:00:00
EV004,Front-line object-oriented definition,NACB,http://gould-dyer.net/,New south international pick subject your.,manual,0.0,Connor Jackson,,,Sports,['Health'],"852 Michelle Point Apt. 498
Marcside, MD 86497",Antigua and Barbuda,tuesday,2024-04-05,23:24:20,2024-03-22,19:13:51
EV005,Adaptive well-modulated definition,lewis.com,http://smith.net/,Certain bar manager week.,auto,23.0,Edwin Acosta,,,Technology,['Technology'],"8148 Austin Union Suite 677
New Kelly, NY 77393",Reunion,thursday,2024-07-06,21:11:42,2024-02-27,20:56:32
EV006,Inverse client-server frame,NACB,http://www.aguirre-brown.com/,Hospital scene five same letter or tree.,manual,98.0,David Smith,,,Technology,"['Science', 'Technology', 'Sports', 'Business & Finance']","5328 Porter Pines Suite 893
Rosalesbury, CT 91805",Bulgaria,monday,2024-07-06,23:06:57,2024-07-10,16:02:26
EV007,Realigned next generation pricing structure,NACB,https://www.flores.net/,What find easy middle red decide stuff my.,manual,24.0,Elizabeth Ramos,,,Science,"['Sports', 'Health', 'Technology']","10075 Jones Square
Lake Andrewview, ID 59908",Christmas Island,sunday,2024-04-20,17:14:32,,06:35:05
EV008,Intuitive uniform project,hill.com,https://moore-brown.com/,Indeed now lose see send black around.,auto,0.0,Michael Patrick,,,Health,"['Sports', 'Entertainment', 'Science', 'Business & Finance', 'Technology']","4340 Day Center
Stacyport, NC 36412",Tanzania,friday,2024-03-15,05:22:02,2024-03-22,17:05:04
EV009,Distributed multi-state moratorium,turner.net,http://www.woods.com/,Whether back to attack she Mr.,manual,0.0,Ronald Dennis,,,Technology,"['Health', 'Technology', 'Science', 'Sports']","11153 Shepherd Center
Moorefort, NC 84847",Iceland,thursday,2024-04-07,07:15:47,2024-04-24,10:33:51
EV010,Synchronized 24/7 contingency,NACB,http://sanchez-harrison.com/,Ok next your professor plan.,manual,0.0,Carl Flynn,,,Health,"['Business & Finance', 'Technology', 'Sports', 'Science']","USNS Harding
FPO AE 75941",Nigeria,friday,2024-06-22,00:43:35,2024-06-06,10:31:28
EV011,Cross-group system-worthy function,larson-robertson.com,https://huffman.net/,Always physical every they whether recognize.,auto,36.0,Timothy Potter,,,Health,"['Sports', 'Politics', 'Science', 'Health']","Unit 1443 Box 9623
DPO AE 55255",Guadeloupe,wednesday,2024-02-07,20:36:47,2024-02-11,00:00:00
EV012,User-centric methodical installation,NACB,http://morales.com/,Ability boy age.,manual,42.0,Elizabeth House,,,Entertainment,"['Science', 'Technology', 'Politics', 'Entertainment', 'Business & Finance']","2008 Mcdonald Via Suite 120
Knappton, NC 80225",Bolivia,friday,2024-06-17,18:01:02,,05:39:16
EV013,Multi-tiered executive algorithm,NACB,https://ruiz.com/,Free simply home range.,auto,0.0,Allison Manning,,,Health,"['Technology', 'Politics']","211 Herrera Village
Davismouth, ME 78145",Chile,thursday,2024-07-10,22:53:27,2024-04-13,00:00:00
EV014,Optional mobile Local Area Network,watts.biz,http://gray.com/,Movement while matter successful.,auto,30.0,Maurice Brown,,,Health,"['Sports', 'Business & Finance', 'Politics', 'Science', 'Health']","3562 Nathan Neck
New Jared, MS 35370",Chad,friday,2024-04-12,00:58:34,,01:43:28
EV015,Fully-configurable heuristic database,NACB,http://garner.com/,Least sometimes perhaps wide hundred add forward.,manual,0.0,Matthew Dominguez MD,,,Business & Finance,"['Sports', 'Entertainment', 'Health', 'Technology', 'Business & Finance']","1599 Figueroa Common Suite 888
Lake Deanshire, VT 46043",Botswana,wednesday,2024-03-13,16:58:41,,01:44:04
EV016,Adaptive tertiary application,clements.biz,http://burns-myers.biz/,Thus data along.,manual,67.0,Lori West,,,Technology,"['Science', 'Sports', 'Health', 'Entertainment', 'Technology']","7018 Michaela Junction Suite 085
Margaretburgh, ID 36899",Nepal,wednesday,2024-05-26,09:45:25,,00:00:00
EV017,Persevering uniform structure,NACB,http://www.fitzgerald.org/,Tax drug front school much only.,manual,0.0,Sarah Cobb,,,Health,"['Politics', 'Entertainment', 'Sports', 'Technology']","PSC 1772, Box 9501
APO AP 77188",Samoa,sunday,2024-05-13,23:33:23,2024-05-19,00:00:00
EV018,Down-sized user-facing neural-net,higgins.com,https://curtis.com/,Care really really operation fine.,manual,94.0,James Miller,,,Technology,"['Health', 'Technology', 'Science', 'Entertainment']","420 Christopher Point Suite 119
East Jessicaside, IL 50295",China,tuesday,2024-03-29,07:18:21,2024-02-27,09:12:04
EV019,Open-source mission-critical flexibility,NACB,https://www.david-schultz.com/,Play which think behind.,auto,31.0,Jose Gross,,,Business & Finance,"['Business & Finance', 'Entertainment']","861 Carroll Dale Suite 036
North Christopher, PR 11746",Congo,wednesday,2024-02-09,07:42:46,2024-05-06,14:49:46
EV020,Customizable systematic orchestration,spencer-morrow.biz,https://jones-haley.biz/,Ask require eat door.,auto,0.0,Stacey Short,,,Sports,"['Health', 'Business & Finance', 'Science']","9777 Mcknight Lodge
Judyborough, AZ 80163",South Africa,saturday,2024-05-05,02:40:10,2024-02-11,04:10:06
EV021,Versatile homogeneous time-frame,NACB,https://stone-wilson.com/,Show media during partner beat provide.,manual,45.0,Kathleen Hall,,,Health,"['Entertainment', 'Science', 'Sports', 'Business & Finance', 'Politics']","7611 Nicole Station Apt. 770
West Cameron, MN 91786",Saint Vincent and the Grenadines,friday,2024-01-03,22:28:10,2024-05-18,00:00:00
EV022,Horizontal heuristic pricing structure,carroll-ball.biz,https://garcia.info/,Open year particularly side push area available campaign.,auto,51.0,Jordan Perry,,,Sports,['Politics'],"147 Tran Valley Suite 502
Terriville, SD 22672",Nepal,monday,2024-05-25,01:27:10,,06:30:19
EV023,Phased analyzing firmware,NACB,http://johns-craig.com/,They only on particular sing.,auto,0.0,William Jackson,,,Entertainment,"['Science', 'Health']","54749 Jackson Roads
East Holly, IL 29665",Brunei,thursday,2024-02-27,04:40:28,2024-03-17,00:00:00
EV024,Versatile empowering portal,NACB,http://www.kidd.com/,Camera kitchen cultural lead protect know.,auto,0.0,Donald Edwards,,,Entertainment,"['Technology', 'Sports']","77681 Brian Stream
Lake Christopherborough, WI 50534",Burkina Faso,friday,2024-06-12,21:55:01,,00:00:00
EV025,Sharable content-based superstructure,NACB,https://www.riley-skinner.org/,Spring rich political pass sit three town.,auto,98.0,Whitney Perez,,,Technology,['Business & Finance'],"38610 Campbell Rest Apt. 980
Lake Josephview, WI 78593",Jordan,friday,2024-04-04,16:32:10,,00:00:00
EV026,Networked methodical info-mediaries,brown.com,http://jones-smith.com/,During my culture game.,manual,0.0,Michelle White,,,Entertainment,"['Business & Finance', 'Sports', 'Science']","90752 Smith Square
North Suzanne, VA 22636",Aland Islands,tuesday,2024-07-28,06:25:34,2024-06-15,00:57:17
EV027,Face-to-face upward-trending hierarchy,howard.com,https://www.parker-bullock.com/,Discover property property politics mention.,auto,27.0,Christopher Allen,,,Health,"['Science', 'Entertainment', 'Politics', 'Health', 'Technology']","25641 Clark Dam Suite 484
North Robert, SC 55879",Colombia,tuesday,2024-06-24,16:27:27,,00:00:00
EV028,Enterprise-wide dynamic toolset,brown.com,http://www.rocha.com/,Sure research notice citizen particular too western.,manual,0.0,Brian Haney,,,Sports,['Entertainment'],"62291 Fletcher Rest
North Joeville, PW 51570",French Southern Territories,wednesday,2024-03-19,00:06:04,,11:37:01
EV029,Down-sized background attitude,shaffer-day.net,http://www.green.com/,Hold sense admit capital education.,manual,0.0,Robert Williams,,,Health,"['Science', 'Technology', 'Entertainment']","641 James Streets
Halebury, NE 17745",Spain,tuesday,2024-05-16,05:01:32,,00:00:00
EV030,Pre-emptive zero tolerance benchmark,kaiser.com,https://manning-chan.net/,Air before century leader gun usually sing.,auto,0.0,Robin Hernandez,,,Science,"['Politics', 'Entertainment', 'Sports', 'Business & Finance', 'Health']","285 Thomas Village Apt. 874
East Marilyn, AZ 83976",Equatorial Guinea,thursday,2024-07-22,13:11:58,2024-03-21,18:59:09
EV031,Self-enabling uniform intranet,griffith.info,https://www.russell.com/,Support about meet red blood above.,auto,0.0,Kristy Carpenter,,,Politics,['Politics'],"PSC 4467, Box 7779
APO AE 33913",Thailand,sunday,2024-07-15,16:06:41,2024-03-27,23:23:19
EV032,Secured directional encoding,robbins-weaver.com,https://bowers.info/,Line likely start glass discussion.,auto,78.0,Brett Alexander,,,Politics,"['Politics', 'Business & Finance', 'Technology', 'Health', 'Sports']","223 Barton Union Suite 217
East Taylorberg, SC 00855",New Caledonia,sunday,2024-07-17,18:37:48,2024-05-26,00:00:00
EV033,Advanced maximized architecture,thomas.org,https://www.crawford-arias.info/,Play environmental ball.,auto,89.0,Kathleen Cochran,,,Technology,"['Business & Finance', 'Science']","76729 Martin Stream Suite 238
Dawntown, SD 36037",Argentina,sunday,2024-02-02,00:44:33,2024-02-07,20:42:17
EV034,Down-sized directional attitude,NACB,https://www.oneill.info/,Since son case cut onto painting already.,manual,0.0,Patrick Perez,,,Business & Finance,['Business & Finance'],"089 Shawn Tunnel
North Jenniferside, MD 18313",Austria,monday,2024-03-21,22:00:19,,00:29:27
EV035,Face-to-face bandwidth-monitored task-force,ramos.biz,https://campbell.com/,Nature activity different yourself while during poor.,manual,47.0,Frances Brown,,,Technology,"['Health', 'Science', 'Business & Finance', 'Politics', 'Entertainment']","00436 Figueroa Forest Suite 112
Davidton, LA 48325",Denmark,friday,2024-04-01,19:39:56,2024-04-12,00:00:00
EV036,Grass-roots optimizing interface,keith.info,https://www.wong.biz/,Big order month sport say herself behavior back.,auto,82.0,Taylor Francis,,,Technology,"['Science', 'Sports', 'Health', 'Politics']","68490 Fuller Branch Apt. 766
East Lisa, PA 32785",Turks and Caicos Islands,thursday,2024-06-18,07:22:27,,04:44:47
EV037,Up-sized dynamic concept,NACB,http://www.shields.biz/,Really develop heavy necessary.,auto,98.0,Andrew Griffin,,,Technology,"['Technology', 'Health', 'Sports', 'Business & Finance']","4832 Heath Prairie
West Katherine, IL 37919",Guatemala,wednesday,2024-04-28,14:44:59,,13:21:22
EV038,Persevering next generation info-mediaries,collier.info,http://mckinney.org/,Still investment should benefit significant mother course.,auto,0.0,Vanessa Miller,,,Politics,"['Sports', 'Business & Finance', 'Science']","USNV Gray
FPO AA 91507",Congo,tuesday,2024-06-23,09:01:45,,18:37:22
EV039,Triple-buffered methodical utilization,rodriguez.com,http://clarke-berger.org/,But market new six.,auto,0.0,Robert Mason,,,Technology,['Business & Finance'],"826 Webster Fields
Terryhaven, MD 03887",Lesotho,tuesday,2024-02-07,04:43:04,,00:00:00
EV040,Decentralized grid-enabled complexity,peters.org,http://www.brown.com/,Present out example building.,auto,92.0,Pamela Rodriguez,,,Science,"['Health', 'Technology', 'Sports', 'Politics']","675 Kristin Forks
New Kayleefurt, TX 32440",Iraq,sunday,2024-04-23,10:09:17,2024-03-12,20:51:24
EV041,Customizable next generation methodology,jones.org,http://www.hall.info/,Talk huge far.,manual,0.0,Linda Miller,,,Business & Finance,['Sports'],"34653 Aguilar Wells
Moralesberg, MT 63866",Brunei,sunday,2024-03-01,18:33:57,2024-03-20,13:51:02
EV042,Self-enabling non-volatile methodology,pearson.org,https://montgomery.com/,Agree everyone boy every so try.,manual,0.0,Richard Davis,,,Entertainment,"['Sports', 'Politics', 'Health']","Unit 1324 Box 2171
DPO AP 58803",Sudan,thursday,2024-03-09,20:26:21,,00:00:00
EV043,Organized analyzing initiative,NACB,http://lopez.com/,Environmental fight reality board national.,manual,33.0,Amanda Stewart,,,Politics,"['Technology', 'Sports', 'Business & Finance', 'Politics', 'Entertainment']","23509 Perry Glens
Kevinborough, MA 96937",Guadeloupe,monday,2024-05-24,08:43:57,2024-04-17,14:32:49
EV044,Reduced reciprocal firmware,shepherd.net,https://barrett.com/,Mention include article off apply institution.,auto,0.0,Danielle Fox,,,Politics,"['Science', 'Politics', 'Entertainment']","973 Morales Center
New Patriciaport, VT 31144",Papua New Guinea,friday,2024-02-01,07:46:18,,18:21:43
EV045,Enterprise-wide systemic data-warehouse,sweeney-levy.info,http://www.taylor.net/,Court environmental crime statement practice face fear author.,auto,0.0,Christopher Hopkins,,,Entertainment,"['Entertainment', 'Politics', 'Science', 'Business & Finance', 'Technology']","74026 Beard Burgs Suite 488
Kennethview, VT 86104",Vietnam,tuesday,2024-03-24,03:13:34,,00:00:00
EV046,Right-sized tangible application,moody-henderson.net,https://edwards-wilson.com/,Evening note become represent fly moment much.,manual,74.0,James Garcia,,,Business & Finance,"['Business & Finance', 'Science', 'Politics', 'Entertainment', 'Sports']","62473 Kyle Haven Suite 553
Priceshire, ND 71489",Guinea,saturday,2024-06-09,00:41:21,,04:56:32
EV047,Polarized leadingedge productivity,NACB,http://woods.com/,Return hot front.,manual,97.0,Daniel Miller,,,Politics,"['Health', 'Science']","556 Hunter Orchard
West Nancyshire, NE 68205",Palau,sunday,2024-07-09,19:02:45,2024-06-30,00:00:00
EV048,Innovative actuating flexibility,malone.net,https://www.collins-butler.com/,Religious until listen.,manual,90.0,Christy Dixon,,,Business & Finance,"['Health', 'Science', 'Technology', 'Business & Finance']","59009 Mcclain Unions
Susantown, IN 67054",Paraguay,monday,2024-04-17,08:13:42,2024-02-21,00:00:00
EV049,Upgradable non-volatile leverage,smith-guzman.com,http://miller.com/,Economy toward partner their.,manual,0.0,Jennifer Alvarez,,,Science,"['Business & Finance', 'Health', 'Entertainment']","USNV Parsons
FPO AA 67992",Ukraine,sunday,2024-02-11,21:37:42,2024-07-13,00:00:00
EV050,De-engineered static middleware,galloway-schmidt.biz,http://www.osborne-duffy.com/,Increase five against number whom maintain hair.,manual,54.0,Maurice Ramirez,,,Entertainment,"['Sports', 'Technology', 'Entertainment', 'Business & Finance', 'Health']","35257 Amy Rest Apt. 938
Josephbury, WV 42279",Azerbaijan,saturday,2024-07-16,02:49:37,2024-06-06,00:00:00
EV051,Synchronized homogeneous strategy,williams-horton.biz,http://davis-sims.net/,Up chance real best leave themselves community.,manual,38.0,Diana Rivera,,,Politics,"['Politics', 'Business & Finance', 'Technology', 'Sports']","6838 Lori Square
East Sherri, SC 87459",Somalia,tuesday,2024-02-12,00:07:29,2024-05-24,00:00:00
EV052,Compatible multi-state conglomeration,NACB,http://hayes.org/,Detail better instead moment many write even.,manual,5.0,Anne Mcdonald,,,Sports,"['Sports', 'Science', 'Entertainment']","01089 Amy Parks Apt. 461
Lake James, NE 65049",Egypt,sunday,2024-05-03,12:22:57,2024-05-28,18:56:24
EV053,Polarized holistic firmware,NACB,https://schwartz.com/,Region area finally leader claim.,auto,52.0,Carlos Perez,,,Business & Finance,"['Politics', 'Technology', 'Science', 'Health']","9905 Becker Meadow Suite 210
Jameshaven, FL 28755",Barbados,sunday,2024-03-02,17:53:26,,07:19:14
EV054,Centralized human-resource capability,dodson.com,http://www.nichols.info/,Each out quickly help.,manual,0.0,Jonathan Morgan,,,Sports,"['Sports', 'Politics', 'Science', 'Entertainment', 'Technology']","91573 Carter Courts Apt. 429
New Catherine, MO 51871",Luxembourg,monday,2024-02-07,15:59:14,,14:26:03
EV055,Secured explicit Local Area Network,brown.com,http://www.smith.org/,Popular thing they onto agree area.,auto,8.0,Kathryn Martinez,,,Health,"['Science', 'Technology', 'Business & Finance', 'Sports']","88535 Johnson Road
New Stacyland, NJ 29042",Tuvalu,friday,2024-01-18,03:27:03,,00:00:00
EV056,Seamless eco-centric collaboration,best-martin.info,https://howe.com/,Generation religious last born five purpose film sister.,auto,94.0,Wendy Levy,,,Politics,"['Sports', 'Science', 'Health', 'Business & Finance', 'Entertainment']","553 Denise Pass Apt. 250
Jillianmouth, IN 20357",Maldives,monday,2024-04-11,07:05:36,,07:02:19
EV057,Seamless coherent extranet,johnson-gonzales.org,http://werner-phillips.org/,Believe provide natural new claim.,manual,93.0,Crystal Castillo,,,Business & Finance,"['Politics', 'Science']","7569 David Lock
Lindamouth, AK 01775",Estonia,thursday,2024-07-01,01:34:09,2024-08-04,18:46:20
EV058,Vision-oriented bottom-line database,barrera.com,http://frederick.biz/,Certainly accept let able road dark.,manual,88.0,Christina Stone,,,Health,"['Business & Finance', 'Science', 'Entertainment', 'Health', 'Politics']","51354 Smith Pines
Williamborough, OK 03323",Nepal,monday,2024-07-26,11:20:27,,00:00:00
EV059,Switchable bottom-line installation,NACB,http://www.smith-king.biz/,Continue surface include man for.,auto,66.0,Lisa Gomez,,,Entertainment,"['Sports', 'Politics', 'Entertainment']","USNV Cohen
FPO AA 89622",Bulgaria,sunday,2024-01-12,20:47:50,,23:10:22
EV060,Universal national moderator,oliver.org,https://www.green.com/,Current word important race floor call.,auto,0.0,Danielle Garcia,,,Politics,"['Entertainment', 'Politics', 'Health', 'Business & Finance', 'Science']","86036 Jones Fort
Kevinborough, TX 64889",Zimbabwe,friday,2024-07-19,02:18:58,,10:47:58
EV061,Visionary local interface,morris.org,http://raymond.com/,Entire who write hold.,auto,85.0,Joshua Flynn,,,Technology,"['Politics', 'Health', 'Business & Finance', 'Entertainment', 'Science']","12340 Jack Island Apt. 551
Rothchester, AK 79439",Ghana,sunday,2024-02-18,10:31:54,,00:00:00
EV062,Phased logistical emulation,NACB,https://www.martinez-carpenter.biz/,Produce film evening story allow.,auto,1.0,Karen Scott,,,Sports,"['Entertainment', 'Business & Finance', 'Science', 'Sports']","7929 Montoya Square
Port Richardchester, KS 98572",Western Sahara,wednesday,2024-05-14,13:58:05,2024-07-11,10:09:15
EV063,User-centric optimizing policy,NACB,http://chang.com/,Real million mother test.,manual,0.0,Mr. Mark Francis,,,Entertainment,"['Business & Finance', 'Technology', 'Entertainment']","55306 Guerrero Plains Suite 646
Joneschester, MD 23232",Turkey,saturday,2024-01-18,21:20:14,,08:07:24
EV064,Re-engineered bi-directional Graphical User Interface,robles-bates.com,http://www.jackson.com/,Message head maintain wall number east.,manual,52.0,Heather Armstrong,,,Sports,"['Health', 'Politics', 'Sports', 'Business & Finance', 'Entertainment']","1302 Cristina Fords Suite 300
Martinezview, AZ 71381",Norfolk Island,thursday,2024-02-02,20:49:06,2024-06-22,00:00:00
EV065,De-engineered web-enabled concept,NACB,http://www.williams-jenkins.com/,Money almost cultural.,auto,52.0,William Herrera,,,Health,"['Sports', 'Entertainment']","544 Brown Isle Apt. 774
East Brandon, UT 42698",Fiji Islands,wednesday,2024-05-27,01:22:17,,00:00:00
EV066,Advanced directional time-frame,NACB,https://henry.net/,Crime suddenly particularly market beat front hospital treatment.,auto,65.0,William Hill,,,Politics,"['Health', 'Technology']","7652 Haley Views
Briannashire, NY 11680",Saint Vincent and the Grenadines,sunday,2024-03-11,11:44:45,2024-02-11,13:42:48
EV067,Triple-buffered radical array,diaz-ibarra.com,http://murphy-gonzalez.com/,Ask in take different.,manual,0.0,Alicia Smith,,,Science,"['Health', 'Sports']","043 Nancy Ford Apt. 104
Rhondaview, MA 74010",Argentina,wednesday,2024-04-15,08:57:28,2024-07-15,00:00:00
EV068,Open-source methodical time-frame,NACB,https://www.smith-robinson.com/,Baby tough majority less good win.,auto,96.0,Jeremy Hernandez,,,Politics,['Politics'],"PSC 3258, Box 6202
APO AP 98495",Georgia,monday,2024-02-18,13:43:26,2024-03-19,00:00:00
EV069,Exclusive scalable methodology,bond.com,https://dominguez-thomas.com/,Help similar might church project arrive task.,auto,0.0,Margaret Walker,,,Science,"['Health', 'Technology', 'Sports']","147 Robert Spring
South Andrew, MN 79113",Montenegro,thursday,2024-07-28,18:47:23,,00:00:00
EV070,Phased bandwidth-monitored core,NACB,http://porter.com/,Popular line nor bill big must value.,auto,0.0,Brian Williams,,,Technology,['Science'],"676 Michael Park Apt. 155
Robertborough, CO 50139",Saint Vincent and the Grenadines,wednesday,2024-04-20,01:06:54,2024-04-26,00:00:00
EV071,Networked maximized software,rivas.org,https://www.porter-shannon.biz/,Agent dinner attorney special should here.,auto,0.0,Lindsey Williams,,,Technology,"['Business & Finance', 'Technology', 'Science']","441 Harrison Villages Apt. 066
North Erica, MH 19869",Hong Kong S.A.R.,friday,2024-05-14,11:56:21,,00:00:00
EV072,Synergistic needs-based installation,NACB,https://www.young-reed.com/,Economic car whatever result.,manual,0.0,Victoria Williams,,,Business & Finance,"['Business & Finance', 'Sports']","7043 Jimenez Wall
Jonesfort, WY 72713",Pakistan,thursday,2024-05-09,04:57:33,,21:25:25
EV073,Switchable modular budgetary management,gilbert-thomas.com,http://morris.biz/,Others ability include candidate audience interest good.,auto,78.0,Lori Waters,,,Politics,"['Sports', 'Health', 'Science']","USCGC Hansen
FPO AA 14287",Slovenia,sunday,2024-08-04,16:09:37,2024-03-07,00:00:00
EV074,Synchronized uniform parallelism,smith.org,http://simpson.info/,Sound compare recent benefit force.,auto,0.0,Emily Hart,,,Business & Finance,"['Business & Finance', 'Science']","053 Best Lakes
Marcmouth, CO 60297",Canada,monday,2024-03-23,19:24:46,,04:09:58
EV075,Re-engineered demand-driven standardization,NACB,https://www.lopez.com/,One drug even nothing down boy.,auto,0.0,Adam Hicks,,,Health,"['Sports', 'Politics']","36021 Torres Cliffs Apt. 766
North Amandaside, PR 22439",Belgium,thursday,2024-02-17,10:23:27,,00:00:00
EV076,Adaptive didactic framework,NACB,https://sutton.com/,Include must might window half father.,manual,4.0,Denise Murray,,,Science,"['Health', 'Science', 'Technology']","056 Guerra Track Apt. 038
Jonesside, PR 26065",Macau S.A.R.,thursday,2024-02-02,01:59:19,,00:00:00
EV077,Optimized bifurcated support,cox-williams.com,https://miller.com/,Since first before left wife.,manual,2.0,Carla West,,,Sports,['Sports'],"571 Joseph Glens Apt. 825
Jenniferton, AZ 75337",Afghanistan,friday,2024-02-28,20:46:54,2024-01-28,20:24:33
EV078,Business-focused impactful architecture,NACB,http://www.gilmore.biz/,Family team way carry one western man.,auto,0.0,Kristin Simmons,,,Business & Finance,"['Sports', 'Health']","8531 Hampton Inlet
Bellshire, WI 24068",Jordan,sunday,2024-06-23,21:42:31,2024-05-06,00:00:00
EV079,Implemented client-server intranet,gonzalez.net,http://www.anthony.com/,Happen term not house true federal whom.,manual,0.0,Matthew Smith,,,Entertainment,"['Health', 'Politics']","794 Mccarthy Rapid
Codyhaven, NJ 03611",Indonesia,monday,2024-04-17,10:14:48,2024-06-28,00:00:00
EV080,Fully-configurable composite contingency,NACB,https://wilson.info/,Opportunity exactly girl.,auto,0.0,David Harvey,,,Science,"['Science', 'Politics', 'Entertainment']","95427 Jones Drive Suite 545
Christinestad, IN 88585",Equatorial Guinea,monday,2024-03-01,04:53:38,2024-01-18,00:00:00
EV081,Reduced real-time framework,marshall-johnson.com,https://richardson.com/,Sister financial little especially.,manual,31.0,Mark Knight,,,Science,"['Technology', 'Health', 'Entertainment', 'Science', 'Business & Finance']","66791 Smith Mill Apt. 461
Brockmouth, VA 52039",Kuwait,thursday,2024-02-29,08:05:15,,00:00:00
EV082,Grass-roots explicit Graphical User Interface,NACB,https://robertson-martinez.biz/,Will available among three accept.,auto,93.0,Sherry Harris,,,Entertainment,['Politics'],"90460 Andrea Forges Suite 360
Port Sherrymouth, NY 54204",Falkland Islands,tuesday,2024-06-06,17:02:38,2024-02-01,00:00:00
EV083,Innovative bifurcated synergy,richards.com,http://www.rivera-watts.com/,Catch none speech baby past bring again.,auto,35.0,James Camacho,,,Business & Finance,"['Entertainment', 'Sports']","3665 Solis Harbors
Taylorborough, NH 35841",Falkland Islands,wednesday,2024-05-26,15:54:13,,22:26:32
EV084,Pre-emptive optimizing projection,NACB,https://carter.com/,When particularly raise heart.,auto,0.0,Dawn Garner,,,Technology,"['Business & Finance', 'Health']","18654 Dunn Meadows Suite 315
South Sheliahaven, CT 45229",United Arab Emirates,monday,2024-07-10,04:46:40,2024-03-15,00:00:00
EV085,Universal explicit encryption,ortega-thomas.com,https://www.romero.net/,Local identify employee choose social no.,auto,56.0,Steven Herrera,,,Sports,"['Technology', 'Politics']","4897 Carrie Court Suite 500
East William, GU 06393",Bangladesh,sunday,2024-01-26,17:22:21,,00:00:00
EV086,Open-source mission-critical focus group,mccarthy-brock.org,http://valentine-owens.net/,Change ok without side.,auto,0.0,Linda Knox,,,Technology,['Sports'],"405 Castillo Club
Hansonton, WA 55983",Zambia,monday,2024-02-20,05:41:44,2024-03-18,00:00:00
EV087,Ameliorated interactive collaboration,NACB,https://www.watson-butler.com/,Force plant believe yeah doctor.,manual,73.0,Sarah Lewis,,,Business & Finance,"['Entertainment', 'Technology']","2062 Sanders Trail
Kimberlybury, KY 86442",Chile,monday,2024-02-28,22:35:20,2024-06-19,00:00:00
EV088,Fundamental actuating application,austin-cruz.biz,http://www.sanchez.com/,Response offer store.,auto,0.0,Michelle Sandoval,,,Science,"['Sports', 'Politics', 'Entertainment']","60601 Shane Union
Smithbury, NE 47909",China,monday,2024-03-11,12:30:43,,00:00:00
EV089,Object-based human-resource moratorium,NACB,http://hill.com/,Green oil enter feeling heart news arrive.,manual,0.0,Mr. Travis Sandoval,,,Science,"['Entertainment', 'Science', 'Health', 'Business & Finance']","8011 Alexandra Tunnel
Lake Kaitlynchester, FM 65157",Slovakia,friday,2024-07-22,08:59:42,2024-06-21,01:41:13
EV090,Centralized explicit project,brooks.com,http://www.mitchell.com/,Thousand sound marriage sound itself trip resource.,auto,30.0,Frank Sexton,,,Health,"['Technology', 'Politics', 'Business & Finance', 'Health', 'Science']","8317 Morales Pine
Davidview, NH 23230",Lebanon,monday,2024-04-03,03:37:05,2024-05-31,00:00:00
EV091,Pre-emptive grid-enabled middleware,NACB,https://www.hoffman.biz/,Table service through which car perhaps simply.,auto,0.0,Barry Sanders,,,Health,['Health'],"74575 Martin Drives
Susanfort, FM 69951",Nepal,tuesday,2024-06-26,00:35:56,2024-07-15,00:00:00
EV092,User-centric executive projection,NACB,https://www.allen-sutton.com/,Teach ready option threat forget old.,manual,0.0,Rebekah Williams,,,Technology,"['Politics', 'Entertainment', 'Health']","3128 Simmons Green
South Joseph, WA 91390",Austria,sunday,2024-07-18,12:31:44,2024-02-24,00:00:00
EV093,Pre-emptive intermediate flexibility,campbell.net,https://larsen.com/,Eat picture state nearly green last yard.,manual,75.0,Matthew Moreno,,,Entertainment,"['Business & Finance', 'Sports', 'Politics']","07412 Macias Station
Jacksonton, PW 93430",Lithuania,monday,2024-03-29,03:12:16,,19:14:24
EV094,Visionary foreground leverage,NACB,http://smith.net/,Glass fight strategy on.,auto,0.0,Christopher Jones,,,Politics,"['Entertainment', 'Sports']","6744 Bailey Street Suite 053
East Hayleyville, TX 90302",Uganda,sunday,2024-05-02,06:52:43,2024-02-29,03:22:47
EV095,Vision-oriented bifurcated moderator,NACB,http://www.rodriguez.com/,Main enough world up.,manual,15.0,Tara Brown,,,Politics,"['Politics', 'Sports']","399 White Lakes
Jamesville, ME 82428",North Korea,saturday,2024-05-25,13:03:50,2024-03-04,12:58:11
EV096,Optimized national analyzer,kennedy.net,https://lopez.com/,Poor cause network despite sell fund who.,manual,0.0,Craig Myers,,,Politics,"['Entertainment', 'Politics', 'Sports', 'Science', 'Business & Finance']","358 Randy Stravenue
Lake Raymond, MO 49215",Thailand,saturday,2024-01-06,08:37:50,2024-04-16,20:04:39
EV097,Synchronized 24hour product,NACB,http://www.moon.org/,Issue finally account prepare modern dark nor.,auto,0.0,Anthony Patel,,,Politics,"['Health', 'Entertainment', 'Technology']","8322 Dennis Highway Suite 796
Tylerfort, OK 43609",Svalbard and Jan Mayen Islands,tuesday,2024-02-16,22:25:34,,03:55:21
EV098,Progressive object-oriented frame,NACB,https://walker.com/,Figure wall whether whom sound image.,auto,52.0,Lindsay Stewart,,,Science,"['Sports', 'Business & Finance']","2516 Juan Parks
Lake Hannah, OH 34794",Greece,sunday,2024-04-30,03:59:14,2024-03-17,01:19:37
EV099,Adaptive systematic intranet,webb.com,http://www.henry.com/,With any store happy.,manual,92.0,Vincent Murphy Jr.,,,Politics,"['Science', 'Health', 'Sports', 'Politics']","0396 Miranda Estate Suite 007
Lake Ryanshire, FL 18351",Faroe Islands,wednesday,2024-01-18,10:15:10,,11:42:54
EV100,User-friendly exuding challenge,pierce.info,https://smith.net/,Pretty tell stock.,manual,0.0,Zachary Carrillo,,,Science,"['Health', 'Science', 'Entertainment', 'Technology']","12728 Christine Field
North Jack, WY 98593",Gabon,monday,2024-02-17,17:36:02,,21:23:16
EV101,Sharable global workforce,burton-sanders.com,http://www.ferguson.info/,Black culture spend activity have happen I.,manual,30.0,Kara York,,,Science,"['Politics', 'Entertainment', 'Business & Finance']","970 Duncan Greens
Tiffanyberg, FM 52067",Burundi,thursday,2024-02-21,23:17:51,2024-02-26,11:01:25
EV102,Synchronized 24hour project,ramirez-jones.com,https://robbins.com/,Generation operation dark seem wait.,auto,0.0,Wendy Hunter,,,Technology,"['Health', 'Business & Finance']","997 Sweeney Keys Apt. 860
West Benjaminmouth, KS 52907",Japan,saturday,2024-04-24,03:29:25,,14:47:26
EV103,Visionary bottom-line implementation,NACB,https://www.davis.com/,Clear find instead together pay whom mean full.,manual,66.0,Monica Parrish,,,Business & Finance,['Politics'],"USS Walker
FPO AP 04656",Nicaragua,friday,2024-04-05,23:09:57,,00:00:00
EV104,Object-based methodical support,NACB,https://www.ramos.net/,Old country whatever always international.,manual,55.0,David Jones,,,Science,"['Science', 'Sports']","514 Vincent Lake
Lake Mathewhaven, AL 42305",Greenland,saturday,2024-03-11,00:13:27,2024-06-22,00:00:00
EV105,Re-engineered heuristic conglomeration,NACB,https://jones.com/,Same go half conference ever you best skin.,auto,96.0,Charles Gutierrez,,,Entertainment,['Entertainment'],"2039 Amy Harbors
Stewarttown, RI 94020",Cyprus,saturday,2024-01-07,13:58:44,2024-03-12,00:00:00
EV106,Adaptive discrete model,NACB,https://holt.biz/,Conference draw seek.,auto,97.0,Diana Green,,,Technology,"['Entertainment', 'Technology', 'Health']","3237 Baker Throughway
Lake Scottview, MH 65481",Lesotho,wednesday,2024-03-05,18:38:24,2024-01-21,03:38:20
EV107,Synchronized impactful process improvement,romero.com,https://www.floyd.info/,Conference break class western list tend.,manual,0.0,Christopher Nixon,,,Technology,['Business & Finance'],"3825 Coffey Inlet
Perezchester, OR 15379",Samoa,wednesday,2024-04-07,14:44:26,,00:00:00
EV108,Object-based explicit workforce,terry.com,https://www.johnson-washington.com/,Detail game million affect federal body.,auto,0.0,Michael Obrien,,,Science,"['Entertainment', 'Politics', 'Sports', 'Technology']","856 Thompson Avenue
Kimberlychester, MP 28551",Saint Pierre and Miquelon,friday,2024-05-30,12:52:13,2024-03-03,19:00:09
EV109,Pre-emptive demand-driven framework,NACB,https://nelson-butler.com/,Glass because large with.,auto,0.0,Makayla Matthews,,,Politics,"['Technology', 'Science', 'Sports']","92200 Craig Flats
South Zacharyville, OR 00534",Nigeria,friday,2024-05-12,13:01:50,2024-06-27,00:00:00
EV110,Optional systemic algorithm,jones-wu.com,https://www.bridges.com/,Indicate available democratic population record institution majority.,manual,16.0,Aaron Barrera,,,Sports,['Politics'],"9255 Jones Islands Apt. 170
North Charlesburgh, ME 09764",Italy,sunday,2024-05-05,19:27:01,2024-08-01,00:00:00
EV111,Inverse scalable approach,fleming-nelson.com,https://jenkins.com/,Strategy kitchen continue happen.,manual,16.0,Ethan Strong,,,Entertainment,"['Sports', 'Business & Finance']","6001 Alejandro Groves
Harrellshire, PW 14389",Macau S.A.R.,saturday,2024-05-08,02:22:28,,23:50:55
EV112,Quality-focused dynamic array,NACB,http://mendez.com/,Force bit edge benefit.,manual,48.0,Christopher Massey,,,Technology,['Politics'],"9160 James Estates
West Tracymouth, GU 56386",Qatar,tuesday,2024-07-24,14:40:40,,00:00:00
EV113,Synergized system-worthy model,maxwell.com,https://www.le.com/,While question record when.,manual,0.0,Deborah Reyes,,,Sports,"['Science', 'Entertainment', 'Business & Finance']","20985 Kristopher Common
Birdmouth, WI 16931",Man (Isle of),wednesday,2024-03-10,12:09:40,,12:41:29
EV114,Robust maximized moratorium,hill.info,http://zuniga-gibbs.org/,Sport current sign story actually season.,auto,0.0,Kristen Jones,,,Health,"['Science', 'Technology', 'Politics', 'Sports']","78090 Erika Club
Port Stevenhaven, CT 96228",Marshall Islands,sunday,2024-08-01,02:06:51,2024-01-16,00:00:00
EV115,Seamless demand-driven productivity,long.biz,http://johnson.net/,Capital so here rate card almost trial.,auto,0.0,Kelly Kelly,,,Entertainment,"['Health', 'Politics', 'Science', 'Entertainment']","USS Morris
FPO AA 62851",Luxembourg,friday,2024-02-08,22:27:27,2024-03-21,00:00:00
EV116,Organic radical Internet solution,humphrey-smith.info,http://www.adams-graves.com/,Report strong arrive statement majority no quality left.,auto,0.0,Patrick Carter,,,Entertainment,"['Sports', 'Politics', 'Health', 'Technology']","8214 Rebecca Spring
North Melissaside, WV 31105",Congo,wednesday,2024-05-29,23:31:39,2024-04-24,08:47:56
EV117,Customizable dynamic open architecture,NACB,http://campbell.org/,Soldier knowledge explain past interesting feeling yes.,auto,0.0,Jacqueline Brewer,,,Politics,['Politics'],"Unit 0869 Box 4028
DPO AE 80877",Luxembourg,tuesday,2024-07-01,11:10:07,,15:01:52
EV118,Streamlined 3rdgeneration access,vance.com,http://cruz.com/,Consider to other the part experience.,manual,3.0,Nathan Ayers,,,Health,"['Politics', 'Health']","706 Mary Lodge Suite 198
Thompsonville, WV 13051",Israel,monday,2024-06-03,20:56:50,,11:25:54
EV119,Grass-roots composite complexity,mays-beltran.com,http://gibson-tucker.com/,Expect tough argue how.,auto,0.0,Joel Lopez,,,Entertainment,"['Science', 'Entertainment', 'Sports', 'Business & Finance']","772 Clay Shores
Garzamouth, TX 21925",Palestinian Territory Occupied,tuesday,2024-01-09,09:07:21,2024-03-27,00:00:00
EV120,User-friendly global emulation,malone.info,http://www.davis-cochran.com/,Protect choose crime human or group worker.,auto,0.0,Amanda Tucker,,,Science,"['Sports', 'Politics', 'Business & Finance', 'Technology']","PSC 4797, Box 1279
APO AP 85962",Lesotho,monday,2024-08-01,03:26:19,2024-04-22,00:00:00
EV121,Balanced radical access,white.org,http://www.west-turner.org/,Case total last reach impact.,auto,0.0,Tara Wang,,,Business & Finance,['Sports'],"630 Natasha Mall
North Amanda, VI 01644",Spain,monday,2024-01-14,12:46:28,2024-03-02,21:37:24
EV122,Implemented heuristic utilization,velasquez.com,https://www.valencia-garrison.net/,Political maintain opportunity oil interest matter.,manual,26.0,Jamie Hayes,,,Entertainment,"['Sports', 'Health', 'Business & Finance', 'Technology', 'Science']","84006 Jones Burgs
Englishhaven, CA 44541",Iran,tuesday,2024-05-19,15:03:56,,00:00:00
EV123,User-centric secondary Graphical User Interface,NACB,http://guerra.net/,Recent campaign American audience.,manual,0.0,Gabriella Adkins,,,Science,"['Science', 'Health', 'Technology']","0847 Lisa Trail
Port Victoriaview, TN 24701",San Marino,saturday,2024-02-21,15:25:37,2024-01-05,00:00:00
EV124,Secured methodical hardware,miller-wong.com,http://www.smith.com/,Similar forward reduce wife down choose.,auto,0.0,Tonya Proctor,,,Entertainment,"['Business & Finance', 'Technology']","28511 Ramos Causeway Apt. 887
Markborough, LA 04878",Somalia,wednesday,2024-02-06,21:04:51,2024-02-08,00:13:45
EV125,Networked bottom-line benchmark,NACB,http://dixon-cooper.com/,Store identify possible central south seven fly.,manual,0.0,Theresa Lopez,,,Health,"['Technology', 'Sports', 'Science', 'Business & Finance', 'Health']","49281 Michael Fords Apt. 727
North Michelleburgh, NE 84342",Central African Republic,thursday,2024-01-14,02:51:55,,10:18:53
EV126,Triple-buffered bi-directional migration,davis.biz,https://www.ramirez.org/,Increase west federal commercial senior opportunity.,auto,93.0,Christopher Hamilton,,,Health,"['Sports', 'Technology']","90828 Michelle Squares Suite 827
Mariastad, OK 16971",Turks and Caicos Islands,friday,2024-06-09,06:54:09,,00:00:00
EV127,Team-oriented regional approach,NACB,http://cole.biz/,Call south west occur friend against.,auto,38.0,Kathryn Huang,,,Entertainment,"['Technology', 'Science', 'Entertainment', 'Politics', 'Health']","345 Jay Lakes Apt. 528
Hernandezstad, MH 73283",Mauritania,monday,2024-08-02,08:36:22,2024-01-21,00:00:00
EV128,Progressive client-driven groupware,NACB,http://www.weber-day.biz/,Throw card law.,auto,0.0,Patricia Lewis,,,Entertainment,"['Entertainment', 'Sports', 'Health', 'Technology', 'Science']","6122 Rebecca Bridge
Johnsonside, CA 83534",Benin,monday,2024-02-18,02:16:16,2024-05-25,00:00:00
EV129,Visionary transitional help-desk,ramos-gibson.biz,https://www.krueger-martinez.com/,Road small western include base serve.,auto,10.0,Diana Martin,,,Technology,"['Health', 'Entertainment']","65787 Ross Extensions Apt. 541
West Joseph, UT 24830",Lesotho,thursday,2024-05-01,14:02:11,,00:00:00
EV130,Profit-focused local analyzer,trujillo.net,https://thompson-higgins.com/,Catch because seek.,auto,0.0,Charles Thomas,,,Technology,"['Technology', 'Politics', 'Sports', 'Entertainment']","7994 White Parkway
Tylertown, OR 15449",Norfolk Island,friday,2024-06-26,17:42:52,,09:10:10
EV131,Focused directional task-force,NACB,https://www.fisher.org/,Top season term including determine.,manual,26.0,Aaron Brown PhD,,,Science,"['Technology', 'Entertainment', 'Sports', 'Business & Finance', 'Science']","91748 Scott Port Suite 400
West Dillonfort, OR 17306",Latvia,friday,2024-06-20,08:04:54,,04:13:17
EV132,Persistent client-server utilization,jacobs.com,http://www.mora.info/,Ask option treat perhaps mother hear player hundred.,auto,0.0,Tonya Buckley,,,Entertainment,"['Science', 'Entertainment', 'Politics', 'Sports']","33732 Martinez Lodge Suite 372
North Ericville, OK 69816",Uganda,wednesday,2024-07-21,13:44:26,,00:00:00
EV133,Fundamental dynamic forecast,NACB,https://www.peterson.info/,Paper draw deep current professional mother sell.,manual,98.0,Gary Donovan,,,Technology,"['Technology', 'Entertainment', 'Science', 'Politics']","928 Wilson Road
New Bethton, TX 07800",Albania,thursday,2024-02-02,13:47:33,,00:00:00
EV134,Managed eco-centric groupware,NACB,http://browning.com/,Step ok prove whether ball.,manual,69.0,Kerry Ruiz,,,Business & Finance,"['Technology', 'Sports', 'Entertainment']","USS Griffin
FPO AA 55700",Philippines,tuesday,2024-07-08,23:22:57,,00:00:00
EV135,Stand-alone bandwidth-monitored middleware,NACB,https://www.evans.com/,Floor including majority different central language again.,auto,95.0,Daniel Smith,,,Business & Finance,"['Technology', 'Business & Finance']","PSC 9875, Box 1301
APO AP 66870",Reunion,monday,2024-04-26,23:11:50,2024-07-06,03:53:38
EV136,Customer-focused coherent budgetary management,sanchez.com,http://wright-cox.com/,Floor across feeling manage.,manual,62.0,George Miller,,,Politics,"['Sports', 'Science', 'Entertainment']","7348 Mckinney Glen Apt. 734
East Kathrynland, GU 25311",Serbia,thursday,2024-03-12,04:34:46,,21:29:26
EV137,Customer-focused explicit circuit,pennington-white.com,http://perez.org/,Charge collection each couple toward begin.,auto,0.0,Matthew Welch,,,Technology,"['Technology', 'Business & Finance', 'Sports', 'Health']","765 Ayala Gardens
North Amy, HI 52299",Vatican City State (Holy See),tuesday,2024-05-31,07:58:21,,00:00:00
EV138,Configurable asynchronous website,NACB,https://www.harrell.com/,Few beautiful participant age develop full lot any.,auto,0.0,Andrew Garner,,,Politics,"['Science', 'Health']","53494 Derek Plains Apt. 709
New Matthew, MN 75994",Tajikistan,thursday,2024-02-12,19:24:10,2024-02-18,00:00:00
EV139,Distributed explicit infrastructure,mcfarland.com,http://wallace.info/,Size bar significant any.,auto,0.0,Sergio Hoffman,,,Business & Finance,['Politics'],"827 John Avenue
West Anthonyfort, NM 03198",Hong Kong S.A.R.,tuesday,2024-01-19,15:04:33,,20:10:30
EV140,Cross-group static middleware,pruitt.com,http://www.maxwell.com/,High with close beautiful down.,auto,95.0,John Garner,,,Science,"['Sports', 'Technology', 'Entertainment', 'Business & Finance', 'Science']","14001 Tracy Overpass
Stevenberg, MI 19252",Jersey,tuesday,2024-02-23,22:48:48,,00:00:00
EV141,Sharable homogeneous budgetary management,NACB,https://adkins-alexander.com/,Unit hand analysis.,auto,41.0,Hannah Stewart,,,Health,"['Entertainment', 'Politics', 'Technology', 'Business & Finance']","272 Ellis Crossroad Apt. 782
Josephland, WA 67302",Pitcairn Island,tuesday,2024-02-21,19:49:45,2024-02-20,06:45:44
EV142,Implemented systematic capacity,NACB,https://www.shelton-decker.com/,Performance hard approach expect specific guess.,manual,0.0,Danielle Robinson,,,Business & Finance,"['Technology', 'Sports', 'Entertainment']","2852 Stout Falls Suite 894
Lake Marcusmouth, NM 66612",Dominican Republic,tuesday,2024-01-05,02:38:29,2024-02-17,00:00:00
EV143,Future-proofed coherent approach,sanford.com,https://moore.info/,Before ready your animal politics effect own.,manual,4.0,Katie Kelley,,,Sports,"['Science', 'Politics', 'Health', 'Business & Finance', 'Technology']","9759 Julie Rapids
East Katherine, SC 30997",Cuba,friday,2024-01-19,19:25:11,,06:27:33
EV144,Optional well-modulated migration,NACB,http://moore.com/,Attorney seven grow cold.,manual,87.0,John Turner,,,Sports,"['Business & Finance', 'Technology']","991 Kristina Centers Suite 639
Brownport, IL 54877",Mali,monday,2024-04-18,14:58:31,2024-03-10,03:57:16
EV145,Decentralized fresh-thinking function,NACB,http://day.com/,Back it law short level heavy.,auto,7.0,Eric Richardson,,,Sports,['Science'],"388 John Tunnel Apt. 040
Lake Brianna, DE 40330",Zambia,tuesday,2024-08-01,23:00:20,,00:00:00
EV146,Multi-lateral client-server infrastructure,NACB,https://king.com/,Measure grow player traditional almost piece trial.,manual,0.0,Deborah Fuentes,,,Business & Finance,['Sports'],"18735 Alvarez Courts
East Melissachester, AL 39324",Morocco,sunday,2024-06-07,06:10:58,,00:00:00
EV147,Devolved client-driven methodology,NACB,http://ewing-monroe.com/,Base service staff go travel few.,manual,0.0,Nancy Ortega,,,Politics,"['Health', 'Technology']","47191 John Green Suite 922
Lake Deniseborough, FM 87794",Bangladesh,sunday,2024-04-05,01:22:40,,03:05:07
EV148,Fundamental radical approach,roberts-burton.com,https://www.rogers.org/,Rule which media democratic quite world show.,auto,0.0,Brian Townsend,,,Science,"['Entertainment', 'Sports']","632 Henry Center Apt. 359
Bonillaburgh, GA 29286",Central African Republic,monday,2024-04-19,14:45:30,,07:14:22
EV149,Stand-alone global flexibility,williams-sullivan.com,https://potter.net/,Require force family finish real perform production.,manual,0.0,Linda Salas,,,Entertainment,"['Sports', 'Science', 'Politics', 'Technology', 'Health']","604 Ruiz Drive Apt. 007
Darrylchester, MH 44845",Israel,tuesday,2024-05-24,08:09:58,,00:00:00
EV150,Monitored bandwidth-monitored Graphical User Interface,hancock-huffman.com,http://chambers.com/,Chance box month rock a.,manual,78.0,Traci Fisher,,,Technology,"['Science', 'Politics', 'Sports', 'Health']","699 Pena Springs
Kimberlybury, VI 24506",Saint-Martin (French part),sunday,2024-06-27,07:32:52,2024-02-28,00:00:00
EV151,Versatile coherent attitude,NACB,http://mcintyre.com/,Voice she military large.,manual,3.0,Kenneth Bowen,,,Sports,"['Entertainment', 'Science', 'Business & Finance', 'Sports']","75209 Haynes Common Apt. 555
Gonzalesberg, OH 75968",Guam,monday,2024-03-07,10:06:29,,00:53:32
EV152,Team-oriented 24/7 extranet,arnold.com,http://www.esparza.com/,Eye play author money body.,auto,42.0,Katherine Rivera,,,Politics,['Science'],"62155 Sylvia Centers Apt. 630
Daviston, VI 61940",Uzbekistan,sunday,2024-07-22,22:38:32,,00:00:00
EV153,Self-enabling object-oriented functionalities,NACB,https://mitchell.biz/,Make still figure popular push main situation food.,auto,68.0,Jennifer Martinez,,,Sports,"['Business & Finance', 'Technology']","4172 Wallace Grove
Lisafort, TN 37364",Saudi Arabia,monday,2024-01-07,10:32:59,2024-06-22,00:00:00
EV154,Stand-alone fresh-thinking encryption,NACB,http://www.anderson-massey.org/,Another measure treatment unit many.,manual,50.0,Raven Hanson,,,Business & Finance,"['Technology', 'Entertainment', 'Health']","910 Maurice Vista
Lake Douglashaven, MN 12744",Cameroon,wednesday,2024-06-05,05:37:26,2024-04-06,00:00:00
EV155,Ergonomic motivating product,NACB,https://www.smith.com/,View later writer arrive serve cut.,manual,71.0,Heather Oliver,,,Business & Finance,"['Health', 'Technology']","38327 Erin Rapid
East Daniellehaven, AZ 42325",Maldives,monday,2024-03-05,02:57:18,,05:13:35
EV156,Multi-tiered content-based analyzer,NACB,https://martin.net/,College instead other.,auto,38.0,Phillip Lamb,,,Science,"['Health', 'Business & Finance', 'Science', 'Entertainment', 'Politics']","65761 Combs Plains Apt. 443
Martinmouth, WV 11277",Kazakhstan,friday,2024-06-25,04:48:42,,08:20:15
EV157,Pre-emptive contextually-based service-desk,NACB,http://cole.org/,Manage tough always right.,manual,6.0,Tina Leblanc,,,Entertainment,"['Science', 'Business & Finance']","1245 White Mission Apt. 045
West Williamshire, WY 47990",Tonga,tuesday,2024-03-22,15:59:48,,21:08:00
EV158,Managed user-facing solution,NACB,https://landry-beck.com/,Market matter find stand window table.,auto,16.0,Eric Conner,,,Entertainment,"['Technology', 'Sports', 'Science', 'Politics', 'Health']","Unit 6412 Box 1883
DPO AP 35260",Western Sahara,saturday,2024-02-19,09:34:58,2024-03-20,00:00:00
EV159,Function-based optimizing functionalities,NACB,http://wood-murphy.com/,Factor sell sure risk memory city.,manual,0.0,Alexander Fields,,,Health,['Business & Finance'],"17525 Heather Corner Suite 536
Rebeccashire, VT 43897",Bermuda,monday,2024-04-10,14:54:32,,00:00:00
EV160,Optional real-time matrices,strickland.com,http://kim.info/,Surface majority consider really we benefit agency.,manual,0.0,Kathleen Paul,,,Health,"['Politics', 'Health', 'Technology']","816 Martin Plains Suite 430
Mcculloughmouth, VT 67751",Tanzania,saturday,2024-07-24,06:35:28,2024-06-19,00:00:00
EV161,Cross-platform 5thgeneration support,NACB,http://price-nichols.biz/,Skill enough administration success suffer then face good.,auto,0.0,William Howell,,,Science,"['Health', 'Politics', 'Business & Finance']","5801 Mary Springs
North Christian, KS 42572",Chad,wednesday,2024-04-11,23:15:31,,22:50:28
EV162,Re-engineered web-enabled time-frame,NACB,https://bowen.biz/,Partner exist instead mission present present little.,manual,6.0,John Jimenez,,,Business & Finance,"['Sports', 'Politics', 'Health', 'Technology']","272 Hurley Grove Apt. 483
Stephanieport, WV 94286",Curaçao,saturday,2024-03-22,14:14:37,2024-06-11,03:23:52
EV163,Pre-emptive context-sensitive challenge,nunez.com,https://young.com/,Again movie use want seven cover treatment law.,manual,0.0,Larry Lee,,,Politics,['Business & Finance'],"4447 Lewis Path Suite 965
Wendyberg, PW 32587",Saint Helena,thursday,2024-03-24,05:30:36,,18:55:22
EV164,Reverse-engineered content-based implementation,foster-mcdonald.net,https://bird-brennan.com/,Include the general religious draw thank.,auto,0.0,Allen Deleon,,,Health,"['Sports', 'Technology', 'Entertainment']","838 Miller Ferry Suite 317
West Joshuaside, RI 32372",Zimbabwe,thursday,2024-06-10,19:58:18,,06:43:13
EV165,Cloned object-oriented access,green.net,https://molina.net/,Break use result road.,auto,16.0,Douglas Cortez,,,Technology,['Science'],"797 Luke Corners Apt. 128
West Georgeberg, MS 75959",Lithuania,wednesday,2024-02-17,14:03:12,2024-04-07,11:32:02
EV166,Focused national contingency,NACB,http://www.flores.com/,Management huge live hold argue wish.,manual,8.0,John Martinez,,,Health,"['Technology', 'Politics', 'Health']","441 Tyler Roads
South Juliabury, OR 27078",Bahrain,sunday,2024-06-09,13:57:30,2024-02-02,20:35:00
EV167,Polarized value-added parallelism,NACB,https://www.rogers.net/,First occur identify realize.,auto,0.0,David Olson,,,Health,"['Politics', 'Health']","74805 Kimberly Canyon Suite 078
South Jose, NY 31402",Maldives,sunday,2024-05-23,02:30:31,,00:00:00
EV168,Front-line secondary synergy,burns.com,https://www.wiggins.info/,Voice international become too special.,manual,0.0,Mark Odonnell,,,Sports,"['Politics', 'Entertainment', 'Health', 'Science', 'Business & Finance']","59523 Alyssa Loop
Meredithview, ND 99384",Macau S.A.R.,saturday,2024-02-08,19:39:01,2024-04-09,00:00:00
EV169,Self-enabling intermediate moderator,richardson.com,https://james-campbell.net/,Recent young drive.,manual,68.0,Jose Tucker,,,Health,"['Business & Finance', 'Health']","0958 Wright Brook Apt. 828
Campbellmouth, NJ 03444",Djibouti,monday,2024-02-11,20:43:59,,19:04:20
EV170,Focused tertiary hub,NACB,http://fletcher.com/,May find character.,auto,86.0,Adrian Nelson,,,Science,"['Sports', 'Business & Finance', 'Health', 'Entertainment', 'Science']","3776 Kaufman Route
New Sarah, IA 22747",Finland,friday,2024-05-28,04:49:36,2024-06-09,21:02:02
EV171,Profound multi-tasking protocol,NACB,https://www.paul.net/,Inside way enter must.,auto,0.0,William Goodman,,,Technology,"['Health', 'Science', 'Entertainment', 'Technology']","94767 Lawrence Cliff Apt. 869
Lake Sarah, CT 11538",Ukraine,friday,2024-02-28,04:24:00,2024-06-13,09:38:08
EV172,Realigned analyzing paradigm,ramirez-nelson.com,http://steele.info/,Tell debate dark whole relate.,manual,41.0,Maria Johnson,,,Health,['Sports'],"5863 Hansen Camp
Shawnview, MH 57092",British Indian Ocean Territory,friday,2024-07-10,06:59:27,,19:37:29
EV173,Front-line systemic complexity,galloway.info,https://www.cisneros.com/,Wall tend project large.,manual,0.0,Jared Morales,,,Politics,"['Politics', 'Entertainment', 'Science']","76822 Wilson Lodge Apt. 750
Port Madisonshire, AL 65663",Suriname,friday,2024-02-29,14:19:20,,11:34:41
EV174,Optimized well-modulated throughput,miller.com,http://www.fischer.com/,Population until medical attention cold.,auto,0.0,Connie Garza,,,Politics,"['Politics', 'Technology', 'Business & Finance']","7942 Antonio Turnpike Apt. 851
East Stephaniefort, CO 74433",Greece,sunday,2024-03-23,21:09:20,2024-01-17,00:00:00
EV175,Reactive dedicated parallelism,NACB,https://villarreal.com/,Day production phone full newspaper.,auto,0.0,Nathaniel Thompson,,,Entertainment,"['Technology', 'Science', 'Business & Finance', 'Entertainment']","379 Phillips Mission Apt. 460
Hughesland, ME 90593",Laos,sunday,2024-07-28,06:28:16,,00:00:00
EV176,Integrated executive ability,NACB,http://watkins-turner.info/,Door town nothing such.,manual,0.0,Anne Farmer,,,Sports,"['Entertainment', 'Sports', 'Technology']","23664 Stanley Mission Apt. 636
Jamesstad, MP 39910",Mongolia,monday,2024-07-10,19:02:05,,21:28:19
EV177,Multi-channeled disintermediate hierarchy,NACB,https://thompson.com/,Town leave its society vote whom.,auto,0.0,Jennifer Marsh,,,Business & Finance,"['Politics', 'Science']","732 Shawna Green
Port Jenniferborough, MN 57445",Aruba,wednesday,2024-07-15,17:23:31,2024-02-21,16:20:09
EV178,Reactive even-keeled instruction set,NACB,http://www.johnson.biz/,Get special red country.,auto,0.0,Mr. Tyler Kelley DVM,,,Technology,"['Sports', 'Health', 'Politics', 'Entertainment']","703 Sanchez Manors Suite 979
Port Diane, MT 46900",Tunisia,sunday,2024-05-06,02:45:08,2024-01-05,02:53:26
EV179,Upgradable demand-driven archive,raymond-morrison.com,http://garza.org/,Never effect poor.,auto,0.0,Sarah Morales,,,Entertainment,['Health'],"475 Alexandra Crossroad
Kristinberg, OR 63929",Tuvalu,tuesday,2024-03-04,14:50:30,2024-02-01,00:00:00
EV180,Multi-layered secondary superstructure,brown.biz,https://www.ferguson.info/,Lose tough notice rule sometimes son lot side.,manual,25.0,Charles Hamilton,,,Entertainment,['Politics'],"4881 Smith Station
Port Paulmouth, CT 80442",Latvia,sunday,2024-05-22,14:04:31,2024-06-04,00:00:00
EV181,Ergonomic dynamic implementation,NACB,http://sosa-ryan.com/,Business gun that ground down.,manual,9.0,Robert Davis,,,Health,"['Science', 'Entertainment', 'Business & Finance', 'Sports', 'Politics']","PSC 5540, Box 4467
APO AP 76479",Turkey,sunday,2024-05-08,04:24:44,,10:13:59
EV182,Stand-alone empowering focus group,NACB,https://www.anderson.info/,Security business avoid hundred production.,auto,0.0,Timothy Dalton,,,Technology,"['Science', 'Health', 'Politics']","49438 Boyer Lodge Suite 417
West Juantown, TN 99724",Angola,monday,2024-06-17,04:04:13,2024-02-14,00:00:00
EV183,Polarized system-worthy intranet,lewis.net,http://smith.net/,Base center wonder million weight.,manual,0.0,Lisa Hess,,,Business & Finance,"['Sports', 'Health']","457 Janice Bypass Suite 712
New Michaelmouth, MS 04487",Vanuatu,thursday,2024-04-07,12:00:29,2024-03-02,14:26:55
EV184,Synergistic scalable access,heath-aguilar.biz,https://jackson.net/,Quite job half surface.,auto,94.0,Logan Jones,,,Politics,"['Science', 'Entertainment']","263 Kenneth Radial
Stantonchester, PR 27127",Armenia,sunday,2024-05-25,20:57:56,,00:00:00
EV185,Sharable interactive frame,NACB,http://white-castillo.net/,Step trade prepare general.,auto,0.0,Micheal Savage,,,Health,"['Business & Finance', 'Science', 'Entertainment']","928 Robert Roads
Harrellton, NJ 25424",Romania,saturday,2024-08-04,19:55:55,,21:24:12
EV186,De-engineered next generation protocol,jackson.biz,http://bowen.biz/,Firm participant thing draw south.,auto,44.0,Carol Miller,,,Politics,"['Science', 'Health', 'Technology', 'Entertainment']","204 Christopher Crescent
Hopkinsland, HI 62604",Syria,wednesday,2024-03-03,22:43:54,2024-07-01,00:00:00
EV187,Visionary disintermediate encoding,NACB,https://www.meyer.com/,Special upon resource treat I any line.,manual,0.0,Elizabeth Nielsen,,,Sports,"['Politics', 'Business & Finance', 'Technology']","719 Kathleen Pass
Bridgesville, MP 19600",Bhutan,saturday,2024-06-01,11:07:33,2024-02-07,15:47:42
EV188,Balanced empowering help-desk,NACB,https://davis.net/,Brother join each everybody ball article.,manual,0.0,Christopher Chavez,,,Politics,"['Entertainment', 'Politics']","6375 Patricia Ferry
Johnland, KS 73896",Ireland,sunday,2024-06-15,12:22:43,2024-08-04,00:00:00
EV189,Triple-buffered composite definition,roberts.com,http://www.andrews.com/,Most teacher knowledge different.,manual,68.0,Jackson Buck,,,Technology,"['Health', 'Politics']","68848 Flores Junction Apt. 284
Nelsonland, AS 94409",Norfolk Island,wednesday,2024-04-10,05:07:53,,10:30:55
EV190,Object-based bottom-line approach,NACB,https://thompson.com/,Try help news avoid meet knowledge.,manual,0.0,Tiffany Morrow,,,Entertainment,"['Technology', 'Politics', 'Entertainment']","7318 Collin Creek Apt. 084
Michellefort, NY 88620",Hong Kong S.A.R.,thursday,2024-06-26,15:22:48,2024-05-02,00:00:00
EV191,Multi-channeled zero tolerance open architecture,carpenter-hudson.biz,https://hawkins-patterson.com/,Then agree moment.,auto,53.0,Amanda Price,,,Science,"['Sports', 'Technology', 'Politics']","PSC 1704, Box 7180
APO AP 66306",Egypt,thursday,2024-03-20,18:45:26,2024-06-29,04:24:38
EV192,Innovative analyzing strategy,NACB,https://contreras-mcpherson.net/,Pressure past scene figure suddenly their.,auto,0.0,Angela Weaver,,,Entertainment,"['Science', 'Business & Finance', 'Entertainment']","65405 Edward Ridges
South Lauren, UT 30661",Northern Mariana Islands,wednesday,2024-04-23,09:25:09,2024-04-10,20:39:15
EV193,Team-oriented object-oriented standardization,brooks.net,https://www.beard-rodriguez.net/,Require must bank yet imagine big behavior.,auto,0.0,Dr. Linda Rodriguez DDS,,,Politics,"['Technology', 'Business & Finance', 'Entertainment', 'Health']","7081 Kristen Groves
Dalebury, SD 17428",Eritrea,saturday,2024-02-14,05:56:07,2024-04-16,00:00:00
EV194,Synergistic upward-trending neural-net,lawson-palmer.biz,https://garrett-sandoval.com/,Have these dog debate.,auto,0.0,Andrew Nunez,,,Technology,['Business & Finance'],"7341 Christina Landing Suite 212
Bryantside, OH 56989",Nepal,saturday,2024-03-14,02:08:46,,20:13:30
EV195,Profound multi-state analyzer,NACB,http://www.landry.com/,Use measure trouble give.,manual,0.0,James Martinez,,,Science,"['Sports', 'Entertainment', 'Technology', 'Politics', 'Business & Finance']","22469 Valentine Summit
Clarkeport, VI 48742",Denmark,wednesday,2024-04-09,10:19:26,,00:00:00
EV196,Quality-focused asynchronous neural-net,NACB,http://www.brown-johnson.com/,Place main any race sign who over.,auto,0.0,Charles Wilson,,,Politics,"['Business & Finance', 'Science', 'Sports', 'Health', 'Politics']","39764 Kelly Isle
Lake David, MO 81070",Guinea-Bissau,friday,2024-06-22,12:34:37,2024-02-10,04:37:20
EV197,Business-focused optimal neural-net,terrell.biz,http://www.bailey.biz/,Various drug seem old.,auto,0.0,Melissa Rivera,,,Health,"['Entertainment', 'Health']","332 Cameron Points Apt. 045
Geraldburgh, AL 90193",Nigeria,thursday,2024-05-17,22:47:29,2024-01-27,14:41:13
EV198,Reverse-engineered needs-based customer loyalty,krueger.com,http://www.cohen-gonzalez.biz/,Wear only seven.,manual,24.0,Samantha Arias,,,Sports,['Politics'],"922 Christopher Plaza
Matthewborough, ME 65859",Thailand,tuesday,2024-03-15,15:04:16,,04:57:58
EV199,Customer-focused uniform circuit,NACB,http://www.davies.org/,Actually movement blood American memory.,auto,49.0,Austin Mahoney,,,Entertainment,"['Politics', 'Technology', 'Health']","179 Fox Garden
Obrienside, LA 08226",Senegal,thursday,2024-06-14,17:42:36,2024-05-19,15:17:17
EV200,Automated reciprocal structure,white.com,http://www.garcia.com/,According head like assume present.,auto,0.0,David Wright,,,Technology,"['Business & Finance', 'Sports', 'Technology', 'Entertainment']","7944 Bradley Locks
Hannahtown, MO 91966",Eritrea,friday,2024-04-28,20:24:54,2024-06-29,00:00:00
EV201,Proactive modular toolset,NACB,https://www.stanton-wallace.com/,Small professional fear international ten deep.,manual,0.0,Joshua Turner,,,Science,"['Sports', 'Science']","USNS Kelly
FPO AE 81642",Niger,monday,2024-03-20,07:44:25,2024-07-28,00:00:00
EV202,Persevering national utilization,cooper.com,https://shelton-burke.com/,Half thousand body probably usually image.,manual,4.0,Jose James,,,Politics,['Sports'],"84918 Autumn Isle
West Krista, SC 79365",Argentina,saturday,2024-03-30,01:41:17,,00:00:00
EV203,Re-contextualized homogeneous customer loyalty,brown-shepherd.com,https://moore.com/,Pm business can Congress heavy.,manual,94.0,Scott Rivera,,,Technology,['Technology'],"822 Garrett Shore Suite 206
Shieldsfort, MN 01461",Seychelles,friday,2024-06-29,22:41:07,,00:00:00
EV204,Distributed fresh-thinking productivity,king-collins.com,https://www.douglas.biz/,Beyond decide include next since.,auto,0.0,Tammy Wood,,,Business & Finance,"['Entertainment', 'Sports', 'Technology', 'Health', 'Business & Finance']","1413 Schmidt Shores
Williamsborough, TX 85309",Bulgaria,tuesday,2024-05-29,00:43:03,,05:13:21
EV205,Visionary full-range policy,burns.com,http://www.webb-brown.com/,Believe against although.,manual,96.0,Penny Potter,,,Entertainment,"['Politics', 'Science']","8192 Cook Motorway Suite 914
South Dustin, MA 60942",French Southern Territories,saturday,2024-03-10,03:30:27,2024-04-08,05:08:47
EV206,Compatible needs-based artificial intelligence,mata.com,https://www.hebert-boyd.biz/,Commercial between watch begin lay none guess.,auto,0.0,William Benjamin,,,Health,"['Entertainment', 'Business & Finance', 'Technology']","0409 Elijah Islands
Kevinton, MA 57214",Italy,wednesday,2024-07-12,05:54:42,,17:42:45
EV207,Universal executive orchestration,watson.com,https://www.graham.com/,Girl meet can very break water whatever.,auto,45.0,Michelle Perez,,,Technology,"['Business & Finance', 'Entertainment', 'Technology']","PSC 9060, Box 3347
APO AP 09157",Norway,tuesday,2024-07-19,02:23:09,2024-07-22,00:00:00
EV208,Intuitive even-keeled superstructure,larson.net,https://martin.com/,Television kind goal story senior Democrat million safe.,auto,35.0,Holly Spence,,,Entertainment,['Science'],"949 Young Creek Apt. 966
Blanchardhaven, WA 63054",El Salvador,thursday,2024-05-07,03:50:42,,00:00:00
EV209,Ameliorated bifurcated projection,johnson.com,http://www.benson-dalton.com/,Federal sister organization still.,auto,0.0,Heather Castaneda,,,Technology,"['Entertainment', 'Politics', 'Health']","150 Rhodes Shores Suite 119
Melissachester, AL 60971",Congo,monday,2024-08-04,22:37:20,2024-02-27,21:58:35
EV210,Configurable upward-trending matrices,jackson.com,https://thomas.com/,Daughter because wish support chair mention during.,auto,5.0,Michael Murray,,,Technology,"['Health', 'Sports', 'Business & Finance', 'Politics']","96256 Campbell Ports
Brownmouth, AL 38713",Antigua and Barbuda,monday,2024-06-12,04:53:15,,00:00:00
EV211,Reverse-engineered scalable archive,NACB,http://hurst-smith.com/,Body help training test during season.,manual,0.0,Travis Sparks,,,Business & Finance,"['Politics', 'Health', 'Entertainment']","63235 Thompson Crescent
Port Thomashaven, MO 93016",El Salvador,friday,2024-05-09,12:34:05,,09:00:52
EV212,Multi-lateral attitude-oriented emulation,morales.org,https://smith.com/,Country space table cell truth.,manual,0.0,Lisa Goodwin,,,Entertainment,"['Technology', 'Health', 'Sports']","92052 Jones Inlet
South Mckenziefort, AZ 00758",Antigua and Barbuda,tuesday,2024-01-01,19:22:20,,01:44:09
EV213,Up-sized uniform task-force,reid.com,http://hunt.biz/,Thus head along dinner any.,auto,0.0,Dorothy Freeman,,,Health,"['Business & Finance', 'Entertainment', 'Politics']","99861 John Course
Port Justinmouth, OH 73956",Mali,friday,2024-01-25,13:10:24,2024-06-12,05:34:14
EV214,Enhanced coherent throughput,NACB,https://www.oneal.com/,Particular though discover.,manual,81.0,Katherine Morris,,,Sports,"['Politics', 'Health']","531 Martin Spring
Danielport, MT 98590",Aland Islands,saturday,2024-03-08,21:01:45,,17:28:15
EV215,Multi-tiered intangible core,singleton-edwards.org,http://www.young.biz/,Up serve anyone between degree.,auto,0.0,Francisco Young,,,Health,"['Science', 'Technology', 'Politics', 'Sports', 'Health']","51612 Rowland Tunnel Apt. 413
East Joshuatown, DE 26481",Mexico,sunday,2024-04-27,00:48:40,2024-02-28,04:08:04
EV216,Function-based regional intranet,NACB,http://malone-edwards.org/,Wear public peace product society.,manual,55.0,Tonya Young,,,Entertainment,"['Entertainment', 'Technology', 'Politics', 'Sports']","867 Kirk Valleys
Campbellton, GU 16307",Togo,wednesday,2024-02-19,18:15:21,2024-05-15,17:51:51
EV217,Cloned multimedia hierarchy,NACB,https://juarez-watson.com/,Than house suddenly.,auto,31.0,Lori Blankenship,,,Entertainment,['Science'],"590 Johnson Mountains
Brittanyfurt, DC 43870",Uzbekistan,tuesday,2024-04-21,21:03:39,,00:00:00
EV218,Reduced coherent Internet solution,campbell.net,http://www.hale.com/,Catch cost level time.,auto,78.0,Melissa Wilcox,,,Science,"['Health', 'Technology', 'Entertainment']","207 Ruiz Village
Schaeferhaven, NY 37993",Tanzania,saturday,2024-01-05,05:34:49,2024-04-01,11:34:09
EV219,Stand-alone static pricing structure,NACB,http://tucker.net/,System which paper go contain.,manual,0.0,Lacey Campbell,,,Politics,"['Health', 'Business & Finance', 'Entertainment', 'Technology', 'Sports']","41347 Veronica Corner
Robertsstad, LA 41004",Kyrgyzstan,friday,2024-06-17,19:32:14,2024-05-18,00:00:00
EV220,Universal content-based complexity,gonzalez.com,https://henderson.com/,Expect spend pressure.,manual,19.0,Sarah Norton,,,Science,"['Business & Finance', 'Sports', 'Health']","838 Jackson Fields Apt. 296
Ramosport, IL 94093",Cayman Islands,sunday,2024-08-04,20:48:54,,00:00:00
EV221,Cloned background software,jones.info,https://walker.com/,Drop three school bar also.,manual,67.0,Holly Morris,,,Technology,"['Health', 'Technology']","961 Michael Lakes Apt. 809
Michelleburgh, ND 98481",Congo,saturday,2024-05-02,14:55:14,2024-03-16,00:00:00
EV222,Focused foreground focus group,cantu.org,http://galvan.info/,Economic happy idea.,manual,0.0,George Gallegos,,,Entertainment,['Entertainment'],"3037 Thomas Mission Suite 336
Angelafurt, SD 21659",Colombia,tuesday,2024-04-21,19:45:32,2024-03-19,00:00:00
EV223,Face-to-face optimal capability,smith.biz,http://www.rodriguez.org/,Computer job Congress research occur.,manual,81.0,Richard Peters,,,Technology,"['Politics', 'Science', 'Technology']","26398 Jones Roads
East Patricia, NJ 54322",Austria,saturday,2024-03-10,04:23:24,,23:08:13
EV224,Organized directional software,NACB,http://www.park.com/,Success include including life allow us.,auto,0.0,Steven Brown,,,Entertainment,"['Business & Finance', 'Sports', 'Entertainment']","568 Debra Ridges
Singletonborough, AL 78811",Antigua and Barbuda,saturday,2024-07-29,20:13:31,,00:00:00
EV225,Robust national forecast,jones-jones.com,https://www.griffith.com/,Describe stand here ready sort ground where.,auto,0.0,Robert Patterson,,,Science,"['Technology', 'Science', 'Business & Finance']","813 Destiny Mission Apt. 864
Port Heatherton, NJ 19867",Nicaragua,sunday,2024-06-07,06:45:12,,00:00:00
EV226,Up-sized next generation customer loyalty,NACB,http://sanders.com/,Adult seem apply college nothing could put.,auto,38.0,Christopher Werner,,,Sports,"['Business & Finance', 'Science', 'Politics']","001 Vasquez Isle
East Connie, WA 64920",Honduras,tuesday,2024-03-11,01:59:04,,00:00:00
EV227,Triple-buffered web-enabled alliance,allen-moreno.info,https://stanley.com/,Read southern inside lawyer.,auto,0.0,David Shepherd,,,Science,"['Business & Finance', 'Politics', 'Sports', 'Health', 'Entertainment']","67069 Turner Springs Suite 821
Kellyborough, AK 62687",Saudi Arabia,saturday,2024-04-07,14:00:12,2024-01-04,15:26:51
EV228,Upgradable homogeneous superstructure,lang.com,https://www.edwards.biz/,Institution follow floor without know describe onto.,auto,0.0,Cameron Williams,,,Business & Finance,"['Entertainment', 'Science', 'Politics']","8652 Tiffany Glen Suite 032
Lake Jason, RI 25805",Cuba,friday,2024-01-10,01:52:35,,00:00:00
EV229,Cloned heuristic paradigm,NACB,https://benton.com/,Professional give economic.,auto,54.0,Monica Thompson,,,Politics,"['Science', 'Politics']","4950 Martinez Trafficway Suite 139
Brooksport, SC 65118",Switzerland,friday,2024-04-04,18:04:02,2024-03-22,00:00:00
EV230,Monitored bottom-line product,kennedy.org,http://hardy.org/,Charge administration else.,manual,73.0,Sarah Martinez,,,Health,"['Technology', 'Health', 'Politics']","98463 Jeff Tunnel
Lake Mallory, AL 42570",Somalia,thursday,2024-05-13,18:56:41,,00:00:00
EV231,Enhanced clear-thinking function,bailey.com,https://www.roth.net/,Already election food event study.,manual,46.0,Alexander Ortiz,,,Sports,"['Science', 'Technology', 'Politics', 'Entertainment', 'Sports']","0408 Laura Mountain Apt. 579
New Meganshire, IN 24752",Cayman Islands,monday,2024-06-02,14:49:43,2024-02-29,22:07:25
EV232,Open-architected intermediate moderator,meyer-harris.com,https://reyes-stewart.com/,Recognize simple here American.,manual,90.0,Matthew Taylor,,,Technology,['Science'],"61434 Justin Alley
Wattsstad, VI 24214",Paraguay,wednesday,2024-04-14,12:21:18,,08:36:16
EV233,Business-focused heuristic budgetary management,NACB,http://www.murphy.com/,Site number stand less ten.,auto,54.0,Michael Harrington,,,Technology,['Health'],"60412 Griffin Locks
Andersenmouth, NY 34672",Ecuador,saturday,2024-04-13,06:20:39,,13:29:19
EV234,Object-based local groupware,jones-foster.com,https://www.roberts-hendricks.biz/,Test government free station list.,auto,97.0,Mackenzie Ruiz,,,Technology,['Technology'],"9863 Amy View Apt. 441
Lake Sarah, FM 53403",Solomon Islands,thursday,2024-03-23,13:47:06,,05:06:33
EV235,Decentralized multi-state portal,NACB,http://glover.com/,Environmental with I anything.,auto,38.0,Emily Wilkerson,,,Business & Finance,"['Health', 'Entertainment', 'Politics', 'Sports', 'Technology']","454 Toni Ville Apt. 523
Port Thomas, UT 32270",Qatar,thursday,2024-07-23,01:11:04,,13:49:32
EV236,Ameliorated context-sensitive architecture,NACB,http://www.walker.net/,Simply feel choose recently.,manual,49.0,Emily Harrington,,,Health,"['Politics', 'Business & Finance']","906 Ferguson Street Suite 852
Robinsonstad, DE 02572",Yemen,monday,2024-01-14,20:03:50,2024-04-10,18:10:57
EV237,Diverse context-sensitive help-desk,ford-campbell.com,https://carroll.com/,Paper eight common environmental.,auto,0.0,Donald Turner,,,Business & Finance,"['Technology', 'Entertainment', 'Politics']","PSC 2643, Box 2375
APO AP 24597",Palestinian Territory Occupied,monday,2024-05-14,00:49:15,2024-07-19,13:19:53
EV238,Cross-platform even-keeled leverage,clark.com,https://www.harrington-buckley.com/,Race between chair since article explain team.,auto,0.0,Jennifer Thomas,,,Health,"['Health', 'Business & Finance', 'Science', 'Technology', 'Politics']","395 Miller Forges Apt. 852
Saraborough, MI 11714",Norway,friday,2024-02-13,21:00:24,2024-06-01,11:30:37
EV239,Devolved 4thgeneration array,manning.com,http://hall.com/,Physical somebody serve surface free.,auto,74.0,Jacob George,,,Politics,"['Technology', 'Sports', 'Entertainment', 'Politics']","2950 Patel Manors Suite 545
Mooreberg, AS 24415",Bangladesh,tuesday,2024-03-25,14:46:36,2024-04-15,00:00:00
EV240,Reduced scalable leverage,hunter.org,http://www.peterson.info/,Avoid left the hope.,manual,36.0,Tiffany Davidson,,,Business & Finance,"['Technology', 'Science', 'Politics', 'Entertainment']","48438 Tyler Spring
Davidton, OR 21714",Saint Kitts and Nevis,saturday,2024-02-29,10:10:38,,09:54:41
EV241,Synchronized fresh-thinking strategy,NACB,https://hardy-mathis.net/,Person seek actually information easy family town.,auto,98.0,Stephanie Rose,,,Technology,"['Business & Finance', 'Technology', 'Science', 'Entertainment', 'Health']","55538 Edward Lake Suite 993
North Vincent, FM 43187",Niger,monday,2024-01-05,07:08:14,,08:36:03
EV242,Function-based 6thgeneration analyzer,tanner-bonilla.biz,https://wong.com/,Ability decision time answer stand.,manual,85.0,Tyrone Clark,,,Business & Finance,['Sports'],"Unit 8658 Box 4026
DPO AP 73209",Slovenia,friday,2024-01-20,17:14:12,,00:00:00
EV243,Polarized dynamic circuit,ward-morales.com,https://mccoy-flores.com/,Imagine stay community focus hot charge.,auto,0.0,Christopher Morris,,,Politics,"['Science', 'Technology']","898 Owen Neck
Adrianchester, NJ 87852",Denmark,monday,2024-05-21,06:58:58,2024-07-27,06:21:59
EV244,Open-architected dynamic installation,williams.com,http://www.romero.com/,Single reach thousand stuff impact.,auto,0.0,Robert Mcdaniel,,,Entertainment,"['Politics', 'Technology', 'Sports', 'Entertainment']","53617 Nicholas Mountain Apt. 518
Aguirreport, DC 03622",Gambia The,thursday,2024-02-12,21:44:28,2024-01-21,00:00:00
EV245,Proactive neutral analyzer,NACB,http://rogers.com/,Sometimes point of general production.,manual,15.0,Ashley Walker,,,Business & Finance,"['Science', 'Politics', 'Technology']","PSC 2113, Box 8683
APO AA 82540",Ghana,monday,2024-02-20,10:16:13,,00:00:00
EV246,Ameliorated multimedia parallelism,NACB,https://brown.com/,Allow about specific explain do cell large.,manual,51.0,Nathaniel Rogers,,,Politics,['Technology'],"78402 Laura Fort
Brianbury, NV 43740",Samoa,saturday,2024-04-08,10:19:54,2024-02-05,00:00:00
EV247,Profit-focused exuding Internet solution,kim.info,http://randolph-rodriguez.net/,Newspaper less feeling state cultural world.,manual,49.0,Jonathan Barnes,,,Technology,['Entertainment'],"25196 Robert Mall
South Tonyachester, SD 00620",Saint Helena,sunday,2024-05-08,10:13:20,,01:26:53
EV248,Expanded non-volatile installation,NACB,http://ramos.biz/,Federal type billion factor.,manual,0.0,Sarah Jones,,,Technology,['Business & Finance'],"96344 Kenneth Islands Apt. 946
Pearsonfort, OR 12587",Botswana,tuesday,2024-02-25,16:13:22,2024-06-05,07:57:28
EV249,Robust leadingedge array,NACB,http://bailey.info/,Upon sort travel film happy responsibility their.,manual,63.0,Rhonda Green,,,Sports,['Technology'],"28379 Castillo Pines
Johntown, IA 59664",Guatemala,monday,2024-04-15,09:40:15,2024-05-21,18:52:37
EV250,Realigned multi-tasking superstructure,bauer.com,https://www.adams.com/,People enter real they.,manual,81.0,Shawn Hayes,,,Science,['Politics'],"259 Doris Highway Apt. 923
South Brandimouth, WA 78459",Barbados,wednesday,2024-06-09,23:58:13,2024-04-19,00:00:00
EV251,Organic motivating capacity,wyatt-klein.com,http://craig.biz/,Strategy put offer method.,manual,0.0,Geoffrey Peck,,,Politics,['Politics'],"06086 Sweeney Isle
Port Alexanderberg, AR 72764",Grenada,thursday,2024-06-02,01:36:45,2024-02-12,17:33:21
EV252,Managed secondary function,johnson.com,https://webb.net/,Audience take study improve spend.,auto,74.0,Laura Miller,,,Health,"['Entertainment', 'Technology', 'Business & Finance', 'Politics']","76314 Allison Tunnel Suite 773
Burnetthaven, MN 53310",Mexico,tuesday,2024-02-20,16:53:37,,00:00:00
EV253,Cloned context-sensitive encryption,torres.biz,http://rivers.com/,Social culture several commercial including tell central.,manual,51.0,Sharon Davis,,,Health,"['Health', 'Business & Finance', 'Sports', 'Politics', 'Science']","Unit 6042 Box 7689
DPO AE 31954",Azerbaijan,thursday,2024-04-03,12:49:32,,04:41:19
EV254,Polarized zero administration system engine,shea.com,https://peters.com/,Song power approach piece wonder practice figure.,manual,0.0,Dr. Tammy Williams,,,Science,"['Technology', 'Health']","25565 Myers Harbor
East Amy, IL 80015",Guatemala,friday,2024-01-18,13:16:12,2024-01-02,06:25:43
EV255,Advanced regional data-warehouse,NACB,https://jones.com/,Grow third increase expect create.,auto,0.0,Catherine Liu,,,Science,"['Technology', 'Entertainment', 'Sports']","4438 Lee Corner Apt. 605
Port Cynthiaview, UT 65131",Niger,friday,2024-01-24,03:48:42,,00:00:00
EV256,Compatible well-modulated approach,NACB,https://www.parrish.com/,Guess sport analysis process question bit.,manual,28.0,Lance Juarez,,,Politics,"['Business & Finance', 'Entertainment', 'Health']","29290 Mitchell Cliff Apt. 732
Shannonport, SD 82625",Marshall Islands,saturday,2024-03-17,07:25:50,2024-03-16,00:00:00
EV257,Sharable static help-desk,stein.com,https://www.sandoval.com/,See return bad do.,auto,13.0,Charles Brown,,,Sports,"['Science', 'Politics', 'Business & Finance']","489 Miller Estates Apt. 638
Christinebury, WI 82581",Qatar,tuesday,2024-06-17,11:37:05,2024-03-13,00:00:00
EV258,Reduced radical synergy,NACB,http://www.conrad-scott.com/,Current surface very.,manual,0.0,Charles Mcbride,,,Entertainment,['Politics'],"8035 Taylor Viaduct
North Brian, PW 53310",Czech Republic,thursday,2024-05-22,05:36:10,2024-07-05,00:00:00
EV259,Re-engineered logistical approach,lane.com,http://www.harvey-carr.com/,Politics until sound pass happen.,manual,0.0,Cassandra Ramirez,,,Science,"['Sports', 'Entertainment', 'Politics', 'Science']","3356 Christina Walks
Nathanielview, MH 01637",Norway,wednesday,2024-07-20,11:02:42,2024-04-09,14:53:29
EV260,Re-contextualized optimizing moratorium,stevenson.org,http://www.dixon.com/,Ago image doctor back.,auto,8.0,Joshua Wolf,,,Science,"['Business & Finance', 'Entertainment']","3775 Harrison Skyway
New Harryport, IN 33251",Honduras,friday,2024-04-25,14:21:40,2024-05-31,00:00:00
EV261,Reactive interactive support,NACB,https://wagner-allen.net/,Itself need simply Mr international be bring town.,auto,0.0,Lauren Harris,,,Science,"['Sports', 'Entertainment', 'Technology', 'Health', 'Politics']","979 Olson Lock Apt. 388
Nelsonton, AZ 52883",Sweden,saturday,2024-03-14,10:42:50,,00:00:00
EV262,Profit-focused 6thgeneration framework,lee.com,https://fuller.com/,Start heart push.,manual,0.0,Tonya Carter,,,Health,"['Science', 'Sports']","8527 Farley Extensions
Dustinton, DE 21415",Mayotte,sunday,2024-06-29,23:32:20,,05:30:26
EV263,Multi-tiered systematic secured line,mason-young.com,https://www.carter-arnold.info/,Federal rule on different of tough.,manual,69.0,Kiara Conner,,,Health,"['Health', 'Politics']","696 Deanna Way
Lake Russellport, FL 00697",Syria,monday,2024-04-08,05:21:29,2024-02-02,18:18:37
EV264,Grass-roots heuristic focus group,NACB,http://garcia.org/,Form option social student owner become information economic.,auto,0.0,Marissa Boyd,,,Science,"['Science', 'Entertainment', 'Technology', 'Sports']","Unit 1959 Box 9974
DPO AE 36113",Colombia,monday,2024-01-20,19:05:48,,15:29:45
EV265,Balanced reciprocal migration,maldonado.biz,http://adkins-bass.com/,Politics land doctor rise when guess.,manual,8.0,Carla Black,,,Health,"['Technology', 'Health', 'Science', 'Sports', 'Politics']","7651 Jackson Village Apt. 022
South Michaeltown, VI 68297",Nigeria,thursday,2024-06-13,10:52:12,,03:34:37
EV266,Open-source bi-directional emulation,NACB,https://gonzales.com/,Create work thing far.,auto,63.0,Thomas Powell,,,Entertainment,['Sports'],"4472 Scott Cape
Port Stephenview, ND 42014",Germany,sunday,2024-07-03,14:54:23,2024-03-11,19:21:18
EV267,Future-proofed systemic support,parker-johnson.com,http://www.bautista-williams.com/,Dog red toward push thousand until sit.,manual,0.0,Courtney Howard,,,Technology,"['Entertainment', 'Politics', 'Science', 'Technology']","125 Paul Plaza
Lake Amy, NV 07388",Malawi,tuesday,2024-05-17,06:14:34,2024-03-05,00:00:00
EV268,Realigned web-enabled Graphic Interface,drake.biz,http://clark.com/,Return expert amount crime.,manual,72.0,Mr. Jeffrey Sims,,,Technology,"['Business & Finance', 'Technology', 'Health']","476 Jay Field
Karenberg, IN 35212",Reunion,saturday,2024-04-08,01:46:47,,00:00:00
EV269,Exclusive neutral adapter,NACB,http://www.bryant.com/,Wait coach beat explain audience marriage through according.,auto,89.0,Brent Dorsey,,,Health,"['Sports', 'Technology', 'Politics', 'Science']","9933 Bonilla Isle
South Stephen, RI 82166",Kyrgyzstan,wednesday,2024-06-01,12:10:31,2024-06-29,00:00:00
EV270,Profit-focused regional groupware,NACB,http://www.lee-johnson.org/,Relationship gun place like long serious.,auto,6.0,Matthew Fox,,,Politics,['Business & Finance'],"805 Thompson Estates Apt. 895
Huffmanhaven, KY 98484",Chad,friday,2024-03-11,15:43:58,2024-04-04,13:36:34
EV271,Balanced multimedia initiative,NACB,http://hughes-cunningham.com/,Research guy everyone compare service.,auto,0.0,Kevin Reilly,,,Politics,"['Health', 'Science']","818 Leah Villages
Lopezburgh, FL 07282",Saint Helena,friday,2024-01-17,06:56:03,,00:00:00
EV272,Progressive actuating hierarchy,mcmillan.info,https://huff.com/,Six energy car year development subject.,auto,0.0,Dr. Dean Preston,,,Health,"['Health', 'Business & Finance', 'Politics']","14023 Leonard Motorway
Markfort, WY 92428",Saint-Martin (French part),friday,2024-07-06,11:31:18,2024-06-04,19:23:10
EV273,Re-engineered national focus group,bell.info,https://myers.com/,Moment writer office skin heart.,manual,37.0,Cole Hall,,,Entertainment,"['Health', 'Sports', 'Technology']","4944 Beck Views
Swansonfort, PW 69457",United States,wednesday,2024-01-17,21:16:31,2024-04-21,00:00:00
EV274,Grass-roots bi-directional conglomeration,peck.com,http://phillips.com/,Test military respond interest sometimes allow.,auto,0.0,Lisa Mitchell,,,Business & Finance,"['Health', 'Science']","1601 Thomas Drive Apt. 079
Allenmouth, VT 04014",Vietnam,wednesday,2024-03-19,14:13:26,,00:00:00
EV275,Persevering content-based process improvement,taylor-clayton.com,https://www.cabrera-cruz.com/,Late he out often type.,auto,77.0,David Myers,,,Entertainment,"['Technology', 'Politics', 'Business & Finance', 'Health', 'Entertainment']","45772 Farmer Ferry
East Erin, MS 58315",French Southern Territories,friday,2024-04-02,18:42:19,,00:00:00
EV276,User-friendly radical neural-net,NACB,http://www.smith.com/,Become truth professor majority character.,manual,0.0,Nicholas Fernandez,,,Technology,"['Entertainment', 'Technology']","262 Martinez Well Apt. 589
Melissaberg, GU 02860",Uruguay,sunday,2024-05-12,10:58:14,2024-02-26,20:44:33
EV277,Configurable incremental adapter,peterson.com,http://www.miller-rush.info/,Region sign avoid region charge painting.,manual,84.0,Roy Hanson,,,Health,"['Politics', 'Health', 'Entertainment', 'Science']","314 Jean Viaduct Apt. 104
Lake Michelemouth, DE 19679",Spain,friday,2024-01-06,18:15:52,2024-04-20,00:00:00
EV278,Devolved demand-driven frame,NACB,http://www.jones.org/,Event various agency activity.,manual,11.0,Sylvia Wood,,,Sports,"['Science', 'Politics', 'Technology', 'Entertainment', 'Sports']","2861 Amanda Curve
Bryanmouth, CT 78731",Sierra Leone,thursday,2024-06-22,23:13:05,2024-05-08,11:34:21
EV279,Diverse asynchronous attitude,hart.biz,https://www.ramirez-nelson.biz/,Enter when turn.,manual,0.0,Albert Myers,,,Entertainment,"['Politics', 'Science']","1648 Anderson Stravenue Suite 572
West Jeanetteview, PA 91594",Seychelles,wednesday,2024-03-20,11:53:18,2024-04-24,00:00:00
EV280,Streamlined even-keeled hierarchy,wade.info,https://curtis.net/,Though unit protect occur wear run focus.,auto,83.0,Nathan Robertson,,,Business & Finance,"['Technology', 'Science', 'Business & Finance', 'Entertainment']","019 Martha Inlet Suite 269
Christopherberg, GU 45845",Iceland,monday,2024-01-18,21:08:09,,00:00:00
EV281,Secured discrete forecast,NACB,http://schwartz.biz/,Keep begin before.,auto,2.0,Daniel Arnold,,,Business & Finance,"['Business & Finance', 'Science', 'Entertainment']","732 Collins Keys Apt. 776
East Lisa, OR 28019",Uzbekistan,thursday,2024-01-07,22:44:51,2024-07-21,15:50:37
EV282,Optional multi-state forecast,NACB,http://weeks-norton.com/,Baby move one up bring.,auto,0.0,Ashley Rojas,,,Politics,"['Technology', 'Business & Finance']","3484 Gibson Squares
Peterport, PA 32487",Austria,saturday,2024-04-13,10:25:39,2024-08-03,21:59:54
EV283,Mandatory executive model,NACB,https://www.washington.com/,Side check picture would situation finally huge.,auto,99.0,Christopher Arnold,,,Business & Finance,['Science'],"93637 Charles Walk
Blackberg, VI 90334",Timor-Leste,wednesday,2024-05-10,09:36:46,2024-05-31,06:50:11
EV284,Implemented hybrid circuit,bush-robinson.org,https://johnson.com/,Within side travel skill company water ground.,auto,0.0,Kimberly Davis,,,Science,['Health'],"73432 Mcgee Isle
Tylerfort, PW 40931",Senegal,wednesday,2024-06-06,23:44:43,2024-03-26,20:35:48
EV285,Multi-tiered systemic forecast,glover.com,http://aguirre.com/,Body oil picture nor fine tend.,auto,82.0,Sheila Brown,,,Entertainment,"['Technology', 'Sports', 'Business & Finance', 'Science', 'Politics']","Unit 8309 Box 0994
DPO AP 04472",Palestinian Territory Occupied,tuesday,2024-02-04,14:54:42,2024-03-04,19:51:29
EV286,Profound tertiary model,meyer.com,http://www.hall.net/,Prevent identify exactly hit way thus official.,manual,93.0,Jeffrey Wolf,,,Politics,"['Business & Finance', 'Technology', 'Science']","7852 Morris Brooks Apt. 854
Tammybury, NV 73116",Puerto Rico,sunday,2024-08-04,01:56:06,2024-04-19,00:00:00
EV287,Persevering needs-based project,NACB,https://dodson-obrien.org/,White alone nation hair.,manual,21.0,Jamie Jackson,,,Politics,"['Technology', 'Entertainment', 'Science']","PSC 6687, Box 6469
APO AP 55213",Albania,wednesday,2024-06-18,02:14:19,,00:00:00
EV288,Innovative composite archive,NACB,https://www.smith.com/,Risk anyone lose defense office quite.,manual,0.0,Michelle King,,,Science,"['Health', 'Sports']","8348 Gordon Island
Johnberg, IL 62016",Marshall Islands,sunday,2024-01-24,03:05:05,,00:00:00
EV289,Synchronized empowering synergy,NACB,http://www.ross.org/,Exist better once.,auto,0.0,Samantha Henson,,,Politics,"['Technology', 'Entertainment', 'Health', 'Business & Finance', 'Science']","804 Sarah Rue
Lake Kimberlyland, CA 33355",Guernsey and Alderney,monday,2024-03-08,23:28:13,,18:30:31
EV290,Phased upward-trending data-warehouse,NACB,https://suarez.info/,Debate build hotel model fish life.,auto,77.0,Melissa Padilla,,,Science,"['Entertainment', 'Science']","529 Scott Street Suite 159
Port Lindsay, NC 17736",Laos,saturday,2024-04-12,18:25:37,,00:00:00
EV291,Open-architected stable Graphical User Interface,crawford-valdez.com,https://www.moreno-acevedo.com/,Turn decade environment hair might.,auto,60.0,Wayne Martinez,,,Health,"['Health', 'Technology', 'Science', 'Entertainment']","444 Wise Island Suite 803
North Coreymouth, DC 26854",Niue,tuesday,2024-06-10,01:30:36,,23:43:34
EV292,Cross-platform contextually-based challenge,vargas.biz,http://www.scott-oliver.biz/,Defense best anything protect herself.,auto,84.0,Timothy Williams,,,Technology,"['Politics', 'Business & Finance']","856 Tracy Port
Gilmoreland, WI 58324",Mongolia,tuesday,2024-06-12,15:02:05,,00:00:00
EV293,Vision-oriented cohesive analyzer,NACB,http://www.paul.com/,Blue eye generation to Mrs majority real hope.,auto,91.0,Angel Martinez,,,Science,"['Politics', 'Sports', 'Health', 'Science']","Unit 4283 Box 7483
DPO AA 94198",Sint Maarten (Dutch part),monday,2024-04-10,11:39:53,2024-05-22,00:00:00
EV294,Up-sized cohesive interface,robinson-mclaughlin.com,http://www.peters.com/,Area color against adult.,manual,0.0,Annette Bryant,,,Entertainment,"['Science', 'Business & Finance', 'Sports', 'Technology']","398 Anderson Greens Apt. 347
Alvarezview, OH 97961",Bosnia and Herzegovina,tuesday,2024-04-29,08:49:38,2024-06-24,19:04:36
EV295,Digitized full-range alliance,rodriguez.net,https://gutierrez.com/,Any brother under step him pattern.,auto,0.0,Sarah Williams,,,Technology,"['Science', 'Business & Finance', 'Politics', 'Sports']","251 Williams Course Apt. 996
Johnsonside, KS 28878",Antarctica,monday,2024-06-23,08:16:22,2024-07-30,12:50:01
EV296,Optional client-server matrices,silva.biz,https://alvarez-davis.com/,Well lay system indeed instead.,manual,0.0,David Brown,,,Science,"['Science', 'Politics', 'Entertainment', 'Technology', 'Sports']","48061 Martinez Inlet Apt. 324
Lake Thomasburgh, DC 67947",New Caledonia,saturday,2024-04-06,09:57:17,2024-08-02,00:00:00
EV297,Operative object-oriented forecast,clark.com,http://montgomery.com/,Buy mention yourself participant policy effort.,manual,0.0,Christina Gregory,,,Business & Finance,"['Technology', 'Entertainment', 'Health', 'Science', 'Politics']","940 Melissa Terrace Suite 887
Joshuaville, PA 21837",Belgium,friday,2024-04-21,12:27:20,,00:00:00
EV298,Reduced national analyzer,NACB,http://www.haynes-clark.net/,Everything understand just game ability audience dinner.,auto,1.0,Nicole Kelly,,,Health,['Technology'],"24027 Alexandra Lake Apt. 780
North Johnmouth, PA 35839",Norway,monday,2024-06-19,02:48:42,,20:41:15
EV299,Customizable impactful matrix,arnold.com,http://www.ortiz.com/,Him help general wonder name great.,auto,0.0,Rebekah Wilkerson,,,Business & Finance,['Entertainment'],"PSC 6437, Box 7506
APO AA 20141",Israel,friday,2024-01-28,09:34:45,,15:56:41
EV300,Decentralized tertiary hardware,blair-lopez.com,http://brown.info/,When hope prevent assume.,manual,78.0,Anthony Davis,,,Politics,"['Science', 'Sports', 'Entertainment']","Unit 3840 Box 6926
DPO AE 65252",Kosovo,sunday,2024-01-30,08:29:11,2024-04-05,18:43:12
EV301,Cross-group 24/7 service-desk,NACB,https://middleton.com/,Student early drive woman than sing evening.,manual,43.0,Daniel Jacobson,,,Business & Finance,"['Health', 'Sports', 'Entertainment', 'Politics']","558 Kyle Ridges Suite 495
Kevinport, OH 37610",Gabon,monday,2024-03-14,06:59:41,,00:00:00
EV302,Programmable motivating standardization,NACB,http://brewer-berry.com/,House manager bring owner billion moment.,auto,73.0,Kimberly Terry,,,Entertainment,"['Business & Finance', 'Science']","707 Thompson Hollow Apt. 375
North Ericton, OR 00973",Algeria,wednesday,2024-03-20,18:35:03,2024-07-30,00:00:00
EV303,Fundamental coherent structure,NACB,https://robbins-riddle.org/,Trip field stage country ask much food.,manual,93.0,Andrea Ford,,,Entertainment,"['Science', 'Entertainment']","7996 Cuevas Roads Suite 860
Mariaton, GA 80065",France,thursday,2024-05-08,10:18:46,,00:00:00
EV304,Seamless static moderator,NACB,http://www.barr.com/,American onto radio detail concern foreign.,auto,44.0,Daniel Taylor,,,Business & Finance,['Entertainment'],"40167 Anderson Greens Apt. 390
Jefferyshire, RI 50243",Slovakia,monday,2024-06-12,23:08:30,2024-02-02,00:00:00
EV305,Reduced clear-thinking leverage,NACB,https://olson.biz/,Upon increase candidate in quality.,auto,0.0,Nicholas Gonzales,,,Politics,"['Health', 'Sports', 'Science', 'Technology', 'Politics']","74752 Rose Canyon
Jacksonbury, WI 00985",Kuwait,wednesday,2024-02-10,10:15:26,2024-04-18,16:09:15
EV306,Switchable bifurcated core,NACB,https://blackburn.com/,Candidate maybe strong these help above question.,manual,32.0,Matthew Carlson,,,Politics,"['Politics', 'Health', 'Business & Finance', 'Sports', 'Entertainment']","6381 Kristina Spurs
Williamschester, AZ 41495",Tanzania,saturday,2024-06-01,03:37:18,,00:00:00
EV307,Reverse-engineered zero tolerance throughput,NACB,https://www.coleman.com/,Under maybe every less fish general.,auto,80.0,Kimberly Dawson,,,Sports,['Science'],"898 Parks Plains Apt. 481
West James, AK 61254",Georgia,monday,2024-01-04,01:08:17,,03:07:21
EV308,Grass-roots solution-oriented utilization,NACB,https://bishop.biz/,Majority because story economic end page.,auto,64.0,Michelle Mendoza,,,Science,['Politics'],"4770 Hurst Island
North Cristian, AR 88618",Tanzania,wednesday,2024-06-26,08:11:20,2024-07-18,00:00:00
EV309,Object-based discrete moratorium,boyer.com,https://bradley.com/,Let around son medical game.,manual,25.0,Alexander Mitchell,,,Sports,"['Science', 'Politics', 'Business & Finance', 'Health', 'Technology']","7349 Carrie Dale Suite 418
Clarkport, MN 56947",Timor-Leste,wednesday,2024-04-25,23:54:22,,19:54:41
EV310,Implemented reciprocal system engine,krueger.com,http://www.owens-bell.biz/,Form attorney place charge.,auto,48.0,Alejandra Rogers,,,Entertainment,"['Science', 'Politics', 'Business & Finance', 'Health', 'Sports']","2977 Kennedy Burg
South Jeffrey, ID 95456",Dominican Republic,thursday,2024-01-29,04:33:21,,00:00:00
EV311,Reverse-engineered didactic protocol,NACB,http://www.patterson-graves.com/,Red could team.,auto,87.0,Caleb Porter,,,Technology,['Health'],"935 Nguyen Dam Apt. 084
Toddmouth, NV 24236",Palau,thursday,2024-03-14,18:03:09,2024-04-08,00:00:00
EV312,Robust zero administration methodology,NACB,https://lopez.biz/,Perform PM second check eat seven.,manual,51.0,Kathy Moore,,,Science,"['Politics', 'Sports']","USS Walsh
FPO AE 70129",Moldova,monday,2024-04-12,01:35:27,2024-06-14,00:00:00
EV313,Customer-focused mobile initiative,NACB,http://www.walsh.info/,Brother seat short herself.,auto,0.0,Teresa Gallagher,,,Politics,"['Health', 'Science', 'Politics', 'Technology', 'Business & Finance']","USCGC Nicholson
FPO AP 80577",Turkey,wednesday,2024-07-06,16:15:41,2024-02-21,00:00:00
EV314,Fully-configurable 4thgeneration system engine,holt.com,http://cole.info/,Charge house us write senior young.,auto,0.0,Lee Gutierrez,,,Health,"['Science', 'Business & Finance', 'Technology', 'Sports', 'Health']","485 Hughes Spring Suite 690
Heidifort, MN 52553",Cyprus,thursday,2024-05-23,08:00:02,,00:00:00
EV315,Re-contextualized homogeneous instruction set,davis.org,https://hardy-barnett.net/,Market without station.,manual,0.0,Paul Johnston,,,Technology,"['Politics', 'Health', 'Entertainment']","2366 Charles Extension
Jennachester, CO 52738",Lithuania,friday,2024-06-30,08:33:25,2024-03-01,22:14:29
EV316,Reduced fresh-thinking website,NACB,http://www.jones.com/,Pretty fill might on.,manual,0.0,Theresa Porter,,,Politics,"['Science', 'Health', 'Politics']","093 Mikayla Glen
Michealtown, WI 84336",Man (Isle of),tuesday,2024-07-03,08:14:06,2024-04-05,05:52:03
EV317,Monitored regional hardware,thomas.info,https://davenport.com/,With speech popular medical public decade.,auto,19.0,Bridget Walsh,,,Technology,"['Sports', 'Health', 'Entertainment']","0892 Kathleen Forks
West Omarbury, VA 09270",Marshall Islands,sunday,2024-01-13,12:21:49,,07:27:07
EV318,Focused discrete function,wilson.net,https://www.roberts-melendez.com/,Together computer next hair clear laugh again.,auto,0.0,Michael Brown,,,Entertainment,['Science'],"3008 Welch Heights Apt. 314
North Dianafurt, MD 93926",Guinea-Bissau,saturday,2024-04-06,22:14:45,,05:14:23
EV319,Self-enabling explicit artificial intelligence,NACB,http://parks.com/,Ago require attention little chair style well.,manual,0.0,Christine Mcdowell,,,Business & Finance,"['Health', 'Science', 'Business & Finance', 'Entertainment', 'Sports']","8971 Ortiz Squares Apt. 951
Morganchester, TN 10346",Bahrain,thursday,2024-04-25,07:45:35,2024-05-11,03:12:03
EV320,Synergized leadingedge encryption,NACB,http://davis.org/,Support move kid some face with significant.,manual,58.0,Ashley Bryant,,,Sports,['Business & Finance'],"3157 Black Green
Port Richardport, SC 95002",Micronesia,saturday,2024-05-03,02:30:02,,00:00:00
EV321,Reverse-engineered full-range functionalities,NACB,http://oconnor-cox.net/,Still author them fact carry about.,auto,0.0,Crystal Owens,,,Business & Finance,"['Entertainment', 'Sports', 'Technology', 'Politics']","0539 Whitney Motorway
New Rhondaton, VA 50094",Yemen,friday,2024-01-28,17:16:41,2024-05-05,00:00:00
EV322,Diverse holistic middleware,NACB,http://salazar.com/,Positive card majority assume goal kid.,auto,78.0,Scott Benson,,,Science,"['Sports', 'Health']","739 Roy Lakes Apt. 900
East Madisonville, KS 24016",United States Minor Outlying Islands,saturday,2024-02-21,07:32:51,2024-01-16,20:13:34
EV323,Customer-focused multi-tasking Graphic Interface,roth-stuart.com,http://www.huff.com/,Lay enter what market authority especially.,manual,39.0,Tina Armstrong,,,Business & Finance,['Sports'],"19709 Jason Branch
Nicholasmouth, GU 43080",Haiti,monday,2024-04-27,07:58:49,,09:12:30
EV324,Enterprise-wide content-based alliance,NACB,https://mendez.org/,Maintain who walk appear life true.,manual,0.0,Aaron Jones,,,Technology,"['Health', 'Entertainment', 'Science']","6153 Perez Plains
Lake Debra, ID 97838",Guam,wednesday,2024-02-17,20:27:50,,00:00:00
EV325,Ergonomic reciprocal system engine,NACB,http://www.johnson.com/,Him adult truth state family.,auto,20.0,Timothy Walker,,,Technology,['Business & Finance'],"1744 Crawford Roads
North David, SD 44839",Saint Pierre and Miquelon,wednesday,2024-01-02,09:12:34,,07:05:46
EV326,Progressive 24hour monitoring,houston.org,https://www.sullivan.biz/,Mind so simple I in.,manual,63.0,Willie Davis,,,Sports,"['Science', 'Politics', 'Technology']","9028 Michael Hills
Maxwellfurt, VI 30112",Luxembourg,monday,2024-06-24,00:12:52,2024-07-26,10:52:51
EV327,Expanded attitude-oriented paradigm,miller-jones.com,https://www.james-olson.com/,Relate capital lot next send.,manual,0.0,Edward White,,,Technology,"['Health', 'Politics', 'Science']","163 Howard Tunnel
Mollyberg, NJ 31731",Ethiopia,friday,2024-01-17,07:26:15,,15:05:38
EV328,Switchable zero administration Local Area Network,NACB,https://dickerson.com/,Tv book care lead effect lay.,auto,89.0,Kristin Nelson,,,Business & Finance,"['Business & Finance', 'Entertainment', 'Politics', 'Science', 'Sports']","059 Adrienne Pines
North Ian, CO 16612",Saint-Barthelemy,friday,2024-02-17,18:24:52,,00:00:00
EV329,Switchable tangible knowledgebase,NACB,http://www.shepard.com/,Stay role whatever ask six actually.,manual,42.0,Brian Burke,,,Health,"['Entertainment', 'Politics', 'Science', 'Sports', 'Technology']","2058 Fitzpatrick Parks
Lake Tylerview, AS 43338",Hong Kong S.A.R.,friday,2024-02-07,15:55:51,,00:00:00
EV330,Compatible local policy,NACB,https://www.taylor.com/,Letter heavy energy from produce consider chance large.,manual,46.0,John Skinner,,,Science,"['Entertainment', 'Sports', 'Health', 'Science']","34511 Solomon Greens Apt. 868
Cynthiaberg, ND 83863",Jordan,sunday,2024-01-24,07:44:32,,23:17:27
EV331,Realigned content-based knowledgebase,NACB,https://miller-stewart.com/,Natural cut financial cultural magazine similar.,auto,32.0,Emily Taylor,,,Technology,"['Business & Finance', 'Health', 'Technology', 'Politics', 'Science']","994 Peter Oval Apt. 890
Port Keithborough, IA 83282",Zambia,tuesday,2024-07-12,21:00:42,2024-05-09,00:00:00
EV332,Enhanced cohesive model,NACB,https://www.morales.org/,Former trip its color measure build allow.,auto,7.0,Logan Hendricks,,,Entertainment,['Sports'],"046 Powers Oval
Anthonyborough, CA 11179",Andorra,friday,2024-02-05,21:28:00,,01:13:05
EV333,Inverse value-added Local Area Network,NACB,https://www.baker.com/,Spend especially special leave break among.,manual,46.0,Brandon Smith,,,Science,"['Entertainment', 'Politics']","736 Andersen Trail Suite 930
Westside, AL 37976",Moldova,friday,2024-07-22,03:07:04,2024-05-19,00:00:00
EV334,Centralized demand-driven flexibility,NACB,http://www.church.org/,Suggest area people pattern security oil allow.,auto,0.0,Jessica Taylor,,,Business & Finance,['Science'],"78259 King Pass
East Seanville, KY 21102",Canada,thursday,2024-06-27,09:33:50,2024-04-12,07:13:33
EV335,Reverse-engineered foreground emulation,NACB,http://www.huerta.com/,Between if second toward example official bad threat.,manual,0.0,Cynthia Ellis,,,Sports,"['Sports', 'Entertainment', 'Politics']","31797 Shannon Street Apt. 619
Fitzgeraldstad, TN 40271",Haiti,thursday,2024-03-09,21:01:52,2024-02-01,10:21:19
EV336,De-engineered foreground capacity,NACB,https://harper.info/,Tree animal professional region case significant.,auto,0.0,Katherine Bautista,,,Business & Finance,"['Technology', 'Sports']","585 Stanley Green Apt. 306
Port Alicia, WY 67704",Vatican City State (Holy See),wednesday,2024-04-30,19:35:15,,01:33:48
EV337,Configurable high-level flexibility,NACB,http://banks-mccoy.com/,Choose interview between inside group her hear.,manual,0.0,Sylvia Mills,,,Health,"['Technology', 'Health', 'Entertainment', 'Science', 'Politics']","31823 Ashley Greens Suite 135
Martinstad, CA 98373",Norfolk Island,wednesday,2024-05-27,23:12:37,2024-06-14,00:00:00
EV338,User-centric context-sensitive benchmark,NACB,https://wilson.com/,May room thank understand.,auto,19.0,Brent Henderson,,,Entertainment,"['Science', 'Entertainment', 'Business & Finance', 'Health']","1690 Walker Overpass Apt. 021
Ryanburgh, DE 43958",Syria,friday,2024-06-08,02:59:37,,12:35:49
EV339,Horizontal local orchestration,terrell.com,http://www.bell.info/,Wonder everything wall painting establish.,auto,0.0,Sabrina Boyd,,,Sports,"['Politics', 'Entertainment', 'Sports']","18256 Zachary Park
East Deannashire, IL 26478",Antarctica,saturday,2024-02-21,03:13:58,2024-03-15,00:00:00
EV340,Configurable multi-tasking utilization,NACB,https://www.hodge.net/,Court artist indicate scientist.,manual,49.0,Craig Woods,,,Business & Finance,"['Entertainment', 'Business & Finance']","1970 John Forges Suite 852
Perezfort, MN 35961",Rwanda,thursday,2024-08-03,03:49:17,,15:13:27
EV341,Reduced logistical Graphic Interface,tran.com,http://www.wyatt-padilla.org/,Crime exactly raise condition cause success history.,auto,24.0,Steven Moreno,,,Business & Finance,"['Health', 'Business & Finance', 'Entertainment']","Unit 6335 Box 1757
DPO AE 63546",North Korea,monday,2024-07-11,10:19:56,,00:00:00
EV342,Implemented non-volatile hardware,parker.com,https://jackson-jones.com/,In local evening news continue least.,auto,0.0,Jennifer Jensen,,,Politics,"['Politics', 'Science']","44666 Hunter Trail Suite 816
Hurleychester, MT 34690",Greece,thursday,2024-06-21,10:23:10,2024-02-21,22:03:26
EV343,Open-source multi-state database,NACB,http://www.parker-washington.biz/,Successful interview shake firm least daughter.,manual,0.0,Philip Norris,,,Health,"['Business & Finance', 'Entertainment', 'Technology', 'Politics']","1675 Freeman Village
Mejiaside, NJ 56387",Costa Rica,monday,2024-01-09,21:09:22,,00:00:00
EV344,Progressive interactive service-desk,NACB,http://smith.com/,She region just a fire sell possible.,manual,0.0,Michael Bennett,,,Entertainment,"['Science', 'Technology', 'Politics', 'Business & Finance']","013 Valencia Neck
Samanthaton, KS 87443",Maldives,sunday,2024-01-03,00:12:59,,00:00:00
EV345,Organic zero tolerance productivity,nguyen.com,https://brady-cabrera.net/,Bad evening necessary even or spend.,manual,22.0,Jason Kim,,,Entertainment,"['Health', 'Politics']","5161 Amy Manor
South Jessica, MO 19174",Saint-Barthelemy,saturday,2024-03-28,15:39:28,2024-02-28,12:42:24
EV346,Total object-oriented secured line,NACB,https://davis.net/,Nothing north easy or perform our example.,auto,0.0,Tracie Bentley,,,Business & Finance,"['Science', 'Entertainment']","461 Julie Trail
Harveyside, NV 30918",Micronesia,thursday,2024-03-23,03:08:58,2024-07-28,00:00:00
EV347,Multi-tiered tangible knowledgebase,marquez.com,http://www.adkins.com/,There four indicate religious goal figure watch.,auto,0.0,Greg Coleman,,,Sports,"['Health', 'Science', 'Business & Finance', 'Entertainment']","69480 Rhodes Stream
Hannahborough, VT 46220",Heard Island and McDonald Islands,friday,2024-04-07,02:02:05,,00:00:00
EV348,Focused background emulation,NACB,http://www.larsen.com/,Option increase cut discussion board including party.,manual,0.0,Danielle Hale,,,Health,"['Entertainment', 'Politics', 'Technology']","724 Manning Manor
Lake Cynthiafort, IN 43373",Sierra Leone,tuesday,2024-04-10,18:32:27,2024-01-13,19:15:26
EV349,Switchable global customer loyalty,webb-campbell.biz,http://vaughan.info/,Worker mention order or miss style worker.,manual,0.0,Carrie Ellis,,,Business & Finance,"['Business & Finance', 'Sports', 'Science', 'Health']","5489 Vaughan Vista
Christopherville, ND 95412",New Caledonia,wednesday,2024-04-01,11:53:16,2024-06-02,08:39:36
EV350,Reverse-engineered content-based attitude,NACB,http://king-schultz.com/,Upon project despite few letter company hear reach.,manual,76.0,Kathryn Villarreal,,,Sports,"['Technology', 'Business & Finance', 'Sports', 'Entertainment', 'Health']","5458 Joshua Drive
Lake Calvin, VA 30604",Gambia The,wednesday,2024-06-06,15:30:27,,00:00:00
EV351,Adaptive neutral parallelism,NACB,https://www.robinson-gray.com/,Thus watch management cultural machine well.,manual,0.0,Susan Summers,,,Health,"['Sports', 'Science', 'Entertainment', 'Business & Finance', 'Technology']","916 Bruce Hollow Suite 506
Carolinestad, RI 82154",Saint Helena,monday,2024-01-04,18:50:18,2024-06-15,00:00:00
EV352,Monitored value-added infrastructure,wolf-anderson.com,http://hudson.com/,Air benefit another defense.,auto,79.0,Joel Clark,,,Sports,"['Business & Finance', 'Politics']","627 Brittany Mall Apt. 199
Lake Dorothyville, OH 90980",Croatia,friday,2024-03-18,00:59:40,2024-07-08,00:00:00
EV353,Exclusive global solution,NACB,http://www.johnson.org/,Tough poor although eight usually drive red.,manual,0.0,Erin Conner,,,Sports,"['Technology', 'Health', 'Politics', 'Business & Finance']","73973 Reeves Club Suite 713
Robinsonton, AZ 69912",Guernsey and Alderney,sunday,2024-02-12,08:04:32,,00:00:00
EV354,Multi-tiered object-oriented workforce,williams-hull.com,https://www.gay.com/,Deal instead situation.,auto,0.0,David Brock,,,Health,"['Science', 'Technology', 'Business & Finance']","41909 Elliott Motorway
East Ariana, NH 50391",Uzbekistan,friday,2024-05-02,10:51:42,,00:00:00
EV355,Open-source interactive encryption,NACB,https://hernandez.org/,Or book girl many rest decide.,manual,0.0,Debbie Bishop,,,Entertainment,"['Technology', 'Politics', 'Health', 'Entertainment']","411 Baker Stream Apt. 637
Kellyhaven, AK 42255",Falkland Islands,wednesday,2024-07-02,21:26:28,,04:24:16
EV356,Grass-roots transitional contingency,NACB,http://shelton.org/,Figure medical child color.,auto,98.0,Michelle Boyer,,,Sports,['Entertainment'],"3651 Jessica Skyway
Dawsonton, NM 99134",Czech Republic,sunday,2024-02-14,14:24:33,,16:46:56
EV357,Synchronized context-sensitive analyzer,sawyer.com,https://jefferson-warren.com/,Size speech expect although within.,manual,95.0,Jennifer Cannon,,,Business & Finance,"['Science', 'Health', 'Sports', 'Business & Finance']","78561 Morgan Prairie
South Cynthia, AZ 27400",Brunei,friday,2024-01-22,23:28:06,2024-05-08,09:13:12
EV358,Distributed zero-defect adapter,taylor-mata.biz,http://wilson-cameron.com/,Notice product risk at into sound decide event.,manual,0.0,Juan Carter,,,Sports,"['Health', 'Science', 'Sports']","117 Rebecca River
Coleville, OH 96687",Vatican City State (Holy See),thursday,2024-01-08,14:06:19,,00:00:00
EV359,Right-sized homogeneous architecture,roberts.com,http://miller-jones.biz/,Professor much word lead economic glass.,manual,68.0,Amanda Hernandez,,,Health,"['Sports', 'Technology']","PSC 0502, Box 0705
APO AP 72419",Sint Maarten (Dutch part),tuesday,2024-07-31,09:33:54,,06:44:48
EV360,Customizable dedicated collaboration,NACB,https://www.durham.com/,Investment set perhaps someone country seek than.,auto,79.0,Matthew Mcdonald,,,Entertainment,"['Politics', 'Sports', 'Technology']","01438 Pham Manors Suite 708
East Davidberg, FL 02969",Turks and Caicos Islands,tuesday,2024-03-29,09:19:59,,00:00:00
EV361,Configurable dedicated Internet solution,NACB,http://weber-hayes.com/,Nor true Congress attack city.,manual,0.0,Robert Curtis,,,Business & Finance,"['Business & Finance', 'Health']","093 Brown Flats Apt. 374
Jonesborough, GA 55038",Curaçao,wednesday,2024-06-26,16:47:43,2024-01-21,00:00:00
EV362,Sharable demand-driven migration,NACB,http://melton-turner.com/,Explain than experience board short.,auto,65.0,Erin Turner,,,Politics,"['Technology', 'Health', 'Sports', 'Science']","582 Elizabeth Circles
Michaeltown, LA 04820",Turkey,friday,2024-01-17,15:38:32,2024-03-26,00:08:25
EV363,Fundamental leadingedge strategy,NACB,http://www.choi.com/,Media state part.,auto,15.0,Jordan Martin,,,Science,"['Entertainment', 'Business & Finance', 'Technology']","25983 Robinson Plaza Apt. 025
Lake Patricialand, MT 99790",Japan,wednesday,2024-07-21,02:12:10,,00:00:00
EV364,Quality-focused fresh-thinking artificial intelligence,knapp-campbell.biz,http://garrison.org/,Benefit garden guy whom military majority.,auto,0.0,David Aguilar,,,Business & Finance,['Technology'],"24686 Ashley Stravenue
West Matthew, PW 17401",Malawi,saturday,2024-01-14,03:33:39,,00:00:00
EV365,Grass-roots exuding time-frame,NACB,https://www.howe.net/,Statement which article decide everybody almost.,auto,0.0,William Baldwin,,,Science,['Technology'],"06651 Jeffrey Mountain Suite 898
New Jefferychester, IL 12177",Malaysia,tuesday,2024-05-28,10:48:00,2024-07-18,03:15:47
EV366,Customer-focused 24hour project,NACB,https://vargas.com/,Firm likely ground guess ground.,auto,0.0,Tracey Rivera,,,Sports,"['Health', 'Entertainment']","233 Michael Square
South Maria, VA 54460",Jamaica,friday,2024-03-08,22:21:20,,00:00:00
EV367,Profound homogeneous pricing structure,nelson.net,https://www.matthews.org/,Morning piece marriage data enjoy.,manual,0.0,Kimberly Oneill,,,Health,"['Technology', 'Sports', 'Science', 'Politics']","1509 Hayden Prairie Suite 933
Briannaborough, PA 01812",South Georgia,wednesday,2024-03-29,22:43:38,,00:00:00
EV368,Persevering multi-tasking support,NACB,https://stein.com/,Finally development building.,auto,17.0,Crystal Rodriguez,,,Sports,['Science'],"43104 Palmer Pass
Christinabury, DC 85820",Poland,saturday,2024-05-07,00:22:56,,23:38:09
EV369,Persistent transitional strategy,kent.org,http://www.johnson.net/,Dinner true today actually.,manual,35.0,Sandy Castro,,,Entertainment,"['Politics', 'Entertainment', 'Health', 'Business & Finance', 'Science']","USS Butler
FPO AE 24949",Cayman Islands,thursday,2024-05-11,08:19:29,,00:00:00
EV370,Total non-volatile hierarchy,jackson.com,http://www.carter-campbell.info/,Just international public other.,manual,10.0,Nicole Obrien,,,Health,"['Business & Finance', 'Science', 'Health', 'Technology']","63559 Brian Forges Suite 119
West Michael, DC 58484",Virgin Islands (US),wednesday,2024-05-29,11:58:51,2024-03-11,00:00:00
EV371,Customer-focused bifurcated definition,bennett.com,http://www.salazar.com/,Anything generation process foot nearly rise.,auto,0.0,Andrew Welch,,,Science,"['Technology', 'Politics', 'Health', 'Sports']","7605 Amy Ferry Apt. 727
Marissaburgh, OK 13097",Chile,wednesday,2024-07-16,07:05:18,2024-02-10,00:00:00
EV372,Multi-channeled even-keeled hierarchy,rasmussen.com,https://shaw.biz/,Image matter family learn.,manual,0.0,Jenny Doyle,,,Science,"['Technology', 'Business & Finance', 'Science', 'Entertainment']","26940 Walker Road
Port Williamshire, VI 10966",Sudan,friday,2024-02-15,01:42:56,,18:07:32
EV373,Managed cohesive Local Area Network,anderson.com,http://www.ryan.com/,Answer myself group ago.,manual,81.0,Ricardo Owens,,,Health,"['Business & Finance', 'Politics', 'Entertainment', 'Technology']","Unit 5022 Box 9917
DPO AP 29618",Martinique,sunday,2024-05-03,18:50:07,,15:39:20
EV374,Cross-group 24/7 neural-net,carpenter.com,http://green-bean.com/,Realize statement must name cut dark per.,manual,0.0,Joseph Powers,,,Technology,"['Sports', 'Politics', 'Technology']","24441 Johnathan Harbor Suite 556
Freemanmouth, VI 63206",El Salvador,tuesday,2024-06-12,01:34:26,2024-03-22,00:00:00
EV375,Adaptive next generation archive,NACB,https://johnson.org/,Me season no.,auto,0.0,Lisa Cruz,,,Sports,"['Politics', 'Business & Finance', 'Sports']","74387 Browning Roads Apt. 351
South Emilyborough, CT 13335",Belarus,tuesday,2024-07-01,16:43:05,2024-05-23,00:00:00
EV376,Reverse-engineered dynamic Local Area Network,stephens.com,https://freeman.net/,Decision fact drive feel room represent.,manual,0.0,Veronica Riley,,,Politics,['Technology'],"7422 Bell Springs Suite 757
West Mauricechester, GA 75391",Tokelau,saturday,2024-04-13,15:50:08,2024-05-06,00:00:00
EV377,Realigned even-keeled time-frame,NACB,https://www.shaw-sanford.com/,Expect clearly establish minute large hour.,auto,8.0,Bonnie Wells,,,Technology,"['Politics', 'Science', 'Sports', 'Business & Finance']","710 Arellano Harbors
Port Brittanyhaven, NC 67026",Jersey,wednesday,2024-04-28,06:17:30,,00:00:00
EV378,Customer-focused dynamic firmware,NACB,http://jacobs-crawford.info/,Later concern night fish.,manual,0.0,Aaron Mitchell,,,Business & Finance,"['Entertainment', 'Sports', 'Health', 'Business & Finance', 'Science']","251 Williams Viaduct
Gibbsport, CT 28660",Virgin Islands (US),sunday,2024-08-03,12:53:40,2024-06-10,00:00:00
EV379,De-engineered demand-driven definition,horn-bailey.com,http://gonzalez.com/,Day authority spend you less.,manual,0.0,Logan Vaughn,,,Politics,"['Politics', 'Science']","958 Burns Cliffs Suite 517
East Ryanburgh, DE 11966",Norway,monday,2024-06-06,14:46:45,2024-01-08,00:00:00
EV380,Robust intangible attitude,NACB,https://wilkinson-griffin.com/,Certain lot maintain among himself.,auto,0.0,Alex Miller PhD,,,Sports,['Technology'],"78324 Stevens Junctions
Brownview, PW 76850",Maldives,friday,2024-04-05,12:03:02,,06:45:36
EV381,Organized cohesive matrices,rodriguez.info,https://smith.biz/,Series scene dog sort.,auto,32.0,Erin Long,,,Health,['Sports'],"5016 Flowers Trail
Lake Susantown, OK 28295",Austria,wednesday,2024-04-04,21:59:39,,00:00:00
EV382,Right-sized leadingedge functionalities,NACB,http://moore.net/,Foreign Congress allow be.,auto,0.0,Casey Price,,,Technology,"['Science', 'Sports', 'Business & Finance', 'Entertainment', 'Health']","USNV Caldwell
FPO AA 19615",Suriname,friday,2024-08-04,03:23:57,2024-07-28,10:15:27
EV383,Customer-focused 3rdgeneration protocol,page-mitchell.info,http://www.lucas-stephenson.com/,Quality society range discussion ahead matter couple bar.,auto,0.0,Tony Rosario,,,Health,"['Business & Finance', 'Politics', 'Entertainment', 'Technology', 'Health']","76705 Diana Station
West Susan, LA 77372",Maldives,sunday,2024-03-16,17:11:06,,18:51:14
EV384,Horizontal executive process improvement,oliver.com,http://barton-burnett.com/,Discussion across per give.,auto,24.0,Dawn Gibson,,,Business & Finance,"['Science', 'Business & Finance', 'Politics']","60090 David Terrace Suite 647
West Malik, DC 71913",Bhutan,wednesday,2024-05-26,21:44:03,,00:00:00
EV385,Persistent methodical projection,beck.com,http://www.price-turner.info/,Parent daughter despite because.,manual,98.0,Barbara Howard,,,Technology,"['Technology', 'Sports', 'Health']","756 Jennifer Crescent Suite 133
Port Maria, AZ 74362",Romania,monday,2024-01-11,19:03:46,2024-07-17,03:29:24
EV386,Programmable tangible circuit,NACB,http://www.garcia-swanson.net/,Might ok measure she.,auto,0.0,Heather Fleming,,,Entertainment,"['Health', 'Science', 'Entertainment', 'Sports', 'Business & Finance']","97309 Johnson Courts
Sarahchester, IL 29604",France,tuesday,2024-02-28,00:45:16,2024-04-10,00:00:00
EV387,Managed value-added matrix,NACB,https://kirk-chase.biz/,Woman another reduce tax.,manual,43.0,Philip Caldwell,,,Politics,['Health'],"779 Monica Trafficway
Lunashire, ND 49597",Micronesia,sunday,2024-07-05,19:04:46,2024-06-18,10:58:58
EV388,Compatible value-added installation,NACB,https://www.nguyen.com/,Season blue too send physical country might happen.,manual,0.0,Alec Moore,,,Health,['Sports'],"543 Reynolds Shoal Suite 457
East Kimberly, MN 13273",Belarus,friday,2024-06-17,22:33:22,2024-05-29,05:03:53
EV389,Open-architected fault-tolerant definition,NACB,https://www.boyle.biz/,Hour get foot table lay.,manual,0.0,Heather Hoffman,,,Entertainment,['Politics'],"90296 Contreras Light Suite 031
Lisaville, PW 97056",Namibia,saturday,2024-03-17,01:51:50,2024-04-22,03:08:22
EV390,Extended impactful attitude,NACB,https://garcia.biz/,Style all tend open phone citizen cup.,auto,47.0,Ellen Boyd,,,Entertainment,"['Science', 'Technology', 'Politics']","745 Rivera Point
Port Amanda, MT 76405",Northern Mariana Islands,sunday,2024-01-08,11:03:05,,00:00:00
EV391,Sharable local array,NACB,http://www.gaines.org/,Avoid civil however cultural research ok easy.,auto,0.0,Claudia Smith,,,Politics,['Entertainment'],"1272 Aaron Green
Alfredfurt, FL 85281",Mozambique,saturday,2024-07-31,16:06:23,,00:00:00
EV392,Compatible multi-tasking core,reid.net,http://miller.biz/,Address daughter fight return road cut.,manual,38.0,Carol Conner,,,Technology,['Sports'],"105 Jose Grove Apt. 928
Schroedermouth, MS 83722",Kazakhstan,sunday,2024-01-06,14:57:32,,06:57:25
EV393,Self-enabling grid-enabled extranet,conner.net,https://anderson-jones.com/,Education scene develop white give phone.,manual,11.0,Joshua Wall,,,Health,"['Entertainment', 'Politics', 'Sports', 'Business & Finance']","6850 Green Vista Apt. 411
North Jose, VA 34852",Virgin Islands (US),wednesday,2024-08-04,00:48:17,2024-05-12,00:00:00
EV394,Public-key holistic access,NACB,http://www.tran-johnson.com/,Interesting very hot mind.,auto,81.0,Catherine Ford,,,Entertainment,"['Sports', 'Politics', 'Business & Finance']","230 Austin Manors
Shelleybury, MA 87829",Nicaragua,wednesday,2024-06-06,10:31:24,,00:00:00
EV395,Synergized homogeneous projection,wheeler.com,http://shields.com/,Talk speak sometimes they.,auto,0.0,Courtney Wheeler,,,Science,"['Technology', 'Business & Finance']","6273 Graham Skyway Apt. 979
West Rita, FM 84879",Gambia The,monday,2024-04-08,15:23:00,2024-07-20,16:50:39
EV396,Fully-configurable analyzing support,williams.com,http://garcia.com/,Though government left truth source direction summer road.,manual,4.0,Zachary Reid,,,Business & Finance,"['Health', 'Technology', 'Entertainment', 'Sports']","383 Vanessa Loop Apt. 540
Bellstad, NH 87076",Saint-Martin (French part),monday,2024-05-31,10:57:54,2024-03-12,01:37:44
EV397,Face-to-face grid-enabled array,joseph.com,http://powell-miranda.org/,Practice east receive follow.,auto,0.0,Harold Hunt,,,Entertainment,"['Politics', 'Business & Finance', 'Health']","142 Adams Keys
Rodriguezfurt, CA 14813",Nauru,friday,2024-06-01,03:20:30,2024-04-05,06:25:44
EV398,Fundamental high-level info-mediaries,NACB,http://www.jackson.biz/,Physical agree picture wind continue.,auto,39.0,Christopher Miller,,,Sports,['Health'],"79907 Ware Creek Apt. 787
East Josephfort, MA 91215",Bouvet Island,wednesday,2024-03-18,02:27:37,2024-05-21,22:43:56
EV399,Multi-lateral zero-defect middleware,gray.com,https://avila.org/,Book today early particularly.,auto,86.0,Alexis Diaz,,,Technology,['Entertainment'],"USNS Wilson
FPO AE 74007",Cambodia,saturday,2024-05-29,11:56:19,2024-06-29,00:00:00
EV400,Open-architected neutral adapter,gomez.net,https://www.wang.com/,Employee would notice month tax certainly.,manual,0.0,Thomas Perez,,,Science,"['Science', 'Sports']","USNS Henderson
FPO AA 11046",Honduras,sunday,2024-02-29,09:53:57,,00:00:00
EV401,Automated coherent instruction set,NACB,https://www.kennedy.com/,Little argue off more understand agent particularly home.,manual,0.0,Lisa Dawson,,,Business & Finance,"['Technology', 'Politics', 'Health']","441 Jasmine Dale
West Jasonshire, CA 94358",Syria,monday,2024-02-12,09:53:34,,00:00:00
EV402,Reverse-engineered local success,NACB,http://www.christensen.com/,Have concern major rule.,auto,40.0,Anna Wright,,,Technology,"['Business & Finance', 'Entertainment']","660 Sophia Courts Suite 424
South Keithmouth, GU 18985",Hong Kong S.A.R.,friday,2024-02-05,09:52:03,2024-07-24,01:22:14
EV403,Mandatory zero-defect toolset,NACB,https://www.huber.com/,Its fire pattern.,auto,41.0,Joseph Dickerson,,,Business & Finance,"['Technology', 'Entertainment', 'Business & Finance']","91300 Alexis Isle
Maureentown, CO 63286",Zambia,tuesday,2024-07-20,22:50:41,,00:00:00
EV404,Expanded intangible encryption,james-obrien.biz,http://www.duncan-young.com/,Feeling local others.,manual,0.0,James Lee,,,Health,"['Business & Finance', 'Sports', 'Technology', 'Entertainment', 'Politics']","1870 Reed Trace Apt. 278
Adamfurt, DC 14061",Burundi,tuesday,2024-04-10,15:20:28,2024-04-19,00:00:00
EV405,Organized global intranet,anderson-johnson.info,http://www.haas.com/,Pattern read decide.,auto,46.0,Ann Brady,,,Health,"['Technology', 'Politics', 'Entertainment', 'Health']","68107 Perkins Plain
Port Karenland, PW 30481",Anguilla,saturday,2024-01-23,15:07:14,,00:00:00
EV406,Secured encompassing solution,NACB,https://jimenez.com/,Front meeting policy wall majority tree popular.,manual,91.0,Christina Olson,,,Entertainment,"['Technology', 'Business & Finance']","056 Martin Springs Suite 856
Johnsonstad, NJ 56205",Poland,thursday,2024-03-10,00:39:01,2024-01-25,13:57:06
EV407,Multi-lateral directional Graphical User Interface,NACB,https://www.davenport.info/,Require series require hot media information watch.,auto,0.0,Jeff Mann,,,Business & Finance,"['Politics', 'Science', 'Sports']","925 Mcintyre Light
Whitakerfurt, HI 85611",Armenia,saturday,2024-01-07,20:20:10,2024-06-30,00:00:00
EV408,Down-sized mobile open architecture,hughes.net,https://www.osborn.com/,Second imagine growth real.,auto,0.0,Jeremy Jones,,,Science,"['Science', 'Politics', 'Business & Finance', 'Sports']","76552 Jacob Loaf Apt. 904
Roseton, NM 87289",Uzbekistan,monday,2024-07-02,04:43:39,,13:55:39
EV409,Horizontal hybrid flexibility,NACB,http://www.nguyen.com/,Image leg note good approach establish color.,manual,0.0,Lisa Moore,,,Science,['Science'],"216 Morgan Station Apt. 235
North Anthony, CO 70345",Mongolia,thursday,2024-03-13,03:02:31,2024-03-31,23:32:46
EV410,Decentralized 6thgeneration artificial intelligence,williams-wright.com,https://wade.com/,Edge democratic same popular quality onto.,auto,51.0,Troy Peterson,,,Entertainment,"['Entertainment', 'Health', 'Science', 'Sports']","41120 Jeffrey Meadows Suite 152
Jeffreychester, KS 40127",Guernsey and Alderney,monday,2024-01-16,04:56:02,,21:48:18
EV411,Advanced contextually-based parallelism,williams.com,https://gregory.com/,Agency sea discover something standard fall.,auto,0.0,Michael Stewart,,,Business & Finance,"['Health', 'Politics']","Unit 5172 Box 7450
DPO AA 05262",Wallis and Futuna Islands,thursday,2024-04-30,08:04:33,,11:24:06
EV412,Focused dedicated parallelism,NACB,https://diaz-maxwell.org/,Five tell central school.,manual,0.0,Steven Warren,,,Health,"['Business & Finance', 'Science', 'Politics', 'Technology', 'Health']","015 William Meadow
South Amber, ND 29277",Heard Island and McDonald Islands,saturday,2024-01-14,18:12:46,,00:00:00
EV413,Reduced analyzing open architecture,NACB,https://www.wright-cooley.com/,In individual game book before.,auto,70.0,Shawn Johnson,,,Business & Finance,"['Health', 'Sports', 'Politics']","8402 Monica Drive Suite 281
North Stevenport, CA 48381",Eswatini,thursday,2024-04-28,09:49:00,,00:00:00
EV414,Balanced encompassing complexity,NACB,https://www.walker.net/,She middle teach stuff various.,manual,0.0,Ashley Jackson,,,Sports,"['Sports', 'Health', 'Science']","116 Pace Brooks
Ruizmouth, NY 62062",Syria,friday,2024-07-07,16:36:06,2024-07-14,21:42:41
EV415,Centralized bifurcated solution,anderson.com,http://frazier.info/,And you person role actually develop.,manual,92.0,Andrew Baker,,,Sports,"['Health', 'Politics']","57459 Fry Avenue
South Katrina, NY 37247",Dominican Republic,thursday,2024-05-09,21:12:49,2024-01-16,00:00:00
EV416,Phased motivating challenge,NACB,https://williams.com/,Explain century should town.,auto,66.0,Melissa Smith,,,Entertainment,"['Business & Finance', 'Technology', 'Entertainment']","41260 Mcdonald Skyway Suite 524
Munozfort, ID 85688",Serbia,saturday,2024-01-05,15:31:06,2024-03-12,00:00:00
EV417,Organized explicit parallelism,NACB,https://www.nelson-le.com/,Cut job sort as house case.,manual,0.0,Emily Martinez,,,Sports,"['Health', 'Science', 'Politics', 'Sports']","051 Evelyn Springs
Bellfurt, CT 87531",South Africa,saturday,2024-01-11,08:41:46,,20:00:38
EV418,Right-sized 6thgeneration utilization,NACB,http://www.carpenter.org/,Right water glass civil tell.,manual,0.0,Kelly Holt,,,Entertainment,"['Technology', 'Health']","409 Mitchell Lodge
West Amyton, CA 91150",Samoa,sunday,2024-06-15,16:47:48,,00:00:00
EV419,Customizable maximized interface,NACB,https://www.andrews-george.info/,Threat care man campaign sure.,manual,0.0,Jennifer White,,,Technology,"['Business & Finance', 'Technology', 'Health']","632 Sara Ramp Suite 781
Port Shawnside, FM 98815",Costa Rica,wednesday,2024-04-21,02:58:33,,00:00:00
EV420,Upgradable local protocol,NACB,http://www.morrison.com/,Both society simple rate easy get.,auto,31.0,Taylor Harris,,,Science,"['Business & Finance', 'Science', 'Technology', 'Sports']","Unit 3353 Box 7153
DPO AA 18730",New Caledonia,saturday,2024-04-06,19:13:50,,00:00:00
EV421,User-centric motivating time-frame,NACB,https://www.carpenter-long.org/,Who war fine still.,auto,11.0,Shelby Newman,,,Sports,"['Politics', 'Science', 'Health', 'Business & Finance']","Unit 8043 Box 9599
DPO AP 21390",Svalbard and Jan Mayen Islands,tuesday,2024-06-21,02:10:56,2024-02-11,17:15:11
EV422,Realigned intangible groupware,koch-smith.com,http://wood-hawkins.com/,Usually understand old bad point.,manual,0.0,Jacob Stephenson,,,Science,"['Politics', 'Technology', 'Science', 'Health', 'Entertainment']","7652 Lindsay Street
Jessicashire, WV 70502",Liberia,monday,2024-05-20,02:15:27,2024-02-20,00:00:00
EV423,Mandatory even-keeled alliance,NACB,http://payne.com/,Prove game page strategy southern bed direction.,auto,0.0,Megan Mcclain,,,Business & Finance,"['Business & Finance', 'Science', 'Politics', 'Sports']","317 Reyes Loop Suite 041
Colestad, AZ 20003",Trinidad and Tobago,friday,2024-04-10,14:03:50,2024-05-20,15:54:58
EV424,Extended 5thgeneration concept,washington.net,http://www.smith.biz/,Day prevent old majority plant large leg recently.,manual,0.0,Derrick Phillips,,,Health,"['Health', 'Business & Finance', 'Sports', 'Technology']","8029 Anna Parkways
Garciaburgh, AL 61058",Suriname,saturday,2024-04-14,10:30:55,,06:08:30
EV425,Ergonomic transitional concept,rice-espinoza.com,https://hogan.com/,Another read human wide quality.,manual,22.0,Adrian Martin,,,Science,['Technology'],"8036 Taylor Track Apt. 260
South Daniel, VI 09056",Eritrea,wednesday,2024-02-24,04:00:33,2024-05-29,00:01:50
EV426,Exclusive needs-based moratorium,brooks.com,http://www.hayes.org/,You stock religious else character difficult interesting.,manual,95.0,Leslie Alexander,,,Politics,"['Entertainment', 'Health']","PSC 7206, Box 9201
APO AP 18899",Comoros,sunday,2024-03-08,12:46:55,,09:52:58
EV427,Monitored interactive website,NACB,https://www.bowman.com/,So between consider of.,auto,0.0,Danny Sullivan,,,Politics,['Science'],"280 William Greens Apt. 194
South Stevenmouth, MS 03923",Georgia,saturday,2024-07-23,01:04:21,2024-05-18,00:00:00
EV428,Universal value-added access,NACB,https://costa-conner.com/,Fear leave establish get likely.,auto,0.0,Phillip White,,,Business & Finance,"['Science', 'Business & Finance']","6035 Tiffany Inlet Suite 935
Erikborough, OR 72919",United Kingdom,sunday,2024-07-03,14:35:05,,00:00:00
EV429,Inverse radical Internet solution,NACB,https://bennett-washington.com/,Boy need everybody.,auto,0.0,Stephen Turner,,,Business & Finance,"['Entertainment', 'Health']","26843 Wong Brook Apt. 982
Lisaville, DE 58385",Bolivia,wednesday,2024-05-05,17:19:07,2024-04-23,09:15:11
EV430,Mandatory fault-tolerant extranet,NACB,http://www.robinson-hall.com/,Down education walk most.,manual,25.0,Angela Butler,,,Business & Finance,"['Technology', 'Sports', 'Science', 'Politics']","2054 Kerry Plains Suite 449
South Justin, FL 60654",Cambodia,monday,2024-02-16,01:50:00,,00:00:00
EV431,Persistent multi-tasking leverage,rogers.net,https://www.gutierrez.com/,Language soon herself thought hold week once task.,auto,30.0,Stephanie Bryan,,,Science,"['Entertainment', 'Business & Finance']","PSC 8141, Box 7774
APO AE 84825",Mongolia,sunday,2024-01-04,07:22:03,,00:00:00
EV432,Profound asynchronous groupware,NACB,https://powers.info/,Statement fly free north program but.,auto,0.0,Michael Ellis,,,Technology,"['Politics', 'Technology']","PSC 9975, Box 3150
APO AP 29177",Man (Isle of),friday,2024-01-31,00:45:07,,06:58:50
EV433,Networked high-level Internet solution,NACB,https://www.allen.com/,Student cost six expert.,manual,91.0,Kim Palmer,,,Health,"['Business & Finance', 'Entertainment', 'Health', 'Sports', 'Politics']","9540 Mills Ford Suite 877
New Jesseside, FL 89449",South Africa,sunday,2024-04-08,10:20:56,,00:00:00
EV434,User-friendly reciprocal portal,NACB,https://www.nguyen-castro.info/,Look responsibility during father rock.,manual,0.0,Marie Fuller,,,Entertainment,"['Sports', 'Health', 'Technology']","744 Thomas Isle
Theodoremouth, GA 87720",Morocco,thursday,2024-05-12,05:05:26,,00:00:00
EV435,User-centric regional hardware,NACB,https://walter-jackson.com/,Could technology research.,manual,69.0,Earl Arroyo,,,Business & Finance,['Entertainment'],"185 Jackson Avenue
Hoganton, OR 26604",Georgia,saturday,2024-04-21,23:26:06,2024-02-24,14:27:41
EV436,Fully-configurable system-worthy software,alvarez.com,https://www.reynolds-ward.com/,Smile account someone candidate place quite future.,manual,0.0,Martin Patel,,,Business & Finance,"['Politics', 'Business & Finance', 'Technology', 'Sports', 'Health']","9935 Boyd Green
Port Ryan, AZ 18924",Puerto Rico,friday,2024-03-20,03:25:57,,00:00:00
EV437,Front-line client-driven archive,NACB,http://www.williams.info/,Win ever partner management unit man career.,manual,0.0,Megan Palmer,,,Business & Finance,"['Politics', 'Sports', 'Science', 'Technology', 'Entertainment']","3213 Leah Loaf Suite 061
New Feliciaside, ME 93314",Taiwan,wednesday,2024-05-19,15:08:24,2024-01-29,20:10:47
EV438,Integrated cohesive website,stewart.com,http://bird.com/,Drop relate dinner child four rise measure TV.,manual,0.0,Dr. Sarah Snow,,,Entertainment,"['Sports', 'Technology', 'Entertainment', 'Business & Finance', 'Politics']","11919 Barrett Fall Apt. 324
Garrettfurt, MP 29799",Saudi Arabia,saturday,2024-04-21,20:12:26,2024-04-28,00:00:00
EV439,Automated multimedia capacity,brown.com,https://www.mercado-wilson.net/,Green those care.,auto,0.0,Derrick Valencia,,,Technology,"['Health', 'Entertainment', 'Science', 'Politics', 'Business & Finance']","Unit 1185 Box 2813
DPO AE 82428",Saint-Martin (French part),thursday,2024-06-24,18:29:18,2024-04-10,00:00:00
EV440,Progressive static alliance,NACB,http://www.gill.com/,Including least most center.,manual,0.0,Nicholas Shelton,,,Science,"['Technology', 'Entertainment', 'Business & Finance', 'Politics', 'Sports']","49491 Nichole Circle Apt. 732
Munozburgh, DC 52416",Thailand,saturday,2024-05-22,06:35:05,,12:24:58
EV441,Quality-focused demand-driven installation,young.com,https://www.king-kelly.com/,Hand total child training someone.,auto,0.0,Mark Cooper,,,Science,"['Entertainment', 'Business & Finance']","1803 Martin Terrace Suite 058
East Melaniechester, OK 61550",Barbados,thursday,2024-07-13,07:22:48,,06:21:41
EV442,Up-sized user-facing projection,graham.com,http://www.barnes-harvey.com/,Popular win ask hard leave.,manual,0.0,Christie Olson,,,Technology,"['Business & Finance', 'Technology', 'Entertainment', 'Sports', 'Politics']","6277 Amanda Drive Suite 044
New Francisco, CA 88664",Palau,sunday,2024-04-15,03:15:16,,00:00:00
EV443,Extended content-based groupware,NACB,http://roman-robbins.com/,Ball water very newspaper international sell sure.,auto,0.0,Erin Bryan,,,Politics,['Politics'],"66551 Hines Grove
Nunezstad, WA 14752",Romania,wednesday,2024-03-02,04:52:39,,00:00:00
EV444,Open-source stable paradigm,rowland.net,http://myers-cook.com/,Any physical animal government poor.,manual,78.0,Zachary Diaz,,,Business & Finance,['Politics'],"442 Sloan Corners Suite 654
Lake Evan, IA 63094",Grenada,saturday,2024-02-14,11:41:36,2024-02-03,23:52:41
EV445,Re-contextualized empowering application,NACB,http://www.perez.net/,Each suddenly born year black.,manual,0.0,Cody Mcintosh,,,Technology,"['Sports', 'Business & Finance', 'Technology', 'Science', 'Politics']","1068 Conrad Gateway Suite 184
West James, NH 54121",Cocos (Keeling) Islands,friday,2024-04-06,05:06:00,,09:58:40
EV446,Optimized mobile complexity,NACB,https://www.dixon.com/,Give perhaps particular between per red air.,manual,26.0,Joel Lang,,,Technology,"['Business & Finance', 'Health']","2248 Reyes Mill
Port Thomaschester, ME 50015",Greenland,saturday,2024-03-09,17:07:21,,17:02:19
EV447,Multi-channeled human-resource emulation,adams.net,http://www.avery.net/,Traditional for without once system public sell.,manual,89.0,Natalie Dudley,,,Science,['Health'],"49372 Christina Station Suite 591
North Savannahland, MP 30624",Malawi,tuesday,2024-03-26,22:57:48,2024-04-24,00:43:45
EV448,User-friendly contextually-based analyzer,simpson-whitaker.com,http://www.smith.net/,Agree very point answer month chance force.,auto,26.0,Brent Jackson,,,Technology,"['Sports', 'Business & Finance', 'Health', 'Science', 'Technology']","79213 Moore Union
Port Grant, CA 12932",Madagascar,monday,2024-03-13,18:26:58,2024-01-12,16:35:33
EV449,Public-key leadingedge strategy,contreras-knight.org,https://www.ruiz.org/,Tonight source bring impact poor run couple blue.,auto,0.0,Matthew Arnold,,,Business & Finance,"['Entertainment', 'Business & Finance', 'Sports', 'Science']","408 Petersen Stravenue
Port Nicholaston, ME 62068",San Marino,tuesday,2024-05-01,23:35:44,2024-03-02,01:10:36
EV450,User-centric systematic model,NACB,http://baldwin-ryan.biz/,Seven story argue own into.,manual,70.0,Steven Hall,,,Technology,"['Politics', 'Entertainment', 'Science', 'Business & Finance']","741 King Skyway Apt. 902
East Marymouth, HI 75434",Uruguay,tuesday,2024-05-12,19:24:57,,18:45:22
EV451,Sharable global protocol,leblanc.com,https://lee.info/,Discover citizen message.,auto,0.0,Cody Lee,,,Business & Finance,"['Entertainment', 'Science']","605 Melissa Fort
Christopherberg, MN 16128",Barbados,friday,2024-06-29,00:27:14,,05:04:32
EV452,Right-sized 6thgeneration capacity,NACB,https://jimenez.net/,Home quality audience leave everything.,auto,40.0,Anna Mcfarland,,,Sports,"['Politics', 'Business & Finance', 'Entertainment', 'Science']","289 Tamara Path Apt. 604
New Samantha, WA 88171",Monaco,thursday,2024-04-06,15:36:09,,00:00:00
EV453,Pre-emptive didactic time-frame,NACB,https://peterson.net/,Fish any agent outside call short.,auto,0.0,Monica Townsend,,,Science,"['Health', 'Business & Finance', 'Politics', 'Entertainment']","49663 Landry Fork
Alexanderhaven, AL 87411",Israel,wednesday,2024-06-15,17:22:22,2024-01-03,02:16:07
EV454,Up-sized 24hour hardware,NACB,https://brown.com/,Party school she painting receive themselves worker.,auto,0.0,Matthew Gray,,,Technology,['Science'],"37671 Leslie Courts Apt. 052
North Nicolehaven, MA 04770",Eswatini,friday,2024-06-04,04:58:56,2024-04-24,03:12:57
EV455,Ergonomic interactive budgetary management,NACB,http://turner.com/,Wall treatment back want behind win college.,manual,70.0,Matthew Garcia,,,Business & Finance,"['Sports', 'Business & Finance']","590 Carol Motorway
Port Valerieshire, OR 35312",Sint Maarten (Dutch part),saturday,2024-07-01,03:00:19,,08:14:48
EV456,Cross-platform regional flexibility,NACB,https://www.bates.com/,Throughout wife start work.,manual,0.0,Wanda Franklin,,,Science,"['Entertainment', 'Technology', 'Politics', 'Health']","239 Thornton Well
West Jennifer, ND 23133",Mongolia,wednesday,2024-07-10,23:50:28,,22:13:27
EV457,User-friendly fresh-thinking superstructure,boyd.com,https://www.jones.org/,Himself without reduce.,manual,0.0,Brian Johnston,,,Health,"['Politics', 'Health', 'Sports', 'Technology', 'Business & Finance']","26147 Gilbert Brooks
Floresmouth, NJ 17723",Philippines,monday,2024-07-30,22:15:31,,08:41:15
EV458,Customizable even-keeled solution,gutierrez.biz,https://www.brown.net/,Hair explain bag some meet finish country.,auto,0.0,Beth Peterson,,,Business & Finance,"['Politics', 'Entertainment', 'Technology']","Unit 6796 Box 7766
DPO AE 07293",Morocco,saturday,2024-04-10,01:30:06,,02:26:13
EV459,Persistent non-volatile firmware,campbell-freeman.com,https://www.phillips.com/,Step trial road hair purpose realize.,manual,0.0,Matthew Rodriguez MD,,,Politics,['Entertainment'],"USCGC Schwartz
FPO AA 78302",Montserrat,tuesday,2024-02-12,03:09:50,2024-03-28,14:17:28
EV460,Streamlined transitional data-warehouse,NACB,https://dawson.com/,South customer draw she group by.,auto,0.0,Stephanie Garcia,,,Science,['Science'],"97935 Lopez Manors Apt. 276
North Michael, AL 57199",Italy,sunday,2024-06-21,20:24:21,2024-05-18,16:31:39
EV461,Multi-tiered 4thgeneration matrix,bell.com,https://harris.com/,It human majority.,auto,26.0,Willie Welch,,,Entertainment,['Science'],"1216 Matthew Bridge
West Erinburgh, AK 28913",South Sudan,friday,2024-03-01,21:55:06,2024-04-27,00:29:41
EV462,Cloned 4thgeneration knowledgebase,NACB,https://www.hartman.com/,Value against some walk.,manual,0.0,Dwayne Thomas,,,Sports,"['Health', 'Science', 'Sports', 'Entertainment']","686 Smith Extension
Changborough, MD 34537",New Zealand,saturday,2024-03-24,00:06:23,,07:22:52
EV463,Business-focused attitude-oriented strategy,NACB,https://www.lewis.com/,Recognize team respond expect little.,auto,91.0,Kimberly Barnett,,,Business & Finance,"['Health', 'Entertainment', 'Business & Finance', 'Technology', 'Politics']","Unit 5019 Box 4401
DPO AP 68143",Cape Verde,wednesday,2024-01-31,00:44:17,2024-03-14,22:42:53
EV464,Focused 24/7 ability,NACB,http://www.hancock-guzman.com/,Face together society impact stop.,manual,35.0,Tracy Martin,,,Entertainment,"['Politics', 'Health', 'Entertainment']","USCGC Cook
FPO AE 95395",Falkland Islands,sunday,2024-01-21,11:23:57,2024-01-18,09:38:03
EV465,Down-sized zero tolerance portal,NACB,http://www.johnson-foley.com/,New fish police usually who yes.,auto,78.0,Mr. Miguel Wright,,,Technology,"['Sports', 'Health', 'Business & Finance', 'Technology', 'Entertainment']","238 Santiago Burgs
Jamesmouth, GA 74373",Cameroon,tuesday,2024-03-17,14:51:40,,00:00:00
EV466,Multi-layered heuristic array,george-acosta.biz,http://adams.biz/,School side these fill could help we.,manual,58.0,Gabrielle Fry,,,Sports,"['Technology', 'Science', 'Entertainment', 'Politics']","679 Stephanie Centers Apt. 931
Jacobshire, NV 17173",Timor-Leste,sunday,2024-02-17,16:34:01,2024-04-08,00:00:00
EV467,Automated motivating throughput,pearson.net,https://hunt-cochran.com/,Listen security tend since charge thus key need.,manual,13.0,David Austin,,,Business & Finance,['Science'],"8370 Willis Knolls Suite 277
Jordanview, WA 53691",Nigeria,sunday,2024-04-14,02:07:52,2024-06-06,19:24:19
EV468,Compatible full-range database,jenkins.biz,http://www.martin-rivera.net/,Over listen evidence full all.,auto,0.0,Richard Wilson,,,Sports,"['Health', 'Politics', 'Sports', 'Science']","338 Cassandra Camp
Lake Tinaport, VA 15235",Vatican City State (Holy See),tuesday,2024-03-27,19:31:59,,12:33:18
EV469,Open-source actuating capacity,NACB,https://johnston-cruz.info/,Meet price course contain.,manual,33.0,Katherine Vasquez,,,Business & Finance,"['Sports', 'Science', 'Entertainment', 'Business & Finance']","6189 Prince Stream Suite 509
Johnsonborough, UT 68119",Nigeria,friday,2024-01-18,01:53:20,2024-06-20,00:00:00
EV470,Right-sized radical moderator,brown.com,http://costa.com/,Operation create other me less road reason.,auto,0.0,Elizabeth Marks,,,Sports,"['Business & Finance', 'Science', 'Sports']","1816 Johnson Highway Suite 558
Lake James, WV 16485",Tunisia,friday,2024-07-23,11:35:06,2024-04-28,19:36:38
EV471,Profit-focused maximized Graphic Interface,NACB,https://howard-brooks.com/,Summer tell billion role try.,manual,81.0,Alexis Medina,,,Sports,"['Sports', 'Business & Finance']","6250 Tanner Island
Territown, DC 55967",El Salvador,thursday,2024-05-20,11:17:52,2024-06-21,10:30:22
EV472,Monitored transitional artificial intelligence,friedman-price.info,https://www.wilkins.biz/,Dream consumer show cold.,manual,81.0,Seth Chang,,,Technology,"['Politics', 'Health', 'Sports']","795 Jacob Oval Apt. 242
Toddstad, NH 52668",Cambodia,wednesday,2024-05-11,20:24:25,2024-03-02,00:00:00
EV473,Operative bi-directional groupware,NACB,http://www.jenkins.org/,Million none station.,manual,0.0,Adam Walker,,,Science,"['Politics', 'Sports']","267 Nguyen Flat
Brianbury, CT 09094",Falkland Islands,sunday,2024-02-17,18:20:53,,03:19:04
EV474,Automated motivating Internet solution,barnes-doyle.info,http://www.mejia-hahn.com/,Participant card participant west.,auto,41.0,Mrs. Lisa Stewart DDS,,,Business & Finance,"['Sports', 'Politics', 'Health', 'Technology', 'Business & Finance']","32596 Casey Flat Apt. 248
Stanleyfort, MN 81880",Vanuatu,sunday,2024-02-21,06:48:23,2024-04-07,00:00:00
EV475,Universal optimal help-desk,NACB,http://www.chen.com/,Happy story again challenge region into.,manual,0.0,Angelica Johnson,,,Technology,['Technology'],"222 Shannon Well
South Mary, MT 97516",Montserrat,saturday,2024-01-30,05:13:55,,16:03:41
EV476,Self-enabling foreground superstructure,wright.com,http://www.kelly.com/,Same day rate floor plan move agreement.,manual,79.0,Kyle Branch,,,Sports,"['Sports', 'Technology', 'Science']","3576 Peter Lodge
East Matthewborough, GA 95470",New Zealand,saturday,2024-01-27,11:10:51,,00:00:00
EV477,Quality-focused radical process improvement,NACB,http://www.cooke.org/,Event huge image society because.,auto,58.0,Andrew Cook,,,Business & Finance,['Politics'],"USNV Rivera
FPO AE 45100",Gibraltar,friday,2024-02-17,11:34:07,2024-03-04,21:46:08
EV478,Phased well-modulated strategy,NACB,https://becker.net/,Country majority against professional whose in.,manual,72.0,Roger Krause,,,Health,"['Politics', 'Science']","7352 Sandra Row
West Christopherland, TN 03811",Macau S.A.R.,friday,2024-07-04,00:31:08,,00:00:00
EV479,Extended interactive intranet,cooper-vazquez.info,https://www.cannon.net/,Pretty vote tend hospital specific model.,manual,0.0,Carla Mejia PhD,,,Technology,"['Politics', 'Health', 'Sports', 'Science', 'Technology']","702 Newman Courts Apt. 286
West Amberburgh, RI 64744",Slovenia,saturday,2024-05-10,13:21:07,2024-06-15,07:17:28
EV480,Customizable optimizing policy,NACB,http://www.carlson.com/,Couple mention fire on wall series.,manual,91.0,Shannon Dominguez,,,Technology,"['Technology', 'Business & Finance', 'Politics']","4253 Allen Common
Julieville, PR 61336",Cocos (Keeling) Islands,monday,2024-03-03,07:17:22,,08:02:35
EV481,Synergized intangible encoding,NACB,https://www.cantu-lewis.net/,Meeting wish name protect.,manual,10.0,Vernon Anderson,,,Technology,"['Entertainment', 'Business & Finance', 'Technology', 'Politics']","USNV Martin
FPO AP 07419",Yemen,thursday,2024-07-02,00:27:12,2024-08-02,00:00:00
EV482,Proactive asynchronous alliance,NACB,https://www.huerta.com/,Piece newspaper movie force public military.,auto,76.0,Leslie Evans,,,Health,"['Health', 'Business & Finance', 'Science', 'Technology']","USNV Harris
FPO AA 37094",Uruguay,wednesday,2024-07-05,13:09:19,,00:00:00
EV483,Mandatory neutral website,NACB,http://knight-hamilton.com/,Rich owner free billion morning chance.,auto,0.0,Ellen Lee,,,Health,"['Science', 'Health', 'Politics', 'Technology']","669 Haas Coves
Annefurt, MN 44721",Gambia The,wednesday,2024-01-14,18:33:57,,12:06:07
EV484,Universal interactive access,kennedy-martin.biz,http://www.hernandez.com/,Suddenly option few agree leave explain tend.,auto,0.0,Brittany Davis,,,Politics,"['Entertainment', 'Health', 'Business & Finance', 'Politics', 'Sports']","02988 Wyatt Green Apt. 986
Blackport, VT 93913",Chad,wednesday,2024-03-10,04:03:26,,00:00:00
EV485,Team-oriented transitional focus group,hawkins-barnes.com,http://www.wilkinson.net/,Hard total listen building.,manual,0.0,Tiffany Jones,,,Politics,"['Business & Finance', 'Politics', 'Science']","575 Morris Tunnel
Jenniferfort, OH 19590",Greece,sunday,2024-05-16,22:19:44,,00:00:00
EV486,Focused bifurcated workforce,NACB,https://wells.com/,Consider billion stand issue stop opportunity.,auto,0.0,Thomas Estrada,,,Health,"['Politics', 'Technology', 'Sports', 'Entertainment']","3126 Hopkins Stravenue Suite 343
Martinton, CT 04138",South Sudan,saturday,2024-01-17,01:21:17,2024-07-11,00:00:00
EV487,Upgradable system-worthy application,williams-owen.com,https://cox.com/,Wear over visit movement like.,auto,61.0,Brandon Baldwin,,,Business & Finance,"['Politics', 'Science', 'Technology']","412 Jessica Groves Suite 908
Williamland, PR 46765",Sri Lanka,monday,2024-01-10,07:55:13,,00:00:00
EV488,Networked upward-trending projection,schultz.org,http://www.jordan.org/,Among certainly practice plan.,auto,33.0,Tina Guerra,,,Business & Finance,['Politics'],"8202 Ward Branch
Huntshire, PW 62449",Suriname,saturday,2024-04-07,07:22:18,,00:00:00
EV489,Reactive clear-thinking alliance,NACB,https://perez.com/,Ten long machine here PM.,auto,14.0,Michael Robinson,,,Entertainment,"['Politics', 'Science']","868 Morris Tunnel
Port Matthew, NJ 99517",Tonga,wednesday,2024-07-06,11:47:37,,00:00:00
EV490,Exclusive clear-thinking methodology,NACB,http://bates.info/,Kid can wonder.,auto,62.0,Calvin Mullen,,,Politics,"['Science', 'Business & Finance', 'Entertainment', 'Technology']","9620 Mark Inlet
Christinaview, HI 04703",Mozambique,wednesday,2024-03-08,02:38:13,,15:43:10
EV491,Reactive global model,NACB,http://allen-young.net/,Source character enjoy less court care.,auto,0.0,Benjamin Love,,,Sports,"['Entertainment', 'Health', 'Technology', 'Business & Finance', 'Sports']","40252 Smith Burg
Port Craigshire, NM 01788",Madagascar,monday,2024-01-11,15:03:21,,00:00:00
EV492,Synergistic mobile leverage,miller-cherry.com,https://www.hahn.com/,Way worker Mrs anything present recent.,manual,0.0,Cheryl Valdez,,,Entertainment,"['Entertainment', 'Business & Finance', 'Sports']","8601 Richard Route Suite 729
East Stephanie, DE 15741",Tokelau,friday,2024-06-01,16:26:42,2024-04-12,00:00:00
EV493,Synchronized client-server paradigm,NACB,http://www.fisher-garza.org/,How property girl million whether fund.,auto,70.0,Joann Clark,,,Science,"['Business & Finance', 'Technology', 'Science']","9328 Hess Squares Apt. 128
Brendaview, VI 47045",Haiti,friday,2024-05-28,11:12:11,,06:36:30
EV494,Horizontal 24hour approach,jacobs.net,https://www.woods.info/,Return business data within meeting.,manual,23.0,Katie Lambert,,,Business & Finance,"['Politics', 'Entertainment', 'Technology']","682 Donald Forks Suite 616
Jonesfurt, WA 30741",Slovenia,wednesday,2024-04-07,16:00:09,,00:00:00
EV495,Optimized 24/7 support,rios.com,https://www.mcdonald.com/,Others risk maybe argue heart support cut.,auto,90.0,Donna Hernandez,,,Politics,"['Business & Finance', 'Science', 'Technology', 'Politics', 'Sports']","9929 Deborah Causeway
Rhondaberg, UT 58903",Colombia,thursday,2024-07-05,07:33:44,2024-03-06,00:00:00
EV496,Enhanced neutral info-mediaries,NACB,http://ross.org/,Hard event level scene improve.,auto,0.0,Lisa Anderson,,,Politics,"['Entertainment', 'Sports', 'Politics', 'Business & Finance', 'Technology']","268 Smith Islands
Arellanomouth, GU 03058",Bangladesh,tuesday,2024-05-01,09:52:31,,00:00:00
EV497,Universal eco-centric paradigm,NACB,https://lopez-wagner.com/,Computer friend expect trouble.,auto,0.0,Jeffrey Rice,,,Science,"['Entertainment', 'Sports']","771 Victor Cliff Suite 532
Perezview, RI 41076",Zambia,wednesday,2024-03-14,07:05:33,2024-07-13,00:00:00
EV498,Cross-group zero tolerance throughput,NACB,http://www.douglas.com/,Although month technology.,manual,0.0,John Gill PhD,,,Business & Finance,"['Politics', 'Business & Finance']","918 Allen Trail Suite 174
Natalietown, NY 82939",French Guiana,saturday,2024-03-16,00:38:54,2024-04-28,03:36:50
EV499,Streamlined intangible toolset,gonzalez.com,http://lee-stanton.com/,Place rate health base finally more.,manual,59.0,Eric Cook,,,Science,"['Technology', 'Entertainment', 'Sports']","7006 Christina Trafficway
Penastad, IA 95960",Myanmar,monday,2024-08-02,23:01:50,,00:00:00
EV500,Fundamental full-range capability,wagner-johnson.com,https://www.luna.com/,Civil with candidate then site still easy less.,auto,0.0,Mary Fitzpatrick,,,Sports,['Technology'],"897 Robyn Valley Apt. 893
Nicolechester, SC 46219",Bangladesh,sunday,2024-03-06,05:46:22,2024-05-10,00:00:00
