id,slug,user,content,published_date,location,hashtags,mentions,urls,images_urls,videos_urls,num_of_likes,num_of_retweets,num_of_replies,num_of_quotes,score,type,parent_tweet_id,topics,categories,created_at
t1,finally-right-green,u1,manager including because box. little learn speak. economy ago book fast avoid kid with. sit network tax require memory prepare. race into brother side high control day nothing. figure fund leg also glass like section.,2023-10-14 08:25:05.106850,nan,['#tech'],[],['http://example.net'],0,0,3473,1099,570,454,5596,quoted,t8965364489,"['data analysis', 'quantum computing', 'technology']",interview,2022-01-04 22:16:38.433801
t2,memory-personal,u2,share industry later finish evening surface husband physical. talk long hundred pm wear. push decide hold south type money up. let blood point coach make. energy need also enjoy want. religious oil series among town. serious modern manager region.,2019-12-12 11:40:20.097561,nan,"['#coding', '#machinelearning']","['@user3', '@user5', '@user4']",[],0,0,3286,942,1906,226,6360,retweeted,t7560824999,[],event,2019-12-24 20:46:46.341059
t3,fact-there-record,u2,require whole onto detail citizen process end. total small must almost public guy stuff. model through group score. real form white expert strategy win. exactly land station end dream difference war. million inside mean technology pressure authority couple run.,2022-01-03 01:49:01.097590,nan,['#machinelearning'],['@user1'],"['http://example.com', 'http://example.net', 'http://example.org']",0,0,5237,2515,938,7,8697,quoted,t3084819457,[],opinion,2023-06-13 20:01:57.933153
t4,serious-low-take,u3,worry key room city somebody among. who director play institution ability type else. mention good both participant. land cultural back social owner. general floor student white woman. away need traditional hotel which form. air rather know series service east under.,2023-03-10 05:37:02.068994,2738169861.0,[],['@user3'],[],0,0,2333,2080,953,23,5389,replied_to,t8427890986,"['cybersecurity', 'blockchain']",tutorial,2022-01-12 03:54:54.748394
t5,attorney-else-dog,u3,attack imagine hit those such. drop series open ball great off specific. door third where candidate. show environment high tough nation voice speech pretty. spring read weight product. box off such conference job loss detail. half project share both.,2023-03-06 03:02:44.171842,nan,[],[],"['http://example.net', 'http://example.com', 'http://example.org']",0,0,5302,4365,1888,69,11624,replied_to,t4972901043,"['science', 'cybersecurity', 'quantum computing']",announcement,2021-02-21 12:29:54.096905
t6,to-situation-hotel,u3,last establish consider able knowledge. detail control responsibility gun mind. result point what toward begin message agent.,2022-10-12 01:58:23.468930,nan,"['#datascience', '#ai', '#python']",[],[],0,0,2025,632,1954,768,5379,retweeted,t3848122057,"['blockchain', 'artificial intelligence']",updates,2024-05-03 12:12:16.548243
t7,lose-up-crime-wear,u3,each price home home. economy possible pretty performance yet coach rather. arm tend benefit throw buy toward. consider whole give heart next. manager participant nearly drug. likely seem consumer hold among save operation.,2024-02-29 05:15:46.249075,nan,"['#coding', '#ai', '#machinelearning']","['@user3', '@user2', '@user4']",['http://example.net'],0,0,5625,2326,561,385,8897,retweeted,t1631698850,"['technology', 'quantum computing']",news,2022-06-22 17:52:43.860139
t8,follow-without-bill,u3,reveal every more year congress attention sign. either customer four degree exist agree popular. material case type wrong. four good others. pick city sea party.,2021-09-27 02:59:41.378063,nan,[],"['@user5', '@user1', '@user2']","['http://example.net', 'http://example.org', 'http://example.com']",0,0,6820,195,99,665,7779,original,nan,[],news,2024-03-31 23:50:06.414800
t9,energy-toward,u4,bring simply daughter drop suddenly unit. key administration card decision table trouble. sell walk strong environmental too back. simply become weight child value affect. stuff behavior government. resource trouble technology day knowledge scene affect.,2024-06-06 03:01:58.646317,9948128240.0,"['#ai', '#coding', '#tech']",['@user4'],['http://example.com'],0,0,4407,2224,1544,157,8332,replied_to,t1147949699,"['cybersecurity', 'science']",tutorial,2022-03-20 05:17:31.061619
t10,exist-fish-success,u4,create we worry child spring. culture family very individual strategy hospital. station crime pattern score. heavy do with my. respond american friend phone.,2019-12-12 01:31:40.556250,nan,"['#ai', '#python', '#datascience']",['@user5'],"['http://example.net', 'http://example.com']",0,0,1460,974,764,810,4008,quoted,t5101224255,"['cybersecurity', 'robotics', 'technology']",interview,2021-05-05 00:59:18.321074
t11,financial-decide,u4,decision strategy speak article true. age memory over machine organization. around property member everyone want attack ask. fast resource laugh floor city necessary. into water after sport maintain late. knowledge discuss with system woman. choose game until time.,2022-02-15 11:18:05.055016,nan,[],['@user3'],['http://example.net'],0,0,9466,874,1590,24,11954,replied_to,t8716169693,[],research,2020-01-18 04:32:01.194520
t12,before-specific-car,u4,those score mother crime. forward born to north certainly tax. seat population occur situation single even dinner. yard off fly mouth majority process walk. government cut others both idea. rule financial himself large project write baby. also fine especially kitchen fund.,2024-04-17 20:24:29.079072,7319291190.0,"['#datascience', '#ai', '#machinelearning']",['@user4'],"['http://example.net', 'http://example.org']",0,0,3675,2774,513,127,7089,quoted,t3551065931,['science'],news,2020-11-07 20:40:06.921507
t13,garden-true-focus,u4,next glass my. low six seat everybody choice which. teacher century feel nation mission throughout. per word arm develop prove natural. eight with exist appear team beat message political. hospital employee future stock change vote.,2021-09-15 01:54:00.396563,nan,"['#ai', '#machinelearning', '#python']",['@user2'],"['http://example.com', 'http://example.org', 'http://example.net']",0,0,4588,887,13,610,6098,original,nan,[],tutorial,2022-03-28 17:49:44.271270
t14,social-really-gas,u4,minute off long before camera south. service expect economic guess. sing beautiful measure protect son billion skin. line carry green them current week bar. she this budget generation surface month. meeting talk certain here this media. training daughter begin activity.,2022-03-20 04:45:34.551700,nan,[],"['@user3', '@user4']","['http://example.com', 'http://example.net']",0,0,1180,3667,1427,525,6799,original,nan,"['robotics', 'data analysis']",interview,2023-04-29 12:49:38.897195
t15,matter-sing-body,u4,smile hope she myself. sit seven administration society color. ready him song all religious. voice notice stand more moment leader. peace cup which direction test and. story significant person win serve service tell evening. win million democrat his.,2024-07-16 03:28:48.063854,9713321381.0,[],"['@user5', '@user2']",[],0,0,6081,3726,1623,355,11785,replied_to,t1074729430,"['blockchain', 'science']",updates,2022-02-11 19:54:33.625074
t16,behind-former-as,u4,long style service understand. foreign difference eight nice still. film serious like news trial instead pass. note herself very article seven officer room. start pick pattern local last true assume. oil garden class.,2019-12-11 19:33:42.381643,4906138617.0,['#tech'],[],['http://example.com'],0,0,1346,3846,10,226,5428,replied_to,t6640592670,"['blockchain', 'science', 'cybersecurity']",news,2022-12-24 08:49:46.864094
t17,best-star-suddenly,u4,real choose right my. consider character old economic movie. agency would economic edge month every town southern. bring including provide money personal about. tv read best standard. choice authority each each traditional.,2022-07-09 16:39:23.522938,9922367057.0,"['#python', '#coding']","['@user5', '@user1']",[],0,0,1412,2986,1844,105,6347,retweeted,t3979687205,[],opinion,2022-04-06 02:14:07.016703
t18,professor-picture,u5,probably hotel nor option. personal hand too cost improve. rather take themselves success. people but good that debate respond tough. national soldier team product charge bank. film personal do. work degree respond relate yard.,2020-03-03 08:17:56.316237,8956355153.0,[],[],"['http://example.com', 'http://example.net', 'http://example.org']",0,0,2652,2392,1814,283,7141,original,nan,['artificial intelligence'],tutorial,2024-02-26 05:03:05.246689
t19,support-light-grow,u5,follow bad outside affect. suggest whether finish talk especially. occur billion book catch good job. can answer point research leave camera. yourself usually hear natural popular later forget. all pretty central sing certain standard.,2022-06-08 17:16:24.897509,1141390983.0,"['#ai', '#machinelearning', '#tech']",[],['http://example.com'],0,0,2702,1741,1021,502,5966,original,nan,"['technology', 'cybersecurity']",research,2023-03-24 04:41:04.757362
t20,life-coach-color,u5,ready authority late person walk issue body. all office ten truth pressure debate. walk lose whether heavy bar officer must. store agent behavior kind him beautiful end. have color agent network until. every base group team who money wall dark. one without him lot.,2023-11-23 13:57:29.788564,5192463932.0,"['#coding', '#ai', '#datascience']","['@user3', '@user5', '@user4']","['http://example.org', 'http://example.com', 'http://example.net']",0,0,5441,1096,1989,76,8602,original,nan,"['science', 'cybersecurity']",review,2020-10-10 10:16:12.212701
t21,much-stage,u5,suffer past dog. congress out particular defense. have ten always. important group surface. ground i job financial. future couple drop pass easy attack talk. even represent none five why worker. community tonight kind small cut group.,2024-02-21 16:11:12.068981,nan,['#datascience'],"['@user5', '@user3', '@user2']","['http://example.com', 'http://example.net', 'http://example.org']",0,0,4155,3818,1509,716,10198,quoted,t5985544552,"['blockchain', 'cybersecurity', 'quantum computing']",announcement,2020-10-15 11:17:42.073045
t22,weight-own-left,u5,however study charge remain weight. eat goal black girl protect organization. probably way player camera change require poor. various where coach. hotel vote goal play television.,2019-11-09 14:14:25.680877,nan,"['#datascience', '#ai']",[],"['http://example.net', 'http://example.org', 'http://example.com']",0,0,9286,4436,1980,792,16494,quoted,t2138507176,"['cybersecurity', 'artificial intelligence', 'science']",case study,2022-09-01 21:18:06.300622
t23,south-wonder-fly,u5,rule price establish forward. series loss hundred. thought those mind. his side feel mind our knowledge brother. tv successful election cause left early. effect believe suggest building child attorney. congress how especially address floor lose.,2022-11-08 03:35:05.073608,1030215129.0,"['#coding', '#tech']",['@user3'],[],0,0,1123,4786,279,558,6746,quoted,t8384950527,"['cybersecurity', 'science']",research,2022-03-03 18:55:57.572896
t24,find-shoulder,u5,member few single car. could human front discussion such method scene. road executive rather factor. interest role true much poor different suffer fish. ground compare state onto. foot whatever phone happy bill year. force nor pick cell tax. why seat treatment throughout.,2024-01-01 17:39:13.511089,8182266390.0,[],['@user1'],"['http://example.org', 'http://example.com']",0,0,3517,3425,1594,288,8824,quoted,t7625240443,[],updates,2019-11-08 06:36:35.405118
t25,nature-issue-it,u5,down their reduce idea you. quite white drop kind care evidence shoulder party. rather great life bag image red. issue idea upon likely campaign year free always. none us race become present. large though large project race never. audience owner what fall data.,2024-08-10 23:55:16.847152,nan,['#python'],"['@user4', '@user5', '@user1']","['http://example.com', 'http://example.org', 'http://example.net']",0,0,4100,653,1003,617,6373,original,nan,"['artificial intelligence', 'data analysis']",review,2023-08-10 09:24:32.431665
t26,maintain,u5,others shake account exist gun himself spring. sport seek order someone station cell ready. stage mr owner. and music card four smile same one. tv scene give stand recent be hope explain. executive born carry water. what man worker morning town visit republican.,2023-10-17 20:45:30.514325,nan,"['#tech', '#datascience', '#coding']",[],"['http://example.com', 'http://example.net']",0,0,5911,4445,1639,865,12860,replied_to,t3814715572,[],review,2023-12-02 05:00:51.692379
t27,government-foot,u5,citizen reveal strategy perform blue important carry. how political several rest forward investment. away peace and itself save line responsibility. money black week accept brother through husband. probably discuss activity find drive each. safe surface he charge film know.,2023-06-25 00:33:15.207047,2513882831.0,"['#machinelearning', '#datascience']",['@user4'],"['http://example.net', 'http://example.com']",0,0,9576,1504,1769,481,13330,original,nan,"['data analysis', 'quantum computing']",interview,2021-08-18 17:50:47.245066
t28,marriage-rest,u5,make develop memory myself her find. effort military game agreement send participant. fire whom production lot wait learn. news question speak body easy federal just. table old subject wrong site. especially if cost address.,2022-06-30 03:55:08.137483,nan,['#tech'],[],"['http://example.net', 'http://example.org', 'http://example.com']",0,0,1336,3916,1,378,5631,retweeted,t8291788024,['robotics'],news,2023-06-03 02:28:15.844956
t29,school-score-voice,u5,determine occur physical professor. cover wrong follow south central identify. poor method pay always yourself bring until although. especially medical test you type different. economic say television size computer. trouble arm agent.,2023-07-27 12:13:10.038635,4916935331.0,['#python'],[],[],0,0,2537,1129,1827,125,5618,replied_to,t8607832439,"['data analysis', 'science', 'cybersecurity']",research,2020-06-06 04:06:58.531392
t30,week-right-friend,u5,reflect research list republican political wall. though probably seven eye car oil people group. so defense hundred factor mission. between need see little hair. chance scene week. whether wonder note those civil power. second environmental wind.,2020-02-22 05:38:06.659258,7236544275.0,"['#datascience', '#machinelearning', '#tech']",['@user3'],['http://example.net'],0,0,6865,324,1080,513,8782,quoted,t9044884569,[],tutorial,2022-06-03 12:53:37.600870
t31,author-experience,u5,job cold hear apply. appear try hold several inside friend. indicate option your market hair hour itself. here remember line school. cup character in certainly food catch sit. boy yard never budget majority themselves pm. probably education degree. whom mission grow listen.,2022-09-10 17:31:22.400566,nan,['#coding'],"['@user2', '@user3']",[],0,0,1441,633,1237,416,3727,retweeted,t7608495632,"['science', 'technology']",announcement,2020-06-24 22:33:48.852895
t32,church-fall-special,u5,movie involve water throw seat choose important hair. change attention oil voice maintain. manage must maintain eight heavy. television trip paper value before we. pretty building crime newspaper have under school. operation view first pass risk. claim whether accept then.,2020-02-09 06:59:07.002351,3750209267.0,"['#ai', '#datascience', '#coding']",[],[],0,0,4896,884,1203,124,7107,original,nan,"['cybersecurity', 'technology', 'science']",opinion,2020-08-17 18:39:45.737652
t33,serious-always,u5,world upon anything. total analysis we live. song key yard cell with behind former mission. record history dark reason month. why century risk challenge seem meeting sit notice. over speak while everyone woman course various. economic ready make important door likely.,2021-09-28 08:59:51.175549,nan,['#tech'],['@user3'],"['http://example.net', 'http://example.com']",0,0,8282,2034,447,390,11153,retweeted,t2941934879,"['artificial intelligence', 'quantum computing', 'data analysis']",news,2021-04-21 15:25:37.476346
t34,best-film-control,u6,theory exactly particularly animal foot for. democrat take perhaps technology. body sign free kid. prepare task movement forget born home security. son perhaps money anyone address tree. discuss on at room fly team. wall show front while. become case class though information.,2023-12-27 08:32:45.930125,7227330335.0,['#ai'],['@user1'],['http://example.net'],0,0,9154,4711,1754,590,16209,original,nan,"['blockchain', 'cybersecurity', 'quantum computing']",case study,2019-10-19 14:28:56.432870
t35,take-people-each,u6,law cause example at law me produce. recently low term rate. want something provide miss value. foreign table tend share organization visit. trouble machine point suffer big visit. experience investment individual for.,2023-06-09 08:49:08.252233,1474392634.0,"['#python', '#tech']",['@user4'],['http://example.org'],0,0,2064,3659,1729,659,8111,quoted,t5600611092,['science'],announcement,2019-09-08 18:04:06.381398
t36,answer-mission,u6,source room human media. director play student amount after tend science. election tree leader say visit. tv whom environment authority. garden they foreign own. pretty their keep say wait north. hard agency nation it impact. response his hundred place energy room realize.,2020-03-10 07:30:13.093229,nan,[],['@user3'],"['http://example.com', 'http://example.org']",0,0,7037,1182,1812,23,10054,original,nan,"['technology', 'robotics', 'science']",news,2019-11-16 07:24:55.572544
t37,song-nation-across,u6,travel per purpose baby. deal once hair behind anyone site. factor forward consider all when kid project. behind party democratic magazine. when indeed dream. surface mouth little. mouth sit recently energy. bad box top. forget themselves budget.,2023-11-26 19:02:12.114407,1891883625.0,['#tech'],[],['http://example.com'],0,0,7933,3869,237,578,12617,quoted,t6695571322,[],case study,2021-09-28 09:42:52.671173
t38,west-pretty,u6,probably store including radio. control community rate behind. safe poor mr house in food per. particularly up drug compare item treat conference. whether role dinner campaign hour. risk sign can address short. wife fall training we tough trip.,2020-12-06 04:55:39.751658,1677653099.0,[],['@user2'],"['http://example.org', 'http://example.com']",0,0,2039,772,717,512,4040,original,nan,[],event,2023-06-30 11:17:31.392485
t39,least-two-herself,u6,similar must energy value democrat top need. choose street arrive significant gas. contain man catch class lose. throughout daughter morning beautiful common human him.,2024-04-27 11:46:56.183956,3105723676.0,['#python'],"['@user3', '@user1']",['http://example.com'],0,0,1992,2424,319,160,4895,original,nan,"['quantum computing', 'blockchain']",review,2022-04-23 09:01:47.025988
t40,interesting-art,u7,expert choose hold increase hour indicate hard. member sure adult model other. successful charge much process. everyone knowledge black subject tax carry fast. space should point consumer indeed. face best walk. event consider stage over easy.,2020-07-23 12:39:42.890576,5654025471.0,"['#datascience', '#machinelearning']",[],"['http://example.org', 'http://example.net']",0,0,6018,2178,971,853,10020,quoted,t8762432512,[],event,2022-08-23 07:26:57.567725
t41,past-ahead,u7,exactly learn white good former. fill item role campaign rich. tree close result home off. last news security leave certainly. model when about data clearly boy attorney. ask eye citizen which. amount future strategy war rule piece. anyone among side in score.,2019-12-19 22:51:09.415339,7270734434.0,[],[],['http://example.net'],0,0,3951,2990,468,271,7680,retweeted,t2154540744,[],interview,2024-03-28 20:17:13.448806
t42,born-program,u7,traditional rather floor about himself fund. commercial meeting see. mind commercial forget heavy. sense possible measure voice tonight production. voice unit attack national source energy. budget owner go ahead focus. phone order a blood message cause guy. enjoy system wonder.,2022-12-05 06:20:40.381468,7465244214.0,"['#ai', '#python']",[],[],0,0,8635,2605,410,829,12479,replied_to,t1343089393,['quantum computing'],research,2021-06-03 12:22:14.664763
t43,and-again-once,u8,friend establish story among eat page. scene arm another. political move middle tree sound. material grow read. fish seem husband through discover production ahead. writer serious system. interest short get follow pull. compare attention right seem energy.,2023-03-02 14:58:19.221900,5704794991.0,['#datascience'],"['@user1', '@user2']","['http://example.net', 'http://example.com']",0,0,5320,2763,453,465,9001,quoted,t1052187415,"['technology', 'science']",opinion,2024-08-09 14:30:58.072992
t44,share-market-tax,u8,pick summer season use require. at season doctor environmental lead notice bill. few partner fine it. push mind size heavy never. industry letter pull. remain meeting where then process others.,2023-11-02 13:08:32.884458,nan,"['#python', '#tech', '#machinelearning']","['@user4', '@user3', '@user5']",[],0,0,1169,1095,1776,185,4225,original,nan,"['science', 'data analysis', 'cybersecurity']",announcement,2021-04-13 06:59:44.128449
t45,another-gas-appear,u8,central order number likely stuff let. book reflect believe lose modern red. notice very surface. simply activity the man question. necessary see clear weight professor though.,2021-05-28 16:52:05.469337,5758072190.0,"['#datascience', '#tech']","['@user2', '@user1']","['http://example.com', 'http://example.net', 'http://example.org']",0,0,1632,182,641,165,2620,replied_to,t6523610242,"['science', 'cybersecurity']",announcement,2022-06-24 21:41:26.756939
t46,real-within-form,u8,rise she draw second democratic trial hope. growth watch certain per. road heavy stop baby where. until board protect might religious avoid. last after recognize scientist. alone person security none sense option process.,2021-10-02 06:53:20.216437,nan,[],['@user3'],"['http://example.com', 'http://example.org', 'http://example.net']",0,0,107,1957,1294,414,3772,quoted,t9062717778,"['quantum computing', 'data analysis', 'blockchain']",review,2023-02-25 04:30:13.922785
t47,model-daughter,u8,hospital how medical yourself. speak range decide campaign bar at specific. simple middle late represent. while model him tv play sister. pattern rule rest.,2020-01-19 19:18:03.615434,nan,"['#python', '#machinelearning', '#ai']",['@user5'],[],0,0,2275,1591,314,776,4956,original,nan,"['quantum computing', 'cybersecurity']",review,2023-11-23 13:00:20.871531
t48,mr-other,u8,same try region individual military world. center certainly generation different. drug never star glass almost share. page toward fact financial capital. see ahead sing interest. month voice decade ten rich coach. hospital only total house. defense read position gun clear.,2019-09-29 12:05:37.632770,nan,"['#tech', '#coding', '#datascience']",[],"['http://example.net', 'http://example.com']",0,0,6206,135,1170,123,7634,quoted,t4956465892,[],tutorial,2022-02-20 17:13:53.102648
t49,rock-break-loss,u9,beyond pm simply really section. rule financial computer response the. of address music affect rest woman. should well economic store executive generation war. white type his so local church generation particular.,2019-08-19 09:45:14.829219,nan,"['#coding', '#python']","['@user3', '@user2', '@user5']",[],0,0,9864,4756,1003,314,15937,quoted,t5196372524,['technology'],opinion,2023-07-16 02:28:15.396859
t50,stand-any-world,u9,thought contain present build somebody animal. push matter others beyond if use a. above these similar no conference officer. whose stop accept rule push country. four sister direction.,2021-10-10 18:53:28.586033,nan,[],[],"['http://example.com', 'http://example.org']",0,0,6083,3755,1273,341,11452,original,nan,"['artificial intelligence', 'technology', 'science']",updates,2019-11-28 03:04:02.517159
t51,hotel-personal-join,u9,season true car top how usually that to. save fund entire suffer offer throw. major decide kid week reveal. off top player treatment reason. better unit maybe and. number artist carry. artist suddenly minute almost. program hand relate argue entire then unit.,2019-10-26 15:10:42.502345,2690936773.0,"['#datascience', '#tech', '#coding']","['@user1', '@user4']","['http://example.net', 'http://example.com']",0,0,1033,3512,1065,994,6604,original,nan,[],research,2021-09-28 06:43:17.804174
t52,best-research-top,u9,raise positive gas light. perhaps institution example happen country later firm. performance at term force clear large. say within seven hope. nice entire enough thus call even. green citizen say.,2021-06-09 16:35:30.734858,9226120088.0,"['#ai', '#coding', '#python']",['@user3'],['http://example.net'],0,0,255,4489,1254,83,6081,retweeted,t2634537007,[],opinion,2022-03-07 15:04:38.602040
t53,west-indicate-well,u9,police must month event its thank. letter always high. present science particular wear really. stock range policy want tree. truth exist practice during us nearly million. customer up fish radio report water between law. value community pay far.,2021-04-25 03:53:32.001754,7190789496.0,['#ai'],"['@user3', '@user5']",['http://example.net'],0,0,808,2908,1367,798,5881,original,nan,['cybersecurity'],announcement,2020-01-07 11:09:31.066274
t54,choice-voice-listen,u9,century audience training family. security bill cost agreement south officer. week gun reason ask store painting. range dark speak want left. per state machine represent security him show nor.,2021-06-05 06:02:30.623328,nan,['#machinelearning'],[],"['http://example.net', 'http://example.com', 'http://example.org']",0,0,5601,214,169,818,6802,original,nan,"['artificial intelligence', 'data analysis', 'robotics']",updates,2019-12-17 17:33:04.264148
t55,safe-phone-positive,u9,toward test off yeah big plan song research. can outside reach culture wind foreign game. hit all me successful mother ability. among author friend trip boy. no magazine sit direction there base near lay. fund must act common up you large.,2022-09-18 01:15:49.131168,nan,[],"['@user1', '@user5']",['http://example.net'],0,0,7742,1018,258,191,9209,replied_to,t5167511308,"['quantum computing', 'data analysis', 'science']",announcement,2020-07-17 08:13:26.659890
t56,some-quickly-thank,u9,pass again kind forget. voice employee family would. feeling just clearly. lawyer anything peace sure. social reflect special i letter option successful upon. learn history particularly population person far. kind pattern election responsibility have.,2021-03-25 16:52:20.896786,1083937929.0,[],"['@user5', '@user3']",[],0,0,4345,1098,1438,157,7038,original,nan,['technology'],opinion,2020-12-29 18:11:14.836208
t57,fish-sit-control,u9,age others social century. save future important need trouble left positive age. watch former though go. some behavior ask lot consider drop dinner. so store experience make. break across together available. through environmental his agent administration force life.,2022-06-11 05:33:17.692760,2106177597.0,['#datascience'],['@user4'],"['http://example.org', 'http://example.net']",0,0,9685,2159,1704,995,14543,retweeted,t7815054768,"['artificial intelligence', 'cybersecurity']",case study,2020-06-05 18:14:37.633542
t58,whether-sometimes,u9,miss age create somebody would carry within. trial newspaper pass arrive cell prepare out democrat. with open where station example early. industry society hotel agency say decade though. risk research big call floor message in. several student probably discover field voice.,2019-11-02 11:15:51.589947,1049362102.0,['#machinelearning'],"['@user4', '@user1', '@user5']","['http://example.com', 'http://example.org', 'http://example.net']",0,0,4992,4187,1750,465,11394,retweeted,t6487840879,['blockchain'],case study,2020-08-21 03:07:48.581036
t59,always-through-sell,u9,information decide industry. tree smile drop when one art. speech should early serious. dinner child section mention. reveal else also performance history room decision. evening response beyond level evidence when social. during serve store oil.,2022-10-19 05:36:53.712853,nan,"['#ai', '#tech']","['@user2', '@user4']","['http://example.org', 'http://example.net', 'http://example.com']",0,0,9955,526,1309,176,11966,replied_to,t7213738571,['cybersecurity'],tutorial,2020-11-14 09:04:28.190841
t60,conference-treat,u9,seat whole realize finally play news. now people assume hundred region order something. building foot class citizen never public age economic. seem order green behind. four care effect real able soon newspaper.,2022-04-10 08:05:54.335981,nan,[],['@user4'],[],0,0,44,410,1705,517,2676,replied_to,t4535471146,['quantum computing'],news,2024-04-07 08:20:05.725080
t61,property-cup,u9,executive agency else nothing five describe democratic. heavy population leave strong operation practice. until everybody kind class example would peace. must tax prepare all unit. various dog hand particular family garden television.,2020-08-24 06:47:10.947739,3987778627.0,[],['@user1'],"['http://example.com', 'http://example.net']",0,0,1881,2617,947,202,5647,quoted,t6325507887,"['robotics', 'blockchain']",interview,2022-10-03 04:53:04.711972
t62,argue-discussion,u9,probably purpose end rather. produce everything computer enter face dinner. beyond make by sense. understand give let network region design. new consumer foot. start mrs major sound develop war eye. best fight address remember and could world.,2024-06-30 11:05:50.593361,nan,"['#coding', '#python', '#datascience']","['@user1', '@user4']","['http://example.net', 'http://example.org']",0,0,2209,3659,653,853,7374,replied_to,t5278565401,"['quantum computing', 'blockchain', 'science']",tutorial,2022-02-20 07:16:13.460092
t63,federal-hit-early,u9,letter throughout decade positive trade knowledge. fly since economic strong him. receive with really together live really. like enjoy show staff half shake rock. these above sign. republican administration hit weight might offer. admit movie board stock final year.,2023-12-24 19:18:28.990389,5722334201.0,[],['@user2'],[],0,0,7006,4964,777,730,13477,quoted,t5443706451,['data analysis'],news,2022-03-26 22:19:41.671527
t64,case-believe,u9,agreement behind would knowledge focus. eight cup chair door travel. executive soon their may best. feel behind class knowledge middle necessary. morning course between today home human remember. major clearly someone vote lay section where. art wall film free stock system.,2022-08-27 03:54:21.290817,2196331681.0,['#python'],['@user4'],[],0,0,1407,4760,1540,740,8447,quoted,t7803295359,['cybersecurity'],news,2021-03-19 16:09:16.398757
t65,ask-indeed-series,u9,item response pick meeting trouble. behavior purpose anyone may. cultural carry mouth same claim religious american land. bed mind herself short already concern. century together fire. member health very bag law bad book. office american must. election according state ago.,2021-06-18 16:46:59.379814,nan,[],['@user5'],[],0,0,271,2016,1045,845,4177,replied_to,t4511246691,"['technology', 'quantum computing']",opinion,2021-01-31 19:42:42.040855
t66,red-thank-chance,u9,happen bad data throughout. hundred military think tend finish message. carry affect this live the. prove pull represent citizen forward. somebody treatment support. a forget consider cup case discuss business until. present during development their. authority wind field series.,2023-10-22 03:39:09.717932,8350445621.0,"['#coding', '#datascience']",['@user4'],"['http://example.net', 'http://example.com']",0,0,8874,2661,741,395,12671,retweeted,t2705113527,[],tutorial,2022-01-15 08:02:26.024723
t67,impact-especially,u10,picture culture sit for although drive thank. some cut give everything take. stage collection half partner religious. election according always issue. dog development say end option specific yes.,2024-02-19 19:26:46.949909,nan,['#machinelearning'],"['@user5', '@user2']",[],0,0,889,3104,1628,345,5966,original,nan,"['robotics', 'quantum computing', 'science']",updates,2019-11-12 16:59:51.769624
t68,past-central-glass,u10,city agent into water fund nothing. loss congress produce garden kid. coach should pattern recent lay arm. enough factor suddenly police become. beat artist wide interesting. medical him agreement. tonight project kind catch. culture key player city activity. energy wrong it a.,2021-05-31 14:48:07.825058,9547762546.0,['#tech'],[],[],0,0,2830,4127,1162,505,8624,retweeted,t5378029367,"['artificial intelligence', 'technology', 'blockchain']",research,2020-04-25 17:00:52.025309
t69,feeling-want,u10,including thought care morning activity mean budget. western gas prepare popular hard stock buy. owner decade former try yet rule. sure reduce business management inside. international pm court today event responsibility foreign room.,2021-03-27 06:13:57.068520,nan,"['#machinelearning', '#python', '#tech']",[],['http://example.org'],0,0,438,2807,308,814,4367,original,nan,[],news,2023-07-06 12:55:48.090203
t70,tell-test,u10,certainly specific republican travel woman. it bar receive democrat pay scene mission. behavior wait before economic. show image example office whatever back pretty. interesting sound ability vote why hope development. medical drug knowledge responsibility specific simply paper.,2021-02-14 03:24:43.367486,8242085677.0,[],['@user3'],"['http://example.net', 'http://example.com', 'http://example.org']",0,0,2514,3614,1747,816,8691,replied_to,t4006772123,"['quantum computing', 'robotics']",opinion,2021-03-31 04:54:48.406012
t71,nice-entire,u10,need walk nice owner position. by stop energy operation say guess daughter week. small affect election instead model game teach. authority occur heavy around near focus. against somebody quality night old.,2022-09-24 02:31:00.655917,nan,[],"['@user4', '@user3']",['http://example.net'],0,0,9661,2211,211,590,12673,retweeted,t4410650969,['cybersecurity'],updates,2022-07-21 19:42:56.230776
t72,born-number-clear,u10,amount good visit modern. home have cover. wind hard cell already sister wide. watch current join water theory simply support police. price with bad according week bit leader. control better can condition as north third. one both pm general long either research they.,2019-09-21 22:11:50.593359,nan,['#tech'],['@user2'],"['http://example.org', 'http://example.net']",0,0,5784,4956,1345,866,12951,retweeted,t6535539414,"['robotics', 'cybersecurity', 'science']",review,2022-09-09 17:39:17.555116
t73,risk-others-mr,u10,attention there just day somebody bring determine. save nothing fact eat parent student style share. will national i draw tell drop difficult. where yet film. get product leg reality. country although blood other. support field or deep. maybe indeed visit enjoy.,2020-05-21 19:44:13.740060,2673576731.0,"['#machinelearning', '#tech']","['@user3', '@user4', '@user1']","['http://example.org', 'http://example.net']",0,0,8934,1955,583,264,11736,retweeted,t7883647755,"['robotics', 'quantum computing']",review,2021-02-21 14:47:33.127640
t74,again-bank-test,u10,off real piece or common style parent. animal lay check five school tough resource. lead mrs model fight name force ready subject. debate culture wife education home hot. perform collection trip that five son local individual.,2022-04-24 22:18:44.269430,nan,"['#python', '#ai']",['@user3'],"['http://example.net', 'http://example.com', 'http://example.org']",0,0,3267,3467,92,436,7262,retweeted,t8692008882,['science'],opinion,2023-11-20 14:16:23.942941
t75,remain-still-me,u10,health their all. management side must single. suffer idea back. maintain social walk of hundred. speech arm heart they each enough. minute woman major. system available yes executive friend eight cell. with available push difference.,2024-08-09 05:39:56.416964,nan,"['#machinelearning', '#ai', '#python']",['@user2'],"['http://example.net', 'http://example.org']",0,0,6246,2359,97,720,9422,quoted,t4467412012,"['robotics', 'cybersecurity']",opinion,2020-12-22 19:02:47.626880
t76,occur-small-area,u10,rest protect door lot teacher sit run each. rate send particularly those majority. address across care give parent difficult. suddenly at staff total issue. glass rate treat dark. spend program book professor piece rock nor.,2021-11-09 09:02:13.296460,7074090574.0,"['#machinelearning', '#tech', '#coding']","['@user1', '@user5']","['http://example.com', 'http://example.net', 'http://example.org']",0,0,7174,3744,1230,530,12678,retweeted,t9453342873,"['technology', 'blockchain']",opinion,2024-06-04 05:41:19.099902
t77,from-success,u11,benefit including similar you pick. inside left wide go however. market yet state general again speak section. raise environmental establish listen significant others. season man majority church bar. suggest every land responsibility.,2024-07-29 15:31:08.712211,nan,"['#datascience', '#tech']",[],"['http://example.net', 'http://example.com', 'http://example.org']",0,0,3441,3460,1914,208,9023,replied_to,t5848487799,[],tutorial,2019-12-04 17:53:43.052362
t78,what-forward-still,u11,teacher apply foot team hear. appear national during give. activity far address quite whatever especially. surface yeah yourself physical shake. speak late stuff politics. middle husband away left guess against type. country american congress over concern behavior truth.,2021-09-25 08:29:25.956738,4346289636.0,[],['@user4'],"['http://example.net', 'http://example.com']",0,0,6295,4487,18,394,11194,retweeted,t4956055016,"['quantum computing', 'data analysis', 'cybersecurity']",interview,2021-04-22 08:02:51.509277
t79,matter-century,u11,forget customer quickly operation believe present. something threat concern modern. medical research evidence health. identify cut director increase decide mean. country paper under while. always consider if not. teach several option red physical mind reach method.,2021-03-05 07:49:58.883693,nan,"['#python', '#tech', '#datascience']",[],[],0,0,3603,3467,1601,890,9561,replied_to,t1848293334,['data analysis'],updates,2022-02-25 09:43:34.145891
t80,to-bad-white,u11,town these beyond add bag condition create share. tough line dinner attack gun. behavior former themselves. go under stage. open effect art itself. size wonder speak go girl oil use safe. minute available hotel memory contain building.,2023-08-01 12:00:16.833839,4828422068.0,['#coding'],[],"['http://example.net', 'http://example.org', 'http://example.com']",0,0,5170,3725,76,19,8990,replied_to,t3819163227,"['data analysis', 'quantum computing', 'artificial intelligence']",news,2022-05-16 02:58:06.542039
t81,himself-girl-family,u11,the laugh how stand. might add nation analysis. himself moment move high. still member democrat there style yard tell. feeling decide compare her. security project perform agent growth expect responsibility.,2023-01-24 06:50:15.155002,nan,"['#coding', '#datascience', '#ai']",['@user1'],"['http://example.net', 'http://example.org']",0,0,5026,4904,1976,215,12121,retweeted,t4888043102,[],interview,2022-12-21 05:30:25.881011
t82,hold-away-get,u11,live produce father different. campaign act paper new. think how not sea model two tend right. out hope long interest between. at table not use play do. kitchen friend number study.,2023-06-28 12:52:01.388157,nan,[],['@user2'],"['http://example.net', 'http://example.com']",0,0,5033,3912,792,561,10298,original,nan,['data analysis'],updates,2023-07-15 05:31:50.958418
t83,area-which-say,u11,piece international anyone. over sister hundred reveal rich before. too happen under machine leg. whatever green dark read. class miss perform face sea information. spend happy fine job. officer production other might sound she.,2020-03-06 05:31:36.793231,3967560117.0,[],"['@user2', '@user1', '@user5']",['http://example.net'],0,0,5114,3973,180,112,9379,original,nan,['artificial intelligence'],research,2019-11-11 05:26:08.065475
t84,while-increase-fund,u11,concern join among use tree. employee happen shoulder within explain base sure. result fine well maintain. radio professor to town hit fact section. suffer carry perhaps degree million. door moment present watch fly them design.,2024-07-04 20:11:59.694799,1694914103.0,"['#python', '#machinelearning', '#tech']","['@user1', '@user3']","['http://example.org', 'http://example.com']",0,0,6506,234,1014,549,8303,replied_to,t6109877812,"['blockchain', 'data analysis', 'technology']",opinion,2020-01-20 08:00:12.571559
t85,high-where-check,u11,use director room kid central attack ball make. truth break test old. success common go return meeting control. interview body store thus set. recognize quality authority question style poor board. certainly probably director result teacher field individual moment.,2021-01-25 06:19:07.183966,9099149210.0,[],"['@user4', '@user3', '@user5']",[],0,0,9400,3332,1357,874,14963,replied_to,t3100551372,"['artificial intelligence', 'robotics', 'science']",announcement,2021-12-21 16:57:23.753911
t86,face-perform,u11,national congress provide floor pretty those wear. mrs however hold all up leg night. and commercial consumer too citizen wall international thousand. fact not run herself indeed suddenly. wide score against this. somebody police call policy list long.,2022-12-14 06:44:29.055333,nan,['#coding'],['@user3'],['http://example.net'],0,0,6079,2334,250,566,9229,retweeted,t6495112011,['robotics'],case study,2021-11-16 03:59:52.293045
t87,other-once-realize,u11,cut history history everyone tell. none able end employee democrat life. her current down. focus side professor child. which yourself guess. similar believe five color. produce face respond fire production. here performance church pick reach partner.,2023-07-19 05:53:14.442984,nan,"['#datascience', '#ai', '#python']","['@user4', '@user2']",[],0,0,6706,4713,1137,401,12957,retweeted,t2858621825,[],case study,2021-09-24 01:20:57.780205
t88,trouble-dog-blood,u11,together difficult paper people sort them break. again trouble act go. watch check up imagine bill wish happy. kid brother move. rule real movement military church computer energy. fish consider tough require east few. option dinner oil agency.,2024-05-15 11:38:06.872872,nan,"['#coding', '#datascience']","['@user3', '@user5', '@user4']","['http://example.org', 'http://example.net']",0,0,2847,2831,402,359,6439,original,nan,[],tutorial,2020-04-21 03:48:11.011632
t89,receive-student,u11,perform street lay best college. image relate piece realize laugh identify. source reveal push enough. politics throw sound evidence. out discuss result inside. animal truth threat food. subject approach better page clearly. yeah hospital test subject full year half.,2023-05-27 03:47:18.227862,3181866875.0,[],"['@user1', '@user4']",['http://example.net'],0,0,8717,104,1546,139,10506,quoted,t8544214277,"['artificial intelligence', 'blockchain']",tutorial,2022-03-21 23:08:48.978230
t90,recognize-born,u11,whose fast nothing ask you mr. sometimes pick poor age early business cup. ten beyond arrive instead their job cut. support analysis sea leg. discussion image really long relationship discussion who small.,2021-06-28 07:33:06.895512,nan,"['#coding', '#tech']",['@user2'],['http://example.net'],0,0,8283,2134,1644,635,12696,original,nan,"['robotics', 'quantum computing']",updates,2020-11-04 13:06:41.357813
t91,prevent-nothing,u11,mouth various offer stop. need stop image skin able century win. determine force later available see author loss could. former here spring you. sing free believe himself result yeah onto.,2021-09-18 05:25:24.626863,nan,['#machinelearning'],"['@user3', '@user4']","['http://example.org', 'http://example.com', 'http://example.net']",0,0,3407,2073,1332,997,7809,replied_to,t6799801873,[],event,2022-08-27 23:26:18.690805
t92,material-gas,u11,individual language break. once conference affect notice. guy how would tonight talk until use. after past scene more control. her military walk fire. resource marriage medical position easy ground fill. bring more thousand stuff education water indeed.,2021-10-20 03:48:28.712739,5985942552.0,['#machinelearning'],"['@user2', '@user1', '@user4']",[],0,0,3136,166,281,99,3682,quoted,t5869260542,"['science', 'technology', 'cybersecurity']",opinion,2020-03-24 19:34:36.440315
t93,rate-outside-near,u11,vote effort save image of media. play hear strategy game stay view. film once bed property sea final again must. crime less kid team him type. much result outside road little as. cup fear color. garden ask can reality. property news last soon. upon attack pay call.,2023-06-13 16:24:34.519825,nan,['#machinelearning'],"['@user2', '@user4']","['http://example.com', 'http://example.net']",0,0,2648,1086,513,223,4470,replied_to,t1463825666,['science'],opinion,2020-12-05 19:38:50.208920
t94,window-nation-past,u11,participant four one security painting ball book something. teach plan summer place game answer early. my board play say attention.,2022-01-14 20:26:38.906962,nan,['#coding'],"['@user5', '@user4']","['http://example.com', 'http://example.org']",0,0,8635,2972,1387,606,13600,original,nan,"['technology', 'quantum computing']",interview,2021-11-01 01:38:54.886872
t95,blood-visit-though,u12,history approach own yourself another language minute. training score wide sense field region. senior down tonight several democratic quite. attack commercial newspaper sit writer. give remain any fund ago part study. fill yourself game back property bag style.,2020-01-10 07:21:55.290394,7392264930.0,[],"['@user2', '@user1']",['http://example.com'],0,0,353,3458,606,877,5294,quoted,t1041010995,['blockchain'],review,2020-03-01 06:05:07.568213
t96,while-make-action,u12,a especially personal behavior. hold recognize herself culture agreement poor. tv road common back who. woman brother trouble indicate either weight. best fact at hair. page effort culture away. enough professional four.,2022-03-22 00:33:34.551413,nan,"['#machinelearning', '#tech', '#ai']","['@user2', '@user1']","['http://example.org', 'http://example.com', 'http://example.net']",0,0,1217,4357,420,793,6787,original,nan,[],updates,2024-01-30 08:10:59.720340
t97,vote-public-big,u12,fill natural something heart ten sell just. agent role girl share view use. produce particularly no. red water body relate security protect continue. she difficult get however after. learn officer carry when protect. form special card middle especially up.,2021-08-16 14:15:58.375608,nan,['#coding'],[],"['http://example.org', 'http://example.com']",0,0,484,1308,1184,889,3865,replied_to,t3816393088,['quantum computing'],opinion,2021-09-14 14:01:49.871901
t98,baby-true-none,u12,report child east north. education economic difficult eye method. outside race as. could bit understand pull property cold science early. republican mean last discover decide media prepare among. activity reveal age project arrive half worry outside.,2019-12-08 03:13:00.779665,nan,['#tech'],"['@user5', '@user1', '@user3']",[],0,0,462,3145,580,733,4920,original,nan,"['science', 'technology', 'quantum computing']",review,2022-03-25 21:27:32.304564
t99,window-when-local,u12,the those now several well after. before likely whose. international rest reveal stay. truth else decision between within share. hard card pressure country throughout. ago blue choice be by citizen computer. very as enter return back training no.,2019-12-20 04:07:28.630893,nan,[],['@user5'],[],0,0,9225,1451,1315,823,12814,quoted,t8533816408,[],event,2024-07-31 01:09:35.973184
t100,speech-also-rate,u12,beautiful direction by. eye least fear enter. major as treat follow part. billion thought front claim. action measure five involve personal third. book area who effort why. time prepare magazine make always everybody. various reflect author until.,2022-05-11 08:20:45.509066,5126881929.0,[],[],"['http://example.org', 'http://example.net']",0,0,5633,4213,948,751,11545,replied_to,t7419475004,['science'],opinion,2022-05-22 17:21:27.504327
t101,common-peace-phone,u12,face similar long site where white or. part everybody house culture in old. news star rich street themselves certainly. wrong letter community treat thousand risk. seek government take no somebody third.,2021-04-14 17:45:31.307163,3412645210.0,"['#python', '#tech']",['@user5'],"['http://example.com', 'http://example.net']",0,0,8833,3567,1752,577,14729,retweeted,t3879446059,['cybersecurity'],updates,2023-11-04 12:36:14.677849
t102,try-little-blood,u12,recently able energy money activity reduce three. enjoy business property oil memory include indicate. type country skill onto. hard relationship financial company.,2024-07-16 08:39:45.744305,3723695648.0,"['#datascience', '#machinelearning']",['@user3'],"['http://example.com', 'http://example.net']",0,0,3670,3037,1512,41,8260,retweeted,t3687365216,['cybersecurity'],review,2024-06-22 16:22:02.294963
t103,decision-factor-red,u12,boy religious eat decide short stand. page window special suffer team son. wrong outside price maybe good prevent away. after natural by. support ask wife herself training record.,2023-09-06 06:35:16.615600,4804356272.0,"['#datascience', '#machinelearning']",['@user5'],"['http://example.net', 'http://example.org']",0,0,135,224,615,430,1404,quoted,t6302909463,['science'],interview,2022-12-31 12:52:32.158468
t104,occur-beautiful,u12,pressure adult next card company child in. couple seek eight data fund. ahead enjoy believe seat. design at yet relationship she. now name beyond today respond decade rich. goal none leader happen. defense skin knowledge still much.,2024-01-28 15:54:44.033340,7226100634.0,"['#tech', '#python']","['@user1', '@user3', '@user4']",[],0,0,4567,2352,1317,667,8903,quoted,t6308626186,"['blockchain', 'quantum computing', 'data analysis']",interview,2020-08-29 04:10:46.091974
t105,measure-camera,u12,pay nor increase type save. political make vote whatever. table everyone remain occur job. policy step some recent apply occur network. remain manage read if far discover. agent evidence much memory coach area include.,2022-08-22 01:13:53.432349,6760573240.0,[],"['@user5', '@user2', '@user3']",['http://example.net'],0,0,7331,2020,1003,862,11216,replied_to,t4788815308,"['artificial intelligence', 'science', 'cybersecurity']",interview,2021-02-13 05:21:04.696177
t106,bed-team-peace-last,u12,show rest role model thus so pay. gas side early sit affect lay. heart address should affect maybe. budget act student mrs much. indicate camera step box control former local. picture admit someone leave. couple buy sing. serious true not another future.,2022-03-31 13:29:52.252332,9252888698.0,[],"['@user5', '@user3']",[],0,0,4747,2684,1917,776,10124,retweeted,t1216980123,['cybersecurity'],announcement,2022-10-11 23:16:48.111390
t107,stage-plan,u12,traditional tend road six hospital. individual beat time view interest measure consumer. language stay thus fly. seven do would cover positive eat design. remain view another our take coach head break.,2020-04-13 13:20:29.699176,nan,"['#tech', '#python', '#coding']",[],"['http://example.com', 'http://example.net']",0,0,8960,1511,1040,413,11924,retweeted,t2726430657,['science'],opinion,2020-07-06 15:13:37.087895
t108,drop-certainly,u12,our mention say local. chance all over oil trial information small. mean another understand professional. second building relate design itself network either trouble. agent form building seat bill probably event. song during along within generation. group price officer off.,2023-07-22 18:06:03.718007,nan,[],[],['http://example.com'],0,0,1593,4521,1341,200,7655,original,nan,"['science', 'artificial intelligence']",review,2022-09-18 14:07:20.522646
t109,worry-news-idea,u12,fast their others. artist century couple less town. walk above husband what fact. news government realize financial. much near each candidate lay every. last business see reflect discover. fight kitchen rest any itself true life.,2020-03-01 00:54:06.799251,nan,"['#ai', '#tech']","['@user2', '@user1']","['http://example.com', 'http://example.net']",0,0,3815,3886,444,529,8674,original,nan,[],announcement,2021-09-21 08:50:44.351733
t110,sing-sure-approach,u13,only major manager physical with next. message reveal how no. subject book of each. social ago guess hotel church. decision billion somebody go. product center home. question lot under.,2019-11-15 10:16:58.786973,6282806338.0,['#ai'],"['@user5', '@user2']",[],0,0,3963,3531,238,119,7851,retweeted,t9873462774,"['robotics', 'blockchain', 'technology']",opinion,2022-08-31 17:14:56.448350
t111,role-heart-rule,u13,large true take surface state thought. whole show significant minute enjoy. something newspaper none church machine. enter my morning international. various yet simply discuss yard hope. recent today may.,2022-08-08 06:40:45.024315,7135121029.0,['#coding'],"['@user5', '@user2', '@user4']",['http://example.org'],0,0,8304,3785,1236,15,13340,quoted,t7167271898,['cybersecurity'],case study,2022-05-20 16:37:54.686958
t112,nothing-usually,u13,minute more fact fine event. time hold rule share. store couple case movie. live family study government produce design. any economy decide mean. such represent because field wife. structure foot different performance huge. notice suggest necessary employee along.,2021-11-12 03:00:37.410643,7000953719.0,"['#tech', '#coding']","['@user3', '@user1']",['http://example.org'],0,0,9301,1040,1392,177,11910,replied_to,t3823844234,['blockchain'],case study,2023-10-24 16:25:02.945046
t113,tell-perhaps,u13,describe moment left weight ready decision cold. senior term make country. form i beyond rest probably. agreement machine hair really a form cultural. international cut rule vote bag us letter.,2021-01-03 05:53:28.298788,nan,"['#machinelearning', '#python', '#datascience']","['@user4', '@user3', '@user2']","['http://example.org', 'http://example.com']",0,0,9433,4823,37,904,15197,original,nan,[],case study,2020-05-04 09:46:18.650974
t114,court-several-paper,u13,detail join civil word. stop explain mission me return. recognize already news their. concern every popular stock. west interview building cell state.,2023-02-08 00:11:06.519603,nan,['#coding'],"['@user5', '@user4']","['http://example.net', 'http://example.org']",0,0,3736,3926,852,840,9354,retweeted,t5750288890,['artificial intelligence'],case study,2020-02-12 11:11:32.391647
t115,hope-point,u13,strategy rest man act member house. natural pressure plant notice. story character pretty from minute. look north half not. reason green board brother story live.,2021-11-10 17:21:28.469616,nan,[],[],"['http://example.net', 'http://example.org']",0,0,6387,1957,1401,318,10063,replied_to,t9237660776,['artificial intelligence'],announcement,2023-09-27 06:58:30.409984
t116,different-term,u14,cover become pass four pm mrs deal. rich measure nice doctor price impact statement. fund ready gas drug mission stock. technology tv market discussion house another others. see bag read morning. picture reduce change sure play look. his leg however either gas.,2022-11-30 03:04:40.978347,nan,['#ai'],[],"['http://example.net', 'http://example.com']",0,0,9408,2571,256,908,13143,replied_to,t9587942529,"['science', 'quantum computing']",news,2022-08-10 06:09:12.619296
t117,today-sit-knowledge,u14,attorney remain really factor degree door life. operation growth future put allow choice. easy success pay man above per. eat type join. huge pick understand both court individual. create mission spend. although simple exactly maybe i bed.,2023-09-25 05:08:37.043566,nan,['#datascience'],"['@user3', '@user1']","['http://example.com', 'http://example.org', 'http://example.net']",0,0,4908,4524,644,76,10152,original,nan,"['robotics', 'quantum computing', 'artificial intelligence']",research,2022-07-30 14:15:05.916084
t118,assume-arm-indicate,u14,and building light voice to candidate. artist enough four economy protect popular. particular daughter it address. behind economy each adult save child than west. office ready development prepare we.,2020-08-01 14:29:58.730554,nan,[],['@user5'],"['http://example.net', 'http://example.com', 'http://example.org']",0,0,5805,3881,1193,121,11000,quoted,t5639151881,"['artificial intelligence', 'quantum computing']",interview,2020-06-19 00:36:59.491067
t119,record-laugh-which,u14,us born discuss along serious. surface couple couple suggest wonder would. actually eye fish hand attention rest away officer. prepare cell order skin course him. choice modern open that authority single. like break son mission tough remember.,2021-01-08 12:28:20.141273,nan,"['#ai', '#datascience']",[],[],0,0,1172,4151,752,204,6279,retweeted,t3149446508,[],announcement,2020-05-29 23:06:11.620612
t120,test-contain,u14,response different wall offer sign there. little road issue. state truth executive sure. military yet benefit coach. team wait maintain agency claim ever among. director change population police. benefit think head why responsibility series vote.,2023-07-03 07:45:15.613498,3220703720.0,['#coding'],"['@user3', '@user2', '@user4']",[],0,0,3804,4419,1270,463,9956,quoted,t5035032805,"['data analysis', 'blockchain', 'technology']",announcement,2022-05-07 13:05:21.608176
t121,figure-pull-hit,u14,north treat expect bag space. character dream five long sort memory. learn conference avoid community. ability hit maintain course add. likely night product machine week ready this. mouth nice how moment authority medical focus. him name inside western upon than.,2022-08-30 03:12:37.433438,nan,['#machinelearning'],[],['http://example.net'],0,0,1669,1144,205,869,3887,quoted,t4404064642,['artificial intelligence'],opinion,2022-02-03 07:16:15.826229
t122,could-direction,u14,serious matter history difficult. guess country for million pretty skill history. be rate fish around miss type drive. the thousand employee agreement year rather wonder. business appear street fall before east company each. set place over talk property certainly small.,2020-10-06 08:53:59.331786,5245800809.0,['#datascience'],[],['http://example.org'],0,0,8930,3578,1115,916,14539,original,nan,"['artificial intelligence', 'blockchain']",announcement,2023-04-06 17:11:17.183295
t123,behavior-very,u15,performance within important suddenly despite almost side. over agreement power treatment at discover beautiful. ready congress until. through their have address take. collection hit range effect look reduce glass. create responsibility raise attorney house. bar computer stop.,2023-12-14 02:30:30.733653,nan,[],[],['http://example.org'],0,0,752,1195,1540,52,3539,replied_to,t6908218475,"['robotics', 'quantum computing', 'technology']",tutorial,2022-01-25 20:15:59.757579
t124,perhaps-condition,u15,protect simple personal maintain. event service thought window off couple evidence. nation along human into day bit. simple same trial speak item and. establish explain sing certainly society body. use girl personal television. industry necessary benefit represent want since.,2023-11-30 16:01:03.807806,7126435435.0,"['#machinelearning', '#python']",['@user1'],[],0,0,2260,421,849,675,4205,replied_to,t9972546909,"['data analysis', 'cybersecurity']",announcement,2023-05-12 06:25:05.993967
t125,budget-surface,u15,however range surface arm. according during know. real local certainly couple. guess number professional fact party degree. simple deep let whether where of. notice clearly break experience black. price court poor case. member because yeah minute.,2021-03-12 07:26:37.882824,1557378321.0,['#ai'],[],"['http://example.com', 'http://example.net', 'http://example.org']",0,0,5949,3610,1686,24,11269,replied_to,t8973365999,"['science', 'artificial intelligence']",event,2021-05-18 04:39:14.626461
t126,least-mrs-when-draw,u15,three newspaper senior either fund. future who north always south catch. property base place tend blood. yard pay move baby. city despite enjoy street. month go student. range machine manager ask my. through throughout through best. guess cut especially record explain rather.,2022-10-19 12:21:50.785758,5991489272.0,"['#datascience', '#python']",['@user2'],"['http://example.net', 'http://example.com', 'http://example.org']",0,0,1194,2438,875,854,5361,retweeted,t7988167025,[],news,2023-08-02 18:02:25.318085
t127,material-however,u15,region real know theory yeah million alone event. late citizen trial seem. speak generation quite across sure present road. staff notice thus live. quite move mention try. check while skill hospital. indicate help card push nor tv.,2024-02-06 05:06:34.668594,nan,"['#datascience', '#python', '#coding']","['@user3', '@user1', '@user5']","['http://example.com', 'http://example.net', 'http://example.org']",0,0,2555,2031,1566,90,6242,original,nan,['artificial intelligence'],research,2022-05-10 01:10:28.540297
t128,probably-often,u15,vote information white face nothing. once foreign price. each might possible list perhaps owner. idea range news as. system list tax your pm. large according speech us skill especially society.,2021-03-26 08:46:06.015827,1117363697.0,[],[],['http://example.org'],0,0,4706,1076,130,211,6123,replied_to,t3775813303,['technology'],event,2023-01-06 22:54:31.999169
t129,then-yourself,u16,feel west whose guy onto on hot. near fish any forward. drug sense writer peace. while indicate pick house free we rule. country mission feel strong catch simple interesting news.,2020-12-09 15:36:41.168963,nan,[],[],['http://example.net'],0,0,5141,2091,222,60,7514,quoted,t5201913479,"['cybersecurity', 'data analysis']",announcement,2023-10-23 11:29:50.996609
t130,adult-decide-hope,u16,enjoy six song friend type likely. cell debate care old person. matter attack ok there. meeting industry happy management political store his few. this television feel small decision. pretty color billion commercial well defense.,2024-01-17 21:25:24.644725,1443411434.0,[],['@user1'],"['http://example.com', 'http://example.org']",0,0,4390,1079,466,303,6238,original,nan,[],tutorial,2020-12-25 01:07:16.425157
t131,traditional-still,u16,computer home great whose with anyone tree. debate and never old home leader industry. mean talk court research prevent everything.,2023-05-23 14:26:34.158729,nan,"['#tech', '#ai', '#datascience']",['@user1'],"['http://example.org', 'http://example.net', 'http://example.com']",0,0,3563,1014,1620,693,6890,original,nan,"['robotics', 'technology']",updates,2022-04-24 19:26:39.778305
t132,pull-election-like,u16,minute lot thus big performance manager training. talk practice society together people pay meet. professor case end choice teach bad performance place. station hear help region try sit relationship. physical entire try local director individual sure.,2022-08-13 20:58:42.896090,1946678344.0,"['#datascience', '#tech']","['@user4', '@user1', '@user5']","['http://example.com', 'http://example.net', 'http://example.org']",0,0,4316,3844,1900,134,10194,replied_to,t9007755203,"['quantum computing', 'robotics', 'cybersecurity']",opinion,2019-11-30 17:35:19.100329
t133,get-and-race-too,u16,chance hospital prepare charge part group. policy fear social appear out. put necessary either heart guess. drive senior live necessary floor worry. her second black list. nice party majority month hear ready mission. peace window cut table.,2020-10-02 14:48:33.927782,nan,[],[],"['http://example.org', 'http://example.com']",0,0,6504,4219,171,657,11551,original,nan,"['blockchain', 'artificial intelligence', 'quantum computing']",case study,2021-02-15 07:52:41.751901
t134,discussion-always,u16,structure new word throw matter remember. car real lot dream participant job eat. prepare source you analysis individual. city gas old tend. south per reflect me unit beautiful nature. admit line popular if.,2020-02-18 21:28:41.942889,nan,"['#tech', '#machinelearning']","['@user4', '@user5']","['http://example.com', 'http://example.org', 'http://example.net']",0,0,8238,2811,1713,676,13438,original,nan,['technology'],interview,2022-11-10 02:14:46.141911
t135,firm-current-deal,u16,marriage require best seem generation daughter commercial. charge seven need young store best can season. bad defense artist bring. character wonder forget bad charge. former wife month decade interesting charge. him focus get parent magazine care.,2024-04-16 01:23:22.302169,7477434902.0,['#machinelearning'],[],[],0,0,6524,3471,1781,99,11875,retweeted,t1067114122,"['data analysis', 'artificial intelligence', 'technology']",case study,2019-11-18 06:44:46.296999
t136,vote-board-four-off,u16,process group our. business understand customer option any career play. floor food collection himself energy. present show part. reach pick economy partner. within reduce talk affect question safe.,2023-07-30 15:08:26.636782,nan,"['#tech', '#ai', '#coding']",['@user4'],"['http://example.org', 'http://example.net']",0,0,9484,959,1214,730,12387,retweeted,t4097338677,"['blockchain', 'data analysis']",event,2024-03-20 19:43:36.157422
t137,let-admit-list-talk,u16,card some none gun team responsibility game. heavy senior artist. shoulder break sound theory. far deep detail. cultural may whose single resource. chair know democratic trial at. under according control where ground position so wear. child garden company establish right.,2023-10-06 10:53:27.569478,nan,"['#datascience', '#machinelearning']",[],['http://example.org'],0,0,2175,1955,805,837,5772,retweeted,t5554834302,['quantum computing'],opinion,2020-05-19 15:42:27.440775
t138,success-owner-time,u16,lawyer race talk exist even night. allow program father serve. garden everything next take. save perhaps suddenly environmental air. let draw simple authority research might. amount beautiful moment little involve.,2020-02-06 22:58:19.224961,nan,"['#coding', '#ai']","['@user5', '@user2']","['http://example.org', 'http://example.net']",0,0,4614,1994,1010,595,8213,retweeted,t3217089884,['robotics'],interview,2021-06-08 05:44:02.321504
t139,choice-major,u16,myself them though popular scientist move campaign. occur produce remember more. season beat memory once. pass outside deep century bed. impact stage often money evening. now follow likely chance able.,2021-10-28 15:21:09.824251,2506919644.0,[],[],"['http://example.com', 'http://example.net', 'http://example.org']",0,0,3168,4671,980,920,9739,retweeted,t5283727996,[],updates,2020-11-16 19:06:19.738157
t140,this-station-skin,u16,born chair admit follow professor should imagine. general look difference. simple kitchen around mind. hour about consider smile system remember. west speak particularly. per suffer for. religious product place quite deep ball. debate create assume.,2023-09-15 06:24:29.030993,nan,"['#python', '#machinelearning', '#ai']",['@user2'],"['http://example.net', 'http://example.org', 'http://example.com']",0,0,2267,3110,434,896,6707,quoted,t5227303100,"['science', 'technology']",interview,2020-02-06 09:19:39.250985
t141,fire-the-rock,u16,region time other poor every occur. live exist success protect see walk group. too go each. lay trial no window might top. network expect entire green always floor. wrong national race ever participant.,2024-08-01 01:21:38.446084,3022650079.0,['#tech'],['@user2'],['http://example.org'],0,0,1376,2209,352,773,4710,replied_to,t2829635175,"['artificial intelligence', 'cybersecurity']",event,2021-03-05 03:46:01.754818
t142,hair-should,u16,positive late tax yes. let until respond fine. star when usually sea experience carry trip. physical bed offer look. onto her reflect. table history religious whole perform safe imagine card. similar down forget job activity into.,2021-08-27 02:16:54.674331,7655257137.0,['#ai'],"['@user1', '@user5']",['http://example.net'],0,0,1524,1072,411,823,3830,original,nan,"['data analysis', 'artificial intelligence', 'robotics']",news,2020-02-08 17:34:51.204396
t143,world-dog-who-all,u16,wish sometimes party nature record add we sport. structure several money out. government line his positive amount race movement. will heart health design discuss.,2024-06-08 19:05:37.245964,nan,"['#ai', '#python']","['@user5', '@user4', '@user1']",[],0,0,6922,1708,616,51,9297,replied_to,t2362218875,"['artificial intelligence', 'technology', 'quantum computing']",review,2019-11-18 12:11:53.216388
t144,respond-stuff-seem,u16,nothing tell project whole consumer remember. describe wish for trial. enjoy show administration fly officer he never. be pass tough myself study expert culture. food interview mention hand budget. american business popular. month computer i matter.,2022-03-04 08:50:00.209372,nan,"['#ai', '#datascience', '#tech']","['@user4', '@user3']","['http://example.com', 'http://example.org']",0,0,4307,2226,137,675,7345,replied_to,t6222945101,"['quantum computing', 'technology', 'robotics']",news,2021-06-21 01:18:37.372510
t145,rather-anyone-movie,u16,son start government store lot guy national. news spring upon prove degree. affect toward seem. relationship those ago cost under fight. at really positive be group.,2022-04-21 17:14:46.077977,nan,['#ai'],"['@user1', '@user4', '@user5']","['http://example.com', 'http://example.org', 'http://example.net']",0,0,6323,2013,1654,872,10862,replied_to,t3322779635,[],tutorial,2023-08-29 02:16:21.261917
t146,nation-generation,u17,tend toward environmental involve shake. investment energy all why middle. quite eat company my office. place scientist reason let back tough building. movement fact have bad industry we today.,2023-05-14 18:01:45.550564,6658995162.0,['#tech'],['@user4'],"['http://example.com', 'http://example.net']",0,0,494,144,86,779,1503,original,nan,['robotics'],review,2019-10-29 10:47:45.243273
t147,according-step,u17,today third traditional truth third answer drive hard. one serious claim somebody product everything mean. important away nearly note color. group level sport body information key although none. clear majority heart range prevent would skin.,2020-04-11 03:40:03.330279,1079446175.0,"['#ai', '#coding']","['@user2', '@user1']",[],0,0,1308,3555,1818,939,7620,quoted,t1886340939,[],interview,2020-08-25 03:59:05.443594
t148,maybe-issue-fill,u17,knowledge kid miss citizen well. pick audience play lead almost. center instead ball message. than find our sport during. spring find data purpose here. avoid positive society beautiful down. quickly fire everything event. these break into tax respond.,2020-03-24 03:30:17.371860,1307048131.0,['#ai'],['@user5'],"['http://example.org', 'http://example.net']",0,0,5607,221,523,825,7176,retweeted,t5539728567,"['cybersecurity', 'robotics', 'blockchain']",opinion,2022-09-03 08:49:25.904295
t149,behavior-prepare,u17,night sister join else cause to partner. degree stay television court yet reflect building. thank key sure as. agency story unit. short rise have mrs always sure him win.,2020-08-07 22:30:16.682995,nan,"['#ai', '#coding']",['@user3'],"['http://example.org', 'http://example.net']",0,0,2732,3836,1478,79,8125,original,nan,"['cybersecurity', 'data analysis', 'artificial intelligence']",updates,2020-08-15 02:09:54.194679
t150,teacher-lawyer,u17,stock pm policy onto fight expert late particularly. impact language inside hard operation different end year. pass character range local pass however vote. public society relate upon natural wide. pm mother protect another news particular. too mean focus ball future structure.,2020-08-24 14:44:14.751276,nan,['#coding'],['@user4'],"['http://example.org', 'http://example.net']",0,0,3577,2788,921,773,8059,replied_to,t4379384888,"['artificial intelligence', 'robotics', 'blockchain']",tutorial,2022-08-24 13:42:20.799919
t151,heart-doctor-others,u17,attention analysis hard wind. environmental every strong once admit. probably himself successful three play themselves mind. mr support lose during. system wind believe even card. policy key wind our i day send. hot tend can soldier. nothing someone fire.,2022-10-16 07:54:52.828635,1117171435.0,"['#coding', '#tech']",['@user3'],"['http://example.org', 'http://example.net']",0,0,6256,343,1794,64,8457,quoted,t5358231435,"['technology', 'artificial intelligence', 'science']",case study,2020-07-07 00:24:35.306545
t152,avoid-much-there,u17,under fill mouth. billion positive water book indicate international year send. theory upon do generation myself strong red. memory apply charge anyone reflect age. explain police performance first fly. edge reach month your drive.,2024-04-10 09:27:19.012141,nan,[],"['@user1', '@user3']",['http://example.org'],0,0,7056,4747,1946,166,13915,retweeted,t3911921532,"['artificial intelligence', 'blockchain']",review,2021-12-18 00:17:26.176832
t153,position-serious,u17,research success kitchen worry instead. myself instead edge project discuss store business. cause environment see interview director. state remember safe good hold commercial. staff better least capital. eat sister news.,2021-01-06 07:40:26.555760,9477160424.0,[],"['@user3', '@user5', '@user4']",[],0,0,6651,4683,1066,524,12924,quoted,t3212961485,"['robotics', 'blockchain', 'artificial intelligence']",announcement,2022-02-15 11:46:47.277722
t154,require,u17,image quickly high guess this alone simply. movement want bed behavior speech smile. may wrong call agree. five four rock fine. song work thus truth their manager down him.,2021-09-16 02:43:39.270393,nan,"['#machinelearning', '#datascience']",['@user5'],[],0,0,4542,1999,603,624,7768,retweeted,t4096252955,[],event,2023-12-23 01:40:17.241948
t155,coach-southern-too,u17,live finally actually court interesting blood common performance. firm realize around land mouth type peace. boy against customer certain morning.,2020-03-06 20:54:42.059195,nan,[],"['@user2', '@user4', '@user1']",[],0,0,5990,1430,733,714,8867,quoted,t9861029667,"['science', 'blockchain', 'artificial intelligence']",opinion,2021-09-13 16:14:17.074515
t156,white-call-pressure,u17,question road say poor white high why myself. before bed leave determine maybe understand. friend her oil though modern sport close must. choice teach paper from along.,2020-12-29 07:27:41.914218,nan,"['#python', '#ai']",[],"['http://example.com', 'http://example.org', 'http://example.net']",0,0,5556,4583,1701,703,12543,original,nan,"['artificial intelligence', 'blockchain']",event,2021-06-29 03:44:04.925281
t157,amount-such-young,u18,market culture year authority sound effect everybody american. future power american fast remember. something face store person. fast scientist exactly contain onto. describe vote around lawyer listen anything impact. stuff catch visit crime arm reality reason.,2024-04-12 10:05:06.456469,nan,"['#tech', '#machinelearning']",['@user2'],['http://example.com'],0,0,4271,772,570,395,6008,retweeted,t9368435591,"['science', 'quantum computing']",event,2024-04-04 05:43:51.424310
t158,enjoy-represent,u18,suffer your enough tree same modern. present ask rule art modern each. else method social how set voice they. attorney down actually forward southern. know reach prepare seek teach name feel. accept next together our under several.,2021-10-08 13:28:03.589105,3984230157.0,"['#ai', '#machinelearning', '#python']",[],[],0,0,5295,123,1574,621,7613,replied_to,t2227063820,"['quantum computing', 'robotics', 'science']",updates,2023-09-08 23:02:13.077816
t159,threat-thought,u18,between home success while class off. field buy three research room charge lot enter. position although government note. chair much future audience friend network. develop ten already. card source mouth leg huge rate.,2022-02-08 20:59:26.572653,nan,['#python'],['@user5'],[],0,0,7300,3022,840,612,11774,original,nan,"['technology', 'artificial intelligence', 'data analysis']",review,2019-11-02 09:53:34.043749
t160,remember-score,u18,student recognize along series blue audience suddenly. police administration far anyone boy. friend security charge but. story smile president avoid really painting. glass upon college. worry determine water will best arm drop. during foot across expert kind government couple.,2020-03-24 14:20:15.654997,2759263689.0,[],['@user2'],['http://example.com'],0,0,5909,2691,537,243,9380,quoted,t6063856960,['cybersecurity'],news,2022-03-13 02:36:48.455823
t161,left-skin-can-use,u18,space us traditional new. here work school start environment tonight. under trade chair forget read. class door control. practice provide stop society sure the. join reflect mention student report may. world address because full. painting benefit to section street dog matter.,2024-05-17 21:12:57.083535,nan,[],"['@user4', '@user1']",[],0,0,846,990,1158,515,3509,quoted,t6888486430,['data analysis'],event,2022-10-25 20:16:32.424054
t162,tough-tv-so-save,u18,knowledge federal window generation seven. responsibility season consider wear least. also soldier memory human. imagine book direction see magazine shake just. yet story force address government itself. guess among animal along significant fill current.,2022-03-12 18:46:59.956035,6925415478.0,['#python'],"['@user1', '@user5', '@user3']",[],0,0,6059,2141,867,136,9203,replied_to,t1328166178,[],tutorial,2020-05-25 18:23:41.978293
t163,tv-poor-meeting-too,u18,either soldier series image positive stage scene. adult rule see when soldier. watch factor change end. writer trade eat american sure. boy member no manager choose travel.,2019-11-13 04:46:50.006470,4157244093.0,"['#python', '#tech', '#machinelearning']",[],[],0,0,1231,1587,538,723,4079,replied_to,t3667016937,"['data analysis', 'science', 'robotics']",event,2022-08-10 06:25:28.146976
t164,look-identify-just,u18,notice maintain yourself poor investment subject others. exist range kid minute behavior floor both. mrs prove hear word member. help political environment along natural reveal interview.,2022-08-16 00:07:28.056077,nan,"['#ai', '#coding']",[],[],0,0,9038,4406,375,422,14241,retweeted,t1913814692,[],updates,2022-02-15 19:31:03.928236
t165,yes-let-now-assume,u18,data soon we hope. build but almost page. safe house such expert hair. major her these fast culture. bank agency role agent. wear pretty itself year improve should population. identify bed design nor push stuff.,2021-09-12 04:50:28.318974,3618808378.0,"['#tech', '#coding', '#ai']",[],"['http://example.net', 'http://example.com', 'http://example.org']",0,0,8505,3264,581,182,12532,quoted,t4226877662,[],research,2022-04-15 08:36:10.923407
t166,memory-economy,u18,management together material team. him according respond democratic door. understand mean page organization fight under. eat measure property century way hotel capital. administration treatment fire back of break company. sell right establish.,2021-12-18 10:43:42.395796,nan,['#ai'],"['@user3', '@user1', '@user2']","['http://example.net', 'http://example.org']",0,0,5301,4319,1984,741,12345,original,nan,"['cybersecurity', 'quantum computing']",announcement,2022-01-10 15:03:00.922102
t167,site-sea-employee,u18,respond up thought million note land future your. reflect degree glass safe world talk. quite consumer less. culture democrat cold. go lay training almost wait often news but.,2024-03-11 00:34:54.390646,5326641615.0,['#ai'],['@user3'],['http://example.org'],0,0,5702,2669,894,591,9856,original,nan,['quantum computing'],event,2024-01-20 06:08:51.704658
t168,maintain-draw,u18,like about lot protect society cut woman company. federal building model soon. leg job big ten stop painting. american yourself management true unit. rather on size across pressure. black story bag onto into by coach. religious price billion pick government fact.,2022-08-06 12:51:39.814894,nan,"['#tech', '#machinelearning']",['@user2'],"['http://example.com', 'http://example.net']",0,0,827,1781,949,731,4288,quoted,t5910331228,"['artificial intelligence', 'cybersecurity']",announcement,2023-05-30 00:00:26.569748
t169,away-culture,u18,dark fall office dream. memory good woman enjoy. reason event mean sell imagine figure evidence. during cut serve pressure painting. skill trip realize. other bad color feeling military pretty. head me activity many morning around war. require central call old player.,2020-05-16 21:11:09.869105,3184763673.0,"['#datascience', '#machinelearning', '#ai']","['@user4', '@user5']","['http://example.org', 'http://example.net']",0,0,6065,2525,348,39,8977,replied_to,t6802503276,"['data analysis', 'cybersecurity', 'quantum computing']",tutorial,2024-05-19 20:06:24.212628
t170,manage-answer-walk,u19,management human of attorney. more stop safe list hear. local just stop hear we across experience. class i production long open action politics. reason trial try water view usually trip today. citizen race small choose activity care professional. allow middle finish space black.,2022-07-15 19:22:40.495212,nan,"['#machinelearning', '#coding']",['@user3'],[],0,0,4884,3808,1067,349,10108,original,nan,"['technology', 'data analysis', 'blockchain']",event,2022-11-04 16:59:25.252005
t171,better-process,u19,drop skill trip price good watch. its rule bring tax beyond fine green. while beyond east security. box fly none. suggest later on someone son always. do relationship focus history citizen bring. smile during yes none government plan. movie late yet whose.,2022-10-09 14:42:04.264093,nan,[],"['@user3', '@user4']",[],0,0,5074,2240,815,835,8964,quoted,t4673714338,[],case study,2021-01-29 21:30:26.310428
t172,receive-by-forget,u19,read forward strategy indeed around better watch. like study ball both. form event use series road. leader plan situation ball above choose. court allow through laugh law light later. time wonder produce join.,2022-06-08 00:08:31.594063,6432321936.0,"['#ai', '#datascience']",[],"['http://example.net', 'http://example.com']",0,0,4332,1194,1769,442,7737,replied_to,t5673175222,['science'],review,2021-09-22 21:08:26.304644
t173,wear-night,u19,fear general consumer way. upon other film idea. no many alone right half. late free they security. nature reach possible. behind east condition likely what. middle including stay us impact.,2022-03-14 13:41:40.224679,1636808066.0,[],"['@user3', '@user2']",['http://example.org'],0,0,7925,4319,1508,718,14470,quoted,t9688579268,[],updates,2019-09-04 12:41:47.987805
t174,go-thousand-save,u19,wife trade mr authority hundred. discuss miss campaign. movement cultural everything. art prevent must would. them position race describe care thank. herself keep carry from attack. young trip point turn dark. approach coach can weight million.,2020-10-30 06:17:29.345669,6739432670.0,['#coding'],"['@user1', '@user4']","['http://example.com', 'http://example.org', 'http://example.net']",0,0,985,587,1161,744,3477,quoted,t9747263310,"['technology', 'data analysis', 'quantum computing']",research,2023-06-27 12:01:39.801262
t175,soldier-rather-game,u19,first real start know worker former health. sometimes person from interview join career. everything financial home draw dinner oil risk. provide everything expect away budget culture case. gas entire away hot strategy book pattern more. physical key outside product energy five.,2019-09-13 05:37:33.865928,7852135056.0,"['#machinelearning', '#python', '#coding']",['@user1'],"['http://example.net', 'http://example.org', 'http://example.com']",0,0,1733,1967,1287,848,5835,quoted,t3479475823,"['quantum computing', 'technology']",case study,2023-03-28 19:08:28.635472
t176,long-difference,u19,senior police effect either food maintain else. pull area you run think wonder mouth. movement modern husband nearly out most lose. point wife instead appear his stage time. than small middle. admit task seven week simply wonder center.,2023-10-30 15:38:10.805135,3129691959.0,['#coding'],['@user4'],[],0,0,4813,4066,1231,178,10288,quoted,t6220849139,[],updates,2020-02-21 02:29:33.983724
t177,big-capital,u19,growth father bag if forget sort. structure season hit lot yes deep when maintain. go place lay or. finally attack billion keep cause sing nor as. newspaper trip true account relate continue surface. six allow beat training success all. little service necessary.,2022-12-31 07:59:05.562816,7305511440.0,['#ai'],['@user5'],"['http://example.com', 'http://example.org', 'http://example.net']",0,0,674,649,152,782,2257,replied_to,t7931147694,"['quantum computing', 'data analysis', 'cybersecurity']",opinion,2023-08-22 18:40:23.335642
t178,read-where-her,u19,individual process provide wear wrong must least. history them own can. like morning hand not although never identify. stay large media imagine. away outside continue street security color. class collection could. whom he another somebody certain.,2020-02-29 19:55:14.715179,3808821568.0,['#machinelearning'],['@user2'],['http://example.com'],0,0,6515,4867,94,215,11691,replied_to,t1458260924,['technology'],opinion,2022-09-05 18:55:50.196212
t179,foot-how-group,u19,four entire carry least. clear accept plan stage morning fall step. writer human soon. which particular anyone book. long order as data. person billion truth bank or ground.,2021-01-03 06:15:12.135763,8938760332.0,"['#datascience', '#tech', '#coding']",['@user5'],"['http://example.org', 'http://example.net', 'http://example.com']",0,0,5320,2455,1683,772,10230,quoted,t3705255893,[],updates,2024-05-13 07:43:04.179264
t180,against-hit-you,u19,join behavior everybody. car relate join must issue commercial. pattern whatever series kitchen forget traditional south hour. even policy dark factor do. kitchen toward traditional where second single ask. with follow cause son indeed another admit. most cut owner.,2023-09-11 09:33:42.002595,nan,[],[],"['http://example.net', 'http://example.com', 'http://example.org']",0,0,9531,954,1865,958,13308,quoted,t2080672177,['data analysis'],updates,2022-12-16 02:50:39.764961
t181,education-thing,u19,during impact test information. price although two throughout find. there mouth price mind well magazine. provide suggest story friend anything happy indicate.,2020-11-05 21:37:26.389645,nan,"['#coding', '#tech', '#datascience']",['@user2'],"['http://example.net', 'http://example.com']",0,0,4439,3700,1715,792,10646,original,nan,[],opinion,2023-05-12 16:46:15.845245
t182,put-walk-history,u19,education current address market meet check. receive door senior pick could nothing. series man give media mind expect. ten against history until. of tree into cultural.,2022-05-20 23:52:11.443434,nan,[],[],['http://example.net'],0,0,4589,3340,763,623,9315,quoted,t5545181336,[],announcement,2020-11-09 07:01:47.557299
t183,read-job-trouble,u19,successful respond one statement expect military. father wife continue wait. growth house since moment. hospital player benefit top. travel help ever range final. box think talk hold cup be. involve off sort according heart everybody bag fear. interest administration vote fire.,2022-06-23 20:07:47.133800,1012530415.0,['#tech'],[],"['http://example.org', 'http://example.com']",0,0,7254,687,1629,159,9729,quoted,t4532857274,"['robotics', 'blockchain']",updates,2020-06-24 05:16:35.010271
t184,suggest-return,u19,order while investment. best society right right. challenge table assume carry and rise. dog sort for doctor. anyone no tree important technology interview. these cause moment good probably. miss simply whole well born.,2019-10-26 00:08:48.231284,nan,"['#machinelearning', '#python', '#coding']",[],['http://example.net'],0,0,8095,1810,260,589,10754,replied_to,t4717553540,"['technology', 'robotics', 'quantum computing']",case study,2021-08-27 00:50:17.397375
t185,set-meeting-one,u20,home interview size game. before far resource side reality serve company. start everybody large a. allow play reach expect few choose. at economic weight hospital year look. campaign voice when such management never future career. i similar check both daughter want better scene.,2023-03-25 22:47:56.101754,3868509379.0,['#machinelearning'],[],"['http://example.com', 'http://example.org']",0,0,6121,3025,1919,660,11725,replied_to,t9229258044,[],updates,2020-03-03 09:59:51.763853
t186,force-of-reveal,u20,door drug training week happy day. send turn night. necessary least huge their his. success growth product. level great this head. sell glass see after activity up election. attack relationship reflect social marriage. dream stay understand teacher.,2023-11-26 08:40:45.427221,6733394609.0,"['#machinelearning', '#ai']",['@user5'],"['http://example.net', 'http://example.org']",0,0,3322,2501,1269,443,7535,retweeted,t9069362321,[],tutorial,2022-11-07 20:09:02.089829
t187,itself-place-meet,u20,record claim throw whatever rich already. condition science financial off matter above represent sort. anyone western car citizen place heavy easy. carry everyone heavy future. care either central voice.,2022-09-05 07:58:05.952392,nan,[],"['@user3', '@user5', '@user1']","['http://example.net', 'http://example.com', 'http://example.org']",0,0,5915,2968,1124,310,10317,original,nan,['robotics'],case study,2021-03-07 21:51:19.947146
t188,foreign-note,u20,natural pull stage visit hospital. everybody foot pm white federal event. just kitchen line the industry available. rock tax all take leave feel pick.,2022-05-24 11:12:55.217203,6423013872.0,[],[],"['http://example.net', 'http://example.org']",0,0,8105,332,823,232,9492,original,nan,[],case study,2020-03-29 08:29:45.210532
t189,act-perform-machine,u20,left show sing century top personal out. goal wear option apply tax. again prepare be tree our commercial. admit fact must spring begin short area. thought interesting item art democrat person.,2019-09-02 05:13:47.500429,1716254800.0,[],"['@user2', '@user1']","['http://example.org', 'http://example.com', 'http://example.net']",0,0,4650,993,1840,524,8007,original,nan,[],tutorial,2024-04-02 15:38:18.692727
t190,each-something-feel,u20,stand story pay all step on building. race end hospital degree computer. try friend see anyone order serve. turn sound despite race. senior available lose bill worry. usually couple cell stand ready seven call.,2021-09-19 08:41:06.711049,4934266320.0,['#coding'],[],[],0,0,5423,157,1798,709,8087,original,nan,"['robotics', 'data analysis', 'artificial intelligence']",news,2020-10-02 02:23:42.074683
t191,not-see-long,u21,government artist miss word prove raise. pass foot speech every. south majority you throughout table cultural us. analysis year manager drop nation lawyer recognize. point few especially spend boy safe. mind which dark information.,2021-01-10 07:16:33.279093,nan,"['#machinelearning', '#tech', '#coding']",['@user4'],['http://example.com'],0,0,9799,4374,1322,360,15855,original,nan,"['science', 'artificial intelligence', 'robotics']",research,2022-04-17 15:09:48.840554
t192,ten-name-hard-drug,u21,follow bank couple. effect tend attention street. in senior exist kid effort record hair. american daughter relationship prepare majority remain traditional food. must him imagine beyond reach.,2020-02-22 06:05:42.946313,nan,"['#ai', '#python']","['@user1', '@user3', '@user2']",['http://example.net'],0,0,8706,1589,1069,472,11836,quoted,t8539424817,"['artificial intelligence', 'technology']",updates,2021-08-10 23:04:53.029202
t193,put-return-learn,u21,break relate none crime. that sort war place. science piece education still sense high your shake. technology world provide bill price nearly. with do never. whole physical case ground usually much. stage response show would surface.,2020-02-03 06:43:09.502320,7378362942.0,"['#coding', '#datascience', '#python']","['@user1', '@user5', '@user2']",[],0,0,9154,64,81,810,10109,replied_to,t5318648562,['blockchain'],case study,2020-09-17 05:44:15.728318
t194,finally-happy-page,u21,color by list yard return. should son cold cultural pattern build book test. who hour nothing. four road real determine serve six against. budget factor religious himself arrive. staff discussion reach artist. usually election industry over.,2024-01-25 17:37:23.920806,8581992574.0,"['#python', '#datascience', '#tech']","['@user5', '@user2', '@user4']",['http://example.net'],0,0,4850,2512,880,249,8491,original,nan,[],research,2022-03-28 11:44:11.912052
t195,dream-them-method,u21,others measure know military. raise speech tough condition our thank morning. yeah draw hot especially this. stuff specific including voice strategy administration minute. realize anything mission candidate join. place weight data employee event or.,2023-03-18 00:23:42.083188,nan,"['#tech', '#python']",['@user5'],['http://example.net'],0,0,5238,2144,1365,383,9130,original,nan,"['science', 'data analysis', 'artificial intelligence']",opinion,2020-12-28 19:04:32.819661
t196,fall-bit-piece-fact,u21,note stop education present. music cup statement performance stage arrive game. company take popular feeling final open. identify indicate agreement live big stay. hour five occur president. staff pull million right sense his painting.,2022-03-25 10:22:31.114502,4357721088.0,"['#tech', '#python']","['@user4', '@user3', '@user2']",['http://example.net'],0,0,7607,1136,828,341,9912,replied_to,t3570497084,"['artificial intelligence', 'science']",interview,2019-11-02 06:52:14.778003
t197,quality-eat-seven,u21,approach weight beyond direction. magazine fire mind marriage bring. long down guy too kid against. name memory senior collection age. school she new what data hear. simply computer population newspaper. herself cold hand fall capital money market. church theory woman daughter.,2021-10-04 06:16:31.223781,nan,['#coding'],"['@user1', '@user5']","['http://example.com', 'http://example.org']",0,0,2260,3758,1959,986,8963,quoted,t8302603412,[],opinion,2022-07-01 02:20:45.285981
t198,family-later-side,u21,cover here clearly improve amount challenge which. first skin race section. spend part support investment he accept. two fine call become green learn will. contain fear appear catch check far speak. team listen stock author.,2024-04-03 07:44:08.241369,nan,"['#machinelearning', '#tech']",[],"['http://example.net', 'http://example.org', 'http://example.com']",0,0,5495,2983,1888,64,10430,original,nan,['technology'],case study,2020-01-20 04:11:11.600588
t199,north-size-enjoy,u21,arrive reason success another court recognize. new fund sign stay. outside meeting across. doctor professor plan player save season view artist. choose professor course. just mouth give manager staff organization.,2023-10-16 21:38:40.398237,1534722562.0,[],[],[],0,0,6075,3269,1645,710,11699,quoted,t3789683438,[],event,2019-11-11 02:57:52.426818
t200,amount-walk,u21,range audience drop rock small mean guess act. adult resource person five. memory food six specific trouble among. value actually authority cold sport service. decision national since address my here.,2020-02-18 10:44:52.901664,4629539139.0,"['#coding', '#ai', '#python']","['@user1', '@user2']",[],0,0,9140,1485,1160,747,12532,quoted,t5704952272,['robotics'],updates,2024-04-10 03:48:35.958434
t201,on-my-low-all-leg,u21,evening then federal great. will training offer tree. night possible out voice deal couple. article point popular hear consumer another factor. first wait south a home story. can cause indicate computer industry north be along.,2024-07-29 06:43:59.902894,4556082601.0,"['#machinelearning', '#datascience']","['@user1', '@user5']","['http://example.net', 'http://example.com', 'http://example.org']",0,0,4457,1417,127,440,6441,original,nan,"['blockchain', 'data analysis']",research,2021-07-29 10:01:08.819957
t202,hour-good-give,u21,others similar check understand prepare visit friend. factor never reduce dream enough save. several focus young. result individual write room very room international wide. window church after ok. however sea store arm pay year total.,2020-10-12 01:58:03.799876,3249759347.0,['#python'],"['@user1', '@user3', '@user4']","['http://example.org', 'http://example.com']",0,0,6114,4357,1341,621,12433,quoted,t3070232654,['data analysis'],announcement,2022-09-23 05:25:37.539304
t203,vote-message-his,u21,also change them guess. and order do capital past. low trip particular animal. the political enjoy american coach including from. grow whose tree small growth benefit. war per community machine positive. his somebody statement example everything usually.,2022-03-24 18:13:53.867476,9913060976.0,"['#coding', '#python', '#ai']",['@user1'],"['http://example.com', 'http://example.net']",0,0,7749,467,756,83,9055,retweeted,t4818462550,"['data analysis', 'robotics']",tutorial,2022-12-16 23:00:33.353612
t204,might-away-property,u22,him her beautiful pick mention smile traditional. article girl assume attack. determine chair appear. sing success unit language grow decade attorney tonight. box range trial democratic second.,2021-08-02 03:37:36.743041,nan,"['#datascience', '#tech']","['@user4', '@user5']","['http://example.com', 'http://example.org']",0,0,1629,4828,516,764,7737,quoted,t7258151281,[],event,2022-06-09 16:15:51.106657
t205,bring-speech-common,u22,economy tax present physical standard. hospital news point. wish ten i compare. with decision activity star eat arm. realize agent president reveal project night ten. on term field kind paper their eight still.,2023-07-16 18:19:38.005168,nan,"['#python', '#datascience']",['@user5'],[],0,0,9504,1258,1399,32,12193,retweeted,t8815037282,"['quantum computing', 'data analysis', 'artificial intelligence']",case study,2022-12-30 13:50:03.493961
t206,attack-picture,u22,list team six own grow participant. water food recognize must. professor station skill civil dark popular tonight. foreign under card successful wide. pretty woman blue detail catch. would here raise improve employee.,2022-05-13 07:38:03.528836,4093558492.0,[],"['@user3', '@user4', '@user2']",['http://example.org'],0,0,7933,1909,397,650,10889,original,nan,['robotics'],event,2022-05-13 22:59:04.831383
t207,both-modern-i-like,u22,try player prove huge anyone. nation chair have stand. world certain drive instead benefit. image type themselves life. door conference cup agree. today point gas theory mission. term future school factor. detail event reach painting throw teacher.,2020-11-08 14:42:01.258710,5345347578.0,['#ai'],"['@user3', '@user1', '@user2']","['http://example.com', 'http://example.org', 'http://example.net']",0,0,1029,1926,1453,283,4691,replied_to,t8228917220,['data analysis'],event,2020-01-29 11:33:01.573734
t208,so-raise-practice,u22,adult responsibility begin involve office ground. reality southern realize may thousand hope. mean medical response account short. join without have true. through social state century choice source rest. sit show her politics really author.,2022-06-06 04:24:12.002754,9337662254.0,['#datascience'],['@user5'],"['http://example.org', 'http://example.com']",0,0,8763,4836,376,289,14264,original,nan,[],news,2019-12-29 03:41:32.413037
t209,others-easy-end-a,u22,represent into whole who let. inside catch this painting drop pass way consumer. southern tv say meet population base. stock ahead plan positive writer. institution chance message fund good live know believe. mouth growth art. occur long take attention billion smile simple.,2022-11-17 12:22:24.696895,nan,"['#datascience', '#tech']","['@user5', '@user1']","['http://example.com', 'http://example.net', 'http://example.org']",0,0,3636,3726,194,484,8040,retweeted,t9276165865,[],case study,2023-03-07 09:47:09.672705
t210,way-chair-land-plan,u22,play store and page leave chance. trade eye class dinner begin. allow suggest should drive. specific until boy face exist material. land maybe generation food another. bed which various hold traditional this still.,2022-12-02 09:51:19.027298,nan,"['#python', '#machinelearning']","['@user1', '@user2']",['http://example.net'],0,0,3140,2722,1129,996,7987,quoted,t1042767363,['robotics'],review,2020-01-07 22:26:13.204319
t211,whole-push-from,u22,fight mention first yourself. choose job nothing every. kid never community pretty mean drug. so shake week just happen pass value close. fill whole hotel sister light military stop.,2021-12-27 10:56:35.613676,2060542911.0,"['#python', '#tech']","['@user3', '@user1']","['http://example.org', 'http://example.com']",0,0,3471,2511,1169,787,7938,replied_to,t4895545010,"['quantum computing', 'blockchain']",interview,2023-09-20 07:56:12.536989
t212,participant-lot,u22,back investment evidence chair music speech simple. environment war tree western. service international common vote. recent go that politics foot. office blue probably decide finish. manage begin production civil my thus. buy by travel.,2021-01-02 07:14:37.260960,6497014040.0,"['#coding', '#datascience']",[],"['http://example.org', 'http://example.com']",0,0,2415,2771,1820,279,7285,replied_to,t1486547697,"['science', 'robotics']",research,2022-08-05 23:43:36.808145
t213,eat-goal-building,u22,leader main seat. customer thus rest woman bed scene your research. line official deal someone natural law. who pm student. mean pay bill want. sea road method claim everyone mean.,2020-04-25 07:18:46.367422,7076554432.0,[],['@user2'],[],0,0,1532,936,546,378,3392,replied_to,t8722673018,"['cybersecurity', 'science']",news,2023-12-26 03:51:13.481663
t214,account-economy,u22,future human phone machine week wide wear. protect situation speak style will fish computer point. serious rule collection. thus couple our safe assume. leg specific radio a room. main avoid pm exist team. language measure yes base. race sound wear might.,2020-02-11 17:23:00.891910,5085160645.0,['#tech'],"['@user4', '@user1', '@user3']","['http://example.org', 'http://example.com', 'http://example.net']",0,0,3917,4948,424,586,9875,quoted,t5215172710,[],news,2022-01-10 10:46:53.697838
t215,seven-paper-large,u23,benefit call peace respond order he state. drop war do. fall rule identify dog congress. agree onto end sure oil deep. value approach identify small ball quality through. stop day rather learn why already animal. community fund present behavior interview rather likely.,2021-01-26 06:21:13.775197,9543559535.0,"['#ai', '#python']",[],[],0,0,5779,2709,1485,60,10033,retweeted,t4642205291,"['blockchain', 'robotics', 'quantum computing']",opinion,2024-08-14 17:55:51.756930
t216,past-region,u23,continue successful society exactly support. give for sometimes traditional stand family sit. interview effect draw push environmental ball. evening such soldier image. sister lay prove effect hot all enjoy. use improve far.,2024-04-25 13:24:49.136240,1083966981.0,[],"['@user1', '@user5', '@user2']",[],0,0,9133,4258,1985,180,15556,replied_to,t2249712063,[],news,2021-08-31 09:00:17.086603
t217,daughter-treat,u23,option since cover. home occur low rate provide form career. with child article behind watch answer. goal yourself particular get talk relationship central thousand. car game address house. pressure government among fear often issue. resource medical front worker.,2020-08-24 09:09:45.620371,1070505087.0,['#python'],"['@user1', '@user2']","['http://example.net', 'http://example.org']",0,0,4557,4265,1341,818,10981,retweeted,t6130323296,"['blockchain', 'data analysis']",review,2023-01-28 03:03:38.255652
t218,concern-bring-the,u23,continue general even quality south hope. become political particularly paper personal. candidate learn expert range government out design. inside painting than sing type include. so director issue national onto big.,2019-09-19 03:00:56.308920,nan,"['#tech', '#python']","['@user4', '@user5']",['http://example.org'],0,0,8777,3327,35,794,12933,original,nan,[],opinion,2020-04-25 05:56:44.255756
t219,full-fast-first,u23,lose poor appear should least suddenly instead. bit sport carry spend whom friend. pattern onto movement respond forward six. on indicate brother city one mouth. relate time political move better choice. note night radio feeling media forward mind. board game nice some.,2020-07-12 23:03:52.345742,4605223386.0,"['#machinelearning', '#datascience']","['@user2', '@user1']","['http://example.org', 'http://example.net', 'http://example.com']",0,0,4273,4899,1091,877,11140,replied_to,t6586773000,[],news,2021-05-02 13:18:51.732440
t220,later-risk-deep,u23,from within animal gas sure include. during herself debate save. unit appear few society american front. respond discuss million effort career natural. perform fire leave congress pass.,2023-11-04 17:37:51.857199,nan,[],['@user1'],[],0,0,6633,1479,1204,716,10032,replied_to,t2445577537,"['quantum computing', 'technology']",case study,2021-11-26 04:29:00.633009
t221,total-high-often,u23,themselves when would adult blue mission. mission drop realize citizen project official people. become key wind. analysis small way. argue exactly wrong face style. actually poor get. however top official themselves nice right. population compare western increase space.,2022-08-12 23:12:54.429533,nan,"['#datascience', '#python']",[],[],0,0,2345,3581,764,719,7409,original,nan,['robotics'],interview,2024-08-11 00:25:51.644116
t222,leader-message,u23,reduce war commercial seek. instead yes area certain only cultural expert international. win bar provide beautiful. main adult until modern audience matter yourself. myself federal station change race church. cell meet join yeah four.,2023-08-06 23:24:38.799538,4872290421.0,['#ai'],[],['http://example.org'],0,0,5826,4416,390,865,11497,retweeted,t2552972264,[],case study,2020-01-15 13:35:41.622067
t223,amount-state,u23,sometimes study often third blue right. dinner form young camera between let education democrat. where spring doctor firm when. reflect weight concern. treat business military anything imagine. have another such. bill left class traditional. sister thank want field why.,2024-04-01 08:57:42.654436,nan,"['#tech', '#machinelearning']",[],"['http://example.net', 'http://example.org']",0,0,1829,585,1267,410,4091,retweeted,t8052774747,"['data analysis', 'robotics', 'quantum computing']",research,2024-01-22 11:49:27.917675
t224,reason-score,u23,down section region performance decide side seven north. ask someone site chance color bring. hair measure recognize new again enter us hear. collection create reflect them be ten. draw style than understand reveal light. forward democrat standard you throw unit.,2020-12-18 18:45:15.256805,7857517611.0,['#ai'],"['@user3', '@user5']","['http://example.net', 'http://example.org']",0,0,4877,1739,1474,176,8266,replied_to,t1931944606,"['blockchain', 'quantum computing']",updates,2024-03-20 02:42:47.949406
t225,church-do-manager,u23,garden room group edge scientist. if discover at box leave out public former. when build bed can science. world per speech republican. suggest either want technology course. send talk green somebody. have mouth door southern. simple free subject born.,2023-04-05 18:50:42.431585,nan,[],"['@user4', '@user3']",['http://example.com'],0,0,8885,2227,874,566,12552,quoted,t4060634061,"['science', 'blockchain']",case study,2024-07-12 11:19:52.575811
t226,accept-trip-civil,u23,show star never our. process by analysis society describe item fish sell. computer sort eight shake. but control already. decision woman example yet. boy lay south figure spend.,2023-01-06 19:57:40.695682,7986485772.0,"['#python', '#datascience', '#ai']","['@user3', '@user2', '@user1']","['http://example.net', 'http://example.com', 'http://example.org']",0,0,4644,574,1020,50,6288,original,nan,"['artificial intelligence', 'science', 'data analysis']",research,2021-07-04 21:44:40.218143
t227,discover-after-time,u23,sense accept good discussion. draw stop market line center investment. ready under key trouble join source. along customer team responsibility. deep heart analysis material gas these budget final. still politics research movement. spend history must likely edge star important.,2023-08-07 16:47:22.479756,9187623425.0,[],"['@user3', '@user4', '@user5']",[],0,0,8512,4409,1243,580,14744,original,nan,"['artificial intelligence', 'cybersecurity', 'quantum computing']",opinion,2019-09-23 09:18:51.673681
t228,art-i-western-my,u23,do one already recognize trade beat debate through. order apply audience also. site might out into direction well front various. later lawyer whatever science while available probably. together or tough western key. win sing fight prevent.,2024-05-26 09:31:06.135408,nan,[],"['@user1', '@user5', '@user4']",[],0,0,9933,2186,1163,865,14147,quoted,t1837625056,"['artificial intelligence', 'data analysis']",opinion,2022-11-12 12:43:02.018152
t229,history-common,u23,very able blue support country major. item hospital edge safe mouth. who kitchen sound. whole condition size there speech. number cut mouth. officer half offer high building building. guess resource will each.,2019-09-30 21:15:06.748017,nan,"['#ai', '#datascience']",['@user1'],"['http://example.com', 'http://example.org', 'http://example.net']",0,0,5305,3048,823,786,9962,retweeted,t9006693898,"['blockchain', 'cybersecurity', 'quantum computing']",review,2024-01-20 06:04:00.250379
t230,position-trip-yet,u23,game speak age what. movie affect process clearly center we response. poor mind their magazine. small wall run technology dream sport oil. argue get themselves address hope. for compare discover else share hospital design.,2021-06-22 06:56:29.573265,nan,"['#python', '#coding']","['@user2', '@user1']",['http://example.net'],0,0,2657,3927,1831,575,8990,retweeted,t3469640539,"['artificial intelligence', 'blockchain']",news,2023-01-10 19:37:56.731378
t231,moment-likely,u24,surface vote expect available large man adult activity. sort page skin thousand data. very something peace ago official. guess focus nice heart common others. leg alone garden indeed too now great record. little peace either store. account however rise.,2021-01-01 13:56:09.388348,1202750096.0,"['#coding', '#datascience', '#machinelearning']","['@user4', '@user2']",[],0,0,5235,3173,1789,105,10302,retweeted,t1535606152,"['data analysis', 'robotics', 'blockchain']",announcement,2020-06-20 11:11:18.369428
t232,whom-specific-right,u24,rise hot effort hard. discussion structure party mrs easy. crime article piece follow social. participant memory when send bad treatment speak. position war write ask read out. end or myself.,2020-01-30 06:52:14.657251,nan,"['#ai', '#coding']",['@user2'],['http://example.net'],0,0,7462,3690,1199,243,12594,original,nan,['artificial intelligence'],case study,2022-09-22 16:53:57.670540
t233,from-final-create,u24,develop role indeed walk could. foot sea should especially guy develop read. until race never popular science crime provide. this media during study we main impact since. institution cell become free eat but. too laugh build happy. house development western summer job rich.,2020-09-25 16:52:21.900307,8984433177.0,"['#machinelearning', '#ai', '#datascience']","['@user5', '@user2', '@user1']",[],0,0,168,1623,1835,588,4214,original,nan,['robotics'],news,2023-05-12 02:22:59.422877
t234,doctor-important,u24,fact left according kind help behavior respond. rate worker building employee effort. structure value education food camera beautiful traditional. area north image born before history yourself. eye upon anything.,2023-11-17 23:32:27.265774,nan,['#datascience'],"['@user4', '@user3']",['http://example.net'],0,0,3808,2953,1457,923,9141,original,nan,"['blockchain', 'artificial intelligence', 'data analysis']",tutorial,2022-11-25 12:42:26.818508
t235,imagine-consider,u24,walk if policy far. test produce the decide chance order make. toward at practice travel method low. sport wonder fill us say according tax. author always security attorney check. property last more body significant face strong.,2024-07-14 16:09:42.389436,3437682760.0,[],[],"['http://example.org', 'http://example.net']",0,0,4372,3353,1443,941,10109,quoted,t3538872838,['blockchain'],case study,2024-02-07 07:47:12.857088
t236,speech-ask-market,u24,sea outside but account former side necessary front. degree office police product city which town. pass cost oil less surface others. leg center respond summer land. century role could. should adult interesting. oil task billion central more respond turn. marriage once choose.,2023-03-06 23:58:27.123746,nan,['#machinelearning'],"['@user3', '@user4', '@user2']","['http://example.net', 'http://example.org']",0,0,477,466,1243,695,2881,quoted,t6055171255,['blockchain'],updates,2022-05-15 21:48:18.019328
t237,mention-area-where,u24,early present career science others total drop citizen. will within together pick official never no model. cup oil service. card property body the. beyond watch field wonder traditional ball may find. environmental interest rest risk.,2023-01-19 14:04:30.350226,nan,['#machinelearning'],[],"['http://example.net', 'http://example.org']",0,0,2406,2222,810,71,5509,original,nan,[],tutorial,2020-12-12 23:14:21.151797
t238,increase-hit,u24,visit finally field its. memory as body it brother center. past vote last culture understand news military. structure mouth husband white production part. increase discover particularly continue thank leg. least indeed budget see. player off land city then.,2020-06-22 09:20:04.040539,4359310715.0,"['#coding', '#datascience']","['@user2', '@user1']",[],0,0,8834,3609,1884,663,14990,retweeted,t8004702512,"['quantum computing', 'robotics']",research,2023-12-07 21:12:23.489902
t239,sound-anyone,u24,move act take money. game ahead hundred both keep mind story. central see bring next bed. out force subject read become also. very item rise part town accept last certainly.,2019-09-17 07:41:59.246370,6920497879.0,[],['@user3'],"['http://example.net', 'http://example.com', 'http://example.org']",0,0,6270,1150,1973,597,9990,replied_to,t4141044916,"['robotics', 'quantum computing', 'science']",case study,2020-12-09 16:34:30.821866
t240,wait-two-without,u24,star suddenly southern. purpose sort everybody defense myself might building no. argue billion ground especially first professor share. deal agent case bed stay strategy. remain when next standard. development picture member necessary. yeah shake individual use cost rich send.,2022-07-27 18:54:55.014790,3003292285.0,"['#python', '#coding']","['@user4', '@user5']","['http://example.org', 'http://example.net', 'http://example.com']",0,0,3496,3863,1542,613,9514,quoted,t1434027608,"['data analysis', 'technology', 'artificial intelligence']",review,2022-04-30 04:27:01.345360
t241,discover-arrive,u24,couple evidence international general. light decade raise. someone report trial wonder popular hold trouble win. design style smile country upon.,2023-05-10 12:26:20.843098,nan,[],"['@user1', '@user3', '@user5']","['http://example.org', 'http://example.com']",0,0,3256,70,132,142,3600,quoted,t4509163765,"['data analysis', 'cybersecurity', 'artificial intelligence']",announcement,2023-10-13 01:09:40.666414
t242,yet-stock-fish,u24,hospital think subject. suggest parent particularly town drug. they human old market after some not. serious we easy record important movement wonder. drug watch store he help nor. safe popular current north charge west business.,2022-01-18 09:52:05.455025,9109762306.0,['#ai'],[],"['http://example.com', 'http://example.org', 'http://example.net']",0,0,8950,4120,250,890,14210,replied_to,t7551503926,"['quantum computing', 'blockchain']",updates,2020-12-10 04:21:08.698688
t243,those-note-article,u24,discussion along matter several next place. nearly letter state together cost left subject least. rule reality support. buy skin crime firm western tv. cover yet growth give receive.,2024-05-08 20:56:51.760166,nan,[],"['@user1', '@user2', '@user3']","['http://example.com', 'http://example.net', 'http://example.org']",0,0,992,1896,704,70,3662,replied_to,t4324593384,['robotics'],review,2019-11-21 06:31:52.058574
t244,occur-reach-stay,u24,week each school wide painting certain member. almost wait fall student recently bill hair anyone. common force ball write sister price. american local build goal. new control congress us early strategy. item maintain career develop behind learn product phone.,2019-12-01 15:34:25.196624,2907786713.0,['#python'],[],"['http://example.net', 'http://example.com', 'http://example.org']",0,0,263,736,626,958,2583,retweeted,t3679834959,['technology'],news,2023-07-30 14:42:03.863814
t245,would-crime-modern,u24,bit value note organization. boy knowledge career bill sea common. hold party speech result. establish town change age. professor consumer level catch nothing. fill radio source prevent take central onto.,2020-10-26 07:44:35.289660,5945875609.0,['#coding'],['@user4'],"['http://example.com', 'http://example.org', 'http://example.net']",0,0,9603,2329,1167,885,13984,replied_to,t9284426205,"['robotics', 'blockchain', 'quantum computing']",news,2019-09-13 05:51:18.513780
t246,run-capital-live,u24,sign positive toward suffer total push. finish course religious single. something join sort. mind party soldier must source. start course speak. real suffer might kid sign sort bank pick. another item different area nor education his.,2020-02-16 06:35:20.378601,nan,"['#tech', '#ai']","['@user3', '@user4']",['http://example.net'],0,0,9124,1677,1813,273,12887,quoted,t7321176161,['quantum computing'],research,2020-07-20 03:06:56.135716
t247,pass-treat-three,u25,as pretty behavior mrs point. individual painting stuff child. commercial their ability sport. name travel team system involve. later decide forget. minute than training summer quickly.,2023-12-04 23:26:52.974928,nan,['#datascience'],"['@user3', '@user2', '@user1']",[],0,0,6710,1538,653,988,9889,replied_to,t8691517187,"['artificial intelligence', 'technology']",case study,2022-07-22 18:23:36.112385
t248,improve-little-no,u25,in clearly admit more. all nice move fall. pattern score letter off difference. recently camera whose range fire. while necessary sort information part daughter. begin research certain traditional suffer significant. this fact service south pretty relate dog school.,2019-08-31 10:31:26.210428,9184197564.0,['#datascience'],"['@user2', '@user5']",['http://example.net'],0,0,6479,2520,730,465,10194,quoted,t9527932584,"['data analysis', 'quantum computing', 'cybersecurity']",news,2024-08-11 09:38:42.587293
t249,high-back-response,u25,dinner size once finally. student green election national eat spring long. player sit discover enter interest. attorney through despite in eye explain. inside you career different receive safe can send. fear serve later imagine.,2023-07-17 12:41:01.224179,1003791530.0,['#python'],[],[],0,0,8752,3671,1969,918,15310,replied_to,t3482692810,['science'],updates,2019-12-21 10:28:14.848372
t250,sell-agree-against,u25,support majority program son hour plant street new. activity head enter political look. lead two wonder certain find. civil project doctor friend serve. less outside inside figure poor second executive.,2023-01-22 18:26:21.354012,9445184322.0,"['#machinelearning', '#datascience']",['@user1'],"['http://example.org', 'http://example.net']",0,0,4432,3217,679,490,8818,quoted,t7350984730,"['cybersecurity', 'artificial intelligence', 'technology']",opinion,2022-10-31 02:32:18.747333
t251,probably-after,u25,example agreement air help get create. social may issue back floor. success brother million you chance alone. difference grow old center. send film way bar. exactly statement same add. although ten several country school whether. way under democratic daughter defense at.,2020-12-10 19:23:40.750018,nan,[],"['@user4', '@user2', '@user1']",['http://example.net'],0,0,3862,4593,748,354,9557,replied_to,t2309284900,"['artificial intelligence', 'robotics']",announcement,2021-07-27 16:59:42.220696
t252,which-for-my-leave,u25,business well almost relationship. bring drive line especially east so word. certainly buy production certainly woman forward although. choice letter wear necessary. world provide bill either eat describe. trip chance per tough.,2020-11-12 12:11:25.298311,nan,"['#datascience', '#tech', '#python']",[],[],0,0,2784,963,926,195,4868,retweeted,t1848954563,"['quantum computing', 'robotics']",case study,2022-05-20 22:32:41.345926
t253,memory-still-far,u25,sign open city pm. tv effort budget bar significant raise left. make necessary rule court forward. expect blood treatment result firm. could many building similar. culture remember yard benefit. doctor indeed us.,2023-11-21 14:27:06.938056,nan,"['#datascience', '#python']","['@user3', '@user2', '@user4']",[],0,0,5393,1874,301,63,7631,retweeted,t7612474645,"['technology', 'data analysis']",research,2023-06-22 09:10:42.290100
t254,democratic-kid-news,u26,case concern low keep amount majority record increase. laugh book want machine. amount science talk wife language picture thousand. low east south south quite. this similar project hot image. experience according talk night which. employee south control particular part.,2024-02-06 05:21:47.982581,nan,"['#python', '#datascience', '#machinelearning']",['@user5'],[],0,0,8479,2019,505,781,11784,original,nan,"['technology', 'robotics', 'quantum computing']",event,2021-06-18 16:43:12.466359
t255,structure-discuss,u26,he same live station. appear hard everyone director box another wrong. she he check also. artist television garden adult. learn conference follow court father expect. impact car why mission.,2019-09-14 17:44:31.824233,1613869243.0,[],[],[],0,0,5923,2736,81,984,9724,retweeted,t9251118753,['cybersecurity'],updates,2022-01-21 18:42:17.380129
t256,score-win-total,u26,employee choice poor painting. food few star still activity himself rest. something eye actually good. off hit artist himself together sit. those day husband collection rather responsibility more. spend daughter mr need organization head white.,2023-12-17 04:39:46.513062,7490512776.0,"['#machinelearning', '#coding']",[],['http://example.net'],0,0,4528,3382,1696,864,10470,original,nan,"['artificial intelligence', 'blockchain']",updates,2021-04-09 23:56:47.490497
t257,forward-go-to,u26,probably often listen argue finish. owner hear sign skill. design must partner arm. cut budget conference surface place dog. put force public sea reveal. may seat law trial up option beyond tv. partner necessary choose adult.,2024-03-10 02:37:01.399082,7811161222.0,"['#machinelearning', '#coding']","['@user1', '@user3']",[],0,0,7143,3905,784,342,12174,quoted,t6140892507,"['technology', 'data analysis']",tutorial,2023-03-10 05:41:50.880324
t258,very-become-instead,u26,democratic light next source. attention glass most model police toward open. notice tonight war difference. single character prevent reveal guy relationship. thing stage shake case nor part. keep finish ok sea. budget else most dog.,2024-05-23 07:30:41.050120,nan,"['#ai', '#machinelearning']","['@user1', '@user2', '@user4']",['http://example.com'],0,0,6271,1504,1803,701,10279,quoted,t9410678039,['artificial intelligence'],updates,2019-12-21 23:19:27.846791
t259,hold-head-choose,u26,herself although thank away. speak begin senior fear conference community. condition poor how require economic possible. off account huge attention summer. far college answer order common individual.,2020-02-11 01:57:21.888218,8967976186.0,['#python'],['@user3'],['http://example.net'],0,0,6537,1544,1738,708,10527,quoted,t3061810037,"['cybersecurity', 'artificial intelligence', 'robotics']",news,2022-06-24 01:18:26.231646
t260,analysis-situation,u27,represent dinner wind suffer case garden kind. according population whose sell leg down analysis front. draw know worry cup education activity model. dog lead south compare boy. think at we decade guess one.,2020-11-29 17:47:28.889512,1688032178.0,[],"['@user3', '@user1']","['http://example.net', 'http://example.com']",0,0,1623,4736,1299,70,7728,replied_to,t4344967984,"['artificial intelligence', 'quantum computing']",opinion,2021-10-27 03:31:01.722313
t261,future-stop-serve,u27,dark toward parent skill citizen leave. if sister worker usually although all others. property gas later house. six popular tax little song less west. always modern finally reflect behind seat blue.,2022-02-10 21:23:34.155532,nan,"['#coding', '#machinelearning']","['@user5', '@user3', '@user2']",['http://example.com'],0,0,4699,2649,1982,388,9718,original,nan,[],tutorial,2019-09-20 09:31:07.675192
t262,serious-thought,u27,continue test effort crime find else deep. about whole picture break either history agency. special none true. newspaper weight unit ever in a right.,2021-10-31 13:33:30.348316,nan,[],[],"['http://example.com', 'http://example.net']",0,0,7116,3220,1548,338,12222,replied_to,t3993162590,[],tutorial,2020-07-04 09:06:55.715908
t263,blue-once-image-he,u27,him professional national church look her level. trade outside down large site. level support natural firm own toward. lose crime will study agency stuff. industry loss include partner tend city. back find window live yourself available. party try follow cell.,2022-10-03 12:17:26.663699,5083516317.0,"['#machinelearning', '#python']",['@user1'],"['http://example.org', 'http://example.com']",0,0,1711,4632,1360,66,7769,retweeted,t9982159629,"['data analysis', 'quantum computing', 'artificial intelligence']",review,2021-12-16 18:06:46.319330
t264,lot-go-see-congress,u27,price institution simply eat. board could wait forget support nothing television year. degree role blood always. girl some black tonight. hard red yet commercial group experience. something card will.,2023-04-05 03:29:43.308167,nan,[],"['@user5', '@user4', '@user3']",[],0,0,2562,4515,1584,299,8960,replied_to,t6154465425,['quantum computing'],event,2021-01-05 19:07:51.913828
t265,drop-himself-role,u27,or nor material ball begin us purpose. long fill threat gas ok couple while. late program or collection know. finish morning set wonder thought edge successful. where assume idea real have. office before approach her student.,2024-02-02 09:57:17.769446,nan,"['#machinelearning', '#ai']","['@user1', '@user3']",['http://example.com'],0,0,2904,4626,1191,909,9630,original,nan,[],review,2024-04-10 13:02:26.343162
t266,fire-than-mr-ago,u27,down guy maybe war. name responsibility medical big account bar. eye here west option peace action smile. chance represent wind apply few decade foreign company.,2022-07-07 00:50:43.195775,nan,['#datascience'],"['@user5', '@user2']","['http://example.org', 'http://example.net', 'http://example.com']",0,0,6900,4240,1908,312,13360,retweeted,t7727512697,"['science', 'robotics']",announcement,2020-06-11 17:20:03.585041
t267,create-wall,u27,magazine argue inside race. listen mr executive institution throughout include. modern within born join race join. season quite season mother owner usually enter son. learn yard pay catch stage. end probably none author. stay event event consider hotel action receive.,2020-01-03 12:23:10.304719,nan,"['#ai', '#coding', '#tech']",['@user4'],['http://example.net'],0,0,4796,251,1571,169,6787,retweeted,t2480865948,"['quantum computing', 'data analysis', 'cybersecurity']",news,2022-02-07 16:31:10.058518
t268,though-authority,u27,always business method deep investment per actually. relationship ground new change table number democratic. various state full audience federal. walk mother rule service attention have.,2023-10-03 06:57:48.522956,6966420908.0,['#ai'],"['@user4', '@user2', '@user5']",['http://example.net'],0,0,3155,48,1578,792,5573,replied_to,t5664155199,[],case study,2022-06-30 11:48:37.321117
t269,hand-officer,u27,development discover third finish with account. modern begin meeting sport great hear center. congress power individual develop million pretty work. reality edge somebody send agency. read technology agency new.,2020-04-27 02:47:46.243642,nan,[],[],[],0,0,9652,1685,1983,338,13658,quoted,t1772650051,"['quantum computing', 'artificial intelligence', 'robotics']",announcement,2020-12-18 04:50:39.579640
t270,matter-fact-scene,u27,nice year data stay black. leader professor red age group face teach dog. office camera action form no pick follow. audience amount wind. hour environmental challenge operation all listen.,2021-07-30 14:59:06.730593,8686453952.0,[],"['@user3', '@user2']",[],0,0,8757,710,1266,155,10888,replied_to,t1907382456,"['science', 'quantum computing', 'data analysis']",research,2020-01-12 09:30:47.949010
t271,look-speech-build,u27,fall good create certainly ask message surface. ago power seem include. reach see management offer bill most design heart. throughout picture ago current operation seem oil. mind gas black chance democrat good resource. wife person majority environment source industry none.,2022-04-23 03:52:56.805946,nan,"['#tech', '#datascience']","['@user2', '@user5', '@user3']",['http://example.com'],0,0,5730,3233,732,657,10352,quoted,t5563587805,"['cybersecurity', 'technology']",opinion,2020-10-06 04:42:48.383594
t272,practice-glass,u27,front let experience person. instead no single spend call attack magazine husband. impact later next somebody region some. rich hour man reflect group home. task fish product understand ability who matter customer. image fire glass apply environment.,2024-06-15 17:42:57.760638,nan,"['#ai', '#machinelearning', '#python']","['@user3', '@user5', '@user1']",['http://example.com'],0,0,7286,2908,610,160,10964,quoted,t2781735545,"['blockchain', 'artificial intelligence', 'robotics']",review,2019-12-07 21:18:33.267152
t273,business-manager-my,u27,rate mother artist role mr. risk better himself. operation court memory. reach over decade story each hope. important high develop. film wonder debate senior protect.,2019-11-11 08:34:20.423430,2167620366.0,"['#ai', '#tech', '#machinelearning']","['@user1', '@user4', '@user2']","['http://example.org', 'http://example.com']",0,0,437,3606,563,259,4865,retweeted,t6349969951,['science'],updates,2022-10-12 20:39:31.591085
t274,suddenly-age,u27,doctor take lay there together. see brother growth enter single sell result rate. citizen difference year move difference thought. seem material one service indeed. all him weight mr.,2020-04-18 09:36:57.132111,6948576819.0,['#datascience'],['@user4'],['http://example.org'],0,0,3101,816,14,888,4819,replied_to,t5493434895,"['artificial intelligence', 'science']",case study,2020-08-04 05:08:12.692456
t275,prepare-about,u27,develop politics law or. option back simply heart generation exactly agree. again country serve great fly film. during suggest plant another play particular. quite get catch detail theory necessary beat item. among huge land american receive.,2021-05-28 00:58:03.969234,nan,['#machinelearning'],[],[],0,0,6275,3891,1483,716,12365,quoted,t6964052487,"['quantum computing', 'cybersecurity']",updates,2020-03-09 22:07:14.445509
t276,out-blue-form-form,u27,back dream already night strong accept. since example impact usually democrat. thousand sound thus statement to road present present. yet full mr age activity. rest important baby attack. yes quite health writer child front increase.,2022-11-19 05:24:30.892602,nan,[],"['@user5', '@user3']","['http://example.org', 'http://example.net']",0,0,5387,1791,1590,701,9469,original,nan,['cybersecurity'],interview,2022-02-24 11:12:03.423471
t277,industry-our,u28,idea before own. parent half service hot concern generation. manage red fall people. but there blue politics goal organization range central. section be light serve key. factor hair white board man. between mind about.,2022-06-27 18:33:43.337708,nan,['#coding'],[],[],0,0,7573,17,952,726,9268,retweeted,t2211225411,['science'],announcement,2020-07-29 00:36:38.216249
t278,future-stuff-firm,u28,them her impact standard music. itself identify but many congress if possible. who bank avoid. contain around real perhaps. democrat run full take. show small realize system beat certainly. available face choose apply. economic instead yes increase wear sport character.,2023-04-08 22:50:46.838717,4835973426.0,"['#python', '#coding']",[],"['http://example.com', 'http://example.net', 'http://example.org']",0,0,8501,2339,990,110,11940,retweeted,t9496082294,['blockchain'],research,2022-05-17 15:00:02.137723
t279,reason-address-wait,u28,visit sometimes school spring course. must mouth kind recognize. act information try board seven. capital piece huge option themselves live into. red edge could song risk sport participant. learn subject operation authority minute event. main yet success your door wonder.,2023-02-17 02:56:51.117692,2792238321.0,"['#coding', '#ai', '#tech']","['@user2', '@user3', '@user1']",[],0,0,6394,2438,1708,562,11102,quoted,t4738843787,"['science', 'artificial intelligence']",updates,2024-07-26 01:47:49.614976
t280,attack-late-amount,u28,bill their often. director window type off common morning hot. team with trouble. offer hair nearly field probably. here main lot. write all help dinner development.,2019-10-13 22:46:53.755728,4332917928.0,['#tech'],['@user5'],"['http://example.net', 'http://example.org']",0,0,9061,586,249,191,10087,quoted,t9464189860,['cybersecurity'],tutorial,2024-06-27 01:56:29.850754
t281,final-morning-beat,u28,them indicate senior last answer. ground business meet behind. air decision performance help yard. where million against unit performance. capital thousand cell case teach. about study site movie must huge military they.,2021-07-24 00:49:05.864769,nan,['#datascience'],['@user5'],"['http://example.org', 'http://example.net']",0,0,5193,3721,1827,495,11236,quoted,t6831719531,"['cybersecurity', 'science', 'data analysis']",interview,2020-08-22 02:36:10.452811
t282,cost-happen-modern,u28,force position city firm give easy. hand image support enter. early vote some more form character. activity order hair daughter purpose. it imagine above between firm. particularly wait deep open course inside. experience behavior feel event.,2020-05-12 03:50:38.007960,nan,[],['@user3'],['http://example.net'],0,0,639,1878,1695,911,5123,replied_to,t2414651768,['artificial intelligence'],case study,2022-03-21 10:48:45.381364
t283,affect-charge-say,u28,many state reduce thousand country almost. keep give consider. consumer according and car degree. wear return home firm. type both leader beat. whom gun mother third car hair court.,2020-01-30 02:18:20.585804,9473172774.0,"['#python', '#machinelearning']","['@user5', '@user1', '@user4']",['http://example.com'],0,0,1764,1641,1133,161,4699,retweeted,t1717235226,"['data analysis', 'robotics', 'cybersecurity']",tutorial,2022-07-23 02:04:19.744559
t284,manager-stay-here,u28,seven although right court democratic. sister fear reveal service imagine raise. trip whatever though parent. go still try. home here american local program laugh. none produce car have. law determine garden population writer exactly sell have.,2024-08-13 20:20:58.398129,1056323826.0,"['#coding', '#python']",['@user3'],"['http://example.com', 'http://example.org', 'http://example.net']",0,0,6830,3573,1837,954,13194,quoted,t3306525504,"['data analysis', 'quantum computing', 'blockchain']",updates,2024-03-19 12:36:35.632730
t285,group-bar-poor-unit,u28,tell need try rather occur present. i including wide hold condition air kind. doctor fall none area now able international. plan between some improve last cover approach. ten beat father young national reach class. fly choice decade ok fact through.,2022-02-26 22:12:27.281168,nan,[],"['@user2', '@user1', '@user5']","['http://example.net', 'http://example.org']",0,0,8303,3841,464,695,13303,original,nan,"['cybersecurity', 'artificial intelligence']",news,2021-11-24 11:31:27.343854
t286,walk-each-three,u28,likely drug tv several serious provide. each dream section case suffer. learn turn western those before. size rate plant involve crime. opportunity pattern customer community wall. husband find agent safe admit student.,2021-09-05 09:01:32.074275,nan,"['#coding', '#python']","['@user3', '@user1', '@user5']",['http://example.com'],0,0,5479,2650,768,259,9156,quoted,t3153684869,[],interview,2021-08-07 18:10:56.760143
t287,ground-our-chance,u28,then none who reflect. base open well similar look speech. charge manager page live behind take fill. pull research stuff them support type foreign. far explain away suffer successful read candidate audience. door collection impact history method situation item quality.,2019-08-29 07:05:39.292544,9071384205.0,[],['@user3'],[],0,0,7063,1924,1278,717,10982,replied_to,t7918263359,"['artificial intelligence', 'data analysis']",updates,2021-04-29 14:00:03.106537
t288,crime-option-common,u28,there past under over heart. represent school value leg note. television none few by feel east blood. all break agreement tend author heavy. dark along ok black senior would. edge produce what choose success my appear.,2022-02-02 10:33:43.934261,nan,"['#coding', '#datascience', '#tech']","['@user4', '@user1', '@user2']","['http://example.com', 'http://example.org', 'http://example.net']",0,0,8123,4183,880,299,13485,replied_to,t5906915202,['data analysis'],tutorial,2019-10-31 06:10:23.859525
t289,high-make-strong,u28,record else wait. certain need perhaps sell magazine. exist campaign free generation. value reality conference weight arm sport that. pm project find other moment. more republican reveal glass. source reflect possible age tend. never push campaign cultural believe impact more.,2020-11-07 11:28:03.324291,nan,['#tech'],"['@user4', '@user5', '@user1']",[],0,0,85,640,1419,828,2972,retweeted,t2642653089,"['data analysis', 'robotics', 'blockchain']",review,2020-06-17 08:32:31.827171
t290,may-environmental,u28,western start exist market thing number address. affect attorney success rise rather week. science play trouble bring. respond air opportunity account off. key step back explain book once. behavior man begin head respond recognize.,2020-08-12 06:56:56.175146,7470256173.0,['#datascience'],"['@user3', '@user4', '@user2']","['http://example.net', 'http://example.org']",0,0,4485,859,62,845,6251,original,nan,[],review,2020-07-26 08:19:23.758252
t291,health-deep,u28,ok quite suggest board research. east avoid pick window actually student. left way wait blood establish look. rate economic hot admit attention three president. out seek compare professional stand worker. finally debate reach certain research. career sell give professor.,2021-07-17 01:31:24.449586,nan,"['#ai', '#datascience']",[],"['http://example.com', 'http://example.org']",0,0,5178,270,497,897,6842,quoted,t7385179617,"['robotics', 'quantum computing']",interview,2021-03-30 16:50:53.216433
t292,today-half-common,u28,become song open structure consumer government. person arm everything model receive. response machine some financial activity he job. beyond for mission available. behind them think keep art.,2020-08-28 18:22:10.996926,nan,"['#machinelearning', '#tech']","['@user2', '@user4']",['http://example.com'],0,0,3690,4894,417,641,9642,retweeted,t7773816724,"['artificial intelligence', 'data analysis', 'robotics']",event,2020-05-11 11:33:24.237371
t293,behavior-safe-since,u28,rise run unit every. pretty gas source coach present. debate near sound east. even finish call. stay later door agency. we leg meeting history sea dark. radio end through degree. result compare thus clear.,2023-03-26 19:57:33.648052,nan,['#ai'],"['@user3', '@user2']",['http://example.com'],0,0,1127,38,1114,134,2413,retweeted,t7871782068,"['blockchain', 'cybersecurity']",event,2020-05-28 18:39:16.797527
t294,he-well-single,u28,image money across huge. southern enough dinner memory republican. fast bag plan after grow. change statement condition expert. throw many fly whole some practice language. more share blue mouth those government.,2023-03-05 19:14:29.796170,5089406803.0,"['#datascience', '#coding', '#ai']","['@user3', '@user4']",['http://example.net'],0,0,4698,4543,1552,458,11251,original,nan,"['robotics', 'blockchain', 'cybersecurity']",event,2023-11-25 00:01:32.695013
t295,election-force-good,u28,exactly today we sing hair provide. owner attorney society tv plan. republican represent peace sit. stop watch professor either treat to. arm break several often. study rock activity specific. explain resource food security three than will writer. high reduce safe arm.,2020-11-07 22:07:08.172882,9161301285.0,[],"['@user2', '@user5', '@user4']",['http://example.net'],0,0,3298,1999,819,570,6686,retweeted,t8563012084,"['blockchain', 'technology']",interview,2021-09-06 15:39:15.376300
t296,along-owner-affect,u29,those whose approach house bar. foreign bed most very. example send sea partner cell example. growth human house improve leave. receive little tree pay great care discussion focus. across tell cost nothing. note suffer tree upon thus level.,2024-01-30 21:33:24.300167,4587004593.0,[],"['@user3', '@user1', '@user2']","['http://example.com', 'http://example.net']",0,0,9444,3739,569,197,13949,retweeted,t3211312796,[],research,2022-12-28 12:10:46.707395
t297,possible-six-fund,u29,opportunity scene trial few section address so difficult. arm impact might call. whose pressure person pm. manager bit meeting from remember. clear effort group term skill our cause environmental. since successful little young check.,2020-01-04 17:03:37.160756,nan,"['#tech', '#python']",[],"['http://example.net', 'http://example.org']",0,0,5903,2675,1832,983,11393,replied_to,t8701012573,"['cybersecurity', 'quantum computing', 'data analysis']",interview,2022-02-15 08:53:23.116423
t298,seek-morning,u29,sit evening wear say perhaps especially detail. inside director then mention friend must question. against record perform establish yard outside. hear mission official mother. culture play well. hour home magazine campaign point day its.,2021-03-31 15:45:02.112506,3269991633.0,['#datascience'],"['@user2', '@user3']","['http://example.com', 'http://example.org']",0,0,4541,2871,1635,136,9183,original,nan,['quantum computing'],tutorial,2019-08-20 18:24:48.321286
t299,best-eight-film,u29,season own operation all use key someone. start guess create fish power. worry western most however short green ability. production save today. themselves voice pick light head message. require building staff listen. similar anything through recognize.,2022-06-22 12:08:06.806656,2426547756.0,"['#ai', '#coding']","['@user3', '@user4', '@user2']","['http://example.net', 'http://example.com', 'http://example.org']",0,0,3382,2569,1367,508,7826,replied_to,t9923600362,[],interview,2024-03-10 18:31:59.215986
t300,message-field,u29,staff however cold learn finish beat. group job if in experience. his project keep democrat son grow. discuss good kind couple. wind event mouth represent. specific source consider energy. sing able thought. push reality little finally do group.,2021-12-05 12:16:33.523019,7920993724.0,[],"['@user1', '@user2']",['http://example.org'],0,0,5313,1066,861,180,7420,retweeted,t4679663330,['quantum computing'],news,2019-11-04 02:51:30.981794
t301,step-month-world,u29,song choose message ground development common woman. part resource page discussion. range scene recent hold. bit first film nation low maybe. cover message less.,2020-10-03 08:58:17.474734,5006358816.0,"['#tech', '#machinelearning']",[],"['http://example.com', 'http://example.org']",0,0,2855,3822,1370,412,8459,replied_to,t1775698129,['blockchain'],event,2020-08-27 20:13:28.115527
t302,media-trial-unit,u29,have control maintain somebody source. to same conference model. little at series far ready above. change see bad much everything. reality office health far huge institution performance. color anyone season in others radio. leg simply bit trial several loss population.,2022-04-28 16:39:13.006108,8168545133.0,"['#ai', '#tech']","['@user4', '@user1', '@user3']",['http://example.org'],0,0,6454,526,1526,403,8909,retweeted,t1511653749,"['artificial intelligence', 'quantum computing']",case study,2021-03-18 05:30:30.677101
t303,rest-goal-sometimes,u29,benefit concern hope try without while hair. man card fast strategy site. least thought fire administration safe down. husband write sea area. treatment story line always. college front of create citizen world community. fight perhaps same age half because.,2024-07-11 08:47:25.021714,nan,"['#machinelearning', '#tech', '#datascience']",[],['http://example.org'],0,0,6990,3479,1672,13,12154,original,nan,"['data analysis', 'technology', 'quantum computing']",news,2024-05-22 12:14:59.223570
t304,everybody-model,u29,he up hotel information door activity activity. from class nearly quickly attack occur. company purpose true offer right issue. interesting employee law loss stuff discover. subject factor up training you. career find goal and positive job condition.,2024-05-23 13:04:48.135581,nan,['#ai'],"['@user3', '@user4', '@user1']","['http://example.net', 'http://example.org', 'http://example.com']",0,0,6039,1813,874,63,8789,replied_to,t4326155595,"['cybersecurity', 'artificial intelligence']",case study,2024-06-07 16:09:15.107731
t305,perform-likely,u29,summer they consumer why lead else whom. young white glass authority something significant professor. sure four do apply up glass. summer can leg bit fire test. do statement organization evidence window standard option.,2024-04-27 22:03:15.990167,7648707255.0,['#coding'],"['@user4', '@user5']","['http://example.net', 'http://example.org', 'http://example.com']",0,0,2484,3055,1623,490,7652,quoted,t3862417828,"['data analysis', 'robotics', 'artificial intelligence']",research,2020-05-22 05:53:12.032608
t306,choose-save-paper,u29,compare any fish meeting move start. whose very man field remember need prevent. between guy letter piece relationship. often treatment policy everything development moment. happy cultural describe describe then great. sign option former. act out current final team mean force.,2022-12-31 23:54:54.773898,8148725472.0,"['#python', '#tech']",['@user5'],['http://example.org'],0,0,6559,2214,89,487,9349,original,nan,[],case study,2023-10-30 14:16:50.296290
t307,local-energy,u29,gun western wide husband feeling have. issue security whether camera. value herself hotel. others hit politics give. high model face play. detail thank mrs government crime. moment try imagine energy actually future.,2020-01-28 05:43:53.774384,nan,['#machinelearning'],['@user1'],"['http://example.org', 'http://example.net', 'http://example.com']",0,0,3779,1165,745,467,6156,original,nan,"['robotics', 'technology']",event,2022-11-02 16:43:13.167588
t308,its-position-once,u29,want agreement inside today. prepare teach camera build feeling least structure including. resource mr its despite poor road. type detail piece provide. democratic myself theory black beyond account. west production movement last in. gun wind news budget together.,2022-01-23 21:08:00.938341,nan,['#tech'],"['@user5', '@user3', '@user4']","['http://example.org', 'http://example.net']",0,0,7687,3145,628,159,11619,original,nan,['blockchain'],event,2024-08-08 21:05:58.402234
t309,line-remain,u29,article support party prevent home lead voice single. nice economic modern party end manager. southern buy up stage something but claim. ability cause guess include. today whether base natural officer impact suffer age. affect indeed economy entire bill information.,2022-05-10 10:11:13.489703,nan,"['#ai', '#machinelearning', '#tech']",[],[],0,0,5826,1588,600,418,8432,retweeted,t8010064119,"['artificial intelligence', 'technology']",announcement,2022-02-08 16:34:21.141550
t310,control-those-level,u29,north discuss all fast. reveal ability spring huge. station inside call gas enter rise. able american else wall. couple rock federal whether reason. before nearly range network opportunity plan. over son commercial make you.,2020-05-06 17:11:45.911345,4265621063.0,"['#python', '#tech']",['@user4'],"['http://example.net', 'http://example.com']",0,0,7757,2022,334,123,10236,replied_to,t1003607991,[],interview,2023-07-25 02:16:46.493731
t311,building-part-media,u29,big home over sure how. challenge civil new century. look anyone head i consumer. suggest whom commercial easy watch open. structure hold sometimes fear add. executive final moment face drug though. let business speech space price require.,2023-02-06 18:43:54.821029,nan,"['#tech', '#datascience', '#ai']","['@user3', '@user2']","['http://example.net', 'http://example.com', 'http://example.org']",0,0,2426,3639,1357,209,7631,replied_to,t8264331798,['technology'],research,2019-12-24 06:49:57.318672
t312,receive-easy-career,u29,put cut letter once. research large career ahead no american. record color impact pressure interesting. reach back individual somebody. war director control cut name run reveal. walk citizen any according. responsibility event local worker believe wish.,2023-10-07 07:12:33.132359,1405888326.0,"['#datascience', '#coding']",['@user1'],[],0,0,4203,1933,457,443,7036,original,nan,[],announcement,2021-03-28 19:34:57.811259
t313,ball-the-and-class,u29,life one prevent appear place night. determine amount collection teach north loss which level. natural whatever thought defense thousand low apply. also live fill trip within under response memory. decision could all year officer future heart. speak film personal.,2024-04-23 10:04:21.353356,nan,"['#tech', '#datascience']","['@user1', '@user4']","['http://example.net', 'http://example.org', 'http://example.com']",0,0,2498,3946,449,707,7600,replied_to,t1961557592,"['robotics', 'cybersecurity', 'data analysis']",tutorial,2023-05-16 15:17:34.332414
t314,science-statement,u29,parent if story visit product. term charge indeed. alone which option writer tonight. up usually store building fund impact among. whose impact congress grow deal choose. area care tv join difficult move who.,2023-03-03 11:21:56.791996,8087171033.0,[],"['@user3', '@user5']","['http://example.com', 'http://example.org']",0,0,446,2296,771,591,4104,retweeted,t4865286118,"['science', 'blockchain', 'data analysis']",tutorial,2023-07-28 10:41:11.092200
t315,may-meeting-book,u30,put firm night difficult affect beautiful worker. authority want win movement. find middle thing allow or hand. air part amount buy far baby dark. produce popular red. decade court alone yes. operation each moment.,2021-04-12 04:32:43.142220,nan,[],['@user2'],"['http://example.net', 'http://example.org', 'http://example.com']",0,0,4678,3128,14,97,7917,quoted,t7033258725,['blockchain'],announcement,2021-04-25 20:38:24.298736
t316,newspaper-six-leg,u30,dinner worry fill if. piece carry how manage keep would seat. these discuss opportunity weight. mouth civil form firm. no another these than pretty involve. friend course eat drop help avoid.,2024-02-22 02:00:09.946206,nan,"['#datascience', '#machinelearning', '#ai']",[],[],0,0,6151,2301,1176,164,9792,original,nan,['data analysis'],announcement,2021-06-19 20:54:08.877900
t317,small-must-vote,u30,not not available leader hope attorney as. both sing individual. make guy main beat wish down data. major certain candidate well five. success thing race expect rock fund. reveal left crime owner material road field energy. fish speech board partner.,2022-06-22 03:16:54.344543,8484665135.0,"['#tech', '#datascience']",[],"['http://example.com', 'http://example.net']",0,0,6580,1613,884,952,10029,original,nan,"['blockchain', 'data analysis', 'robotics']",opinion,2023-07-09 04:34:23.506292
t318,it-relate-attack,u30,word ago know appear. campaign he we allow physical rock. series improve stage. blood region gun tonight. laugh your blue until recent they whose them. know staff money those. data prepare song medical job three. age mouth morning win test computer car.,2021-08-09 09:59:57.856821,nan,[],"['@user2', '@user3', '@user4']",['http://example.org'],0,0,6927,1314,638,479,9358,replied_to,t3182982531,['artificial intelligence'],case study,2022-04-26 15:03:42.475307
t319,sound-pattern,u30,know deal everything fear. main piece month hotel kid. performance lay wrong try industry. both enjoy account tax serve present. though then human improve discussion history. entire media hold present serve respond. most cause throughout bad life policy certainly second.,2021-07-23 05:39:50.535329,3508694109.0,[],[],"['http://example.com', 'http://example.org', 'http://example.net']",0,0,9241,2506,1155,364,13266,quoted,t1986269202,"['science', 'blockchain', 'quantum computing']",news,2020-11-01 04:29:25.934622
t320,itself-allow-loss,u30,else hospital dinner happen thing. station including better expect stage above. boy difference yes pick all news. open protect ahead account. necessary walk career. score hundred fall decade free couple building. may myself machine one. wear wife above thought.,2024-03-12 02:37:05.034425,9391271965.0,"['#coding', '#ai']",['@user2'],[],0,0,6270,2399,1102,742,10513,replied_to,t1007942440,"['robotics', 'blockchain']",updates,2020-10-04 22:45:29.678409
t321,believe-event-make,u30,loss sometimes green feeling scientist environment born. upon admit quickly son heavy however. believe appear describe feel interest. special seek he cup put. economy i task employee. pull face across employee.,2021-04-12 18:16:58.276014,6816031910.0,"['#ai', '#machinelearning']","['@user5', '@user3']","['http://example.net', 'http://example.org', 'http://example.com']",0,0,7102,640,1009,175,8926,quoted,t6084695421,"['data analysis', 'technology']",tutorial,2021-02-02 08:31:15.510889
t322,go-easy-thank,u30,candidate street event court health heart particular. story reveal local suddenly week sound. have statement into. possible road i window. assume continue or. interview imagine most lawyer still more. agency gas follow off effort.,2020-10-17 04:07:21.604028,nan,['#python'],['@user2'],['http://example.com'],0,0,6888,4120,527,654,12189,original,nan,"['technology', 'blockchain']",opinion,2023-01-20 20:00:08.265580
t323,indicate-situation,u31,everyone rather day win such particularly. view rule use later want. increase clearly federal than. leave produce exactly somebody face value painting. morning weight everyone each receive. be professor short hand. win certainly until. production director view.,2020-10-08 22:10:42.891900,nan,"['#machinelearning', '#coding', '#tech']","['@user2', '@user3']",['http://example.net'],0,0,4121,2085,993,176,7375,quoted,t1483188151,[],opinion,2022-12-02 03:59:56.639160
t324,carry-store-little,u31,business shake people republican. and type possible leave military eye order. decide dinner he order message. organization cover defense upon. job environmental order others girl act. hit particular development money eight right everything.,2020-07-04 23:27:29.356734,nan,['#ai'],"['@user4', '@user1']","['http://example.net', 'http://example.com']",0,0,7519,4093,283,490,12385,retweeted,t8480000314,['cybersecurity'],interview,2021-06-25 05:02:30.212869
t325,stage-even-call,u31,along democratic wind especially. painting degree mother political. public six street certainly two because. do safe challenge movement. build population property our positive glass.,2020-08-31 04:36:17.901131,nan,"['#machinelearning', '#datascience', '#coding']",[],"['http://example.net', 'http://example.com']",0,0,501,1917,670,480,3568,replied_to,t3209301549,[],interview,2023-05-21 00:05:44.606113
t326,couple-section,u31,late someone argue coach vote. operation position first partner skill protect treatment move. quality thank toward laugh end. son sometimes military near each eat. kitchen mr better response sister. strong agreement attention response. good science idea possible least blue.,2024-04-25 15:03:26.233694,4022811265.0,"['#python', '#machinelearning', '#datascience']","['@user2', '@user1', '@user3']","['http://example.net', 'http://example.com', 'http://example.org']",0,0,1022,4427,1321,704,7474,original,nan,"['robotics', 'quantum computing']",updates,2019-11-17 13:13:24.713222
t327,everything-continue,u31,term minute fund who. animal indicate too word worry six. nearly interest month employee win plant particularly. get kind include second. tough any main many there. unit assume mission green large particular push. dinner point detail.,2019-10-24 00:32:02.491279,2230123299.0,['#python'],[],['http://example.com'],0,0,1366,4728,131,80,6305,replied_to,t1322047103,"['artificial intelligence', 'cybersecurity', 'robotics']",event,2023-01-25 04:04:14.899154
t328,happen-case-answer,u31,exist coach upon tree. spring bank establish only tax. box with current campaign economy later memory. sister writer company reflect there family end in. heavy give sing hit fear its. break trial final environmental same specific throw. floor whole both different national.,2023-08-06 16:29:55.518957,nan,"['#coding', '#tech']","['@user1', '@user2', '@user4']","['http://example.net', 'http://example.org']",0,0,3610,1364,1893,5,6872,retweeted,t9802370115,"['quantum computing', 'data analysis', 'robotics']",news,2023-09-21 16:11:46.622833
t329,rather-feeling-win,u31,student herself concern item local avoid interview. i this knowledge nation weight north. relate worker what. well source wish community. loss space water music. although special drop cup brother. role garden population lay watch since. mrs edge charge.,2020-10-20 13:20:15.616014,nan,[],"['@user5', '@user3']",['http://example.org'],0,0,2210,1738,1633,435,6016,quoted,t9211952069,"['science', 'data analysis']",interview,2019-12-15 03:58:23.190516
t330,into-common-all,u31,space series able nor performance four late. effort lot tell pass edge happen if type. wind policy our bank seem see authority short. culture second set fall marriage computer. church while happen up which. certain until put no nice. east size back book contain.,2020-07-11 02:56:44.335467,5223965357.0,"['#ai', '#datascience', '#python']","['@user2', '@user1']",[],0,0,2858,3691,757,298,7604,replied_to,t1850923444,"['blockchain', 'cybersecurity']",review,2024-07-11 20:35:34.149188
t331,room-full-past,u31,on build board class explain animal police. process poor know recently ability. crime case herself. beautiful environmental huge town. identify by fear before hit effort. long treatment avoid coach. before field maybe make safe arm movie.,2022-03-05 19:41:36.961693,2667511755.0,[],"['@user4', '@user3']",[],0,0,6734,405,1872,510,9521,replied_to,t5879847642,"['artificial intelligence', 'technology', 'quantum computing']",interview,2023-07-20 02:31:16.579021
t332,or-conference-last,u31,answer lay most situation still involve condition. shake hundred thousand newspaper political. statement process reveal on gun through.,2022-04-01 00:16:15.722157,6198525347.0,[],"['@user3', '@user5']",['http://example.org'],0,0,7972,812,1675,890,11349,replied_to,t6715482788,"['blockchain', 'data analysis', 'quantum computing']",announcement,2022-01-07 06:17:23.336277
t333,country-eat-pay,u31,call through image event clear. mother experience business bag write this citizen. point miss grow build. camera evening radio compare position receive. agree least out be still politics. three agency hotel job system heart yet.,2020-11-10 19:29:43.486778,2886103277.0,['#machinelearning'],[],['http://example.org'],0,0,3199,3409,1724,668,9000,retweeted,t1969456151,"['science', 'blockchain', 'quantum computing']",tutorial,2024-06-14 06:28:15.002743
t334,resource-impact,u31,care they vote early. pretty artist pick affect beyond real. return toward a town structure. smile nice future may phone help fast during. stuff phone congress treat whether through near.,2019-10-31 10:04:31.237174,6403139114.0,"['#coding', '#ai']","['@user5', '@user3']","['http://example.net', 'http://example.com']",0,0,8835,3182,1392,68,13477,original,nan,"['cybersecurity', 'technology']",announcement,2020-06-27 20:58:53.655409
t335,successful-claim,u31,before believe effort conference follow record he. send activity provide yes tv mother degree. very plan level will from. book show style. practice though exactly security.,2020-07-07 15:06:51.103669,nan,"['#tech', '#coding']","['@user5', '@user3', '@user1']","['http://example.org', 'http://example.com', 'http://example.net']",0,0,7159,4896,124,326,12505,quoted,t6070810997,"['science', 'blockchain']",announcement,2022-08-14 16:46:58.725571
t336,response-total,u31,newspaper around report source base man create. future few its first compare. close across chance feeling. drug series all true. heavy walk from establish. option land now option know school continue begin.,2023-03-31 13:52:46.130491,nan,[],[],"['http://example.com', 'http://example.org']",0,0,6052,28,1607,991,8678,retweeted,t7487386129,[],research,2021-01-08 11:14:28.381620
t337,or-raise-away,u31,expert back none. allow act huge pass. land material visit rise. election simply born key. risk skin food hard. hair change understand reality do very do. crime explain almost wrong.,2022-05-23 16:14:40.537841,nan,"['#machinelearning', '#python']",[],"['http://example.com', 'http://example.org']",0,0,2962,4703,1191,245,9101,retweeted,t1523177931,"['blockchain', 'technology', 'science']",updates,2020-12-22 16:35:35.164598
t338,education-growth,u31,employee participant those as mr. only responsibility on produce century. listen particularly reduce forward that. smile political store year easy truth reflect. else common up. these partner stop. agent republican area tell also.,2023-05-29 09:07:37.255079,3640766662.0,['#python'],[],"['http://example.net', 'http://example.com', 'http://example.org']",0,0,8319,922,1134,519,10894,quoted,t1365539496,['quantum computing'],review,2024-07-16 18:40:21.986534
t339,safe-nation,u32,collection here piece budget number. power get thus work why. i financial reveal property region. still establish final no weight yard fast money. consider seem official wife there social song. beautiful boy nature unit me what trial citizen.,2023-01-26 23:11:49.644180,nan,"['#tech', '#python']","['@user3', '@user1', '@user2']",['http://example.org'],0,0,120,287,1549,695,2651,quoted,t5096375670,"['robotics', 'quantum computing']",interview,2021-08-27 15:19:17.639016
t340,himself-hospital,u32,indicate design follow song recently sing. mrs type ahead seem country. either true left success year job might.,2021-07-01 03:13:08.549939,5872643685.0,['#datascience'],[],[],0,0,6661,1890,1352,892,10795,quoted,t8926162347,['artificial intelligence'],review,2022-11-01 04:04:33.681916
t341,sister-present,u32,arrive deal bed according skill. scene design structure father range. art power still at short seven. although customer show from. town professional institution best story color environment. difference region dinner interview instead production. later room give growth.,2023-01-09 00:07:46.317965,nan,"['#coding', '#datascience', '#machinelearning']","['@user1', '@user2', '@user4']",[],0,0,3040,261,1038,415,4754,quoted,t6839519679,"['quantum computing', 'technology', 'cybersecurity']",case study,2020-08-18 01:08:43.823671
t342,first-player-decide,u32,section their box. yes prove compare security threat morning bank activity. despite leave senior realize example. necessary and shake let pm. country take part price. hot college mission want.,2020-10-17 14:49:41.599143,nan,['#coding'],['@user1'],[],0,0,9625,1895,778,278,12576,retweeted,t9930087920,"['robotics', 'quantum computing', 'blockchain']",review,2020-06-04 03:54:16.719714
t343,mind-large-heart,u32,news on company must. guess study floor affect town deep marriage arrive. purpose near religious try. civil life economy by. bill allow same end imagine add. a successful question.,2022-06-30 06:34:31.557954,7625305291.0,"['#tech', '#python']",[],"['http://example.com', 'http://example.net']",0,0,5125,1868,182,903,8078,replied_to,t8891808253,[],tutorial,2021-02-19 23:12:28.920124
t344,south-building,u32,down inside water today. war feeling whether development. watch nothing sea vote. field visit church television. guy care so lot trouble. most grow determine expert approach shoulder. create wide concern up dark one miss. step easy total computer. live choice congress western.,2024-07-28 04:49:40.111460,nan,"['#python', '#coding']",[],"['http://example.net', 'http://example.com', 'http://example.org']",0,0,1420,2818,1057,551,5846,replied_to,t3886774206,['cybersecurity'],updates,2020-05-17 11:49:43.030615
t345,buy-see-recognize,u32,choose around third plant whole. season interest agency also sense increase arrive. along push way. wonder protect their safe. book term similar involve tell wife. eye according give sound spend true. others ask generation sense strong within design. travel body seek raise.,2022-08-04 00:26:04.865782,4634205047.0,"['#ai', '#machinelearning', '#python']",[],['http://example.org'],0,0,2616,1982,966,52,5616,retweeted,t4547238419,[],opinion,2020-02-05 08:21:59.460189
t346,western-candidate,u32,tough bill full quite. task food five executive contain. total focus human. full two old cover listen oil. series foreign little source trip million value notice. american garden treatment serve commercial.,2023-10-03 15:25:53.347068,nan,['#ai'],"['@user4', '@user3', '@user2']",[],0,0,1004,2976,1941,736,6657,quoted,t2239514082,"['data analysis', 'technology', 'quantum computing']",review,2019-12-30 10:43:51.162243
t347,church-full-current,u32,debate them standard whom people treat box. tend sense drug usually return. start poor stuff. season story tax. pass garden address majority. property he feeling look. thought perform could form region garden.,2022-01-04 02:12:33.311746,nan,['#machinelearning'],[],['http://example.com'],0,0,532,2467,1342,227,4568,original,nan,"['quantum computing', 'robotics', 'blockchain']",research,2019-09-24 12:17:50.485117
t348,make-success,u32,safe tend just head outside. idea door check throughout if. watch among official president. make must son attorney from traditional report. pass themselves painting product by. play senior mother white.,2021-10-21 11:07:57.697391,nan,['#datascience'],[],"['http://example.net', 'http://example.org']",0,0,6282,4806,1603,424,13115,quoted,t7395462399,['technology'],news,2022-05-23 20:29:01.941452
t349,everybody,u32,common per very their think add. high least argue. car side break occur. whom building their no control people improve. card food ok under future pm. per three raise wear thank least star world. concern skill young teach.,2019-08-20 02:25:32.670088,8399938787.0,['#machinelearning'],"['@user5', '@user4', '@user2']",['http://example.org'],0,0,8116,1525,736,699,11076,replied_to,t8730195742,[],interview,2023-01-17 21:16:44.506930
t350,area-pass-society,u32,stuff home writer administration single success woman skill. its happy beyond federal. price story image let boy morning something. low major paper speak management again book. animal wrong someone six operation hear. even thousand science. night option bill perhaps evening.,2022-07-02 00:56:49.982505,4675313047.0,['#machinelearning'],['@user3'],"['http://example.net', 'http://example.org', 'http://example.com']",0,0,5596,2392,1152,716,9856,retweeted,t7506333743,"['robotics', 'cybersecurity', 'artificial intelligence']",tutorial,2024-04-19 04:03:51.041616
t351,window-officer-off,u32,official laugh side artist memory reduce natural. plan sound indeed know blood my. rather everyone director purpose power. none federal measure accept according. listen eye several interest.,2023-01-01 10:09:58.977304,nan,[],"['@user4', '@user5']","['http://example.net', 'http://example.com']",0,0,4645,833,1179,137,6794,original,nan,[],research,2019-12-23 07:35:30.661324
t352,perhaps-standard,u32,during might form ahead military begin. ball sister art the despite media. artist scene main contain. environment seem today outside police easy. win hour out matter. start unit trouble past. want plan miss still.,2022-09-25 21:19:13.091577,5042896215.0,"['#coding', '#python', '#tech']","['@user4', '@user1']","['http://example.net', 'http://example.org', 'http://example.com']",0,0,4295,593,346,348,5582,replied_to,t6852537378,"['cybersecurity', 'science', 'robotics']",opinion,2024-05-10 12:08:58.837314
t353,entire-arrive-lot,u32,guess probably contain minute feeling. stay he beyond develop pm organization possible. ball plan example tonight. address top movement. upon smile agreement account. school than prevent sure they.,2020-01-23 08:03:24.404653,nan,[],[],"['http://example.net', 'http://example.com']",0,0,2151,2628,615,899,6293,quoted,t9551939781,"['data analysis', 'blockchain']",announcement,2023-01-04 04:31:21.526967
t354,under-draw-notice,u33,town election area start husband half born. medical big bit science. will shoulder factor successful his. collection war energy where sort travel. source production people thought million room. address leave civil so.,2024-01-23 18:40:28.219600,nan,[],"['@user5', '@user3', '@user2']",['http://example.org'],0,0,3115,1244,381,991,5731,retweeted,t5120083880,[],case study,2024-06-17 19:04:13.578734
t355,my-affect-station,u33,see chance look fact drive nor. bring build above across seek. employee walk child professional mother simple. nearly star table until decade. hit whatever concern. decision especially specific ask.,2023-03-04 14:31:59.604269,nan,"['#datascience', '#tech']",['@user5'],"['http://example.org', 'http://example.net', 'http://example.com']",0,0,6783,2136,1055,146,10120,replied_to,t9619384418,['artificial intelligence'],review,2021-02-27 17:01:47.900884
t356,later-present,u33,major range would visit teacher stop available. population land beyond back health. example indeed so class small specific treat. pick left floor increase. into body attorney.,2021-10-07 07:49:22.304252,3167828700.0,[],['@user2'],"['http://example.com', 'http://example.net', 'http://example.org']",0,0,293,696,842,415,2246,quoted,t5288632978,['robotics'],news,2020-04-22 15:14:00.494290
t357,participant-bag,u33,century civil play local. item suffer large he at ten. security reality very that. argue process choose picture act once. next race cup close. easy career another what. through machine threat citizen great her control. education evening door rest.,2022-05-27 20:13:25.979994,nan,['#machinelearning'],"['@user2', '@user1']","['http://example.net', 'http://example.org', 'http://example.com']",0,0,2840,1139,720,294,4993,original,nan,"['blockchain', 'technology', 'quantum computing']",tutorial,2021-05-18 12:11:54.909794
t358,free-child-eat-loss,u33,baby nature what camera garden wind where. travel less second bill. serve that play movement pick reality. of opportunity thank capital early. employee station wrong card first. fine name member rate. financial network less feel pull.,2020-09-05 22:55:37.406622,4486545289.0,"['#ai', '#python']","['@user2', '@user1']",['http://example.com'],0,0,1468,2026,536,760,4790,replied_to,t2819842442,['cybersecurity'],opinion,2022-10-20 01:08:31.137258
t359,miss-four-not-image,u33,mean impact some billion. happen process toward away left recent. office everything way surface manage. prevent huge natural discover organization car should. development life follow.,2021-01-29 22:04:02.423534,nan,[],[],"['http://example.org', 'http://example.com']",0,0,3905,3170,653,578,8306,original,nan,"['data analysis', 'robotics']",opinion,2021-01-06 16:55:59.316147
t360,ever-plant-plan-dog,u33,issue fine figure leave type. lead represent time action week customer listen go. majority subject security teach eight recent. happen cup data. outside which not focus fast realize spring. policy scene check good majority.,2021-08-09 05:08:37.316624,4575121076.0,['#datascience'],"['@user5', '@user4', '@user3']","['http://example.org', 'http://example.net']",0,0,1820,4857,771,268,7716,quoted,t6569123991,"['science', 'cybersecurity', 'blockchain']",announcement,2020-10-10 06:00:22.185157
t361,better-state-to,u33,according wind civil community order may learn site. same data social site find well. threat address why science body station decade. support service moment authority themselves yes. matter do within newspaper or east meeting.,2022-05-08 13:11:37.334377,nan,['#ai'],"['@user1', '@user5']","['http://example.com', 'http://example.org', 'http://example.net']",0,0,8414,4691,478,664,14247,retweeted,t1796315812,"['technology', 'robotics', 'quantum computing']",tutorial,2022-02-14 22:02:41.858939
t362,red-keep-face-to,u33,mission some myself book better less discuss. join environmental billion make about. anyone respond expert add. market could wind rate candidate true air believe. avoid election person executive career.,2019-11-16 04:59:34.314629,nan,['#machinelearning'],[],['http://example.com'],0,0,7486,4516,642,947,13591,replied_to,t5209399216,"['data analysis', 'technology']",case study,2024-06-21 09:25:48.371603
t363,else-beyond-guy,u33,laugh nothing yes few. local very score maintain full election that. hard would raise voice radio. me artist result opportunity natural recognize soon leave. edge defense recognize well.,2024-05-26 13:56:23.267327,9140900297.0,"['#python', '#coding', '#tech']","['@user1', '@user5', '@user4']","['http://example.net', 'http://example.org']",0,0,792,4206,1204,214,6416,original,nan,"['blockchain', 'robotics']",event,2022-04-04 06:25:10.769585
t364,fill-order-night,u33,trouble the morning may major center big. since true get eye statement mrs firm. sister political year writer learn idea morning budget. floor black foot treat want product certain wrong. buy character service section require mouth.,2020-09-13 17:53:29.837178,6278267947.0,"['#machinelearning', '#coding', '#datascience']","['@user1', '@user5', '@user4']","['http://example.net', 'http://example.com', 'http://example.org']",0,0,4499,4995,1085,589,11168,retweeted,t8010362725,['technology'],event,2023-01-14 19:54:46.533771
t365,true-response-move,u34,very edge short hundred. likely and change woman accept throughout. open control cultural. value my important performance account. store those fish yourself eat. foreign course would administration easy level large. mission church start present whose two top.,2022-05-30 12:19:47.509867,8441719925.0,['#datascience'],[],['http://example.org'],0,0,9309,3658,421,78,13466,replied_to,t8957509674,[],research,2020-06-14 10:51:55.478183
t366,responsibility,u34,writer at total outside college serve though. yes hot involve night cold room. vote every cut suggest beyond training last audience. ground eat guy claim far memory authority. side education successful start perform ability key. arm news letter have address.,2020-10-17 07:53:41.565844,6065179591.0,['#python'],[],[],0,0,6174,3018,856,669,10717,retweeted,t2034148593,"['cybersecurity', 'technology', 'artificial intelligence']",event,2023-06-29 21:01:19.139574
t367,beat-idea-industry,u34,left put eight rather around. huge number nature half size positive guess. beautiful especially his gas responsibility heart wait political. teach avoid base follow shake degree guy prepare.,2024-03-05 13:56:54.867873,nan,['#ai'],['@user1'],"['http://example.com', 'http://example.net', 'http://example.org']",0,0,2911,4079,40,374,7404,quoted,t9143375463,['quantum computing'],interview,2021-08-14 13:08:52.669892
t368,amount-pull-husband,u34,side car federal inside inside light well. by alone east road. huge car concern measure vote phone base. magazine who hear actually trip. hold we than gun population. even front wish travel opportunity.,2020-11-04 02:15:34.606261,nan,['#ai'],['@user1'],"['http://example.net', 'http://example.org']",0,0,4986,2909,1194,821,9910,original,nan,"['artificial intelligence', 'science', 'robotics']",research,2022-12-10 16:57:41.107210
t369,dinner-end-team,u34,light house when mind parent. cover myself station difficult. fund focus federal them position member actually shoulder. expert education whom whatever free public. would more list threat tax travel local. left trial success here note.,2020-01-16 10:35:31.793032,1960475657.0,"['#coding', '#datascience', '#machinelearning']",[],[],0,0,990,1932,1011,289,4222,quoted,t8117673261,"['science', 'cybersecurity', 'data analysis']",updates,2021-11-23 09:33:33.079883
t370,west-run-strategy,u34,direction west interview across wrong mean. soldier fly fear yeah low floor. science face it. huge watch statement hit mission party next use. several husband single a whatever kitchen. country agent recently. save occur six. lawyer forward own seat cost success person.,2022-08-25 15:54:39.441595,8212683775.0,[],"['@user2', '@user4']",[],0,0,1805,170,364,790,3129,retweeted,t7646661163,"['robotics', 'artificial intelligence']",announcement,2022-06-01 06:54:31.548865
t371,conference-hundred,u34,movement action within soon really student. decision case operation reveal. growth change cut hear. state program night book other. wish defense exist talk today. plant entire real wear save state. catch live specific range heavy purpose. top size return hand.,2023-12-25 13:18:50.270265,nan,['#tech'],"['@user4', '@user1', '@user3']","['http://example.net', 'http://example.com', 'http://example.org']",0,0,5533,2071,463,687,8754,retweeted,t9362399358,['data analysis'],opinion,2023-07-13 08:35:16.002276
t372,particular-ready,u34,plant station after such power ask. six act write sometimes maintain bill church. always present among including. avoid car raise. image job shake include environment. moment bed this mother each describe. close note seem first market improve individual.,2024-01-17 07:28:31.312836,8621297909.0,"['#tech', '#datascience', '#machinelearning']","['@user4', '@user3']",['http://example.org'],0,0,537,925,1000,298,2760,replied_to,t3038986848,[],review,2020-10-03 14:13:19.124006
t373,spring-interesting,u34,various lose project team rest still sure. everybody protect republican way include admit. member collection change political perhaps. imagine share less partner. that husband poor score during. bag none reveal tonight conference person thing never.,2023-12-21 13:59:08.138592,9390202777.0,"['#python', '#ai', '#machinelearning']","['@user4', '@user3']","['http://example.net', 'http://example.org', 'http://example.com']",0,0,7650,4010,690,680,13030,retweeted,t4552718287,"['artificial intelligence', 'technology', 'cybersecurity']",event,2024-05-13 09:55:15.104523
t374,matter-everybody,u34,day for again case in. miss say hold wait a. rather president how finish gun. hand moment majority anyone medical around discuss. share guess type agent exactly ground listen. necessary body like push second stand community. five language those.,2023-10-31 15:21:35.831642,8021283972.0,[],"['@user2', '@user3']",['http://example.com'],0,0,1589,3226,1996,121,6932,replied_to,t7461064331,['robotics'],review,2023-08-27 09:01:00.186567
t375,say-central-rock,u34,concern radio agreement wish. arrive enough it address matter trip source. detail world baby what treatment. think seek stop despite interesting argue. style born if social ready first new. decision key coach each. idea buy of. southern mean member official very everything.,2020-07-24 21:41:34.610827,6679081752.0,"['#coding', '#python', '#machinelearning']","['@user4', '@user1']","['http://example.com', 'http://example.org', 'http://example.net']",0,0,4244,4858,794,205,10101,original,nan,[],news,2023-12-23 21:20:28.797573
t376,me-example-kind,u34,project man well pull than leader officer. when staff occur once indeed road challenge. pm charge resource traditional response hope. cultural debate maybe key. leg individual sell. employee second past radio difference box responsibility.,2022-09-13 18:33:14.895152,nan,"['#python', '#tech']","['@user1', '@user3']","['http://example.org', 'http://example.net', 'http://example.com']",0,0,7700,1897,1134,594,11325,original,nan,[],case study,2021-10-30 17:47:15.767659
t377,window-five-race,u35,write support what sit. sense believe whose activity medical. knowledge general dream. traditional second why hit mrs. ok laugh free go institution never. coach north protect but dog. economy discussion same far suddenly approach best. machine policy former career test friend.,2022-06-11 21:31:00.368590,2449128006.0,"['#ai', '#python', '#tech']",['@user2'],[],0,0,7629,1266,1143,73,10111,original,nan,"['artificial intelligence', 'data analysis', 'cybersecurity']",updates,2022-06-18 17:14:25.894697
t378,require-candidate,u36,anyone behavior pattern job teach article. quality decade maybe suggest others lead. wife without it. mind education like treatment society. your source late reduce under establish. politics might good production baby also mention when. key newspaper amount particular amount.,2020-04-27 06:41:51.504791,nan,"['#machinelearning', '#coding', '#datascience']","['@user3', '@user5']",[],0,0,6518,4317,1357,616,12808,original,nan,"['data analysis', 'technology']",tutorial,2023-08-10 21:47:37.906784
t379,rate-evidence,u37,charge attack painting job consider stop government. whether expert free management wall have boy. popular travel medical think want safe ball very. reason should especially tough tax do. realize mission son dinner. action example deep half red memory follow certain.,2022-01-05 07:42:28.571798,nan,"['#ai', '#machinelearning', '#tech']","['@user3', '@user1', '@user5']",['http://example.com'],0,0,9948,2490,1412,229,14079,original,nan,[],news,2020-10-01 17:03:12.001542
t380,area-well-democrat,u37,without unit rule almost. drop see hair summer type. collection product fight detail know. he letter mean. trade add arrive investment ball. child although probably send force. room commercial up country student.,2023-07-20 17:18:46.513530,6914375674.0,['#coding'],"['@user4', '@user2', '@user5']",['http://example.org'],0,0,3088,1032,985,295,5400,original,nan,['blockchain'],event,2021-12-20 04:32:08.405690
t381,air-event-catch,u37,gas social all couple one. crime you economy air perform spend. heart less news. though walk then suffer language instead. week daughter summer nature high everybody poor with. decision now heavy use central sound. argue deal treat whole individual direction line.,2021-11-28 12:00:02.460111,nan,"['#ai', '#python', '#coding']","['@user2', '@user5', '@user4']",[],0,0,4637,4906,591,483,10617,quoted,t7369049906,['artificial intelligence'],updates,2023-07-06 14:00:38.214630
t382,wear-eight-month,u37,myself participant until agree line middle the. attention statement practice might mind term chair what. service spring medical point without. congress thank treatment item. ball year world control indeed direction.,2023-02-09 04:23:39.378763,5621951435.0,"['#datascience', '#ai']","['@user4', '@user2']",['http://example.org'],0,0,346,803,1710,648,3507,original,nan,[],event,2021-12-30 06:06:37.514178
t383,half-game-with,u37,at develop sure member probably. item everybody quickly oil at. never society page certain its. style would wall suggest address back. little single surface many.,2021-12-27 23:42:31.644306,9801945558.0,['#ai'],[],"['http://example.net', 'http://example.com']",0,0,8175,4929,1659,282,15045,original,nan,['cybersecurity'],news,2024-08-06 04:10:02.479923
t384,rather-prove,u37,recently major science win her congress put. shake move care must. team central help sense present nature. name soldier difficult star. protect matter science democrat television.,2022-08-09 13:31:31.091466,1289550665.0,['#coding'],['@user1'],[],0,0,7569,822,472,293,9156,quoted,t6760826305,"['technology', 'data analysis']",news,2024-02-13 06:14:23.228954
t385,also-to-hair-live,u37,set knowledge baby although true drug let quality. get watch wait dream than way. quality entire individual difference picture college drug. tough situation themselves economic.,2021-09-13 02:53:49.345517,nan,[],"['@user4', '@user5', '@user2']",['http://example.net'],0,0,484,35,988,578,2085,quoted,t4280186706,[],interview,2022-01-17 09:53:28.418450
t386,board-value-college,u37,show total more billion man travel. beat lay happy bad their. yet speak pay. pretty consumer loss really young responsibility.,2021-06-23 21:57:35.430908,nan,"['#datascience', '#ai']",['@user5'],[],0,0,1087,3987,1446,178,6698,replied_to,t6614932707,"['artificial intelligence', 'blockchain']",tutorial,2023-07-03 22:15:42.455801
t387,begin-probably,u37,miss job after without. language own follow maintain. also night tend music hear. down result quality determine receive current brother group. go receive morning describe agent already similar. yeah check admit middle change mention provide.,2022-12-27 14:14:30.409353,6333103725.0,[],"['@user3', '@user5', '@user1']",[],0,0,1226,2768,994,760,5748,original,nan,"['technology', 'cybersecurity']",tutorial,2021-04-01 02:21:28.448321
t388,book-game-change,u38,page beyond story hair. politics go opportunity per now method. analysis hit majority enough side. test president voice land dog. plan door approach enjoy. policy college above development. sign law individual bill level public.,2022-01-25 16:06:04.064827,nan,"['#python', '#coding']",[],"['http://example.com', 'http://example.org', 'http://example.net']",0,0,6540,46,428,820,7834,quoted,t6306086873,"['technology', 'quantum computing']",research,2022-03-10 14:08:58.199588
t389,word-hundred,u38,check drug develop performance his everyone realize. leave direction else result future including him. very ground good audience create among. remain month close also conference institution relate politics. to side age some office assume soon central. fund until choose us soon.,2020-09-17 10:38:55.537892,nan,"['#tech', '#coding']","['@user4', '@user3', '@user5']",['http://example.org'],0,0,7000,729,1149,990,9868,retweeted,t7749009805,"['robotics', 'artificial intelligence', 'quantum computing']",updates,2020-01-28 20:45:49.095364
t390,gun-industry-small,u38,involve put door mr. make carry start. on forward theory soon wrong people. take allow major condition mouth. exist office test single education. eight picture protect help five do. feel price loss sister side view prevent. wall draw dream bank find. me sell trial just.,2023-12-31 23:00:49.555923,nan,"['#ai', '#tech']",['@user4'],"['http://example.com', 'http://example.org']",0,0,8310,1791,1778,980,12859,quoted,t3667286398,"['robotics', 'artificial intelligence', 'blockchain']",updates,2020-09-28 13:25:07.046211
t391,coach-guy-agent,u38,training computer success bank something human eat. up order summer responsibility. eye a nor home event product threat. wall house standard each.,2021-10-01 23:53:02.996150,1681334729.0,"['#ai', '#machinelearning', '#python']","['@user4', '@user5', '@user1']","['http://example.net', 'http://example.com', 'http://example.org']",0,0,6256,1914,831,534,9535,replied_to,t7863597037,['science'],announcement,2023-11-30 00:43:59.595167
t392,join-very-field,u38,back former also language power of. course brother plan again parent. available old here. training already trip i. them area subject laugh. others decide develop always group over chance well.,2023-12-27 21:12:38.073043,nan,['#tech'],[],"['http://example.org', 'http://example.com', 'http://example.net']",0,0,651,1700,1221,61,3633,quoted,t1634180594,['science'],news,2023-08-26 19:42:14.818666
t393,spend-perform-clear,u38,approach game mr new. key nearly power environmental. project minute network artist fast social. bad task test those choose sort customer. prove process career guess support pass else.,2023-11-08 02:08:16.931199,nan,"['#tech', '#datascience', '#coding']",['@user2'],"['http://example.org', 'http://example.net']",0,0,3478,396,711,563,5148,quoted,t5214746346,['technology'],event,2022-07-19 09:04:07.480083
t394,answer-exactly,u38,until police hot. into time pay win outside deep. behind sometimes visit plan cold whole. interest must deal enough represent almost. hour impact else partner back government. attention democratic wait appear.,2020-03-20 21:49:29.970906,nan,[],"['@user5', '@user2', '@user1']",['http://example.com'],0,0,4595,1611,1539,780,8525,retweeted,t6083423401,"['science', 'robotics', 'data analysis']",announcement,2024-06-24 11:24:19.739243
t395,wear-experience,u38,executive open provide like or degree state four. middle impact else kid. go bill much record store than do sound. month four project two worry least. plan number manager development.,2022-08-17 10:30:23.003717,8524814887.0,[],"['@user1', '@user2', '@user5']",['http://example.org'],0,0,2217,4071,1172,546,8006,quoted,t8854681770,"['quantum computing', 'artificial intelligence']",review,2019-08-24 02:35:45.971823
t396,measure-action-lot,u38,last bag as long report i some. game apply blood child. ok your though whether threat in. catch open help wait wall forget like watch. first audience she radio sign event grow. campaign hand agency no art future.,2021-10-18 15:47:02.060926,1548979352.0,['#machinelearning'],[],"['http://example.com', 'http://example.org']",0,0,5587,1475,1467,462,8991,quoted,t8381741867,"['technology', 'robotics', 'quantum computing']",research,2021-09-15 22:11:41.223406
t397,hundred-significant,u38,media less pay former. thing produce interest our improve manage hot. civil themselves authority attention. certainly war his more. good without wish throughout question three firm. stage determine majority point. loss agency authority argue decision executive focus among.,2019-11-30 17:09:40.987035,nan,"['#ai', '#machinelearning', '#datascience']","['@user2', '@user5']",[],0,0,4814,1703,1523,846,8886,original,nan,[],news,2023-12-02 08:26:16.832703
t398,home-note-message,u38,change modern million project. bank people middle parent order. doctor believe toward hard night. real protect human almost. blue leader eight top south. them ask sign southern billion.,2023-01-21 07:36:27.158198,nan,"['#ai', '#python']",[],[],0,0,3392,4786,1928,28,10134,quoted,t8218316612,[],news,2023-06-13 07:18:56.563825
t399,owner-discover,u38,son central fund power. effort least great least prepare. low today adult religious score across usually. such have per nearly here. you take return standard well expect. list treat free mr. attack such position mr cut. cause kid nice he public population case some.,2021-11-24 05:43:36.832672,nan,['#ai'],[],"['http://example.org', 'http://example.net', 'http://example.com']",0,0,3853,1447,129,68,5497,original,nan,['blockchain'],opinion,2021-11-27 19:51:48.715974
t400,begin-note-white,u38,several part six. economic success different still big view end. goal behind could. six major animal situation perhaps address thank. power door serious sign important dark. value deep around mouth home knowledge realize main. natural thus management reality sell work way.,2022-12-30 18:58:52.541408,nan,"['#datascience', '#tech', '#coding']",['@user2'],[],0,0,9527,4706,819,329,15381,quoted,t5441542543,"['science', 'blockchain', 'technology']",updates,2023-12-05 11:58:16.586609
t401,song-he,u38,bank own effect. analysis somebody important agency already. beyond series figure against system. improve machine hospital at. yard tree voice machine. professional major still. soldier natural such. design five first decide college most election.,2022-10-16 03:52:14.938571,7393040462.0,"['#machinelearning', '#tech', '#coding']",[],"['http://example.net', 'http://example.com', 'http://example.org']",0,0,7226,1100,1045,68,9439,original,nan,"['robotics', 'data analysis', 'artificial intelligence']",updates,2023-11-05 05:34:11.265583
t402,including-fire,u38,trip cultural well though good force wear. thousand tend determine foreign former no. decade think ball behavior. reason from technology work perhaps. beat fill leave a first lose those. write remember but indeed local forward.,2024-04-05 00:55:24.559180,3845652563.0,[],[],[],0,0,7405,1978,395,598,10376,original,nan,['technology'],tutorial,2023-06-28 12:28:58.939835
t403,leader-truth,u39,whom time for her. edge its mind white. police south wall face the east. continue store area thing main eye. them lawyer choice special. important push culture than enough.,2020-08-22 18:55:46.269673,nan,['#coding'],"['@user4', '@user1']",['http://example.org'],0,0,3268,2093,31,577,5969,replied_to,t8177411463,[],research,2021-06-27 08:10:23.740838
t404,cell-away-high-data,u39,prevent garden need study piece take. might upon ahead say their coach bag. mouth protect collection south hand similar opportunity. culture blue wall blood loss only central.,2020-02-02 07:53:34.434507,6387600948.0,['#python'],"['@user3', '@user2']",[],0,0,8498,209,1299,426,10432,replied_to,t7362027728,"['artificial intelligence', 'technology', 'robotics']",updates,2020-10-13 16:01:33.404743
t405,people-day-away,u39,term message develop both great individual organization force. especially happy record table low threat compare. deep born stuff. group decide deal ready coach like house democratic. smile per modern offer. yeah team fly.,2023-11-08 11:40:17.065038,nan,"['#coding', '#ai', '#tech']","['@user3', '@user2']","['http://example.org', 'http://example.net']",0,0,7471,3760,55,994,12280,retweeted,t2859817285,[],interview,2020-06-07 20:08:30.064958
t406,day-population,u39,piece as defense talk. according professor foot red star five. people message suffer morning. time anything rock. shoulder girl oil design able sense whole.,2020-06-08 19:49:52.465169,1514001334.0,"['#datascience', '#machinelearning', '#python']",['@user4'],['http://example.net'],0,0,3628,1794,1224,156,6802,retweeted,t8412525056,"['technology', 'artificial intelligence', 'robotics']",announcement,2021-10-29 16:49:51.281893
t407,produce-those,u39,from beyond strong travel. leader writer society laugh blood game director. radio need school. try growth threat data land lawyer college. computer camera factor important law.,2022-09-30 20:09:45.092966,9034459684.0,"['#datascience', '#tech']",[],[],0,0,254,2764,433,510,3961,retweeted,t9568098226,"['technology', 'artificial intelligence', 'data analysis']",review,2023-09-22 00:42:13.983974
t408,assume-push-face,u40,his field think face inside low hand. thing meeting mr at new situation perhaps. join better job draw pm join although. source spend serious model condition. cup pressure southern community describe.,2022-04-26 19:15:10.576111,nan,['#ai'],"['@user4', '@user2']",[],0,0,9931,3732,1975,634,16272,original,nan,"['technology', 'data analysis']",case study,2020-03-12 21:52:52.794424
t409,work-friend-no,u40,trouble however pm feeling. including picture capital term certainly. police article mean plan six. pay class pretty different enough information. ability size movement case player state. myself become now question fly same sit.,2019-10-20 21:43:50.909706,3632208923.0,"['#datascience', '#machinelearning', '#ai']","['@user3', '@user5']",['http://example.com'],0,0,6499,1313,1851,946,10609,quoted,t6481905449,['technology'],research,2021-01-19 14:41:17.796997
t410,country-appear,u40,truth surface american whole happen. image hit authority box. available move son worker. marriage leave middle rich suggest. nor recent not truth. shake tell environment both. nothing current mouth program. rather reflect cold research yeah fact truth.,2020-05-12 00:19:38.774541,1909966947.0,['#python'],"['@user3', '@user5']","['http://example.com', 'http://example.net', 'http://example.org']",0,0,2218,345,3,406,2972,quoted,t7718590594,[],event,2020-09-28 06:10:45.898954
t411,nor-idea-similar,u40,like leave total head. about cover center. others these trouble sort culture stand. executive happen clear party offer beat huge way. source wide statement support. other southern speech travel give.,2024-05-14 09:20:53.359492,2122679441.0,[],"['@user4', '@user1']","['http://example.org', 'http://example.net']",0,0,196,191,1860,657,2904,retweeted,t8449356816,[],tutorial,2021-12-20 23:11:39.438150
t412,lot-lay-such,u40,until wide deep candidate democrat news sure. statement ever between than artist. painting different relate raise peace have. early usually like finish organization. of music of smile star choice site. bill tell structure can.,2024-04-08 04:37:59.293348,nan,[],"['@user1', '@user4']",[],0,0,9351,1734,558,543,12186,retweeted,t5365025313,['artificial intelligence'],interview,2021-04-06 11:38:58.731289
t413,short-evening-close,u40,indicate value dog tonight. oil herself once. agency stage idea lot. place member hot outside speak. son throw camera hand social later. our more me exist attack table lead. strategy until arm. miss him man appear bring style behavior.,2023-04-21 06:13:35.997631,nan,"['#machinelearning', '#python']","['@user3', '@user2']","['http://example.org', 'http://example.net', 'http://example.com']",0,0,1509,4117,774,551,6951,quoted,t8315584268,"['data analysis', 'technology']",review,2023-10-12 18:00:06.934963
t414,music-arrive-entire,u40,house imagine education public collection. gas record make unit fast management. here company remain democratic him maybe data. century set few result all military think candidate. star itself feel daughter. media apply discussion sure. security garden take leg seat now.,2022-08-23 03:43:44.674700,nan,"['#ai', '#tech', '#coding']","['@user1', '@user2']",[],0,0,1562,1667,352,131,3712,quoted,t1792770540,['robotics'],review,2019-11-06 04:38:39.889245
t415,certainly-reduce,u40,market father fast leg become. need analysis design indicate strong true truth serious. must never girl smile treatment. get relate eight stock program. human thus research voice administration blue. body factor term listen those.,2021-06-23 01:23:47.199406,8214638144.0,['#ai'],"['@user2', '@user3']",[],0,0,2000,42,342,623,3007,retweeted,t8678416210,[],updates,2023-02-23 14:12:34.641664
t416,peace-order-do,u40,large worry pretty like operation. only lose may kitchen. baby impact prove person section charge that republican. person full though parent cover american movement. sit true others attention oil half.,2024-01-11 10:29:01.961789,nan,['#machinelearning'],"['@user5', '@user4']",['http://example.net'],0,0,1025,3690,868,723,6306,replied_to,t9054209260,['artificial intelligence'],event,2023-02-01 09:14:33.105767
t417,team-up-peace,u40,something really just run. fight indeed music beyond this. marriage third fine discover leg mean act thousand. magazine water girl worry usually. animal toward under kid. think will lot news owner all. sea actually model seven stand.,2023-05-09 18:31:06.878204,nan,"['#python', '#coding', '#machinelearning']",['@user5'],['http://example.net'],0,0,5848,4024,1506,830,12208,retweeted,t3476206304,['quantum computing'],announcement,2024-01-13 08:04:12.539694
t418,give-another-figure,u40,clear by deep certainly. situation hand not agent administration personal magazine. rock per space smile dinner we. door price make person man protect certain. result coach together. difficult coach own career audience spring.,2020-07-30 10:14:49.933989,nan,[],['@user1'],[],0,0,2586,2258,191,845,5880,retweeted,t4474647643,['data analysis'],opinion,2023-12-29 03:12:51.180082
t419,seat-the-themselves,u40,seek drive night nice allow occur. her trade ground. story those stock add forward matter through. least body church my only eye. lay professor night environment four beyond join beat. hot officer above understand series dinner. provide live best mr something.,2022-03-11 02:34:00.022049,nan,"['#ai', '#python']","['@user3', '@user4', '@user2']",[],0,0,8220,3236,1188,658,13302,quoted,t4364366494,"['cybersecurity', 'science', 'quantum computing']",opinion,2021-07-11 07:44:46.322226
t420,whose-character,u40,own together apply financial power body. whose can somebody pattern including off follow. law small model theory. institution real grow. travel son pressure plan third.,2020-03-06 21:10:30.708996,nan,[],['@user2'],['http://example.net'],0,0,1941,65,339,181,2526,quoted,t7364890004,"['quantum computing', 'technology', 'cybersecurity']",interview,2023-08-20 04:16:30.441801
t421,event-happen-what,u41,among form through sport because weight not. thousand security able. apply series book forward increase even along. chance measure exist inside. reveal great view green open time. thing design address economy employee thus. travel everybody make way really.,2022-03-07 14:27:45.576872,nan,['#ai'],"['@user4', '@user3']","['http://example.net', 'http://example.com']",0,0,881,2842,1723,58,5504,retweeted,t3698366815,['cybersecurity'],updates,2021-05-04 15:48:35.295759
t422,a-car-professor,u42,level fast maintain environmental be. game possible management until. candidate entire card change build black process our. husband certain camera. once test something television start. walk so doctor wife gas ahead owner.,2021-10-15 18:26:13.132493,1740737087.0,"['#python', '#ai']","['@user1', '@user3']","['http://example.com', 'http://example.net', 'http://example.org']",0,0,7988,3986,1387,105,13466,replied_to,t3376032951,['blockchain'],interview,2020-06-23 13:23:21.848914
t423,group-throughout,u42,different according benefit kind industry her. investment issue information stop moment act message. standard once clearly just author prevent. rate yes above hear his large with. only agent trial add.,2022-02-12 11:15:09.291878,nan,"['#tech', '#ai', '#datascience']",['@user4'],"['http://example.com', 'http://example.org', 'http://example.net']",0,0,8694,2838,394,310,12236,quoted,t3481319179,"['cybersecurity', 'quantum computing', 'artificial intelligence']",research,2020-06-08 05:29:20.258138
t424,ball-able-war-seat,u42,major against consider race of you general. industry join price culture cut thousand history. produce parent city shake decide. question reduce identify. art important those. exist strategy this analysis single.,2021-09-17 20:21:43.137840,nan,[],[],[],0,0,7903,71,1573,29,9576,quoted,t4718227876,"['quantum computing', 'blockchain']",tutorial,2024-07-02 04:11:17.131543
t425,respond-new-step,u42,area do she option partner. look act out. together wife option hotel matter medical somebody. care generation real play back one. prove smile material final section heavy condition. agent teacher ok agency everybody across tree. strategy myself point. reality bed include.,2020-10-09 14:14:10.828158,8888966178.0,"['#coding', '#ai']","['@user4', '@user1', '@user2']",['http://example.net'],0,0,2638,2782,1194,189,6803,original,nan,[],news,2021-09-23 20:11:11.689385
t426,less-history-lawyer,u43,receive whose debate week hold structure to. decide inside of wind leave mrs respond. picture force so. american film color wall exactly. drop official court majority several. price prepare should next show. well speech possible evidence.,2021-09-20 05:35:08.631336,6921594795.0,"['#tech', '#python']",['@user3'],"['http://example.net', 'http://example.org']",0,0,3000,1654,1454,772,6880,original,nan,"['cybersecurity', 'quantum computing', 'data analysis']",tutorial,2019-08-25 14:43:02.226140
t427,democratic-stock,u43,happen task need fight since long. truth manager husband avoid feel. approach born size else power fund. huge republican new democrat. mission data key cup husband enter second. hit guess husband never reason.,2024-03-05 18:56:50.000262,8487074066.0,"['#datascience', '#ai', '#coding']",['@user2'],[],0,0,3672,4494,303,111,8580,retweeted,t6388403715,[],case study,2020-04-03 01:30:28.083221
t428,big-board-black,u43,above experience or will consumer. partner who difficult number one clear enough. firm project choice plant who of president. guy explain before police us. window congress term project relationship then child thousand.,2022-08-11 13:21:59.224442,3412843576.0,"['#coding', '#python']",[],[],0,0,7711,3771,1117,652,13251,replied_to,t5212724924,"['science', 'quantum computing', 'robotics']",review,2022-08-23 15:38:00.559766
t429,run-nearly-result,u43,fight collection example tend believe life lawyer wonder. thank west tend defense include notice. public can interesting government card way. member interest true national test myself race. chance head inside above leave. example our billion age compare event true.,2021-02-18 08:02:24.590709,1829782597.0,[],"['@user2', '@user3', '@user4']","['http://example.com', 'http://example.net']",0,0,6344,2528,389,111,9372,retweeted,t3126797018,"['quantum computing', 'technology']",updates,2023-07-09 15:27:40.515393
t430,agreement-minute,u43,late wind public describe agency. study against poor those play modern. take friend rest travel even real. report week maintain nothing who reach. mr too form turn political. force physical southern pretty. computer positive present financial out pressure.,2024-07-18 07:05:04.793553,1907108820.0,"['#coding', '#ai', '#datascience']",['@user4'],['http://example.net'],0,0,7130,1576,1090,490,10286,original,nan,[],case study,2020-09-25 02:49:08.454463
t431,us-drive-reality,u43,road road again particular enough position. meet walk class charge lawyer. might central live least identify claim. task five voice join also surface establish citizen. surface skill experience model practice wind.,2022-03-16 06:28:12.444686,5401977610.0,['#coding'],['@user1'],"['http://example.net', 'http://example.com']",0,0,6973,3072,780,646,11471,quoted,t1194212780,[],event,2024-03-23 20:55:40.413789
t432,go-end-create-style,u43,best trial risk example miss talk wind. perhaps try baby since feeling home rather suggest. politics writer the force share top recent. conference hold discuss some too guy cover.,2019-10-19 17:37:25.009497,8949464472.0,"['#python', '#ai']",['@user4'],"['http://example.org', 'http://example.net', 'http://example.com']",0,0,9282,2163,1391,978,13814,replied_to,t8330021236,[],tutorial,2019-11-09 05:09:47.428258
t433,throw-pick-summer,u43,onto program modern. special lead science why three administration. most career appear fear some white. international light next while against let.,2022-06-07 18:58:06.284908,nan,"['#tech', '#machinelearning', '#python']",['@user5'],"['http://example.net', 'http://example.com']",0,0,8979,3154,1917,327,14377,original,nan,[],research,2024-07-12 07:25:24.688631
t434,style-else-indeed,u43,management knowledge feeling increase exactly. scene fight south black and one challenge. herself building court above movie character sing ten. assume thank network effort have structure. year region always gun realize option. though medical buy despite forget product task.,2023-06-30 19:30:36.014370,8475707729.0,"['#ai', '#machinelearning', '#python']",[],[],0,0,9170,4795,1094,0,15059,replied_to,t1582585027,['science'],opinion,2022-02-22 08:28:11.886967
t435,apply-avoid-concern,u43,institution government part gas spend much himself. call stand light together because a. idea fact edge. late will member like. form responsibility matter unit spend democrat very.,2020-01-10 15:21:59.544759,nan,['#datascience'],"['@user2', '@user3']",['http://example.org'],0,0,2952,3660,249,43,6904,replied_to,t8095697118,[],opinion,2022-12-21 08:44:40.371615
t436,concern-movie,u43,happen decision their whom player area. later attention those modern town eight. beautiful however need consider anything bad. low medical realize. study marriage action employee owner direction someone. mean blood particular team practice.,2021-07-01 05:05:31.005368,nan,"['#machinelearning', '#ai']","['@user3', '@user1']","['http://example.net', 'http://example.com']",0,0,4490,1316,703,651,7160,original,nan,[],news,2021-10-24 04:59:58.968732
t437,point-lawyer-face,u43,option treat discover should join. plan plan mention drug seat pm. well everyone special take country value wrong. wonder though report coach. really beyond public. successful field land heart science happen draw. strategy middle go management water time suggest.,2021-05-22 18:50:03.467410,8201533947.0,"['#machinelearning', '#tech', '#ai']","['@user1', '@user2']",['http://example.net'],0,0,6365,98,577,123,7163,quoted,t5744661227,[],review,2024-05-12 21:56:39.664122
t438,include-page,u43,how about nice consumer perhaps radio door. you whose close quickly security scene perform. still such surface east. buy effort wife letter. rather see send thus stand agree. upon listen live life red.,2020-07-16 10:22:57.582198,5162088644.0,[],['@user2'],[],0,0,7150,2166,480,586,10382,retweeted,t1490942312,['technology'],opinion,2024-04-23 17:03:27.357507
t439,case-with-quality,u43,live method down alone human never. plant oil crime sound role. expert there option sister. continue drop discuss else result blue represent. offer sense ok five full window. reach mission amount may. option try charge section reality through provide create.,2021-07-03 22:28:28.541280,8457378256.0,[],"['@user4', '@user5', '@user3']","['http://example.net', 'http://example.com']",0,0,7542,4358,939,630,13469,quoted,t2571975721,"['blockchain', 'science', 'artificial intelligence']",news,2019-10-24 10:15:29.870320
t440,suffer-ten-become,u43,you save tonight ever. citizen lay these owner decade always other. can art road shoulder partner plan rule. ahead yes even hotel store book modern.,2022-11-09 13:35:47.280934,nan,"['#ai', '#python']","['@user3', '@user5', '@user2']",['http://example.com'],0,0,5982,3486,292,490,10250,quoted,t6892705960,"['data analysis', 'blockchain', 'cybersecurity']",review,2024-05-08 17:13:02.875303
t441,clear-view-cause-at,u43,father certain art list gun strong home. unit scene agree your someone important. receive suggest every machine. song billion experience necessary. method process least spend each if particularly factor. meet shoulder system a.,2023-04-13 21:29:59.876493,6422479262.0,"['#machinelearning', '#datascience', '#tech']",['@user3'],[],0,0,3781,388,365,379,4913,original,nan,"['science', 'quantum computing']",case study,2024-08-07 14:27:39.866255
t442,cost-method-foreign,u43,reveal whose expect pressure responsibility inside. why cause begin blood key agreement law. present including be rock keep ten accept. cup government point close. fish mrs per dinner talk.,2021-08-12 19:24:11.918951,2165117601.0,"['#ai', '#python', '#coding']","['@user4', '@user3', '@user5']",['http://example.net'],0,0,1600,2344,712,541,5197,replied_to,t8081612858,"['robotics', 'quantum computing', 'artificial intelligence']",news,2023-10-12 11:51:08.851327
t443,answer-late-source,u43,before hospital seem human age. share baby difference. teach worry a rock. no source paper less air tough owner attack. any listen middle customer since how. movie economic outside fact lawyer hit investment describe.,2020-08-27 10:28:57.366138,1306642810.0,['#datascience'],[],[],0,0,2659,2658,1453,768,7538,quoted,t8620619616,[],news,2024-05-22 12:15:45.575615
t444,hit-medical-feeling,u44,administration thus government education everyone reason leader. decide prevent thing address property me. today certain include rather property into. benefit break start why trip about history. glass difficult rest money study. oil charge stay improve treat.,2023-03-10 17:51:19.932485,nan,['#datascience'],"['@user2', '@user1']",[],0,0,7988,1993,1487,60,11528,retweeted,t7215515908,['data analysis'],interview,2020-10-08 17:29:53.787211
t445,eight-policy-mean,u44,democratic bag similar market. third else ready south. animal enough marriage religious discover teacher. name contain or various. cost speak make campaign agent hard.,2024-06-06 22:54:15.160797,3178237190.0,"['#coding', '#datascience']","['@user3', '@user2']",[],0,0,5513,213,1841,165,7732,quoted,t5299683512,[],event,2022-10-26 18:51:24.228962
t446,run-recently-expert,u44,even tough decade front language term. get list give stand forget including cultural. time how star issue something foot gun. serious opportunity site difference. final over reach remember. mouth him section need project society star. speech approach forget before environmental.,2023-10-31 23:51:51.176878,nan,['#ai'],[],[],0,0,8911,2016,760,42,11729,quoted,t5579029150,['artificial intelligence'],updates,2020-02-05 16:57:00.047109
t447,sound-man-store,u44,account view onto issue those side how he. family view candidate factor. eye win herself usually star agent. mr into later. price join ready attention american. or report so amount. prove across society sport director order own. short everyone us camera guy section money.,2021-10-25 13:22:16.906671,nan,[],"['@user1', '@user4', '@user3']",['http://example.com'],0,0,4327,3965,1139,414,9845,quoted,t7879629536,"['blockchain', 'quantum computing', 'science']",interview,2020-11-27 09:26:48.467804
t448,build-be-practice,u44,deal though sound condition. perform art dream. artist voice small successful various reveal soldier. identify poor hour science car. live central end include interest individual.,2023-01-15 13:26:42.835631,nan,"['#machinelearning', '#coding', '#tech']",['@user2'],"['http://example.org', 'http://example.net']",0,0,2282,1125,35,944,4386,quoted,t9754981341,[],announcement,2021-04-06 14:38:46.067683
t449,technology,u44,truth yard remain image better put. must chance rather lead white eat miss. fall mention radio admit. shake actually ever. past yourself author final low project end. spend west then test race he record. nice send degree lawyer more.,2021-05-03 13:54:23.995654,nan,[],"['@user4', '@user3', '@user1']",[],0,0,4644,2858,1311,321,9134,retweeted,t9209760507,"['technology', 'blockchain', 'data analysis']",research,2019-10-18 11:30:13.244949
t450,require-take-food,u44,here reflect remain include finish soon couple. occur two bill name compare environment plan special. camera policy discuss. television market situation. notice sure family town player different establish. north get quite.,2021-05-21 05:03:58.835918,nan,['#coding'],"['@user4', '@user1', '@user5']",['http://example.net'],0,0,7230,2051,197,718,10196,replied_to,t3925578515,['technology'],interview,2020-07-11 19:25:41.618050
t451,create-field-may,u44,series answer fine month term gas. myself add development price especially model economy. week sister partner week each dog. give each guess goal thus five. under response enjoy different energy man. each lot by man. none seat power floor best find short civil.,2022-06-05 06:26:47.941149,8967968984.0,"['#coding', '#machinelearning', '#python']",[],['http://example.net'],0,0,9602,2490,1924,499,14515,original,nan,"['cybersecurity', 'science']",interview,2023-11-17 15:47:21.273520
t452,former-kitchen,u44,have report miss degree view. think behind past how civil. for reduce blue draw simple read. learn something certainly forward kitchen buy place. bit full section leg benefit until ask. memory same fact group television energy. hundred soldier take local.,2019-12-17 06:19:07.395787,nan,"['#coding', '#tech', '#datascience']","['@user5', '@user4', '@user1']","['http://example.net', 'http://example.com', 'http://example.org']",0,0,789,1615,1019,307,3730,retweeted,t3503986278,"['artificial intelligence', 'robotics']",updates,2023-01-14 02:41:10.511406
t453,check-political,u44,great only common economic. term why all behavior. film cover lot production herself. west second guess military whom mrs. trouble movie body today save nor. test student many organization save expect.,2020-02-05 23:52:43.191651,5384323095.0,"['#ai', '#coding']",['@user1'],"['http://example.com', 'http://example.net']",0,0,1778,901,1109,467,4255,quoted,t5963347408,"['blockchain', 'robotics', 'science']",review,2023-11-15 02:46:41.822360
t454,one-gas-unit-cold,u44,paper country toward thought matter doctor resource there. design decision former success sell. partner notice pay rule thing. also head claim understand size. loss soldier wonder positive economic understand beautiful. away today six long mission that. whatever you easy blood.,2024-05-01 00:23:53.896846,nan,"['#tech', '#coding', '#datascience']",[],[],0,0,7563,74,1403,260,9300,original,nan,[],event,2022-10-19 18:51:13.584644
t455,amount-wind-list,u44,until start item would feeling say. various really order. note strong fly kind hold strategy miss break. today anything stay anything policy staff. set prove wall back. speak whatever thing international. necessary start artist while.,2020-06-26 08:04:56.081941,6564504910.0,"['#python', '#tech']","['@user5', '@user1']",[],0,0,2775,3624,1486,444,8329,quoted,t9638879190,"['cybersecurity', 'data analysis']",updates,2020-06-08 18:57:53.347607
t456,difference-agree,u44,respond both gun last itself some act. always agreement whom. i wrong how often current. recently yourself night technology city other race what. site push name. product girl decade reach policy realize war.,2023-12-28 15:20:18.491898,9229199808.0,['#tech'],"['@user4', '@user2', '@user1']","['http://example.org', 'http://example.net', 'http://example.com']",0,0,5084,1499,36,735,7354,replied_to,t6568949113,[],opinion,2024-03-27 06:42:54.109120
t457,three-exist-through,u44,never suggest account born mean simple. always community card more tend eat. let guy old drop mr skill within. article hope stay candidate individual. issue song read there wall. method bring likely raise.,2024-05-05 07:01:46.439304,nan,"['#ai', '#machinelearning']","['@user1', '@user4', '@user3']",[],0,0,348,1756,908,330,3342,replied_to,t7338099918,[],announcement,2022-09-30 08:49:54.629085
t458,detail-manage,u44,nearly spring behavior behind always. us should sister charge. letter detail air change collection half six find. free school particularly reveal pay international. forward end man i.,2022-06-23 13:21:11.474573,nan,[],"['@user5', '@user3', '@user1']","['http://example.net', 'http://example.com', 'http://example.org']",0,0,3636,3491,235,421,7783,replied_to,t6677200061,"['quantum computing', 'blockchain', 'artificial intelligence']",news,2022-05-11 16:53:47.209332
t459,street-let-night,u45,road number should baby performance focus. measure become fast clear yourself role action. if really last window decide position. machine discussion while option. different fly impact material draw audience.,2021-04-22 23:27:04.956449,nan,[],[],[],0,0,8333,3283,770,435,12821,replied_to,t5891025718,"['quantum computing', 'data analysis', 'blockchain']",case study,2023-04-25 19:33:09.025467
t460,might-day-rule-this,u45,change agreement yourself rest rest. bar not between case name green. know brother official during eight. wide any conference such produce. economy hear find allow experience everything.,2023-08-26 07:54:07.716620,9477079658.0,"['#python', '#machinelearning', '#coding']","['@user5', '@user3', '@user1']",[],0,0,1024,2561,573,893,5051,retweeted,t4298929532,"['robotics', 'artificial intelligence', 'quantum computing']",interview,2024-05-03 09:17:59.581515
t461,before-usually,u45,she position practice eat certainly stuff sea. choice economic everybody structure control southern. condition up commercial. trip friend station student feeling modern husband. foot safe some amount although. even agreement film.,2021-01-19 21:20:27.051169,nan,['#ai'],['@user1'],[],0,0,9535,1229,1422,122,12308,replied_to,t4799229733,[],interview,2019-10-13 05:29:01.631531
t462,occur-class,u45,class local artist family his most simply writer. begin try put president community huge. four machine play seat local. then i consider something realize grow. reach practice pattern community. public audience our.,2023-02-18 20:03:07.579520,4918683388.0,"['#python', '#tech']",[],[],0,0,4296,2469,1397,124,8286,original,nan,[],tutorial,2023-07-14 18:57:10.412549
t463,spring-that-trial,u45,school bar owner tough. hold consider meet music. east sing its wish glass this. wonder dream believe program. maintain quickly western course inside. long store admit. she eat tv wish about control get none.,2023-10-07 14:42:43.516054,6183066094.0,"['#python', '#datascience', '#coding']","['@user2', '@user1', '@user4']","['http://example.org', 'http://example.com']",0,0,6877,3208,655,167,10907,quoted,t2964450899,"['blockchain', 'artificial intelligence']",review,2019-11-30 15:35:22.747621
t464,word-card-represent,u45,high property buy quality several new. close including that skill out. center often he impact though time green. measure approach spend sound radio. those expect number turn energy class.,2019-10-18 13:39:26.055778,nan,"['#machinelearning', '#python', '#datascience']",['@user1'],['http://example.org'],0,0,4422,1670,1038,396,7526,replied_to,t3110521233,"['artificial intelligence', 'science', 'data analysis']",event,2020-08-12 19:09:33.289559
t465,forward-candidate,u45,writer movement west wear. ready water pick term after look wall interest. during attention minute organization instead five hold. stay church think left safe. seat because big responsibility. little its spend per coach.,2020-01-11 15:35:00.779248,5901211571.0,"['#tech', '#python']","['@user2', '@user5', '@user4']","['http://example.com', 'http://example.net']",0,0,4923,4009,1593,607,11132,quoted,t3754132610,[],opinion,2021-10-27 08:45:14.036371
t466,this-inside-small,u45,class international floor ten wide manager kitchen believe. focus name simple old rate. very tend let major your born nor. sound member arm girl something. customer standard area health car hard choose culture. sit play staff pattern. woman it set own goal property.,2021-10-21 02:32:37.193283,nan,['#machinelearning'],['@user1'],['http://example.org'],0,0,7688,900,608,701,9897,retweeted,t4925895805,['technology'],event,2021-06-21 14:44:54.864889
t467,plan-take-accept,u46,something yourself morning after never. born much there hundred still option major. head public name item. attention movement question prove.,2023-01-21 17:30:30.943317,nan,[],"['@user3', '@user4', '@user5']","['http://example.net', 'http://example.org', 'http://example.com']",0,0,452,2689,1855,158,5154,replied_to,t8725934623,[],review,2021-09-28 12:01:40.792429
t468,customer-notice,u46,keep fill table. agent middle region these. network nearly system set wear term drive. view paper each decade recent conference someone hair.,2024-01-02 01:43:12.323566,nan,[],"['@user1', '@user3']",[],0,0,3838,894,1017,517,6266,quoted,t1119158421,"['science', 'robotics', 'data analysis']",research,2022-04-12 22:30:08.739259
t469,community-whose,u46,fund yeah standard fall ability. get enough threat first hour turn. sport grow hair type type down daughter. young keep near option. consumer few stock six meet. college artist how man whatever author.,2020-07-08 18:01:34.316919,6476221125.0,"['#datascience', '#machinelearning']","['@user4', '@user1']","['http://example.com', 'http://example.org']",0,0,9484,2760,1133,386,13763,retweeted,t8460458950,"['cybersecurity', 'technology', 'blockchain']",interview,2022-01-02 00:55:40.233686
t470,finally-resource,u46,marriage lose civil health practice. letter cut talk partner author dinner while political. morning different yes example base create agency. cut television to start usually. of forward good free number. owner degree past page your plant site.,2021-09-11 20:36:09.517253,nan,[],[],[],0,0,1943,3916,1653,214,7726,original,nan,['cybersecurity'],research,2023-08-23 22:04:33.699016
t471,house-than-view,u46,hot after wonder agree. product media try baby. coach character financial sit water. history and last go change town growth. since able manage modern book. street heart half. like new soon month hold.,2024-02-20 01:48:01.607314,nan,"['#coding', '#datascience']","['@user2', '@user4']",[],0,0,3110,4846,1720,586,10262,quoted,t2047478179,['cybersecurity'],news,2019-08-30 14:39:48.436797
t472,serious-anyone,u46,only vote spend doctor tree sit. share lot structure question choice southern new. town decide wish skill term pass. certain themselves score name reduce kitchen economic. theory tonight after unit hotel trial financial mouth.,2019-11-02 10:51:20.498959,nan,[],[],['http://example.net'],0,0,4079,3564,274,238,8155,quoted,t4031987239,[],announcement,2022-02-16 18:39:22.047878
t473,threat-by-politics,u46,every capital former control. appear choose window season represent great. simply first involve per institution born eat. republican even player strategy. indicate low impact under beyond than. responsibility of hair pass space trial. where democrat letter statement adult.,2019-11-08 23:45:11.753562,nan,"['#ai', '#python', '#machinelearning']",['@user2'],"['http://example.org', 'http://example.net']",0,0,3997,3095,1786,651,9529,original,nan,[],research,2021-04-25 16:54:10.378289
t474,member-yeah-table,u46,them shoulder actually care idea within. interview consider beautiful fly explain budget water heavy. theory civil top officer generation local. executive wide pay share behavior. room board party detail. follow best hotel suffer spend happen. office both fund stock item.,2022-07-07 08:30:42.568442,9900992748.0,"['#python', '#ai', '#coding']",[],['http://example.net'],0,0,1231,1080,1982,955,5248,replied_to,t3046360909,"['science', 'quantum computing']",updates,2020-12-03 01:15:14.078153
t475,action-some-skin,u46,case hot moment themselves human. feel nice less work i. dinner ready point put family. language subject skin require through. score treatment head front. pay have trip could song establish. public message current perhaps. course bit area conference nature relate.,2023-07-13 15:38:13.038106,3099870861.0,"['#coding', '#ai']",[],"['http://example.com', 'http://example.org']",0,0,6745,3994,1756,197,12692,replied_to,t8691834104,"['technology', 'quantum computing']",announcement,2023-12-21 22:28:04.182302
t476,coach-evidence-help,u46,year into cup military maintain none catch. shoulder soldier and agreement. tonight reflect school offer. cause safe either. travel body food shake through. here himself population compare stuff card without. represent away study party everything figure speak.,2022-12-13 18:42:22.914601,5224660848.0,[],[],"['http://example.net', 'http://example.com', 'http://example.org']",0,0,1152,4872,1231,392,7647,replied_to,t6108272551,['science'],opinion,2021-08-11 01:58:32.909807
t477,weight-charge,u46,outside form national. phone cell national market gun quite. worry rule doctor than tough pull. study out career close today song hard. news manage tree occur less modern source.,2022-05-28 21:34:09.406467,nan,"['#datascience', '#ai']",[],"['http://example.net', 'http://example.com']",0,0,1022,718,404,832,2976,replied_to,t3150359768,"['quantum computing', 'robotics']",announcement,2020-07-08 05:38:05.295638
t478,walk-mouth-tv,u46,certain management thus there look first production. mr act collection energy practice. apply collection star guess. already challenge memory pm relate after through officer. floor among cold pressure office cultural. know author rest accept.,2020-05-31 10:09:55.663289,nan,"['#machinelearning', '#datascience']","['@user5', '@user3', '@user1']",[],0,0,7233,4038,1142,232,12645,replied_to,t1020697219,['blockchain'],news,2024-01-02 05:02:21.852453
t479,during-a-common,u46,guy paper left fear. throw future ten. green property professor art left right. stay camera quality sport response. sport tend billion action her those eat. tend option memory. consumer finally let newspaper tax culture. deep consumer behind help evening.,2023-02-05 16:43:34.654913,nan,['#coding'],"['@user2', '@user3']",['http://example.org'],0,0,5513,1458,1508,700,9179,original,nan,[],announcement,2020-07-20 17:04:14.234797
t480,party-law-medical,u46,population information tough admit kitchen foot. practice stage large into throughout account happen. describe foot movement law. despite international player collection else appear. main him large our moment. phone stand evening. son building seat suddenly cover ball.,2024-06-08 10:06:04.984751,nan,['#machinelearning'],"['@user1', '@user3', '@user4']","['http://example.com', 'http://example.org', 'http://example.net']",0,0,3270,2514,957,867,7608,replied_to,t6895167281,"['technology', 'robotics']",news,2020-11-05 17:05:03.077329
t481,she-tend-understand,u46,keep your skin interview statement. responsibility company thought cause environmental whatever production determine. by wife child trade. case public approach company girl floor. check spring administration news including town before always. participant memory instead stand.,2024-06-03 13:32:08.831061,7499500714.0,"['#datascience', '#ai', '#tech']","['@user2', '@user1']",[],0,0,1891,136,218,720,2965,quoted,t1958570562,['data analysis'],case study,2023-04-24 11:53:19.448275
t482,end-key-short,u46,free why give show clear. traditional card middle candidate five effort. long ten camera popular its religious. american arm attention will. whose there debate. project public prepare will. recent matter mention. series leader late.,2022-03-11 05:16:03.294699,nan,"['#coding', '#python', '#tech']","['@user2', '@user4']","['http://example.com', 'http://example.net', 'http://example.org']",0,0,9835,1853,1308,198,13194,quoted,t8414996003,[],event,2022-07-27 16:01:04.755016
t483,factor-the-unit-or,u46,save goal white. develop stage score send relationship pull. outside case wide evidence. situation condition general return soldier amount. personal catch memory something. scene friend recently audience teach.,2021-02-05 12:52:56.794960,nan,"['#ai', '#python']",['@user3'],[],0,0,3418,2675,1137,556,7786,original,nan,['robotics'],case study,2021-09-17 16:04:13.980550
t484,natural-top-threat,u46,view interesting data out citizen. meet attack voice once economy matter yourself. may member create. actually fly apply exactly society. rich suffer hour hair recent opportunity. season believe south none thing others.,2024-04-12 20:45:40.888235,7832444741.0,"['#tech', '#ai']",[],[],0,0,1735,2824,521,412,5492,replied_to,t7875294471,['technology'],tutorial,2024-02-15 00:48:51.270463
t485,worry-these-require,u46,yeah share charge age these color moment near. body road wall wait above. over right allow front end turn fly. phone room friend baby mouth receive. edge expect me seem instead yard. produce peace case always assume charge left.,2022-10-09 06:48:45.657412,nan,[],"['@user4', '@user3', '@user2']",['http://example.com'],0,0,5858,2144,1317,280,9599,quoted,t8370528998,"['technology', 'quantum computing', 'blockchain']",interview,2023-03-12 19:43:40.751807
t486,prevent-strong,u47,security you tend. team trade consider suffer open. conference give million maintain a among. alone director both as organization anyone old. republican hair catch be all level. individual cut sound interview throughout present. deal my director spring wish understand.,2023-02-16 15:25:27.133063,nan,['#machinelearning'],['@user3'],[],0,0,7739,2921,246,338,11244,retweeted,t4517760170,"['robotics', 'blockchain']",review,2022-06-18 06:02:44.094791
t487,wear-edge-page-good,u47,lay carry cause dream sister. practice industry action of. quickly fish too another. show vote stock suffer. question picture line deal any former within. play administration majority idea.,2023-12-26 10:59:48.423366,6014523641.0,"['#tech', '#ai', '#machinelearning']","['@user1', '@user4']",['http://example.org'],0,0,6651,4439,10,305,11405,original,nan,"['quantum computing', 'technology', 'cybersecurity']",announcement,2023-03-12 22:27:12.191985
t488,oil-single-eat,u47,color hard night national. clear happy store. wrong ask activity world right visit individual. ok all vote smile every determine avoid reality. truth reduce end owner week. senior wind next buy. whom indeed debate animal.,2022-08-25 12:18:37.425271,5558794654.0,[],[],[],0,0,5803,2114,848,785,9550,retweeted,t6420103924,['technology'],interview,2021-07-16 04:10:55.966478
t489,customer-i-cold,u47,listen interesting administration various stock within worker take. child allow white. project experience set before state call instead. pattern discussion task everything response foot. support individual base mother movie compare.,2024-04-26 17:48:01.776927,nan,['#python'],"['@user2', '@user3', '@user5']",[],0,0,4923,4643,1231,549,11346,quoted,t2041371800,['robotics'],review,2023-06-18 22:21:42.131783
t490,region-night-only,u48,trial none attention remember. week both thing green system case idea. tough land community arm itself. part type work accept land. pm red glass drive. pressure school push religious suggest kind history. claim son law both little consider. benefit remember read wife above.,2020-02-16 05:49:07.861851,nan,['#ai'],"['@user1', '@user4']",['http://example.net'],0,0,8931,676,1441,513,11561,original,nan,[],research,2024-06-12 10:01:35.499693
t491,role-establish-work,u48,military trip imagine million personal billion foreign. military more itself television including style. outside weight woman million single issue out moment. modern any skin arrive production deal what. play material see common approach what happen training.,2024-07-02 06:00:41.340272,1703418359.0,"['#python', '#coding']","['@user5', '@user3']",[],0,0,9938,876,1902,42,12758,retweeted,t4154426132,"['data analysis', 'science']",announcement,2022-09-03 12:15:29.402725
t492,marriage-industry,u48,again feeling out effect. wide important wife wish peace southern. cell modern it leader. lead go career election study one. seven design someone in we write leg. nice general summer seek low size early current.,2020-03-05 20:32:53.493459,nan,[],"['@user5', '@user2']","['http://example.org', 'http://example.com']",0,0,5922,2079,719,686,9406,quoted,t3853895338,['artificial intelligence'],case study,2024-02-28 16:28:33.131327
t493,be-trade-country,u49,herself assume tv business home car player sea. poor position culture far animal bill. activity someone politics republican song. camera election sister imagine for tough door. behavior entire myself how wind. front entire notice food.,2022-05-26 05:13:41.577715,1452058799.0,[],"['@user1', '@user3', '@user5']",[],0,0,68,4688,434,267,5457,replied_to,t9485089433,[],tutorial,2021-03-27 20:38:49.746826
t494,drug-animal,u49,kind their key job marriage person company. cut want just pattern themselves. mention under responsibility never figure seek. write prevent senior become. strong fear read occur between. take serious sit that law. church security that check process them.,2022-04-06 12:35:18.350643,8778558866.0,"['#ai', '#coding']",[],[],0,0,1914,334,457,737,3442,quoted,t3820527502,"['quantum computing', 'science']",case study,2021-02-09 14:45:01.695582
t495,soon-point-mean,u49,along operation subject hour student prove home. join child mission talk up. free american capital strategy. computer any television tree bar. politics some through field range point. much ever bring view bed must. any remain eat country.,2021-08-01 17:50:53.697297,nan,['#python'],"['@user3', '@user2']",['http://example.com'],0,0,3978,3379,1823,253,9433,retweeted,t8803725097,"['artificial intelligence', 'data analysis', 'science']",review,2022-03-23 20:08:37.441253
t496,record-yourself,u50,question same style shake. form catch couple cover three ever everyone. include sell may turn leg speech. out concern mean political feel. country general half cell. actually american black save.,2022-01-17 07:58:50.778225,nan,[],[],['http://example.org'],0,0,4587,4123,1791,442,10943,quoted,t5226223861,"['artificial intelligence', 'blockchain']",announcement,2021-01-14 00:04:01.785475
t497,tax-stock-entire,u50,ago decision guy prepare address. republican clearly stock stay believe fight. yeah only modern stop draw year bill by. deep hold against middle business significant. idea cell sit candidate realize.,2022-12-09 15:40:28.556607,4870751624.0,"['#machinelearning', '#ai', '#python']",['@user2'],"['http://example.org', 'http://example.com']",0,0,8513,1618,29,98,10258,replied_to,t1643006685,"['robotics', 'artificial intelligence', 'cybersecurity']",case study,2019-09-19 06:58:53.408815
t498,sing-machine-leader,u50,world place hot. wait but sense like wind reality live. free energy fund news appear those. summer democratic notice crime daughter weight trouble. watch performance paper far standard. along bag example great law.,2020-02-01 12:21:12.744271,8245540278.0,"['#python', '#machinelearning']","['@user4', '@user1', '@user5']",[],0,0,839,2708,1189,575,5311,quoted,t8691259972,['science'],news,2021-02-22 13:05:37.575932
t499,after-not-act,u50,door chance serious through. authority remain moment different ground shake opportunity actually. around realize risk conference lawyer. around work share table section. white for beat first thing public. however hold fire discuss beyond share key.,2023-08-14 10:55:54.666306,6915772249.0,"['#machinelearning', '#coding', '#tech']",[],['http://example.com'],0,0,9151,690,1572,338,11751,original,nan,"['robotics', 'artificial intelligence', 'data analysis']",interview,2022-01-10 09:38:07.025706
t500,big-three-let-smile,u50,financial finally degree glass. or blue city deep tough. pull memory theory nature hard. happen sense discussion strong someone. talk control see speech trade recent. very word debate better by poor sign. religious avoid picture collection. produce option within by doctor.,2022-12-19 02:05:11.716824,7706699459.0,"['#coding', '#ai']","['@user4', '@user1']","['http://example.net', 'http://example.org', 'http://example.com']",0,0,4792,4073,754,80,9699,original,nan,"['science', 'blockchain', 'technology']",tutorial,2021-10-14 18:13:47.226587
t501,leader-page-theory,u50,energy early woman. medical modern particular. take reach main physical enter floor. make similar collection important health responsibility reflect. case yet should course star modern discover. shoulder religious table wonder question office.,2020-07-30 17:58:05.300165,6096681134.0,"['#datascience', '#python']","['@user5', '@user3']",['http://example.org'],0,0,687,990,1063,635,3375,original,nan,"['cybersecurity', 'technology']",event,2020-03-08 03:24:54.189756
t502,health-member-wear,u50,while kitchen forward attorney camera service. well according young notice could risk product. require form low goal make item central. particular how similar before say.,2019-10-19 23:39:13.810817,7515767994.0,"['#coding', '#python']",['@user5'],"['http://example.com', 'http://example.org']",0,0,7240,552,1441,722,9955,original,nan,"['blockchain', 'robotics']",case study,2023-12-01 14:08:58.603913
t503,down-control,u50,song teacher north discover yeah decade congress. police crime color. fund item fill foreign. fact yourself top whole rise program under. store another process. soon fish low. prepare quite think everything budget. play use old.,2023-06-27 11:42:49.168873,4368055293.0,['#machinelearning'],[],"['http://example.net', 'http://example.org']",0,0,7720,4244,609,572,13145,replied_to,t6318670614,"['cybersecurity', 'artificial intelligence']",review,2022-07-05 18:35:06.772648
t504,forget-common,u50,plan democratic them. available service eight site truth now. must wish describe assume likely. occur court within. act form cover often order mind. type my town beat. enjoy move green condition. well answer that table recently.,2021-01-01 11:36:00.333895,nan,"['#machinelearning', '#ai']","['@user2', '@user4']","['http://example.net', 'http://example.com', 'http://example.org']",0,0,9379,3589,1969,422,15359,retweeted,t1668038031,"['robotics', 'data analysis', 'artificial intelligence']",announcement,2019-11-27 22:12:37.561954
t505,its-start-camera,u50,at red against. spend side together ahead huge. box work leg position sign knowledge. charge threat method you project. middle read writer although blue stay nice. six later sport number black.,2024-02-02 21:47:20.413618,nan,"['#datascience', '#python', '#coding']",['@user2'],"['http://example.org', 'http://example.net', 'http://example.com']",0,0,1861,4211,1738,968,8778,replied_to,t1716227010,['science'],opinion,2021-12-26 14:52:02.861626
t506,practice-particular,u50,whose page college assume kitchen. case rest artist goal every million ago defense. eye join because spend. summer act reflect mean democrat door. cell several history memory. cold away article process recently his.,2019-09-26 01:06:52.450380,nan,"['#python', '#tech', '#coding']",['@user2'],"['http://example.com', 'http://example.net']",0,0,91,3963,1507,732,6293,original,nan,['artificial intelligence'],news,2020-08-04 17:17:06.874832
t507,raise-against-thus,u50,writer speech move window something during. opportunity test very study. particular sit myself bad although. still case card bad clear subject. customer soldier sort drug yes political.,2023-08-29 11:24:23.860227,8723574349.0,['#machinelearning'],"['@user5', '@user1', '@user2']","['http://example.com', 'http://example.org', 'http://example.net']",0,0,2244,1345,198,723,4510,original,nan,"['science', 'robotics']",tutorial,2024-08-06 00:44:34.632923
t508,though-town-others,u50,give fight paper late. some official car provide clearly knowledge phone. from letter program debate institution dark no left.,2019-12-06 10:30:51.665923,nan,['#ai'],"['@user2', '@user1']","['http://example.org', 'http://example.net']",0,0,3240,1703,1033,589,6565,replied_to,t6969446901,"['science', 'robotics', 'data analysis']",interview,2023-05-27 08:14:45.212769
t509,both-the-station,u50,name industry anyone describe sell class. degree capital onto side. sea consider six guess play dog task. girl watch father today type detail. by there himself clearly safe attorney west.,2021-11-26 22:23:39.940476,nan,"['#ai', '#datascience', '#coding']",['@user3'],"['http://example.net', 'http://example.com', 'http://example.org']",0,0,9950,2283,827,714,13774,replied_to,t4639415991,"['science', 'data analysis']",opinion,2022-01-31 13:23:28.613807
t510,character-language,u50,early economy level two section. blue paper thousand six approach evidence ten. range amount out yet policy far out. sit official rise meeting. black city them laugh real his. former behind join understand.,2020-09-24 03:17:53.571265,6416746274.0,[],"['@user5', '@user3']",['http://example.com'],0,0,46,3649,1648,485,5828,replied_to,t7899161651,"['artificial intelligence', 'quantum computing']",news,2023-12-08 04:18:45.607935
t511,argue-alone-to-ten,u51,down mother whose writer role treatment. usually must visit shoulder third sell field. senior can action require. prepare resource game free figure and investment take. rest rather whatever pay hotel. bank here reason whatever. will sense myself large.,2023-08-03 07:27:26.654013,nan,[],['@user2'],['http://example.com'],0,0,8494,951,1940,880,12265,retweeted,t4342171843,"['quantum computing', 'science']",review,2020-03-27 15:24:53.223759
t512,attorney-allow,u51,act television personal reveal other. simple interest adult floor. would economic per father poor training. feel walk mr maybe develop. per suggest family style. last affect agent cold. foot watch message.,2020-03-19 22:47:56.353847,3231719873.0,['#coding'],[],"['http://example.com', 'http://example.net', 'http://example.org']",0,0,6229,71,868,771,7939,quoted,t9004177526,"['science', 'quantum computing']",announcement,2021-10-30 01:27:52.311901
t513,have-food,u51,somebody seek skill whole much tough whatever close. crime today more. civil society road word former. town set see realize feeling detail despite. window every defense little religious heavy difference economy.,2023-04-10 06:19:29.372486,nan,"['#tech', '#python']",['@user3'],"['http://example.com', 'http://example.org']",0,0,2573,412,1709,157,4851,replied_to,t8478129173,"['artificial intelligence', 'robotics', 'quantum computing']",case study,2022-05-02 17:08:52.411838
t514,change-real,u51,prove suffer authority without of couple market. dark future them factor other. standard low force open structure staff sense. child threat want economy for go. go deep fear music you american seven matter. outside as southern decide. away or usually concern simple.,2022-10-25 00:18:38.810558,4619997418.0,"['#datascience', '#ai']","['@user2', '@user3']","['http://example.org', 'http://example.com']",0,0,8901,3317,985,259,13462,quoted,t6130292689,"['artificial intelligence', 'robotics', 'blockchain']",announcement,2024-03-25 22:14:12.493289
t515,instead-visit,u51,plan tell me simply appear very bit. particularly center best vote. whose land according power hold. only tough like answer think. day always provide within fast nation bag. who them thus loss work hair. despite unit hot other bit.,2021-03-08 01:10:10.820597,6758028597.0,[],[],"['http://example.com', 'http://example.org']",0,0,9693,1166,1116,115,12090,replied_to,t6815044674,"['quantum computing', 'robotics', 'artificial intelligence']",opinion,2022-07-09 09:05:25.919667
t516,head-hospital-point,u51,close ten necessary education that respond church. one for popular state guy. enough us night not get. than water strong none smile my listen. world apply marriage human war since and nothing.,2019-10-25 04:36:24.416240,7566226534.0,[],[],"['http://example.net', 'http://example.com']",0,0,4010,1613,1968,407,7998,original,nan,"['science', 'quantum computing']",review,2020-01-14 03:07:19.727074
t517,certain-she-stay,u51,small training rock. start view cover hour window bill on. make message media station site. understand brother point be lot. open player read building either improve me. yet social i simple speech it ok.,2023-02-04 05:11:43.636632,3190077628.0,[],"['@user4', '@user3', '@user1']",[],0,0,658,795,1279,673,3405,original,nan,['cybersecurity'],event,2022-07-20 15:55:58.429687
t518,production-office,u51,view offer themselves director live. politics no share town reflect resource movie worker. attention threat language firm throughout shake start. ten appear surface summer senior but. material behind work hospital they down.,2023-12-28 05:30:42.718139,5119903337.0,"['#machinelearning', '#python', '#tech']","['@user4', '@user5', '@user3']","['http://example.com', 'http://example.net', 'http://example.org']",0,0,2097,2830,604,317,5848,replied_to,t5543161442,"['artificial intelligence', 'blockchain', 'technology']",updates,2023-11-11 06:12:11.172637
t519,quality-whole,u51,about modern instead offer strategy chair say maintain. seven participant stand each environment institution popular half. order national drive exist. among some movie rather. wait song pay news.,2021-06-02 21:45:47.274324,nan,[],"['@user5', '@user1', '@user3']",['http://example.org'],0,0,5203,1880,1530,832,9445,replied_to,t9543835746,"['science', 'blockchain', 'quantum computing']",review,2022-05-16 20:29:09.515004
t520,body-smile,u51,contain will walk article claim start. your for knowledge couple section. likely foot image must. in notice soon value leave. region difference near from form. short address away offer generation reflect manager.,2021-06-24 14:09:09.806202,9373918948.0,"['#coding', '#tech', '#ai']",[],['http://example.com'],0,0,1972,2662,1424,317,6375,quoted,t3752693007,['artificial intelligence'],interview,2020-05-21 00:38:02.054480
t521,offer-always-staff,u51,skin brother conference voice more. condition appear effect prove region box dark. shake thus how agree. return alone sport off course. contain no performance push push whom story. dog once cold data side best. former experience film station serious. test adult consumer.,2021-02-26 17:39:43.222081,2517438680.0,['#datascience'],"['@user3', '@user1', '@user4']","['http://example.org', 'http://example.com', 'http://example.net']",0,0,3171,4026,906,566,8669,original,nan,['blockchain'],interview,2022-10-20 19:58:37.456257
t522,service-teach,u51,next response fight seek cause. general role drug green order because. control too fight available. region care word stand address great. fight big will low. yet line set conference style there me.,2022-07-10 23:07:23.693629,nan,[],"['@user5', '@user1', '@user4']","['http://example.org', 'http://example.net']",0,0,8076,3141,353,224,11794,retweeted,t7985630840,['science'],updates,2021-03-27 04:47:57.416055
t523,field-show-help,u52,measure listen help help they. occur challenge among page. itself process well group consider unit. republican bar even research political term month than. big dinner than political. skin law store. blue adult give wall company tell should.,2023-09-22 18:34:13.153209,nan,[],[],"['http://example.net', 'http://example.org', 'http://example.com']",0,0,1559,3810,1605,542,7516,replied_to,t5815644783,"['quantum computing', 'robotics', 'artificial intelligence']",research,2022-07-08 21:11:21.004625
t524,reality-election,u52,idea both hold know. wonder product value exactly stay product. way recent near daughter set prepare charge. occur than probably already. man evidence follow none idea simply doctor. office seek visit be argue defense detail. hotel with sing itself response their her represent.,2021-04-07 12:23:29.728502,9849071444.0,"['#machinelearning', '#datascience', '#python']",[],"['http://example.org', 'http://example.com', 'http://example.net']",0,0,2053,3235,1222,688,7198,replied_to,t8354667615,['data analysis'],news,2024-04-16 08:44:49.196521
t525,region-mr-white,u52,itself television forward lot rule nor thing serious. woman interesting doctor information evening. newspaper over best whole among mrs sort. western true sit black price network. mother here some conference trade population stuff. star respond picture majority cut.,2023-03-23 15:06:23.772167,9995809377.0,[],['@user2'],[],0,0,5572,4572,504,476,11124,original,nan,['science'],case study,2021-12-25 23:40:25.142924
t526,sure-order-dream,u52,a while relationship yes official want room recent. paper truth image white. sister campaign college company buy. energy foreign name.,2022-06-23 03:50:19.329649,nan,"['#datascience', '#python']",[],[],0,0,67,1695,1327,779,3868,original,nan,[],tutorial,2020-08-31 08:42:04.412730
t527,pick-down-bad-care,u52,class nature single economy lead pm. pass happy class forget democrat worry. company yourself draw professional. blood argue air beautiful upon. leader southern note she ago family article.,2020-01-08 02:01:12.237886,nan,[],[],"['http://example.org', 'http://example.com', 'http://example.net']",0,0,9775,622,840,927,12164,quoted,t4593792903,['blockchain'],review,2023-11-27 14:43:19.053701
t528,wrong-own-even,u53,many call official follow address vote necessary stage. stand impact letter soon beyond ground low rate. west up fine. cultural alone read right assume leader. employee early take. note get smile avoid stay. stay town compare authority.,2022-11-28 14:25:26.629983,nan,"['#coding', '#machinelearning']",[],[],0,0,5262,4707,519,806,11294,quoted,t7736579238,"['cybersecurity', 'quantum computing', 'data analysis']",opinion,2020-03-24 23:12:05.571966
t529,section-charge,u53,really and conference accept. several clear war ready to employee cover. let game positive hospital lose all than. standard approach man pull generation. walk simply business hard list those industry. beyond doctor partner. political something ask bank.,2021-12-29 03:21:27.684750,2293415529.0,['#tech'],['@user5'],[],0,0,7014,290,1605,526,9435,retweeted,t7564618198,"['data analysis', 'quantum computing', 'technology']",updates,2022-11-08 05:03:32.671136
t530,room-road-century,u53,this responsibility quickly far only. edge throw guy money win air. or success health somebody indeed month. gas it single manage really run. later itself character two. question under federal place public morning improve. trade seek space finish would.,2023-01-31 10:45:00.780091,nan,['#machinelearning'],"['@user5', '@user3']",[],0,0,1217,1378,874,308,3777,quoted,t8791194227,['artificial intelligence'],updates,2023-06-12 17:03:19.272620
t531,situation-rule,u53,simple receive stock land down total nor. reveal wait wind by positive money. author executive get table thing third onto. watch author rock describe size thank family brother. walk care actually institution stock fund true. stop write happy. amount across this.,2021-06-23 13:47:01.132195,nan,['#python'],[],"['http://example.com', 'http://example.org', 'http://example.net']",0,0,7344,4674,1566,216,13800,retweeted,t9840121850,['science'],case study,2019-11-03 11:47:38.149700
t532,cold-nice-hair,u53,wrong mouth answer individual. give rule fear. listen compare real commercial according how thought expect. player race very ahead. act material hit employee thus hair compare. course fish several difference song chair institution.,2020-12-23 18:05:03.978374,nan,[],['@user1'],"['http://example.org', 'http://example.net']",0,0,5449,840,661,679,7629,replied_to,t4819958761,['blockchain'],tutorial,2024-01-15 10:20:39.315424
t533,reach-travel-season,u53,activity attack letter generation success near cost player. evidence step just bit newspaper culture. expert opportunity particularly summer purpose run. reach environment plant. deal town machine seem. reduce age woman city. billion result surface as.,2022-02-14 19:30:26.650357,nan,[],['@user1'],['http://example.com'],0,0,3832,1455,290,142,5719,original,nan,"['blockchain', 'cybersecurity', 'robotics']",interview,2022-10-15 20:06:56.226305
t534,improve-ball-they,u53,wrong begin food safe. start kitchen choice fast mission term. wife environment heavy move. future recent during and. partner side hear traditional vote price. share summer than any left.,2021-01-30 23:51:41.748668,nan,[],"['@user2', '@user4']","['http://example.com', 'http://example.net']",0,0,6445,3871,275,847,11438,replied_to,t1027930892,['technology'],event,2021-02-05 23:44:58.470895
t535,why-know-rate-study,u53,girl than better suggest sometimes avoid. home protect name country. our deep enter drug movie. realize great economic attorney. of beat own pass yourself eat look congress. respond office give religious them. begin fall state account red affect century institution.,2022-01-13 12:32:08.998605,2283908151.0,[],"['@user1', '@user3']","['http://example.net', 'http://example.com']",0,0,2392,1479,967,76,4914,retweeted,t6745031964,"['blockchain', 'science', 'technology']",research,2020-05-30 19:48:58.632805
t536,girl-appear-turn,u53,everything article country end large stage. it social really miss amount cut manager. cultural effect market ever. oil same up level whom thus go artist. development suggest example thing. current international great college. senior beat tree deal far both.,2022-05-05 21:28:49.483532,nan,"['#ai', '#tech']",['@user4'],"['http://example.net', 'http://example.org', 'http://example.com']",0,0,3318,89,239,851,4497,replied_to,t1795765315,['artificial intelligence'],updates,2024-04-06 12:27:39.857292
t537,suddenly-vote,u53,enter company for article stop. short amount five then she. difficult term foot two idea. later baby wait. fund own safe economic join herself reduce. six me mind media. evening year choice summer may.,2020-09-21 15:51:21.641787,8736642955.0,"['#machinelearning', '#coding']",['@user4'],[],0,0,4388,1860,1479,774,8501,replied_to,t8375510381,['blockchain'],updates,2020-01-28 17:15:14.447439
t538,yeah-matter-purpose,u53,yeah order now. answer care town man. red short return arrive medical something theory call. impact prepare point policy good message. fish account your and. own free since amount carry again star draw.,2024-07-08 07:29:16.368247,nan,"['#ai', '#coding']","['@user4', '@user5']","['http://example.net', 'http://example.com']",0,0,1596,1701,1765,908,5970,quoted,t8863276912,[],announcement,2024-02-24 12:26:07.718133
t539,responsibility,u53,street my so both. right character receive economy vote charge movement. force deep career their age. people near difficult. writer in money be first return keep evening. say structure leg computer manage past worker.,2024-04-23 03:25:38.323193,nan,[],['@user3'],"['http://example.com', 'http://example.org', 'http://example.net']",0,0,2815,777,1948,420,5960,quoted,t1413463564,"['blockchain', 'cybersecurity']",tutorial,2022-10-30 09:40:54.972105
t540,hundred-site-new,u53,society most film individual. during force yet part. film official level career. after audience will center about. yourself just impact expert down include according. executive teacher hospital probably knowledge serve position hit. during must do seven over away.,2022-08-18 21:23:30.934403,8743866999.0,"['#tech', '#machinelearning', '#python']","['@user4', '@user3', '@user1']",[],0,0,8951,4204,1423,408,14986,replied_to,t6119710495,['quantum computing'],case study,2023-09-03 06:33:06.617800
t541,wear-always-usually,u53,then color leave suggest. or yeah suffer up including. organization minute option ever today world hospital. organization against something city move carry. some opportunity media same condition north do those. local stuff since per low peace.,2023-05-05 20:52:48.075510,6466348780.0,[],"['@user2', '@user3', '@user1']",[],0,0,5737,676,1754,836,9003,quoted,t4034607357,[],case study,2021-03-06 07:44:21.411684
t542,child-best,u54,sea expert support senior. oil officer writer. couple professor local about where particular teach. agent concern dinner claim shoulder environment drug necessary. page lot world without deep agreement community. standard strong as likely various fight push.,2022-08-07 15:38:39.582774,nan,[],"['@user5', '@user4']","['http://example.com', 'http://example.org']",0,0,3251,3926,1,330,7508,retweeted,t1836818876,['cybersecurity'],opinion,2024-07-11 03:22:38.362274
t543,price-without,u55,growth may clear toward. man away large. for free among middle theory. act enter building all. role data face. best summer network have. military people executive.,2021-12-03 09:19:14.411113,nan,['#python'],"['@user1', '@user4', '@user3']","['http://example.net', 'http://example.org']",0,0,4174,3748,408,955,9285,retweeted,t4007394154,['technology'],tutorial,2023-06-18 21:01:22.886961
t544,major-positive-pass,u55,time available exist happen individual safe. fill whether involve what. trial of two wife friend program. citizen say past him alone trial seat alone. music prove blood tell apply economic. drug cup key above. what forward fall sense well. few movement modern rich on together.,2021-02-01 14:44:52.433026,6167879092.0,"['#python', '#machinelearning']",['@user2'],['http://example.com'],0,0,5081,3932,1921,685,11619,replied_to,t3808656445,"['robotics', 'quantum computing', 'cybersecurity']",tutorial,2022-05-24 12:08:59.453162
t545,school-see-big,u55,boy radio spend agent allow serve plan. draw great summer both together support. sign middle discuss find probably marriage. door fall often pm travel. range director admit west young. impact billion near parent begin kind until. dream girl nice wait top since decade.,2021-12-04 17:17:08.248843,8996626318.0,"['#datascience', '#python', '#ai']",['@user3'],['http://example.org'],0,0,611,2488,955,132,4186,quoted,t3294553093,['robotics'],case study,2020-06-17 05:03:08.381666
t546,right-carry-feeling,u55,speak plant four former miss enter lay beyond. five possible final. operation avoid that according lot ready. agent board memory deal summer upon. inside law food leg. federal deal film by and require. you the operation always.,2021-09-30 21:09:26.404214,nan,[],[],['http://example.net'],0,0,9201,61,899,397,10558,retweeted,t8729498796,[],interview,2022-05-24 07:28:20.704911
t547,lot-energy-position,u55,people kid need part toward ten. treat expert everything society pm. occur major when fast without. citizen series stop participant deep. state each little spring you.,2023-09-15 21:12:50.728402,nan,[],"['@user2', '@user3', '@user4']",[],0,0,1518,1195,192,781,3686,replied_to,t3438878948,"['technology', 'quantum computing', 'science']",tutorial,2023-08-04 19:37:40.360444
t548,loss-attention-case,u55,in simple admit just us turn. situation specific successful toward. skin call space. movement home election spend time. whether gun group action stage expert type. whole put throw why. class fear occur teach challenge subject. next whatever bag sign important magazine.,2021-09-10 22:39:38.682000,9105339614.0,"['#tech', '#machinelearning', '#ai']","['@user4', '@user1']","['http://example.com', 'http://example.org']",0,0,6986,3423,782,761,11952,quoted,t5853322120,"['technology', 'data analysis']",review,2020-10-03 19:20:59.276310
t549,interest-paper,u55,two also thought. administration team property option. look occur kitchen pretty south offer source. risk child exactly hour might heart. when book investment you probably official although. talk similar purpose first public style environment. human as business the fight light.,2022-10-04 11:22:03.029945,2878348162.0,['#tech'],"['@user3', '@user2', '@user4']","['http://example.net', 'http://example.com', 'http://example.org']",0,0,4721,4809,1452,435,11417,quoted,t4732736161,['robotics'],announcement,2024-02-09 22:03:24.062880
t550,threat-five-fear,u55,century language make question response hour. them one thank build. reduce trouble act most treat fly. something fire say character part i always. crime pretty right. here see true fight never. avoid bad never like firm second big. election successful east add person put skill.,2021-12-10 04:42:09.022953,nan,"['#ai', '#python']","['@user2', '@user1', '@user4']","['http://example.net', 'http://example.org']",0,0,478,162,252,43,935,original,nan,['cybersecurity'],opinion,2023-09-01 18:45:19.064771
t551,attack-organization,u55,issue upon series simply easy gas. shoulder others do animal. per growth above throughout wide actually. community foreign feeling behavior industry. deep democrat effort professor lay read ready bad. rest school unit artist. language let section piece take per face.,2019-09-04 07:11:33.758904,nan,[],[],['http://example.net'],0,0,8062,850,1052,627,10591,retweeted,t7768659346,[],tutorial,2020-03-31 08:30:07.822844
t552,central-at-produce,u55,world entire stage sea wide point end. buy feeling central. democrat community easy consumer dinner lot serious. expect on decision national pattern country three nature. front director push appear. same large most produce heart hear. magazine security employee factor.,2019-11-10 06:04:55.977442,1115487753.0,"['#machinelearning', '#python']",['@user1'],['http://example.com'],0,0,1168,2942,1616,294,6020,original,nan,"['robotics', 'quantum computing', 'data analysis']",review,2020-11-21 15:58:53.554337
t553,music-oil-product,u55,stay visit play various. property ready factor meet. she speech despite fast million one. result student check season voice continue mind. quality because late buy.,2021-08-18 09:30:16.130296,6446892618.0,[],"['@user4', '@user5', '@user3']",['http://example.net'],0,0,4144,3580,1490,518,9732,retweeted,t2740782576,"['cybersecurity', 'artificial intelligence']",research,2021-06-22 16:44:20.096461
t554,finish-those-rise,u55,end before arrive mother. space easy campaign stand role truth together. sing policy large go conference least. job purpose allow we task. voice mouth pattern commercial property west.,2023-10-01 23:14:49.388806,4255797025.0,"['#machinelearning', '#coding', '#datascience']",['@user4'],['http://example.net'],0,0,2059,3280,1958,127,7424,replied_to,t8108028274,[],opinion,2021-01-13 00:04:52.890619
t555,story-call-quality,u55,blood western back development. way necessary talk that in town. room late represent attack. language however get board term director between. step concern mention not art play let travel. guess rate ask treatment. name enough technology all. site whatever part detail.,2023-12-22 08:35:37.568896,nan,"['#tech', '#machinelearning']","['@user2', '@user3', '@user4']","['http://example.net', 'http://example.com', 'http://example.org']",0,0,5318,2464,1082,892,9756,quoted,t4012772280,"['technology', 'robotics']",event,2024-07-29 00:16:20.037197
t556,energy-night-give,u55,gun buy half. blue see require floor floor. whole behind store positive write success popular. believe role produce company common. thing fish food physical indicate. hot do nor white under team.,2019-09-09 10:38:00.884898,nan,"['#coding', '#datascience']",['@user2'],"['http://example.net', 'http://example.com', 'http://example.org']",0,0,8001,4498,120,613,13232,quoted,t1517875516,"['data analysis', 'blockchain']",research,2020-05-30 11:52:21.877539
t557,beyond-our-evening,u55,subject reality today idea. either high congress practice. scientist long morning field inside consumer help though. example defense nothing reach century assume. new than half station challenge. while discover you leg training real. sing trip choose continue customer young who.,2022-08-19 13:54:00.864307,nan,[],"['@user5', '@user1']",['http://example.org'],0,0,1624,669,1428,977,4698,replied_to,t3164155561,"['technology', 'quantum computing']",research,2022-07-17 05:14:18.217971
t558,property-side-onto,u55,cultural road money some. this whatever key magazine hope issue child size. quite state later put process executive structure. her national blue congress fine southern outside. instead record world recent figure that week. rich instead ready discuss religious own hotel.,2022-08-31 06:27:29.460005,7683113635.0,"['#coding', '#tech']",[],"['http://example.net', 'http://example.org', 'http://example.com']",0,0,2994,2320,1339,843,7496,retweeted,t1079106091,"['technology', 'robotics', 'cybersecurity']",case study,2020-11-28 13:03:17.834028
t559,crime-water-base,u55,evidence present these. senior senior task wonder full not audience. form bag sense allow. front ground explain learn gun. pay money owner run pay rise view believe. big upon choice indeed safe image able. all analysis right sister law. phone manager star.,2021-01-07 01:58:32.752856,4951294584.0,"['#ai', '#machinelearning']",[],['http://example.org'],0,0,6081,927,1528,830,9366,retweeted,t4819477250,"['technology', 'artificial intelligence', 'robotics']",tutorial,2020-09-26 10:44:10.559781
t560,time-many-mission,u55,she camera capital indeed on although bad. in push buy game million discuss feeling he. opportunity take drop fast argue section. rise road attention throughout almost form start.,2023-11-23 22:09:22.377496,nan,"['#machinelearning', '#ai', '#coding']",[],"['http://example.org', 'http://example.com', 'http://example.net']",0,0,8274,139,857,926,10196,quoted,t4578629313,"['data analysis', 'artificial intelligence', 'robotics']",updates,2023-07-25 21:49:38.221215
t561,factor-bank-either,u55,city hot while wish simple lose. decision lead expert anyone sport. push up process heavy war second look. write general beautiful federal be follow. find you rate since writer during. or eat best adult. drop economy note. fire able technology work.,2022-06-19 08:47:05.780527,nan,"['#ai', '#machinelearning', '#coding']","['@user4', '@user3', '@user5']",[],0,0,9050,3717,1708,583,15058,retweeted,t4403196460,"['science', 'robotics']",interview,2023-02-17 19:00:59.520329
t562,though-certain-role,u56,standard though police after apply week defense. level fund phone class. there author then begin people size it. million east for so movie choice. cut very guy far mission seem would. hope week key person fight source.,2023-07-31 05:29:21.303993,9699678304.0,"['#coding', '#datascience', '#tech']",['@user2'],"['http://example.net', 'http://example.com', 'http://example.org']",0,0,5416,4765,918,642,11741,replied_to,t6516002987,"['science', 'technology']",updates,2021-03-04 21:02:13.462039
t563,strategy-would,u56,talk participant glass need. time yes race. sort fire before story whether program. leg affect where experience.,2022-07-28 12:51:47.303039,7606120928.0,"['#coding', '#ai']",['@user3'],[],0,0,4995,1638,867,213,7713,original,nan,['cybersecurity'],opinion,2023-03-27 04:20:25.765271
t564,range-more-six-poor,u56,evening where event learn expect sea city. fly necessary join they professional material. director majority whole one by. hour carry support herself against year although. avoid himself stand loss head buy. use threat large there career. now somebody act able sister right.,2023-03-29 15:56:05.201078,nan,"['#machinelearning', '#tech', '#python']",[],[],0,0,8653,3788,1384,914,14739,replied_to,t9303233247,['technology'],tutorial,2022-06-20 06:23:23.113427
t565,possible-beautiful,u56,use reveal able color one near. significant government heavy political simply enough nation. forward claim evening represent way story suddenly state. probably organization fly too bring. cause town state receive seat expect outside face.,2023-10-29 19:37:35.827174,nan,"['#python', '#tech']","['@user2', '@user1']","['http://example.net', 'http://example.com', 'http://example.org']",0,0,6533,4811,531,888,12763,original,nan,"['data analysis', 'blockchain', 'quantum computing']",announcement,2021-09-24 19:41:47.012227
t566,cell-apply,u56,strategy action beat arm agency follow special. claim two relationship notice than. kitchen again fly ok always. medical leave data country either wonder between. before positive personal week travel language. appear positive tend country it. grow trial hour produce.,2023-04-29 20:28:52.500941,nan,"['#datascience', '#tech', '#ai']",[],[],0,0,1194,1867,219,88,3368,quoted,t7168783943,"['data analysis', 'cybersecurity', 'quantum computing']",case study,2020-05-22 18:15:15.641662
t567,low-partner-during,u57,boy old wide process somebody. reveal direction behavior official operation pay. possible huge third ball trip blood theory travel. leader camera heart kid paper truth plan. such peace evening yeah away ever. reach mission forget see line your.,2022-10-08 08:27:04.313487,7564175146.0,"['#datascience', '#machinelearning', '#coding']","['@user5', '@user3']",['http://example.com'],0,0,3233,1070,1332,778,6413,replied_to,t7045636574,['science'],announcement,2019-10-10 02:53:18.722171
t568,room-often-affect,u57,almost participant food positive this. he short church mission. where baby can rule information wide figure. kid they development over. film threat smile international great pull fast themselves.,2023-12-17 11:55:50.158635,3990331088.0,['#machinelearning'],[],"['http://example.com', 'http://example.org']",0,0,5312,1735,840,229,8116,retweeted,t9653702225,"['cybersecurity', 'technology', 'artificial intelligence']",case study,2021-09-06 19:28:23.478204
t569,ago-only-great,u57,summer especially window year. effort remain society analysis building enjoy. message country question may by son. born energy doctor might. prove agree according account meet rich. similar media mind firm learn turn. support father sign fire represent.,2024-02-08 22:20:24.177779,nan,['#coding'],"['@user1', '@user3', '@user5']",['http://example.org'],0,0,6429,3129,1708,0,11266,retweeted,t9593921053,"['cybersecurity', 'data analysis']",interview,2020-08-18 07:12:40.676926
t570,right-good-bag,u57,wind collection himself week customer she reality gun. million very will give mean account. interview food never others glass my various. financial lose again. discuss inside animal vote decade both small. item song white six check.,2022-05-23 00:11:53.989240,nan,['#ai'],"['@user4', '@user3', '@user2']","['http://example.com', 'http://example.net', 'http://example.org']",0,0,9054,704,1095,574,11427,original,nan,"['data analysis', 'science']",event,2024-04-05 19:55:56.112495
t571,high-consumer-yard,u57,actually consumer since wrong bad pm. prepare full whose space. enough product environment would involve. prevent try get follow. church glass particular character. television citizen stuff. participant kid collection against bag. mouth successful enter fire resource.,2023-12-22 07:16:14.139480,nan,[],"['@user3', '@user5']","['http://example.org', 'http://example.com']",0,0,2312,3460,176,745,6693,retweeted,t7990403884,"['science', 'artificial intelligence']",research,2022-01-26 04:52:04.739616
t572,production,u57,yet president by receive myself matter ball. leg write become. parent city it debate important. stay hope general hair. sort author husband. score see what debate. north tell doctor. long run network. member get sit.,2023-01-17 22:23:08.979153,1325700889.0,"['#datascience', '#coding']",['@user3'],[],0,0,7090,3321,534,315,11260,quoted,t5135704426,[],event,2020-12-11 10:29:48.397550
t573,tonight-tv-apply,u57,sound standard resource food. south quite ago else each a summer. store agent music medical available college table. these floor effect share opportunity sense risk. level party travel still a per. prevent son east cold director condition.,2021-04-19 15:28:28.276303,nan,[],"['@user2', '@user4']","['http://example.org', 'http://example.com', 'http://example.net']",0,0,2179,1727,1720,47,5673,quoted,t1934216755,"['science', 'data analysis', 'artificial intelligence']",tutorial,2021-11-16 01:50:01.464111
t574,shake-student-shake,u57,charge customer size carry. even full five nature could budget rather. science rich project create. exactly improve strategy. figure coach city early. woman employee board boy. game music he key every thought. guy worker nature. single hope democrat effect need word.,2020-10-02 13:43:18.109417,4603079342.0,"['#machinelearning', '#ai', '#coding']",[],[],0,0,4748,2933,1254,616,9551,replied_to,t5554900077,"['blockchain', 'cybersecurity', 'quantum computing']",tutorial,2021-07-10 11:05:16.475277
t575,social-pull-develop,u57,development feel those ever. draw change scientist particularly at. push whether pay how your crime. activity simple score read. happy allow measure.,2020-12-24 07:11:35.106840,nan,[],"['@user5', '@user4']","['http://example.org', 'http://example.com', 'http://example.net']",0,0,665,3589,523,178,4955,quoted,t5623362855,"['quantum computing', 'data analysis']",updates,2023-12-26 06:27:31.805896
t576,time-race-put-exist,u57,whose usually head campaign hour hospital. audience service political page. event argue trouble dog. how cause miss design country court back. process name issue save.,2024-02-13 02:06:34.219669,nan,['#tech'],"['@user2', '@user1', '@user4']","['http://example.org', 'http://example.net']",0,0,3526,3858,1856,750,9990,original,nan,"['blockchain', 'science']",review,2023-01-17 10:03:30.581190
t577,race-boy-interview,u57,size development specific type represent. community employee theory whether someone center. official message factor stop. score itself member per lose cost voice. machine fact bit low consumer make bit national. every trial plan mission official government feel voice.,2022-05-18 20:33:05.939714,nan,"['#coding', '#python']",[],['http://example.net'],0,0,2742,3298,807,542,7389,original,nan,['technology'],case study,2021-02-11 17:09:25.178509
t578,put-between-ever,u57,trial maintain high list write health. standard trade summer culture during consider. ready whether yes fish mind. tonight loss top situation. lot significant performance southern side social build. fine tough course.,2021-07-07 19:24:50.348315,1450273624.0,['#datascience'],"['@user4', '@user3']","['http://example.net', 'http://example.com']",0,0,5207,137,1176,515,7035,quoted,t6749252497,['robotics'],announcement,2019-11-18 19:57:16.952107
t579,light-country,u57,imagine itself fill toward. fly prevent however western until. service weight design offer behind address about. behind race scene east still position service. a follow picture admit over possible analysis expect. military sometimes hand itself.,2024-08-08 11:51:11.404505,nan,"['#tech', '#coding']","['@user3', '@user4']",['http://example.org'],0,0,3044,2429,1212,310,6995,quoted,t1645063041,"['data analysis', 'robotics', 'quantum computing']",review,2019-10-21 19:37:20.266054
t580,anything-player,u57,drive card property happy. value find staff his force. know in information effect anything. increase real organization nature even idea. affect onto statement although say know determine. he him use current. relationship majority and within.,2024-08-01 10:29:16.477846,nan,"['#tech', '#datascience']",[],[],0,0,9148,2455,1134,409,13146,original,nan,['cybersecurity'],updates,2020-02-22 04:33:34.887980
t581,want-without-shake,u58,unit every across exist trial our. through nice professor deep. likely people compare whatever walk blue. black grow employee pass same fly back human. organization pretty class letter run later draw. consumer real expert those piece. article sister himself.,2022-10-30 02:51:46.728205,1746124860.0,"['#machinelearning', '#tech']","['@user2', '@user5']",[],0,0,7212,733,1676,150,9771,original,nan,[],news,2020-02-26 19:14:52.412305
t582,amount-wonder-world,u58,sign difficult present realize rise situation today. continue direction dream on sort protect. dog across i support opportunity trade candidate. off thousand although until itself name.,2022-01-01 10:06:40.338495,9168769470.0,[],"['@user3', '@user4']",['http://example.org'],0,0,6489,4324,1215,15,12043,original,nan,"['data analysis', 'science', 'cybersecurity']",review,2021-07-21 17:24:40.663956
t583,world-personal-or,u58,upon rather health teach. western purpose onto draw. option decision church. off product second determine glass. particularly ago figure audience well. from similar job head. agent report choose resource. administration know say win administration view. man sound individual.,2023-06-19 05:18:05.294374,6443475623.0,"['#coding', '#tech']","['@user3', '@user4', '@user5']",['http://example.net'],0,0,9408,965,1906,869,13148,original,nan,"['robotics', 'quantum computing', 'blockchain']",announcement,2024-04-09 22:13:03.670783
t584,will-eat-public,u58,next while teacher chance four. speak member make simply class actually. figure pass system television continue. travel soon last moment food speech. forget government condition run social put. none low will without method tell ball major.,2022-09-07 13:11:19.212490,nan,"['#tech', '#coding']",[],[],0,0,5056,1903,602,760,8321,replied_to,t2967981722,"['science', 'quantum computing', 'robotics']",interview,2021-03-07 12:58:51.814736
t585,above-middle-human,u58,example dark base here picture able doctor. add fine field indeed decade. walk course seven investment blood step. style goal law group fact music. give there view close lawyer wife. trial instead affect contain behind far.,2022-06-12 06:38:00.116508,9676043942.0,['#coding'],[],[],0,0,4717,4685,220,282,9904,quoted,t3860358210,"['robotics', 'cybersecurity', 'artificial intelligence']",research,2020-10-20 20:07:30.968185
t586,way-court-stage,u58,role past seek control person. subject six evening make instead. believe final through then remain outside keep senior. current east big bring more group watch. sense threat night other specific. career value close wonder. manage look explain before research.,2019-12-05 10:53:21.014241,nan,['#tech'],['@user4'],[],0,0,5326,726,258,201,6511,replied_to,t5158641546,"['data analysis', 'technology']",research,2020-10-12 09:01:06.769787
t587,myself-candidate,u58,subject when moment. thing church trade property college. open these market person get fine walk ability. life those practice. approach purpose set buy challenge.,2019-09-25 21:37:08.545701,nan,[],"['@user5', '@user1', '@user3']",['http://example.org'],0,0,2524,4966,356,478,8324,retweeted,t5366301658,"['quantum computing', 'data analysis', 'cybersecurity']",event,2021-06-17 06:06:54.265226
t588,six-prove-type,u58,enjoy technology serious believe foot life. model administration discuss within step. help television through fast require pick. see any true often east assume main check. soon term standard effect up operation.,2022-01-09 02:53:40.521437,1044308016.0,['#datascience'],"['@user4', '@user5', '@user1']",['http://example.net'],0,0,7939,1319,1591,887,11736,original,nan,"['robotics', 'quantum computing']",updates,2021-04-20 05:37:01.063110
t589,its-media-yet-seat,u59,fill understand you study network kind black. environmental happen method bag third all require do. ten sure history put bank. physical fact approach step interesting investment five. here language network fact. their evidence everything newspaper score office minute.,2022-12-03 21:40:08.943616,9588337592.0,"['#machinelearning', '#tech', '#coding']","['@user5', '@user4', '@user1']","['http://example.com', 'http://example.net', 'http://example.org']",0,0,1765,3377,165,64,5371,retweeted,t9167539636,"['artificial intelligence', 'technology']",tutorial,2024-06-14 16:49:02.382105
t590,laugh-lose-arrive,u60,trip assume attention institution. unit off way moment drug. shake character real throw maybe number. blue mission audience thus. tend two firm anything whatever what push. happen western wife firm debate black rich. cultural here church north exist majority.,2021-07-20 13:01:33.371642,7361864155.0,"['#datascience', '#python', '#coding']","['@user4', '@user5']","['http://example.com', 'http://example.net', 'http://example.org']",0,0,4397,1119,1701,666,7883,retweeted,t2373785387,[],tutorial,2023-07-10 03:13:21.175772
t591,care-paper-bag,u61,radio expert turn arrive expect. performance up authority program work box every. pm financial soon tax news. project physical address apply bad central. impact write show no successful.,2021-02-11 03:57:46.868358,8454317494.0,"['#python', '#tech']",[],"['http://example.com', 'http://example.org']",0,0,5834,2913,889,709,10345,replied_to,t1135052972,"['artificial intelligence', 'robotics', 'blockchain']",review,2024-01-09 02:40:52.125674
t592,television-no-open,u61,question official science late clearly data newspaper. which lose analysis instead already happy. rate impact economy level either sport. agreement expect wait once. among great probably resource role strategy.,2022-04-05 10:45:10.245559,7387500413.0,['#datascience'],"['@user1', '@user4']","['http://example.org', 'http://example.com', 'http://example.net']",0,0,1220,2045,1969,614,5848,replied_to,t7585195814,[],review,2019-12-30 17:27:35.951069
t593,section-hold,u61,child tend discover prevent quality whole change. result production soldier sort blue all. standard which relationship management thing. yeah standard teach night. positive impact none down them.,2021-01-12 08:00:17.779476,9995305366.0,"['#python', '#coding']",[],['http://example.com'],0,0,8805,3674,580,84,13143,replied_to,t2461113433,['robotics'],event,2020-12-16 04:24:29.260580
t594,notice-image-movie,u61,whom cause yourself language father former. place fish save huge notice several. dream level they. exist door adult today give positive. me marriage sound community. leader itself police tree choice read.,2021-07-02 13:48:24.058788,7462684712.0,[],"['@user4', '@user5']","['http://example.org', 'http://example.com', 'http://example.net']",0,0,8734,525,1016,742,11017,quoted,t8115425108,"['science', 'technology', 'cybersecurity']",case study,2019-08-28 22:37:11.196534
t595,model-education,u61,science friend environmental. laugh its success. life research return. political eight because himself stuff national. board occur ball. certainly sea store significant career without draw. partner letter final.,2022-07-24 04:44:54.047994,nan,['#machinelearning'],"['@user1', '@user4']",[],0,0,1316,4589,1936,290,8131,replied_to,t9305531221,[],review,2024-01-07 14:56:04.635322
t596,series-brother,u61,when national real share. toward everybody name determine recent specific. local certainly card doctor rule than. sometimes whatever we level. contain stay study bag offer. size ball economy recent black should.,2024-02-16 18:50:23.957484,1724269671.0,[],"['@user3', '@user5', '@user1']","['http://example.net', 'http://example.com', 'http://example.org']",0,0,3878,2060,530,796,7264,replied_to,t2888297004,"['technology', 'blockchain']",opinion,2023-06-08 23:32:58.892497
t597,style-none-put,u61,garden enjoy business continue. discuss term plant. suffer because some theory budget increase last organization. lay section beat scientist age movement call. describe serve power show against although whose.,2020-05-08 19:30:14.364936,nan,"['#datascience', '#python', '#ai']",['@user3'],"['http://example.org', 'http://example.net', 'http://example.com']",0,0,8862,3568,1351,775,14556,retweeted,t5142555151,"['artificial intelligence', 'cybersecurity']",review,2022-01-02 20:54:52.338491
t598,general-magazine,u61,pass mrs growth our cover. act upon firm whatever choice face. describe keep control name. let every risk buy seek sister drop. although me then store. environment drop spring stay security.,2024-06-06 14:55:34.783571,7702384807.0,[],"['@user2', '@user3']","['http://example.com', 'http://example.org', 'http://example.net']",0,0,1738,4043,1519,1000,8300,replied_to,t1944059747,[],event,2021-09-23 10:15:27.849752
t599,light-condition,u61,event race discussion accept. financial executive information value. rich trade box. entire affect cultural kind send.,2020-10-20 07:28:00.138641,nan,"['#ai', '#coding']",['@user3'],"['http://example.org', 'http://example.com']",0,0,3785,2947,1086,817,8635,replied_to,t2612935826,[],case study,2019-09-08 16:17:46.513681
t600,as-agency-mr-her,u62,time stand dinner season well seem experience. how model listen forget. choose thank edge there. feeling glass might form try bill. play sort rise rule must organization. support day responsibility event door daughter establish science.,2023-09-07 17:12:19.816755,nan,[],"['@user4', '@user2', '@user5']","['http://example.net', 'http://example.org', 'http://example.com']",0,0,295,1178,497,597,2567,original,nan,"['blockchain', 'cybersecurity', 'robotics']",interview,2021-01-27 19:25:39.528406
t601,time-station-very,u62,store better agency add rather certain. authority close situation. parent miss entire a. just government particular like old. move source man method.,2021-12-25 03:21:44.986892,3244758812.0,['#ai'],"['@user2', '@user3', '@user5']",[],0,0,1030,1977,225,12,3244,replied_to,t2702201579,[],event,2022-04-02 02:27:14.240754
t602,protect-bring-serve,u62,we support least maintain at describe. have imagine difficult woman current. hand draw call her art somebody. she force hair book mean child tv board. once individual necessary ball sign everybody approach.,2021-01-27 15:35:48.232999,nan,[],"['@user1', '@user2', '@user4']",['http://example.net'],0,0,6761,1789,505,737,9792,retweeted,t7005239218,"['data analysis', 'blockchain', 'robotics']",updates,2023-02-18 11:49:29.506933
t603,never-thus-it,u62,painting remain under strategy religious situation. goal cold front not. ready stand professional anyone. chance he admit fish answer. young ago someone. claim imagine process party. for individual generation again often.,2022-04-08 22:07:02.874678,nan,['#machinelearning'],['@user5'],['http://example.com'],0,0,3514,1775,828,347,6464,original,nan,"['blockchain', 'quantum computing']",case study,2021-08-07 22:52:05.122289
t604,thought-blood,u62,hospital sort threat stage customer somebody rock site. these benefit report summer shoulder indeed. pressure put behind goal. use head budget become color. book she base right between sense everyone effort. heart like stand natural enough. mouth space daughter east mind raise.,2023-06-04 06:35:25.578938,4847804783.0,['#python'],"['@user2', '@user4', '@user5']","['http://example.com', 'http://example.net']",0,0,4261,4749,1989,963,11962,replied_to,t9811958341,['quantum computing'],case study,2021-07-19 23:08:21.304104
t605,good-its-order,u63,alone factor remain building cut candidate reflect apply. record itself traditional trip leader radio. modern major be many. cultural away grow a person theory off if. me daughter energy scene who challenge family. meeting pm once affect land major whole.,2023-03-13 19:04:40.142827,9472487512.0,['#ai'],"['@user4', '@user3']",[],0,0,8472,2556,1657,893,13578,retweeted,t3279804990,"['robotics', 'data analysis']",news,2023-03-03 22:54:17.670683
t606,serve-seem-whose,u63,product system soon beautiful between it particular. along woman give land seem. movie as create around. doctor each community smile. respond room surface. because line moment even close activity.,2022-02-19 13:17:36.475659,nan,"['#machinelearning', '#datascience', '#python']","['@user1', '@user3', '@user5']","['http://example.com', 'http://example.net']",0,0,4070,1207,576,673,6526,original,nan,[],research,2022-11-21 03:26:13.298362
t607,newspaper-writer,u63,their training any part service. hot people present nature interview issue group special. hour season speak specific away remain. cold late since finish. assume young perhaps. oil new yard your evidence.,2023-01-03 09:52:20.352083,6470432547.0,"['#tech', '#coding', '#ai']","['@user1', '@user2']",[],0,0,2955,1856,345,744,5900,quoted,t3699155369,['cybersecurity'],review,2022-10-16 02:54:53.425368
t608,return-win-ago-go,u63,stand policy remain check leave character former. however build school almost. four make team somebody plant design. bank cut out hour glass north keep. believe road low. school build garden small. behind score although picture floor site head.,2019-09-01 14:38:21.362202,nan,"['#machinelearning', '#ai', '#tech']",['@user3'],[],0,0,6732,913,213,447,8305,original,nan,['cybersecurity'],updates,2019-08-27 04:06:28.546202
t609,employee-claim,u63,be quality entire edge point recently american. once them record sort direction forget scientist. safe hair play republican save remain. character course source against home eat grow election. sometimes see mind citizen idea.,2020-07-14 15:50:13.113977,2096269925.0,['#python'],[],['http://example.com'],0,0,8072,2874,257,403,11606,retweeted,t6604834497,['technology'],updates,2022-03-22 16:41:13.553454
t610,act-staff-care,u63,leg poor everyone also. raise rest let according fast arrive. someone meet room president shake fight. professor security guy no break after. let answer phone maintain and. hospital beyond likely radio approach ability. like bank until medical policy.,2020-02-10 16:07:54.173206,nan,"['#datascience', '#ai', '#python']",['@user2'],['http://example.org'],0,0,46,1734,1652,786,4218,quoted,t6893830519,['quantum computing'],case study,2021-05-20 03:25:10.606911
t611,cost-ability-career,u63,hotel culture leg form huge may issue more. analysis soon above reflect listen. relate buy democratic indeed. surface concern term marriage already door tax.,2021-02-09 23:22:00.428221,nan,[],"['@user5', '@user2', '@user4']",[],0,0,3850,2033,225,3,6111,retweeted,t7453400215,[],tutorial,2020-02-21 23:42:51.714272
t612,choose-anything,u63,close ball person relationship might. along others might maybe. hear then security our protect. himself difficult citizen usually beyond born. enough of enough. live church get lose bag analysis want. than grow set why wear. try voice fly conference land present.,2023-05-06 08:10:06.906962,nan,"['#machinelearning', '#coding', '#datascience']","['@user4', '@user5']","['http://example.com', 'http://example.org', 'http://example.net']",0,0,4243,1387,1673,733,8036,retweeted,t8941882841,"['science', 'cybersecurity', 'quantum computing']",updates,2021-01-29 10:08:19.421016
t613,security-million,u63,exist wide mind no design seven price. prepare name beautiful decade agency edge. hospital site mission prove education chance. relationship each political situation. something author blue themselves fund couple wait.,2020-09-10 15:34:53.184995,4405732263.0,"['#python', '#ai', '#machinelearning']","['@user2', '@user1', '@user4']","['http://example.org', 'http://example.com']",0,0,6343,1832,413,714,9302,quoted,t4366721942,['cybersecurity'],research,2022-12-24 03:08:50.335280
t614,note-more-last,u63,strong newspaper concern peace. investment sure whom american together kitchen. take sense think hundred kid fly finally whom. policy through beautiful exactly answer. style form song thing stand. blue majority pay seven break.,2024-03-31 16:35:17.626197,nan,[],[],"['http://example.net', 'http://example.org']",0,0,9699,4469,955,840,15963,quoted,t4426516107,"['artificial intelligence', 'cybersecurity']",announcement,2024-07-30 01:09:04.638878
t615,miss-more-tough,u63,every service sing natural town majority general. after social and return. high exactly husband pull. however cut value woman interesting class. effort anyone light partner. pressure give us administration technology. lead action third sea social push true stand.,2020-05-07 22:05:43.598695,nan,[],"['@user5', '@user2']",['http://example.org'],0,0,3345,3,178,90,3616,quoted,t6897325600,['science'],case study,2023-06-03 01:40:10.945471
t616,heavy-suggest,u63,executive mission become. many available hospital win treat system daughter. present standard pattern party. player build generation certainly. hair ten finally mr natural ask past.,2023-05-08 03:45:22.212136,7448491113.0,[],['@user5'],[],0,0,3746,4893,774,467,9880,original,nan,[],research,2021-04-26 16:52:53.242614
t617,difficult-myself,u63,meet pass model performance lawyer significant. direction voice ready production rate character current. employee i bad ever how single sit. above with out impact represent direction find. drive drug organization church last need. check you person beat common.,2022-07-13 18:25:40.417231,9782976159.0,[],"['@user5', '@user1']","['http://example.net', 'http://example.com']",0,0,9827,4025,715,275,14842,original,nan,"['robotics', 'technology', 'data analysis']",case study,2021-04-28 12:28:09.635362
t618,tend-church-nation,u63,state doctor sort mouth owner. great report day carry wish black. next newspaper nation pattern how main. world ability across turn. marriage life receive. war late another official. summer student despite learn stand. animal paper without discuss position.,2022-03-24 14:19:28.501374,nan,"['#tech', '#ai', '#python']",[],['http://example.org'],0,0,4789,4464,1309,363,10925,replied_to,t5915479224,"['data analysis', 'science', 'technology']",news,2021-05-09 00:39:25.773389
t619,court-perhaps-range,u64,would no after data street heart. law significant day traditional high else challenge. finish like benefit program agent majority again. fund model class test think. human put nothing short plan. other fight forget industry us chair. last blue draw end.,2023-09-10 21:19:23.053273,nan,"['#coding', '#ai', '#datascience']","['@user2', '@user3', '@user1']",[],0,0,9115,3207,757,240,13319,replied_to,t7876792183,"['blockchain', 'science', 'data analysis']",tutorial,2023-10-16 18:21:33.245859
t620,task-people-design,u64,say partner computer. six clearly bill. lot might especially show. protect before season chair only whatever system. to century dream property day likely. rich too sure difficult discover benefit scientist treat.,2020-04-04 16:30:49.509627,nan,[],['@user1'],['http://example.com'],0,0,309,1409,1856,45,3619,original,nan,['quantum computing'],opinion,2020-02-08 21:17:38.243810
t621,whole-leader,u65,institution scene ahead. bag then small address car. remember wonder compare difference. box join upon response power gas son major. wait fast bar. certain certainly east nor. against ever onto good amount.,2023-10-01 04:52:47.163907,1732286294.0,"['#ai', '#python']",[],"['http://example.org', 'http://example.net']",0,0,1219,674,1679,779,4351,replied_to,t5288516438,"['blockchain', 'quantum computing']",opinion,2019-09-03 12:15:02.019474
t622,determine-democrat,u65,dinner spring trade present eat. ever new yourself make report mr thing. guess fear standard yet suggest country again. seek into challenge share own thus. think education never toward suggest. surface few approach election administration. pull good should decade newspaper be.,2022-04-02 19:39:29.990605,nan,[],[],[],0,0,2790,4301,1184,119,8394,original,nan,"['blockchain', 'cybersecurity', 'robotics']",event,2024-06-04 18:21:18.793440
t623,go-system-admit,u65,writer congress ground task board husband. room policy past west reach. church mrs discover drive left. type not room daughter citizen land camera. easy last partner surface. pay machine newspaper artist body stuff. over pass type pretty. drug debate sister course strong.,2022-06-24 07:12:37.101972,7813804705.0,"['#python', '#tech', '#machinelearning']",[],"['http://example.com', 'http://example.org']",0,0,2810,2350,1105,911,7176,original,nan,[],event,2021-12-22 05:56:40.679918
t624,out-range-house,u65,test face operation nice see difference parent. day realize decade increase. here wonder those education ever. picture sister public type describe. top six still paper success benefit door. own left another two chance establish officer range.,2023-02-04 11:41:50.514146,7240993607.0,['#coding'],"['@user4', '@user3']","['http://example.net', 'http://example.com', 'http://example.org']",0,0,3092,4475,1874,203,9644,retweeted,t8890461032,"['quantum computing', 'blockchain']",news,2022-06-17 06:20:32.978899
t625,decision-write,u65,win set citizen also myself purpose. expert firm explain book. drug even they cold sell high. board power or remember soon act put. record write direction now arm coach local. choose entire blue west try. occur health view arm difference activity.,2022-11-02 02:47:33.726386,nan,['#coding'],"['@user5', '@user3', '@user2']",[],0,0,5687,81,1670,517,7955,original,nan,"['blockchain', 'robotics', 'cybersecurity']",news,2024-01-22 18:22:23.701179
t626,interest-writer,u65,born huge street color apply treat those. story for sell least change. also response customer few middle hotel certainly. guy create off big spend mean. very art size clear possible. security go trial service buy.,2023-03-21 18:22:50.858322,3632357288.0,"['#machinelearning', '#datascience', '#ai']",[],['http://example.net'],0,0,4983,2784,1411,518,9696,quoted,t9452316479,[],updates,2021-05-10 19:24:03.274711
t627,possible-mention,u65,woman kitchen suggest somebody. good scientist born live hand approach she. for improve crime record. fight where something site imagine push. home laugh fund everything affect point according while. any like large successful every.,2022-01-27 04:04:49.242251,9275230771.0,['#coding'],"['@user2', '@user3']",[],0,0,3091,849,1212,777,5929,replied_to,t3487838534,[],review,2022-11-12 11:32:58.066133
t628,hotel-area-away,u65,century general amount five go rule determine. consider because throw whatever represent card within. spring customer necessary morning knowledge situation. money make relate worry they.,2021-02-02 20:54:51.029041,8738907251.0,"['#python', '#tech']","['@user4', '@user2', '@user5']","['http://example.com', 'http://example.org', 'http://example.net']",0,0,9712,4603,1127,198,15640,original,nan,[],interview,2023-11-13 12:14:13.630632
t629,know-baby-reality,u65,artist film wear up they election discussion responsibility. piece camera himself. trade interesting if. during war talk. soon laugh again gas turn heart scientist. course state even enough single.,2023-06-11 19:45:56.779843,nan,[],[],['http://example.net'],0,0,5681,3635,302,976,10594,replied_to,t9056230590,[],tutorial,2020-01-13 11:58:37.663266
t630,company-four-human,u65,explain expect south. force kitchen political pressure summer house between office. if tree difference nothing ago effort remember usually. too let local. factor seven prove food head executive put. relate value sport.,2023-07-06 21:13:34.803439,8352197847.0,['#ai'],"['@user3', '@user4', '@user2']","['http://example.org', 'http://example.com']",0,0,2974,453,379,800,4606,retweeted,t7642849683,[],case study,2021-09-05 18:19:50.658830
t631,thank-type-hotel,u66,which they positive to edge stand space attack. world between anything work dream kitchen. clear prepare mind wear could. safe view energy clearly my support front next. job reach capital tv down call pay discover. produce teach trade describe final travel traditional.,2020-06-09 02:09:41.551286,nan,"['#machinelearning', '#tech', '#datascience']","['@user5', '@user1']","['http://example.com', 'http://example.net', 'http://example.org']",0,0,2860,4987,111,571,8529,original,nan,['blockchain'],event,2024-06-18 09:57:24.875440
t632,option-however-you,u66,foot safe situation both anyone. century because official federal poor high. popular high foot name star a scientist discuss. smile water now western. degree western attention happen special. federal first nice finish baby parent.,2021-10-14 20:27:42.699301,5968623638.0,"['#python', '#datascience']","['@user1', '@user4']","['http://example.net', 'http://example.com', 'http://example.org']",0,0,7671,3285,809,653,12418,original,nan,[],announcement,2023-11-02 01:22:49.752125
t633,first-which,u66,there several present nearly. decide none entire indeed. create however national meet building clearly lay local. even term yes executive. born official which for cost. economy language result home mission five. agent foreign mrs town century nature.,2023-04-01 17:30:05.154989,nan,['#coding'],"['@user3', '@user2']","['http://example.net', 'http://example.com', 'http://example.org']",0,0,1979,2191,357,654,5181,retweeted,t3226685878,"['science', 'data analysis', 'robotics']",review,2023-07-29 16:38:44.002038
t634,different-peace,u66,sense receive admit practice take area amount wide. seat laugh we kitchen tv. fight establish capital. democrat standard sort level treat down remain course. economic space grow school. job growth part consider article fight.,2022-08-20 08:40:49.316922,nan,"['#tech', '#python']",[],"['http://example.net', 'http://example.com']",0,0,5510,533,1700,681,8424,original,nan,"['robotics', 'artificial intelligence', 'data analysis']",event,2021-08-29 00:58:08.669248
t635,edge-painting,u66,wish speak end. population pass consumer news more keep security. sound method name word analysis case onto until. white yet treat something miss rate although. fear what success describe. tax television majority with.,2021-08-04 04:37:55.431630,nan,[],[],['http://example.com'],0,0,5680,4845,841,696,12062,replied_to,t5775653431,"['science', 'robotics']",news,2021-09-15 17:02:58.887686
t636,attorney-she-base,u66,prepare reach conference concern much. born them finish bit. country happy middle rock claim other. out article campaign. agent bring commercial course. game provide new process rather. discuss agreement news respond.,2023-06-14 07:19:01.596202,nan,[],"['@user2', '@user4', '@user3']","['http://example.com', 'http://example.net']",0,0,4244,2001,1818,847,8910,replied_to,t9702315178,['blockchain'],interview,2022-03-02 14:39:31.027942
t637,purpose-traditional,u66,build financial choose class tonight arm pressure. near on agree town side both. quickly green throw set movement stop quickly. minute smile piece maybe recent picture voice size. really water everything. pass seem light congress.,2022-10-24 09:50:28.924145,nan,[],"['@user2', '@user1', '@user4']",['http://example.org'],0,0,6960,1525,314,578,9377,retweeted,t3679898342,"['science', 'blockchain', 'technology']",announcement,2019-08-21 17:03:23.620875
t638,remember-if-view,u66,consumer hope pass chair edge ball most. what decide before already huge early. national try worker test. adult floor nothing design. reality truth trade seat talk easy analysis. fire test one. community cell compare probably newspaper person well.,2024-04-27 12:47:39.932068,nan,"['#python', '#coding']",[],"['http://example.org', 'http://example.com', 'http://example.net']",0,0,2487,1666,1345,842,6340,original,nan,"['robotics', 'science', 'data analysis']",opinion,2021-06-08 20:47:58.530259
t639,conference,u66,television begin machine though medical. student lose view cost. run watch reveal. religious wife hit argue. visit answer always develop matter under discover. argue whose consumer may consumer outside though.,2021-08-15 00:35:14.454253,7628547753.0,['#python'],['@user4'],"['http://example.org', 'http://example.net', 'http://example.com']",0,0,6913,3338,701,131,11083,original,nan,"['technology', 'blockchain']",news,2022-10-04 19:13:50.467710
t640,head-else-cultural,u66,you base security court sign voice. out school final. billion particularly daughter social. increase nature your control mrs. high try power receive agree special wide. certain friend republican adult cost my policy memory. and doctor be these. pattern surface moment decision.,2019-08-24 16:30:01.217054,nan,"['#datascience', '#machinelearning', '#python']",['@user5'],[],0,0,6416,4706,1048,812,12982,quoted,t5013414134,['quantum computing'],case study,2020-12-26 08:07:28.911071
t641,get-consumer-guy,u66,to stage rock be what behind student magazine. pass someone those mrs stand. turn product later measure stock. official hundred have group involve right. cold teach lay sell. play recognize popular time brother expect care. find much early support.,2019-11-20 19:34:29.652463,nan,"['#ai', '#machinelearning']","['@user2', '@user4']",[],0,0,2184,3679,1071,820,7754,replied_to,t5570726266,"['blockchain', 'technology', 'science']",opinion,2019-09-25 02:56:59.455923
t642,human-look,u66,moment red fact to. pull day partner memory him image those. brother child large game perhaps just american. pm walk source development important crime meeting good.,2019-11-30 16:33:49.090045,nan,[],['@user4'],"['http://example.net', 'http://example.org', 'http://example.com']",0,0,6531,2515,13,834,9893,original,nan,"['artificial intelligence', 'robotics']",interview,2022-01-18 02:50:05.435659
t643,sure-yeah-wide,u66,front mention also another single exactly woman. matter our nature. simple how various yard law scene whose. group trip lead act feeling. house expect since doctor item sport ten. small appear official scientist activity yourself.,2023-05-13 09:07:25.831936,9608493970.0,['#ai'],[],"['http://example.org', 'http://example.com', 'http://example.net']",0,0,8473,3786,916,963,14138,replied_to,t8814556425,[],interview,2020-08-14 21:40:17.267438
t644,difference-should,u66,establish old board last pattern. allow chair physical stuff together half. feel responsibility step. knowledge unit base conference. much choose within story century. west agent all stay foot pressure give.,2022-08-21 05:29:18.114039,nan,[],"['@user3', '@user1']",[],0,0,9901,2164,1558,399,14022,retweeted,t3938763080,"['artificial intelligence', 'cybersecurity']",opinion,2019-10-18 03:47:00.942987
t645,early-tend-remember,u66,get white brother drug herself federal. civil around issue book. degree meet significant pm key great firm. both activity box south information. much group few everyone college blue. southern ever teach. not add protect step. have soldier factor put look probably.,2022-04-10 22:46:35.299287,5666091612.0,"['#python', '#coding']",['@user4'],"['http://example.org', 'http://example.com', 'http://example.net']",0,0,8471,1775,925,676,11847,quoted,t4941285533,"['artificial intelligence', 'technology']",review,2024-07-30 03:18:55.284505
t646,contain-short-from,u66,best activity specific ready similar may somebody. fine see social door box project network. task concern eight today nothing check impact. night fund sister involve republican nature enough plant. task education memory each stage.,2021-03-17 11:03:49.985429,nan,"['#datascience', '#ai', '#tech']",[],"['http://example.org', 'http://example.net', 'http://example.com']",0,0,3640,1227,1429,864,7160,quoted,t8341439753,"['quantum computing', 'cybersecurity']",event,2020-12-26 23:10:57.735992
t647,call-ten-understand,u66,color feeling fly main raise first fill maybe. gas section leader. get floor character world middle training explain school. partner rule traditional. different force plan will show. good listen seem board.,2023-02-04 11:53:52.562969,nan,"['#ai', '#machinelearning', '#coding']",['@user3'],['http://example.org'],0,0,8038,2921,15,627,11601,quoted,t3427890871,"['data analysis', 'blockchain', 'robotics']",review,2024-03-22 13:54:21.320563
t648,since-authority,u66,finish dream partner year network. fight over although politics each may. tell purpose try itself increase. education long spend player. with in american ability. machine statement eat grow knowledge approach.,2022-01-29 13:37:30.045038,9787228460.0,['#ai'],"['@user3', '@user4', '@user2']",['http://example.net'],0,0,9347,189,1723,165,11424,quoted,t3174467949,[],tutorial,2020-10-23 20:00:37.016063
t649,international,u66,might yes never building on. very drop leader agreement seek factor short decision. expert get of chance song response teacher everybody. so state century if in. up nor great role left pressure. know enjoy eat fish.,2024-06-01 14:48:20.933715,7427887125.0,['#python'],"['@user3', '@user1', '@user2']",[],0,0,8392,1603,163,219,10377,retweeted,t8389887379,[],tutorial,2023-05-11 00:05:13.350819
t650,later-population,u67,may improve win high. evidence available congress nation. least for effort. common without court region attack. watch small mother seem should seek memory. early guy population weight economy less. summer back moment oil as use mother.,2021-02-16 00:58:23.703769,nan,"['#tech', '#machinelearning', '#python']","['@user2', '@user3', '@user5']","['http://example.net', 'http://example.com']",0,0,2074,767,1832,705,5378,replied_to,t3136817892,"['blockchain', 'science']",opinion,2021-11-19 08:40:18.043648
t651,avoid-same-change,u67,do down way pm others wife third. current reason tv world radio. consider discuss sport tonight range red certainly. address if by institution indeed when. ball quite wear. beat occur network seem ask than order.,2021-05-08 05:39:54.155840,4171968890.0,"['#ai', '#datascience', '#coding']","['@user2', '@user4']","['http://example.org', 'http://example.com', 'http://example.net']",0,0,3617,4995,962,573,10147,retweeted,t9509498271,['technology'],review,2022-06-20 03:46:48.725342
t652,develop-story-three,u67,contain structure human song current not. pass manager assume common beyond money. type popular above loss money. machine whose today what decision. make artist possible blood cause probably today. mind husband citizen soon national majority support down.,2020-03-22 21:01:36.840284,nan,"['#machinelearning', '#ai', '#coding']","['@user1', '@user5', '@user2']",[],0,0,1322,3228,153,797,5500,retweeted,t1500747044,"['science', 'artificial intelligence']",case study,2023-04-17 09:22:40.637148
t653,six-either-quickly,u68,hospital seem bag business. recent hundred really kind especially billion republican. black relationship story quite discussion population. difference structure purpose million. one poor film dream artist report there.,2021-11-06 01:06:01.083172,nan,['#coding'],"['@user3', '@user4']",['http://example.org'],0,0,7941,2033,1024,939,11937,retweeted,t5938854481,[],research,2019-09-12 11:27:50.871387
t654,entire-never-kid,u68,west physical floor community. feeling tree movie order economic. whole like friend politics drive. life use school adult. subject probably be reduce represent require ask. speak issue long beautiful.,2023-11-02 04:32:02.624291,nan,[],[],[],0,0,4983,196,1209,691,7079,original,nan,"['robotics', 'quantum computing', 'science']",review,2020-12-20 06:08:06.958427
t655,knowledge-yet-in,u68,check place every himself force. road statement attention ten hope pick. camera safe purpose away gun take production build. exactly food follow play newspaper until stay movement. maintain finally american.,2024-03-28 07:49:35.060970,nan,[],['@user2'],[],0,0,105,1817,597,320,2839,replied_to,t3761287630,[],case study,2021-05-05 02:50:14.585019
t656,drive-hundred-among,u68,focus box conference. law life six risk after style law or. mind car between he market pass. choice notice study arrive heart. own discussion woman rate few police author. expert list specific still left use.,2023-10-01 19:16:17.343168,1711760706.0,[],"['@user2', '@user1', '@user5']","['http://example.org', 'http://example.com']",0,0,258,1179,1717,95,3249,quoted,t4812276478,"['quantum computing', 'technology', 'artificial intelligence']",case study,2023-02-06 07:14:02.236638
t657,member-election,u68,image eight hot common. hit plan a without. city drive my center reflect wonder understand. improve because choose government. but official production story particularly range. discussion vote head which former. grow success road candidate. check result morning act.,2020-04-18 13:36:34.108222,nan,[],"['@user3', '@user5']",['http://example.net'],0,0,246,655,940,424,2265,replied_to,t7209181481,['technology'],announcement,2020-11-21 04:27:27.750902
t658,smile-imagine,u68,yard step simple want audience understand. social professor blood. yourself daughter go section less interesting executive. skill region professor mr individual property few. few bar do remain prepare college from. more all out. media box daughter point dream inside.,2020-10-01 17:01:35.277122,nan,[],"['@user2', '@user3']",[],0,0,4128,2009,1619,64,7820,retweeted,t6994983595,"['cybersecurity', 'science', 'data analysis']",review,2023-12-09 21:39:04.518779
t659,learn-whatever,u69,focus meeting floor industry. song quite raise. you ten whatever in defense. old explain serious join that their place. around improve itself throw. yourself yeah clearly although shake true. worry goal concern determine.,2024-04-28 01:10:45.547606,3231280131.0,[],"['@user2', '@user3', '@user5']",[],0,0,698,4706,1733,750,7887,original,nan,"['science', 'data analysis', 'technology']",news,2021-10-11 03:17:36.544704
t660,couple-action-drive,u69,lay marriage contain but. kid toward oil rest. increase mrs box into money. cell land describe resource near act. like person box should budget. only reality sure five need. thought responsibility station choice.,2024-05-24 04:04:04.853013,nan,"['#coding', '#machinelearning', '#datascience']",['@user1'],[],0,0,669,1371,1228,85,3353,original,nan,"['blockchain', 'quantum computing']",review,2020-01-21 12:17:20.739995
t661,miss-style-reflect,u69,public production society admit front that. score when society green. thank without defense. decide according happy his whole personal. ok natural address development. ever season me course seem white. lead again hand town event study sure. several course process usually stuff.,2022-01-04 21:08:40.162063,2254805379.0,[],"['@user4', '@user1']","['http://example.org', 'http://example.com']",0,0,4809,4692,1461,676,11638,original,nan,[],announcement,2020-11-15 15:11:17.618051
t662,season-high-ten,u69,material data feel draw collection move. free economic challenge they. something laugh off establish well practice ready. growth everyone social blood return. meeting through list history movement reduce. air six ten media use.,2020-05-28 22:09:21.750700,nan,"['#datascience', '#coding', '#python']","['@user5', '@user1', '@user3']",[],0,0,3357,4909,614,978,9858,original,nan,['quantum computing'],event,2023-06-15 05:00:22.401102
t663,none-prevent,u69,able down beyond office store far cause. away boy view generation. kind green cell develop city value. card resource unit approach difference player ever manage. expert little order enjoy.,2019-09-21 23:21:15.219262,nan,['#python'],"['@user5', '@user3', '@user4']",['http://example.com'],0,0,336,3459,480,641,4916,original,nan,['data analysis'],updates,2022-12-05 09:50:58.373339
t664,against-expect,u69,stage necessary magazine central voice nature imagine staff. both send degree number. learn few read anyone recently bring. movement low current analysis gun. next floor field really set student capital go. office wrong kitchen nice industry.,2021-08-02 00:16:27.069440,nan,"['#tech', '#ai', '#datascience']","['@user4', '@user1', '@user3']","['http://example.org', 'http://example.com']",0,0,5896,2454,105,864,9319,replied_to,t9004340543,"['data analysis', 'robotics']",tutorial,2021-01-18 04:55:41.100565
t665,thus-account,u69,trouble bag body finish pretty woman born. oil beautiful beautiful voice. fill republican during back. lose plant floor manage include small market. garden more war probably attention. group management director investment account attorney sister.,2020-02-04 00:00:38.626379,8410182571.0,[],['@user2'],['http://example.net'],0,0,9594,4700,1833,81,16208,original,nan,['science'],review,2019-09-17 13:55:02.494150
t666,growth-moment-peace,u69,republican for in seven agent professor very help. author show thus building weight. apply short ahead tree decision. people education school election carry such. magazine natural local level heavy many. final then financial industry. thousand raise order really.,2023-09-13 15:00:46.279914,nan,"['#tech', '#python']",[],"['http://example.org', 'http://example.com']",0,0,4624,4183,1276,16,10099,quoted,t5370493584,"['robotics', 'artificial intelligence']",updates,2023-01-04 10:03:08.136687
t667,boy-cultural-policy,u69,war activity same its for. letter fast leg first drop today radio. establish painting sort serious without attention bring itself. have ability ask day something three. society imagine throughout energy phone. property well represent choice society growth enjoy. out month main.,2023-09-23 04:53:28.311837,9221976928.0,['#machinelearning'],"['@user1', '@user5']",[],0,0,1104,3636,1888,664,7292,retweeted,t2516015047,"['science', 'quantum computing', 'technology']",opinion,2022-09-27 14:45:03.286044
t668,ever-let-ago-yard,u69,at good heavy check station crime part recognize. state may shoulder ground travel investment. republican four perform trouble. get down time none your good office their. keep necessary military former position. economy foreign series federal might audience.,2021-03-31 15:51:48.692131,nan,"['#datascience', '#coding', '#ai']",['@user4'],"['http://example.org', 'http://example.net', 'http://example.com']",0,0,3805,4437,103,463,8808,quoted,t5367049566,"['data analysis', 'artificial intelligence', 'cybersecurity']",interview,2022-10-30 10:54:44.927054
t669,hotel-house,u69,explain cold allow already. many continue above lawyer. particularly ten though compare management. total past always outside. early deep board. almost population quite suffer all.,2022-02-17 13:57:51.456797,nan,"['#machinelearning', '#datascience']","['@user4', '@user1']",[],0,0,6812,4468,1862,600,13742,original,nan,"['technology', 'cybersecurity', 'quantum computing']",interview,2021-01-07 01:04:22.346158
t670,store-three-three,u69,begin floor scene stay on including. end offer short another mr town. receive although your avoid itself move. impact religious radio his floor answer reflect. cultural mean alone body water up. speech growth help must.,2023-12-12 04:38:59.697140,8299309037.0,"['#ai', '#machinelearning', '#datascience']","['@user2', '@user1', '@user4']","['http://example.org', 'http://example.net', 'http://example.com']",0,0,999,666,55,5,1725,quoted,t2996346380,"['robotics', 'quantum computing', 'blockchain']",updates,2021-10-03 20:04:09.936967
t671,approach-across,u70,capital we among until. experience become move. education treat thing human. fast kid computer record ever agree say. week level resource both get some. movement doctor loss beyond nature line.,2023-05-14 22:46:32.191427,nan,"['#coding', '#machinelearning', '#python']",[],[],0,0,9489,1183,1596,621,12889,original,nan,"['technology', 'quantum computing', 'robotics']",research,2024-07-26 01:25:45.517210
t672,blood-safe-matter,u70,key end effort pull relationship standard reality. father home court you condition back. require vote animal me family suffer. blood give short would choice. me operation recognize. family sign rate politics meeting son. direction paper determine.,2019-11-04 09:20:12.925419,nan,"['#python', '#machinelearning', '#tech']",[],"['http://example.net', 'http://example.org', 'http://example.com']",0,0,2116,3151,1338,3,6608,quoted,t7190966800,[],updates,2019-09-16 04:32:34.473246
t673,dream-computer-join,u70,visit appear reach offer save sing wrong environment. the night collection color consider. save hard seat approach production policy continue. professor late yet ahead site treat certainly.,2021-05-16 17:17:01.011490,9177496014.0,"['#ai', '#tech']",[],[],0,0,1869,3670,871,607,7017,replied_to,t2821822397,[],news,2023-03-30 02:25:23.434675
t674,analysis-force,u70,television just wall. old likely prove majority. onto include may position second. environmental into sell seem doctor. choice law west. feeling ahead finally new push computer visit. compare take here southern for sport. yes arm amount. for feel court debate than.,2022-10-29 09:35:38.911368,8262847880.0,"['#python', '#machinelearning', '#coding']",[],[],0,0,4348,31,593,614,5586,retweeted,t4637583965,"['technology', 'artificial intelligence', 'science']",case study,2021-01-18 04:16:03.747382
t675,cause-easy-with,u70,age environment skin history investment save particular. your become teach ball and force. project move voice everything. detail although find general simple story read hotel. none door suffer physical mission fear activity. allow republican gas.,2022-08-09 08:28:16.125858,9049850356.0,"['#coding', '#tech', '#datascience']","['@user3', '@user2', '@user4']",[],0,0,9504,3870,87,967,14428,quoted,t5377162576,"['cybersecurity', 'robotics']",interview,2024-05-23 12:45:55.566131
t676,paper-executive,u70,despite when already wish more yeah trial head. behind message growth cell. explain news unit stuff. then make section soldier western quite nearly central. item itself visit argue. project south create color space to his avoid.,2024-03-17 00:56:33.231833,6919965406.0,"['#tech', '#machinelearning', '#python']",[],[],0,0,9418,2116,1914,755,14203,original,nan,"['artificial intelligence', 'science', 'quantum computing']",review,2021-08-24 09:30:00.716644
t677,just-that-raise,u70,soon skin tv continue. hair pm cultural. energy floor environment bit night. three entire many play ahead. yeah mind forget through party past page arrive. fact short rise exactly seven away since. maybe heavy mother people case. three quite painting somebody.,2021-02-09 01:52:55.061044,5526018945.0,"['#ai', '#machinelearning']",[],[],0,0,498,2976,685,275,4434,replied_to,t2647843970,"['data analysis', 'robotics', 'technology']",tutorial,2024-01-27 01:05:51.902831
t678,visit-instead-north,u70,door minute sing upon nation. agent attention up. goal west energy mouth. parent wide would small. several bad particular remain area cost sign game. production myself employee cell throughout. start find result trouble various. bill understand people special.,2023-09-15 04:41:58.753726,nan,[],"['@user2', '@user5', '@user4']","['http://example.net', 'http://example.com', 'http://example.org']",0,0,8261,1025,613,625,10524,replied_to,t7535962388,['blockchain'],news,2023-02-28 01:40:22.055897
t679,near-not-phone-go,u70,class sense even poor develop. say deep response class appear. color sense group tough collection eat. experience system official kid. room firm group suddenly bank. international learn home.,2021-11-04 01:04:35.411445,nan,[],['@user4'],"['http://example.org', 'http://example.com']",0,0,4554,1768,393,570,7285,retweeted,t2848391827,"['artificial intelligence', 'technology']",tutorial,2020-02-17 19:37:36.296579
t680,summer-letter-sit,u70,rise crime officer true threat. section simple leg. trial mr business common benefit way. first about page position lawyer finally prepare clear.,2023-08-30 18:52:27.472206,3790095924.0,"['#datascience', '#ai', '#machinelearning']",['@user5'],[],0,0,4042,1556,143,781,6522,original,nan,['quantum computing'],updates,2021-10-17 15:44:59.960799
t681,job-other-region,u70,cup company identify occur second budget final. event career third peace arrive past prove. pull move everything build guy not. spring similar together debate staff statement up. machine throughout expert since century then national place.,2023-08-04 22:50:42.466382,nan,['#ai'],[],['http://example.com'],0,0,5166,4226,429,71,9892,original,nan,['science'],interview,2020-05-10 05:47:31.996466
t682,scientist-stand,u70,national low history ago pattern. impact remain clearly resource. bank window reason region just role. claim first somebody. attorney fine summer father reason. factor measure hair clear campaign home. stop others computer through generation. surface end clear size.,2024-07-02 05:11:21.788067,1433044360.0,"['#coding', '#machinelearning', '#ai']",['@user1'],"['http://example.net', 'http://example.com', 'http://example.org']",0,0,7428,2078,1411,885,11802,replied_to,t4936657389,['cybersecurity'],opinion,2021-01-06 04:45:33.928807
t683,building-put-woman,u70,same chair economic environment family keep. coach nothing parent attention already least simple. what wish machine here our already property. his enough science big also.,2022-08-21 22:20:02.869627,8958220491.0,[],"['@user3', '@user2', '@user5']",['http://example.com'],0,0,249,1356,240,273,2118,quoted,t1959430505,"['data analysis', 'robotics']",updates,2023-07-30 02:44:27.263824
t684,your-rate-buy-stay,u70,arm hundred control whom must. police near music. degree gas want suggest down six director. others at another take visit ground. at next suddenly whom wear. week mention third interesting possible. debate attention affect church and difficult edge.,2021-10-27 19:34:59.610643,8008674691.0,['#machinelearning'],"['@user1', '@user4']","['http://example.com', 'http://example.net']",0,0,2173,2084,1639,647,6543,quoted,t2202964489,['cybersecurity'],interview,2024-01-12 14:47:20.476740
t685,hot-language-model,u70,another general hotel visit effect. administration catch yes what fact teacher. off blue action. among however alone. reality sort action industry themselves enter.,2022-09-04 18:31:20.053028,nan,['#machinelearning'],"['@user3', '@user1']","['http://example.com', 'http://example.net', 'http://example.org']",0,0,8578,4255,762,937,14532,replied_to,t9527420417,[],event,2024-01-20 16:27:04.633600
t686,state-yeah-season,u70,style push use model minute. point court play. through seem toward note. along nothing fund use myself those. region back traditional throw risk upon family. fire third show watch attorney. four view stay key public clearly especially my. situation person back care against too.,2022-09-28 23:47:06.941643,nan,"['#ai', '#datascience']",['@user3'],"['http://example.net', 'http://example.org']",0,0,6145,790,249,657,7841,replied_to,t1342213302,['technology'],news,2022-09-18 15:24:05.971452
t687,measure-inside,u70,spring write stock foot style. she performance now rule national. to theory sea. wish front power statement use mission. race toward surface democrat. audience hour may agent answer past and age. man spring reveal add. speak way memory be close.,2021-08-29 17:28:50.178650,nan,['#coding'],['@user3'],['http://example.net'],0,0,7883,4648,420,386,13337,original,nan,"['quantum computing', 'technology', 'science']",research,2022-12-16 16:40:32.075045
t688,production-because,u70,stuff scientist alone change walk. management describe task structure interest animal out. view animal skill woman likely situation audience forward. response business read instead agent. blood control for amount.,2021-07-18 19:05:32.974349,2584468525.0,"['#tech', '#coding']","['@user2', '@user5', '@user4']",[],0,0,2553,4860,1951,94,9458,retweeted,t7185800783,[],review,2019-12-13 13:03:43.411577
t689,one-reality-answer,u70,term my key she season east that. worker usually expect decision. enjoy movie suddenly. yourself direction throw then kid begin. determine maintain old all some. whom party director everyone wait other. large machine some idea to. clear kitchen ok trip.,2023-03-22 03:21:43.971454,nan,[],"['@user1', '@user5', '@user2']",[],0,0,257,1670,1545,733,4205,replied_to,t9525037348,"['technology', 'robotics']",opinion,2023-03-18 14:59:13.374351
t690,sing-ask-day-bad,u70,wonder and woman protect late laugh strategy. hear true what stage leader he. medical later road president save. care wide wonder nor world only enjoy arm. rock student magazine three deal forget.,2020-04-30 20:49:46.185688,3753652763.0,"['#python', '#tech']","['@user4', '@user3', '@user1']","['http://example.org', 'http://example.com']",0,0,2250,4383,295,379,7307,original,nan,[],tutorial,2024-06-11 10:18:36.485980
t691,treat-too-direction,u71,break power standard get throw. manager any likely everyone as. wide north material security smile natural single whom.,2020-10-29 04:41:28.714813,nan,"['#ai', '#datascience']",['@user5'],"['http://example.com', 'http://example.org', 'http://example.net']",0,0,7575,38,502,591,8706,original,nan,"['technology', 'robotics']",research,2022-04-24 22:23:22.560155
t692,purpose-bed-win,u71,not million risk matter. term about red stay. poor hour bank make. expect want force i not somebody. drive line street customer. up focus effect attention worry thing. worker none system present country. inside effort student million notice under. media arm meeting.,2021-06-06 18:57:48.387671,1808135732.0,['#ai'],"['@user1', '@user3']",[],0,0,2896,55,1929,634,5514,retweeted,t9719155247,[],research,2019-09-17 08:14:20.690380
t693,guess-bad-bag,u71,among positive team hour fast try receive. level again through never. note eight including car once onto return whole. sing entire purpose cut vote information. page order book close father stock woman. when shoulder contain author. person theory of article hand.,2021-09-23 00:27:32.118216,4557516665.0,[],"['@user2', '@user4', '@user1']","['http://example.com', 'http://example.org', 'http://example.net']",0,0,2560,3796,1358,997,8711,quoted,t6609356710,['science'],opinion,2022-03-09 23:35:32.648860
t694,oil-return,u71,guess benefit strong none good will half. road section old decision rather significant certainly. election listen event. effect window share political scene wall article parent. brother hear season sure training.,2022-07-07 07:16:10.193608,3817610268.0,[],['@user1'],"['http://example.com', 'http://example.net', 'http://example.org']",0,0,4403,1678,1074,97,7252,original,nan,"['technology', 'data analysis', 'artificial intelligence']",news,2020-08-14 11:51:37.657454
t695,develop-stuff-agent,u71,benefit well sing century require every. popular other run wind. language necessary technology save keep top. expect contain people produce. be sing understand section only well expert. race democratic mean certainly. pick wrong her to serious eye put.,2024-03-22 20:57:47.887441,nan,[],['@user2'],['http://example.net'],0,0,397,4630,1386,297,6710,quoted,t4860937057,['technology'],research,2021-09-30 16:32:58.027649
t696,purpose-fine-main,u71,represent bank drop. nothing heart energy administration issue. a develop company discuss question ask. scene our let doctor turn describe total herself. week third society party shoulder maybe. suddenly pretty black can. support listen check among.,2024-05-30 12:37:43.097162,5718330025.0,['#python'],['@user3'],"['http://example.org', 'http://example.net']",0,0,8746,1377,1325,530,11978,replied_to,t1757669260,"['cybersecurity', 'blockchain', 'quantum computing']",research,2020-07-17 01:18:23.508981
t697,local-wish-fast,u71,establish relationship store fall across fight price. past time easy energy chance window court born. party loss option person skin work already. huge may painting local.,2020-11-11 11:55:55.345446,nan,[],"['@user3', '@user2', '@user4']","['http://example.net', 'http://example.org', 'http://example.com']",0,0,5599,1039,1125,758,8521,replied_to,t3337581617,[],event,2024-05-11 08:47:17.391781
t698,relate-little-learn,u71,able stop natural. phone station improve generation drug adult relationship. interesting congress reason too. and american some hour. along large treatment recently great. last community less television always film all side.,2020-08-28 12:41:02.566805,nan,[],['@user1'],['http://example.org'],0,0,7542,3403,1739,644,13328,original,nan,"['quantum computing', 'cybersecurity', 'technology']",updates,2020-08-09 22:50:24.990329
t699,mouth-now,u71,character sense growth road machine factor. prove dream attorney key. chance benefit somebody government owner. decision behavior defense. together impact kid method somebody fall. many whom future answer future why fact.,2020-02-02 15:36:14.334596,nan,[],['@user4'],['http://example.com'],0,0,1157,2467,137,282,4043,replied_to,t3783176524,[],updates,2024-06-11 22:40:05.688779
t700,speech-recent-pm,u71,between crime agree occur ask stuff. arrive firm always four military end instead. fear open need. show common who. together economic hope many real claim quite. their share mr language thank. report beat under data. various lawyer form song.,2023-09-05 18:37:37.370192,3012661667.0,"['#datascience', '#tech', '#coding']",[],"['http://example.com', 'http://example.org', 'http://example.net']",0,0,224,4897,138,503,5762,replied_to,t6698655785,[],review,2020-04-23 00:13:42.784923
t701,strategy-change-do,u71,reflect focus model. teacher whether free note. role five part big show. seat fear away green. vote recent well student see different. kind brother gas final carry participant attorney. discussion traditional activity another he yet.,2022-06-21 22:45:39.073193,8697492352.0,"['#coding', '#python', '#machinelearning']",[],['http://example.net'],0,0,8286,1418,1908,603,12215,retweeted,t9474140438,[],updates,2022-08-27 14:29:36.175654
t702,assume-member-head,u71,network some would sometimes prepare. drug stuff hold. arm right exactly top name of. strong major respond last. kitchen stand its pull page part. mrs amount professor walk congress. position crime second to arm memory. myself method action but especially kid.,2022-12-20 09:41:30.753883,6335390926.0,[],['@user5'],"['http://example.com', 'http://example.org', 'http://example.net']",0,0,2799,4371,19,61,7250,replied_to,t5362966587,[],news,2022-01-02 01:23:38.751090
t703,able-maintain,u71,candidate business here really together determine. each performance end they start piece continue and. affect several not exactly teacher fact choice much. resource early beyond its box week. paper point early development sell sometimes while recently.,2024-06-12 00:24:43.891476,nan,[],[],[],0,0,3747,2185,1210,844,7986,quoted,t1309295991,[],news,2021-08-30 23:21:42.690821
t704,level-hundred,u72,especially real reveal begin treat region. collection big official hair think yeah. movie generation new. despite role traditional spend alone. produce day very give central. include term voice ago where executive. building most have easy.,2020-01-08 04:33:25.072592,9838088877.0,[],['@user3'],[],0,0,6206,2384,1881,532,11003,quoted,t5724529007,"['cybersecurity', 'quantum computing', 'artificial intelligence']",updates,2020-08-05 01:38:08.343641
t705,first-above-need,u72,its tv new during. attorney especially they week mention pretty. through somebody shake sport off. answer nor deep argue individual answer. political report financial especially each rest. matter tv technology mission method add indicate.,2021-05-04 19:18:30.767529,nan,['#ai'],['@user5'],[],0,0,7144,1745,87,339,9315,retweeted,t1165245677,"['quantum computing', 'data analysis', 'artificial intelligence']",announcement,2023-07-09 13:25:06.021042
t706,design-phone-give,u72,husband reduce stage while art agency its. condition free network note stuff notice paper. nearly few collection year usually around. two minute detail physical. rather future three.,2023-12-19 18:43:20.156854,1152945105.0,"['#datascience', '#coding', '#machinelearning']",[],"['http://example.com', 'http://example.net']",0,0,371,3423,1721,626,6141,replied_to,t9381058244,['quantum computing'],updates,2020-05-06 04:40:09.276812
t707,song-operation-tend,u72,method issue it. girl civil common drop. minute offer last worry born hundred full. information have may half go. beyond address follow knowledge decade. she every drug. every travel prevent serious.,2019-08-18 03:41:34.723185,2692471800.0,"['#python', '#coding', '#ai']","['@user2', '@user4']",['http://example.net'],0,0,4856,4262,208,415,9741,retweeted,t6983721901,"['robotics', 'blockchain']",event,2023-02-21 13:07:22.699714
t708,market-health,u72,statement everyone man simple. let act sometimes special. thing opportunity bit throw investment trip bring. even serve develop cup body leg. education case smile wall. left there worry hand employee culture perhaps. she nature for three live. gas matter report establish after.,2020-12-04 07:54:13.531152,2606476929.0,['#ai'],"['@user2', '@user4', '@user5']","['http://example.net', 'http://example.org']",0,0,864,882,1006,146,2898,original,nan,"['blockchain', 'quantum computing', 'technology']",news,2020-07-25 07:13:21.957909
t709,option-feel-buy,u72,six start night note public bring table issue. rise place explain last those mother radio reflect. not dream seven training. read fill likely benefit contain. kitchen house whether represent wall.,2021-10-15 22:37:09.612411,1290479707.0,"['#tech', '#python', '#coding']","['@user2', '@user3']",['http://example.net'],0,0,8874,4989,1655,915,16433,original,nan,"['quantum computing', 'blockchain', 'cybersecurity']",interview,2020-06-05 23:23:38.937670
t710,network-her-ready,u73,alone open others occur. man style edge including girl. role economy special four deal. western feeling speak commercial bill three set. public boy able. challenge money father whom.,2023-03-04 13:21:54.844857,nan,['#machinelearning'],['@user2'],"['http://example.net', 'http://example.com']",0,0,7416,680,1590,178,9864,replied_to,t9788919999,[],case study,2023-04-03 15:50:25.307222
t711,safe-easy-treatment,u73,one stock black task exactly become purpose. remember form us. no above professional enough green. name begin respond candidate thousand. quickly whole son town for. per cell he. own see be now dream fact. deep walk number cause much seek.,2023-10-31 17:32:44.600217,nan,['#python'],"['@user4', '@user2']","['http://example.net', 'http://example.com']",0,0,4754,1288,1010,682,7734,replied_to,t5305097083,['data analysis'],interview,2022-06-27 12:58:30.351784
t712,mention-heart-me,u73,see politics leg certain common especially. many mission fill success change. your part hospital military loss. them necessary car movement her. eye while public. various statement significant serve. give attack start east act. him real bill pattern although leg.,2021-07-17 01:28:42.349271,nan,['#tech'],[],"['http://example.org', 'http://example.net']",0,0,482,2142,822,501,3947,original,nan,"['robotics', 'technology']",research,2023-05-25 02:55:45.152153
t713,whose-morning-pass,u73,information lose necessary phone house. strong item budget marriage family. week rise wear music ground cultural data. paper window character fund race party sound. design quite white. thought such or speak data lay.,2019-09-02 07:52:37.524242,8189102269.0,"['#datascience', '#coding']","['@user3', '@user5']",['http://example.net'],0,0,7860,34,110,414,8418,replied_to,t9762569662,"['science', 'data analysis', 'artificial intelligence']",research,2024-01-15 21:20:08.004587
t714,here-she-alone,u73,lay under least believe. whatever mr always year security need. me offer would yes. under even teacher each security. sell state quality when finally no radio. money record mr box go daughter country ago. just matter interest the compare summer.,2020-01-04 01:27:30.757186,2725632439.0,"['#python', '#machinelearning']","['@user5', '@user4', '@user3']",[],0,0,9096,4439,1934,368,15837,quoted,t3900878181,['cybersecurity'],updates,2019-10-09 07:56:39.451056
t715,reduce-decision-eat,u73,however case town western. meeting involve again drug despite point. especially add brother paper. important item none learn. fund they newspaper edge. ready hotel shoulder entire impact various. push mr up degree statement she.,2023-03-17 19:35:22.312485,nan,"['#machinelearning', '#ai', '#tech']",[],"['http://example.net', 'http://example.org']",0,0,4050,676,795,749,6270,retweeted,t7791449210,[],case study,2023-08-10 08:56:09.000245
t716,heavy-concern-test,u73,set worker hear situation. down what discover mouth return reveal able off. quality treat past each see certain list. always buy stuff establish wife theory quickly. mr often because design like hospital situation.,2021-09-11 03:44:41.829791,9429673607.0,"['#ai', '#datascience', '#machinelearning']",[],"['http://example.net', 'http://example.org']",0,0,49,3481,158,59,3747,original,nan,"['artificial intelligence', 'data analysis', 'technology']",updates,2023-02-24 10:42:16.165592
t717,south-chance,u74,marriage while green which shoulder. professional save use exactly. left offer single everybody woman number. give management our bring interesting us although we. price population name animal ever. ability never situation himself.,2022-02-05 19:14:06.393285,6355127016.0,['#ai'],['@user5'],[],0,0,8510,2004,139,127,10780,original,nan,"['science', 'quantum computing', 'blockchain']",event,2023-06-21 11:28:32.708261
t718,let-watch-away,u74,world activity fund strategy. better strategy give seat. explain now somebody mission reduce hour. month approach once. card politics should save ten factor blue fund.,2020-09-24 07:30:42.886491,5531310622.0,[],[],"['http://example.org', 'http://example.com', 'http://example.net']",0,0,502,2016,127,930,3575,original,nan,['technology'],case study,2022-01-28 05:05:31.491515
t719,suffer-college,u74,although indicate idea appear. likely sort century first push character. law interest environmental anything consider people southern. later store music each into he message. light box indicate. popular production expect out official. attention arm movement.,2024-07-17 16:28:42.699867,nan,"['#datascience', '#tech', '#coding']",[],['http://example.net'],0,0,6826,1500,1938,375,10639,retweeted,t7408042101,"['technology', 'robotics']",tutorial,2021-10-12 14:47:34.032336
t720,also-customer,u74,space money treatment. soon mrs cultural over civil. certainly collection i return. security human some recently man billion follow. nothing share often. try serve those spring heart street show.,2019-11-27 22:40:12.200337,3650594570.0,['#python'],[],"['http://example.net', 'http://example.org']",0,0,4932,3333,711,339,9315,quoted,t1171737407,['cybersecurity'],research,2020-09-22 04:07:35.179708
t721,capital-half-wide,u74,how body see well analysis. month information town subject would. set computer blood claim. people yes expert indicate direction station. see across recognize. fund forget upon west day the avoid top. list option card.,2022-12-20 22:09:15.175923,2606128769.0,"['#machinelearning', '#datascience', '#python']",['@user5'],[],0,0,9640,3972,1763,438,15813,replied_to,t8087786172,[],research,2021-04-05 22:45:21.779414
t722,market-thought,u74,than toward decision sense control street. range politics hair nation. check miss act candidate commercial. five explain good collection parent purpose. over race teach to weight night.,2021-10-10 17:29:45.142263,6464436276.0,['#python'],"['@user5', '@user2', '@user3']","['http://example.com', 'http://example.net']",0,0,9662,4772,812,967,16213,replied_to,t2691005590,"['quantum computing', 'cybersecurity']",interview,2022-05-17 21:05:34.566836
t723,voice-history,u74,be in news child marriage stop. carry out officer system expert. situation own one over none. drug seem effect laugh rule before type. management want page life. sit responsibility task white none another. happen class election agree. short discover matter hair it white.,2020-09-02 00:15:09.135897,6490198939.0,"['#python', '#machinelearning']","['@user2', '@user3']",['http://example.net'],0,0,9005,4428,1595,562,15590,retweeted,t4790381052,"['quantum computing', 'data analysis', 'artificial intelligence']",news,2022-06-07 10:36:23.425589
t724,put-drug-sell,u74,go set consider few. my husband spring budget successful. local always none son this attention east. page him minute friend sure bar. safe remain fund idea theory simple enjoy.,2022-02-13 02:34:20.499326,4975635581.0,['#datascience'],['@user2'],['http://example.com'],0,0,4741,1805,816,804,8166,quoted,t3456508310,"['artificial intelligence', 'cybersecurity', 'robotics']",case study,2023-05-02 07:25:47.580311
t725,red-situation,u74,month since against myself point member whom. likely color information to him upon former. sort south upon name. ago course commercial majority. detail along before style day. recognize about seat down growth against. event woman i tonight.,2020-06-24 15:43:34.276355,2965937814.0,['#python'],"['@user3', '@user2']","['http://example.org', 'http://example.net', 'http://example.com']",0,0,2606,3401,376,177,6560,replied_to,t6282092042,['science'],tutorial,2021-04-13 06:42:02.804754
t726,push-teacher,u74,no these kind stage before discuss name. agreement concern able moment air soldier heavy. control get have each house huge. at sign agreement city become notice type. law environmental relationship enough feeling physical its officer. stop word cold allow enough edge.,2023-09-11 06:10:07.644808,4795917882.0,"['#machinelearning', '#tech', '#coding']","['@user2', '@user3', '@user1']",['http://example.net'],0,0,8139,2659,1165,727,12690,retweeted,t1596291350,"['data analysis', 'blockchain']",tutorial,2021-01-30 09:39:02.851332
t727,including-manage,u74,today beyond different while. sign to lay girl learn line. skill be whose pressure special population medical. create gas during seat former. each team character floor service fight gun. half bag without probably ball even then spend.,2023-08-25 17:51:37.115757,nan,['#coding'],['@user2'],[],0,0,7716,1726,1464,456,11362,retweeted,t2090820336,"['quantum computing', 'science', 'robotics']",event,2021-09-24 21:49:49.632034
t728,answer-box-choose,u74,likely guess spend. arrive just show nothing. sea stage collection performance study trip idea. another clear huge onto and official. risk much activity board account capital front. field hospital past language television choice the enjoy.,2020-10-04 14:31:20.771095,7353900265.0,['#coding'],[],"['http://example.net', 'http://example.com']",0,0,3193,1340,106,372,5011,quoted,t5373964605,['blockchain'],announcement,2020-08-09 00:28:45.955953
t729,herself-ever-into,u74,data specific positive loss. wrong financial home investment near very program. career what technology writer. then seat less society. mouth account gas cold big business likely five. church stand ten serious tell mention. itself piece wind run local. live remember term throw.,2020-06-12 22:14:18.218413,2520627683.0,['#datascience'],[],['http://example.com'],0,0,2155,1553,1481,302,5491,quoted,t9195398837,"['cybersecurity', 'quantum computing']",case study,2020-01-23 07:52:13.086486
t730,discuss-development,u74,truth hold listen oil. what well space feeling who much. home family cut away. away special whatever her author simple be baby. name your knowledge throw. power entire animal dream follow. personal will purpose important simply tough.,2024-04-22 21:19:17.631727,nan,['#machinelearning'],"['@user4', '@user1', '@user2']",['http://example.net'],0,0,5624,2599,1643,127,9993,replied_to,t7186340541,[],research,2023-08-11 15:06:12.353610
t731,source-and-probably,u74,do recognize claim attack trade bring. senior southern remember tree many brother break strong. partner know space health technology upon provide agreement. task safe without team debate enter kid.,2023-09-17 17:17:24.163440,nan,['#coding'],['@user2'],"['http://example.com', 'http://example.net', 'http://example.org']",0,0,7220,4019,1445,770,13454,quoted,t6329205004,['blockchain'],tutorial,2022-08-22 11:17:26.036518
t732,two-as-find-summer,u74,order soldier dog take continue happy. teach keep within inside effort line. inside candidate about test former a. only them join measure hold.,2024-03-23 01:00:16.851203,1351025258.0,['#ai'],['@user4'],"['http://example.net', 'http://example.com', 'http://example.org']",0,0,1518,2248,1359,759,5884,retweeted,t6239505422,['data analysis'],opinion,2020-11-09 06:20:59.482532
t733,win-the-look-senior,u74,entire idea goal democratic message. south parent guess how. stop offer civil left. here answer eye fact. political blue all charge scientist drive spring test. born lead other home something item choice end. good season spring suddenly site.,2022-11-15 01:15:14.391174,nan,[],['@user3'],['http://example.net'],0,0,1106,4069,1672,572,7419,replied_to,t3509448140,['science'],research,2022-08-11 02:09:39.260296
t734,official-seek-too,u74,else could approach expert music cause total. hit together boy issue cold well may live. subject stand try want. heavy which low market thank certainly particularly. friend off young range. administration up citizen fast.,2020-10-14 12:25:09.413109,nan,['#tech'],['@user1'],"['http://example.com', 'http://example.org', 'http://example.net']",0,0,4523,2269,681,74,7547,retweeted,t3379747348,"['blockchain', 'science', 'robotics']",announcement,2020-09-20 23:53:20.603246
t735,stop-day-nothing,u75,health administration believe discuss some life. officer respond table live company foot. or cultural before decade just themselves. pm difference business. threat around mouth woman. reason during issue sport share natural board table. executive thousand any rise.,2020-05-21 21:10:55.307847,nan,"['#ai', '#datascience']",['@user4'],"['http://example.net', 'http://example.com']",0,0,4095,1911,1857,837,8700,quoted,t9909622491,"['blockchain', 'artificial intelligence']",event,2022-11-22 20:26:13.119787
t736,hard-fall-white,u75,close yourself list song after door help. pay another spring education what life free. possible politics create situation special teach hot kitchen. prove remember century positive similar suddenly law.,2023-03-19 02:57:51.962769,nan,"['#coding', '#machinelearning']","['@user5', '@user1', '@user4']","['http://example.org', 'http://example.net']",0,0,106,3089,1876,928,5999,replied_to,t2590150627,[],research,2021-08-25 06:19:43.201231
t737,surface-significant,u75,rule very ability decision north. everyone weight church six actually party lead. lawyer parent wonder final. fish thing such realize but growth health. buy value region. determine car eat guy. push everybody throw window total pass. hour seek purpose measure impact full.,2023-07-18 12:21:31.587109,2139530894.0,"['#coding', '#machinelearning']",[],[],0,0,4075,3911,1904,125,10015,quoted,t9474092916,['cybersecurity'],tutorial,2020-11-18 22:34:37.701896
t738,eight-modern,u75,summer likely strategy turn car teacher. watch person catch drop message. early image resource should responsibility nearly. letter that agreement week range student. south none claim method recently. middle teach professional single according while.,2024-08-12 04:37:25.152784,nan,"['#coding', '#tech']","['@user3', '@user2']",['http://example.net'],0,0,3425,1148,1559,469,6601,retweeted,t3045097116,['technology'],news,2022-08-25 07:02:57.965740
t739,difficult-exist-hot,u75,choose wonder market still conference which. window sell tell government national six. trade audience home analysis character property though. real budget nor american street that with. doctor material imagine type opportunity pm cold. such clear hope.,2024-06-21 15:08:41.296170,nan,"['#coding', '#python']",[],['http://example.com'],0,0,3172,2547,1672,605,7996,original,nan,[],case study,2021-11-07 14:55:30.559486
t740,expert-view-happy,u75,morning rather across fill clearly of wide. each too article fund wonder bill. expert floor kitchen party. day star something. money single leave stage career use generation group. something whose weight land. often truth soldier property computer red.,2020-01-29 09:33:15.459743,6728611358.0,['#python'],[],"['http://example.com', 'http://example.org', 'http://example.net']",0,0,8856,156,858,995,10865,replied_to,t8770527850,[],case study,2022-11-24 08:27:17.730030
t741,operation-spend,u75,card page push service evening room economic military. nature stock choose. whom keep benefit usually opportunity. record create trade every. project determine drop sometimes series material forget. show owner plant its. rest third fight again american. look and push away wish.,2023-12-03 09:00:37.715806,nan,['#tech'],"['@user2', '@user1']",[],0,0,1633,564,1229,809,4235,retweeted,t7078968916,['science'],interview,2023-08-08 13:35:11.046765
t742,nature-pay-manage,u75,another energy sure action. drop onto interesting country similar rich describe listen. part commercial partner stand edge. wind clear of. game authority off drop sell manage specific.,2021-08-21 03:20:37.494199,3423261304.0,"['#machinelearning', '#tech', '#ai']",['@user5'],"['http://example.com', 'http://example.net', 'http://example.org']",0,0,9402,1779,368,118,11667,replied_to,t1138512726,"['quantum computing', 'data analysis', 'blockchain']",review,2023-12-22 15:52:50.814081
t743,through-attorney,u75,allow turn affect bad treat support major wear. around financial range big resource ability our term. both lawyer line pay. include fine actually sound. get mother or parent.,2021-02-25 20:50:03.816004,2210019699.0,['#datascience'],['@user2'],"['http://example.com', 'http://example.net']",0,0,1281,623,470,723,3097,quoted,t3188092881,[],tutorial,2020-03-06 21:35:21.288253
t744,daughter-film-tax,u75,natural lot experience tough task. election happy job go scene after. stay choose item difficult listen. position around between. happen for form store development recognize allow. treatment which administration enter major.,2021-02-01 00:36:52.764213,3669565579.0,[],[],"['http://example.com', 'http://example.org', 'http://example.net']",0,0,7260,513,1179,780,9732,original,nan,['data analysis'],interview,2019-08-17 23:10:43.166481
t745,guess-happy-avoid,u75,item factor realize field i. hand doctor less along ability nice too play. something personal performance miss. us sometimes accept century write executive own firm. hand sport statement feeling purpose trade still find.,2022-10-18 22:15:42.714026,2914920373.0,"['#datascience', '#ai']",['@user5'],"['http://example.org', 'http://example.com', 'http://example.net']",0,0,797,724,434,798,2753,replied_to,t8753971433,['quantum computing'],research,2024-07-21 04:27:44.999717
t746,college-bar-bed,u75,check law operation speech reflect it. between seat treat produce visit sell. night pick out generation item south effort. head final vote mention may daughter office. woman discuss turn approach arm myself. child during over page attack.,2019-11-14 01:09:55.583673,nan,[],"['@user4', '@user3', '@user1']",['http://example.net'],0,0,736,3142,393,467,4738,quoted,t8109230895,[],opinion,2023-09-02 07:12:07.539242
t747,indicate-lay-far,u76,others ask throw allow now few city. spring consumer third since story might happen. more read you them commercial picture evening many.,2021-01-29 11:39:51.634760,6236634439.0,"['#coding', '#datascience', '#ai']","['@user2', '@user1', '@user3']",[],0,0,7222,427,1960,975,10584,retweeted,t6547720134,['robotics'],announcement,2020-07-23 05:44:31.172347
t748,deal-report-put,u76,national surface set require. thank describe rich whether indeed analysis. first game attack phone. region short set well. hospital describe office air cultural win discussion. race indeed seat responsibility where meet. research stuff debate hospital them. southern why first.,2021-07-03 00:00:02.618292,6622026926.0,"['#python', '#tech', '#coding']",[],['http://example.net'],0,0,3406,3014,705,863,7988,quoted,t2204910957,"['artificial intelligence', 'technology']",event,2023-11-16 07:54:25.059600
t749,water-economic,u76,sister parent series sea national place available. stand spring garden democratic hold similar. east traditional send several across if. recent car investment total. daughter bank direction he thing. west person game western among guy population.,2019-12-03 14:15:35.531235,nan,['#machinelearning'],['@user4'],['http://example.net'],0,0,6418,3752,1841,94,12105,replied_to,t6342252636,['robotics'],tutorial,2020-12-22 22:14:05.382640
t750,hard-institution,u76,recent support pretty plant individual. full other the cover they beyond move. case doctor story success. heart mind trial matter wait international thousand difficult. cost president glass picture option out hundred. character left try. today office source indeed.,2024-08-06 19:27:16.949214,nan,[],['@user1'],[],0,0,1435,149,698,596,2878,quoted,t7464436132,['quantum computing'],updates,2021-01-29 17:22:45.420724
t751,father-military,u76,table lawyer itself this as strategy. leg send old yard your south memory. at recognize often certainly race. bar involve race drive east structure. scientist whatever determine interest ever church describe help. leader if six watch know. specific serious sing part pretty seat.,2022-08-26 13:45:41.223354,6070429964.0,[],['@user1'],"['http://example.net', 'http://example.com', 'http://example.org']",0,0,5836,3939,123,626,10524,replied_to,t3492080376,['quantum computing'],interview,2021-05-10 08:30:20.910387
t752,action-join,u76,least would provide maintain fact finish. rule effect piece program nature. woman evidence security able challenge. letter figure picture she require treatment. peace program mean think job discussion. human produce page work call believe.,2024-05-08 15:16:53.059524,nan,[],"['@user5', '@user1', '@user4']",[],0,0,8880,467,498,119,9964,original,nan,['science'],review,2023-09-23 07:45:55.837223
t753,white-study-notice,u76,everyone media style should tend. reality story year itself work unit. southern summer individual fall include sport throughout out.,2023-06-13 10:45:41.193549,nan,[],[],"['http://example.org', 'http://example.net']",0,0,5733,3906,1211,740,11590,original,nan,"['quantum computing', 'blockchain']",interview,2024-06-21 10:38:44.774606
t754,step-any-specific,u76,reality can pm religious affect up. present wear child painting radio analysis. put product identify cover either together. win quality team concern should part expert. open key land full company. field close traditional eight image arrive.,2020-12-22 02:14:55.521967,nan,['#ai'],['@user1'],['http://example.net'],0,0,6151,1957,1308,387,9803,retweeted,t3027507166,['artificial intelligence'],case study,2021-11-15 00:32:27.586928
t755,less-situation-fine,u76,that pressure change senior billion fly. speech serve people until community wish large. phone again including wear. thought mr establish budget free artist impact. research action short. heart foot find chance.,2024-03-26 03:47:19.899261,nan,[],['@user5'],['http://example.com'],0,0,1152,1363,1745,94,4354,retweeted,t5003198640,"['technology', 'cybersecurity']",interview,2023-09-16 21:39:08.154498
t756,interest-than-check,u76,carry personal serious help blood. only performance rather write middle thought. when community see environment with chance. those stand moment make road career next. peace lawyer them series main buy pretty last. thought environment many a cut.,2019-08-18 16:23:16.168667,nan,"['#coding', '#ai']","['@user5', '@user3']",['http://example.net'],0,0,7574,417,100,753,8844,retweeted,t3893897519,"['cybersecurity', 'quantum computing', 'artificial intelligence']",tutorial,2020-06-30 14:53:15.120408
t757,develop-north,u76,rich body wrong east as stop point. go class training hundred win me. total bit hour actually meet usually reason black. wait tax second anyone report road member. determine wife glass consumer lay explain. item democrat mention business purpose.,2022-02-24 00:57:28.902676,1284634523.0,"['#machinelearning', '#coding']","['@user3', '@user1', '@user2']",['http://example.org'],0,0,601,3221,774,393,4989,original,nan,['data analysis'],opinion,2021-08-24 12:59:03.359251
t758,box-official,u76,left listen none paper include. against produce guy other push friend whole. key policy white day pick company either. beautiful always else animal blue popular. physical guess serious employee factor. chance television degree receive past there. then provide process.,2023-04-24 03:59:58.428743,nan,"['#machinelearning', '#ai']",[],"['http://example.com', 'http://example.net']",0,0,69,2032,1991,803,4895,original,nan,['artificial intelligence'],opinion,2023-10-08 15:58:20.586428
t759,whom-life,u76,high service cell wind. paper talk night structure enjoy would. decade or cause so rich hospital moment fast. owner between accept small produce professional. season degree too quickly hold represent year.,2022-04-03 17:16:39.561631,nan,"['#machinelearning', '#datascience']","['@user3', '@user1', '@user5']",['http://example.org'],0,0,3113,3245,1563,556,8477,retweeted,t5117760899,"['blockchain', 'cybersecurity']",interview,2023-03-27 21:41:24.832285
t760,still-kitchen,u77,arm describe thousand. western kid it he collection most report. management tough garden use over window. why practice least suffer nation quickly grow television. several pay everybody free word wear risk. suggest to population price.,2019-11-06 05:27:33.723655,nan,['#coding'],"['@user3', '@user2', '@user1']","['http://example.com', 'http://example.net']",0,0,279,992,651,555,2477,quoted,t4157000683,['blockchain'],opinion,2023-11-29 06:11:56.104017
t761,mean-old-whole,u77,likely court politics mother. degree law west matter. such attorney specific score moment thousand agreement. stand people nice hit every treat during. rise door very join down where itself husband. throw resource leave natural mention this.,2021-09-22 07:08:26.049227,1054475378.0,['#machinelearning'],"['@user1', '@user2', '@user3']",['http://example.com'],0,0,3235,2043,1282,99,6659,replied_to,t2930771246,['cybersecurity'],research,2021-05-31 20:42:12.230595
t762,her-me-hold-fire,u77,purpose report sport case teacher of church. everybody interesting end foreign animal. support which fish work wall large. message exist than question. his prove democratic deal special cost. understand join follow during head society throw section.,2023-04-20 09:58:01.396092,4370842736.0,"['#machinelearning', '#python']","['@user2', '@user3']","['http://example.net', 'http://example.org']",0,0,3196,3544,556,805,8101,replied_to,t9910932473,"['science', 'robotics', 'quantum computing']",tutorial,2020-03-31 02:44:56.964048
t763,decision-add-parent,u77,eight various republican low mouth offer. walk reach great thus never himself adult. course blue maintain population. manager account international create. this health language game including man.,2024-07-29 21:16:14.915847,9573280065.0,"['#coding', '#machinelearning', '#ai']","['@user1', '@user4']",['http://example.com'],0,0,2390,4679,725,741,8535,retweeted,t1330596867,"['artificial intelligence', 'robotics']",announcement,2019-10-23 20:28:19.067024
t764,rise-wide-close,u77,interest specific fire tend turn current indicate. through yard on write fine which success ability. become blood stand five perhaps church. develop place hospital hope democrat write. skill laugh former hope opportunity carry where.,2019-11-04 11:23:40.483641,nan,[],"['@user5', '@user4']",[],0,0,7479,1531,982,533,10525,quoted,t9991438036,['data analysis'],case study,2021-04-17 06:57:59.267243
t765,know-old-day-too,u77,let consumer reach special election true. role rule record south. detail feeling agent his those walk moment.,2021-09-21 20:12:52.543418,nan,"['#coding', '#datascience', '#python']","['@user1', '@user2']","['http://example.net', 'http://example.org', 'http://example.com']",0,0,2394,4614,136,208,7352,original,nan,"['science', 'artificial intelligence', 'technology']",event,2023-02-28 23:37:46.712456
t766,assume-sometimes,u78,find war political ten sister personal. main head role attack certainly produce thousand. reach try successful contain. writer feel explain ready. require ready new painting sister republican. force good fine speak. north similar again whose common.,2023-08-12 20:01:49.229481,nan,[],"['@user5', '@user4']","['http://example.net', 'http://example.com', 'http://example.org']",0,0,970,884,1347,778,3979,quoted,t9611262794,[],research,2022-05-31 13:52:05.266953
t767,under-just-without,u78,take front spend oil ability form. smile strong break fast. tree despite appear election however. almost point should stand debate. foot former at must. difference provide benefit financial. happen put type buy. ago father born.,2023-11-18 03:38:30.901410,4948969817.0,"['#datascience', '#ai', '#coding']",[],"['http://example.org', 'http://example.com']",0,0,1545,1085,1658,16,4304,replied_to,t9140519993,['robotics'],review,2020-08-27 16:44:09.094965
t768,turn-page-between,u78,reduce firm upon stop glass. though possible deep wife accept food. whose property kid life fly culture reality. in democrat language spend threat marriage. american like argue receive enough born minute.,2023-11-30 22:30:16.601023,nan,"['#ai', '#python', '#datascience']",[],"['http://example.com', 'http://example.net', 'http://example.org']",0,0,7447,1820,1754,594,11615,replied_to,t5098852223,"['science', 'robotics']",tutorial,2022-06-28 22:34:27.970649
t769,could-animal-thank,u78,short enter identify. raise analysis control machine at carry. raise water blood talk. us heart same marriage they listen player. staff opportunity need half become. history fine remember adult interest.,2022-11-10 03:45:30.901861,6060600818.0,['#coding'],"['@user3', '@user4', '@user2']","['http://example.org', 'http://example.net']",0,0,7275,4833,1507,747,14362,quoted,t5346648748,[],case study,2022-02-24 16:00:04.550699
t770,thousand-he,u78,should however send answer bag. include almost strong board under find reason. case meeting trade especially event. moment them look few. four design through trouble expect group. view travel daughter our spend. market serve past each. enjoy have ready future kid.,2021-12-23 19:28:33.678998,nan,[],[],[],0,0,2568,2298,1823,677,7366,retweeted,t7258891894,[],updates,2022-03-04 00:56:49.301737
t771,machine-land-child,u78,growth structure office writer north. place sport court figure help explain. class family and material they laugh. join southern list firm follow. place animal get to hour officer hair property. show bring record.,2021-08-13 07:39:21.410858,6109929420.0,"['#datascience', '#machinelearning']",['@user4'],[],0,0,664,2405,203,849,4121,replied_to,t8334939683,"['science', 'artificial intelligence']",interview,2021-05-04 15:58:12.916105
t772,perform-exist,u78,keep no show phone number night. more would begin. line represent door marriage take learn each. soldier top guy home example. nothing thousand return similar hour because six. responsibility teacher author we some newspaper. white talk bag.,2021-07-25 10:23:50.227936,nan,['#ai'],"['@user4', '@user3', '@user1']","['http://example.org', 'http://example.com', 'http://example.net']",0,0,5980,3387,1996,83,11446,original,nan,[],case study,2023-12-26 17:27:51.957697
t773,sound-event-change,u78,reality production go development. election out party oil tv and meeting. reason from free. cause billion table free growth thousand. finally later again which trade. pm letter character item.,2023-05-24 23:11:13.096549,nan,['#machinelearning'],['@user4'],"['http://example.org', 'http://example.net', 'http://example.com']",0,0,323,2832,363,515,4033,original,nan,"['blockchain', 'data analysis']",research,2019-08-18 23:57:33.889358
t774,us-minute-citizen,u79,sell seven growth add whom. long face live. these leave region many. tell miss include large. car stock much direction painting all its. deal movement light treat water phone. along benefit action operation. effect great source they visit rate.,2023-01-28 14:56:29.701081,1708146596.0,['#python'],"['@user3', '@user4']",[],0,0,6458,4232,1935,250,12875,original,nan,"['data analysis', 'technology']",updates,2024-06-29 16:54:01.611219
t775,television-real,u79,without avoid arm sometimes main myself. during subject difference mean training can week. magazine region two piece. interview get least never nice loss attack.,2024-06-30 14:54:45.314304,5994477587.0,[],[],[],0,0,5762,3483,571,433,10249,original,nan,"['science', 'quantum computing', 'cybersecurity']",case study,2022-08-15 20:09:03.170943
t776,than-attention-them,u79,design reduce sister occur you out. seem between cause hour near. note black threat dream tell reality successful. certainly degree foreign stock part recently environmental true. answer special item money may.,2021-06-17 03:33:05.410809,6982412163.0,"['#python', '#coding']","['@user4', '@user3', '@user5']","['http://example.com', 'http://example.net']",0,0,8477,290,1496,360,10623,quoted,t8204689695,['cybersecurity'],research,2024-08-04 03:43:54.118442
t777,rule-political,u79,face plan development word avoid. cup mrs stage recent accept become thought still. box prove decide national form movie guess. big human woman certain. brother small tonight people record. choose relationship garden relationship cold citizen. strong eat purpose option explain.,2022-04-21 09:18:34.305315,nan,"['#ai', '#python']","['@user2', '@user5', '@user1']",[],0,0,3283,4342,1571,276,9472,replied_to,t3573173474,['robotics'],event,2023-03-29 03:15:35.844823
t778,wind-performance,u80,early actually little commercial teacher hundred else difficult. or all everybody stuff make course. reach join while affect. room small ability land. off deep line word enter become. task forget news fine might.,2021-02-26 03:09:00.430160,nan,"['#coding', '#ai']","['@user1', '@user4']",['http://example.com'],0,0,796,544,1334,482,3156,retweeted,t3132870128,[],news,2024-06-21 22:00:53.372109
t779,management,u80,by cold old. could speech near challenge. never rich citizen write card girl. accept tonight west today recently off. turn which continue beat hope from beautiful.,2022-09-28 11:30:38.808549,1712142470.0,"['#coding', '#tech']","['@user1', '@user3', '@user2']","['http://example.org', 'http://example.com']",0,0,4947,1528,707,747,7929,retweeted,t2612526709,[],interview,2019-11-03 13:49:24.060062
t780,argue-seat,u80,difference life everything election space put. capital see any stage new young apply. manage himself begin mr far station day. charge eat teacher nice show run staff. end try part do listen get perform. history tough southern stuff. itself act matter. leave last possible.,2023-11-01 08:11:46.705371,nan,[],[],['http://example.org'],0,0,795,4798,1555,787,7935,retweeted,t1280739530,"['cybersecurity', 'artificial intelligence', 'robotics']",interview,2023-07-09 05:03:54.811406
t781,lead-sound-sport,u80,organization wife peace beyond of figure. difficult some fall whether physical. trial attorney some shoulder apply after. treatment wife individual resource may. than art approach subject. on only window. research someone room ready high statement yet.,2023-03-14 01:28:39.561969,nan,[],['@user3'],[],0,0,3879,1318,1454,645,7296,original,nan,['cybersecurity'],research,2021-04-24 23:35:39.575064
t782,early-practice-she,u80,green type simple food worry. bar blue help door successful attack marriage. possible assume at. arm interview card letter unit long. book area power. kitchen true growth prepare she growth. avoid real word. thank single boy onto lawyer dog. nature quality grow court system.,2021-02-14 03:32:58.097195,nan,[],[],"['http://example.org', 'http://example.com']",0,0,8283,2359,610,577,11829,retweeted,t4759481688,"['blockchain', 'data analysis']",research,2020-07-02 07:17:34.208547
t783,degree-seat-sound,u80,significant indicate positive experience anything administration pass. involve voice open oil fight state fast. could represent central in win. trade deep serve kid bring. true since impact blue risk citizen east.,2023-01-02 06:13:10.609344,9666166504.0,"['#tech', '#python', '#datascience']","['@user4', '@user5']","['http://example.com', 'http://example.net', 'http://example.org']",0,0,2151,826,256,683,3916,original,nan,['blockchain'],updates,2022-12-24 12:07:32.253792
t784,country-imagine,u80,garden offer step magazine interview prove without. force everything size whose perform. air father about day rule story. boy ten son. quality carry others argue instead east police. military key sit eat i card individual professional.,2020-07-22 07:09:36.601554,1065326375.0,[],['@user4'],['http://example.org'],0,0,8817,3732,1377,883,14809,quoted,t3311149876,['science'],news,2023-04-23 19:45:49.735159
t785,general-former,u80,career reality use find wind power. way either risk together organization need. debate seven social article any. single democratic evidence. our certainly wall pass return standard. third these future son. fear consumer base specific. spring top increase total point theory.,2023-02-12 04:00:54.993143,nan,['#coding'],"['@user5', '@user1']",['http://example.org'],0,0,8096,2762,93,277,11228,replied_to,t8892061497,['technology'],case study,2023-08-17 16:55:35.198435
t786,history-letter,u80,blue movie billion. only economic behavior hear. water ago thing few themselves. election full next treatment choice contain. while major develop detail focus board. recognize show pattern according. war main fly before nor suffer.,2024-04-03 01:36:33.589609,nan,"['#coding', '#python', '#datascience']","['@user3', '@user2', '@user4']","['http://example.net', 'http://example.org', 'http://example.com']",0,0,2365,3402,996,146,6909,retweeted,t4106795864,['data analysis'],news,2024-07-04 09:27:43.383974
t787,arrive-realize-when,u80,nearly continue body example enter seven team. free admit professor record series. account article home none lay national message but. occur will fact subject writer black method. stay relate benefit. find truth star. new sometimes hospital fast dinner upon low price.,2021-06-11 09:47:03.624066,nan,['#python'],"['@user5', '@user3']","['http://example.com', 'http://example.org']",0,0,6122,1405,867,828,9222,original,nan,['quantum computing'],news,2020-04-01 01:06:02.518389
t788,much-issue-kitchen,u80,west good thus stand property. face it record born brother matter success. impact decade both share north foreign. condition step again radio first much. they study line somebody hotel.,2021-05-10 20:14:50.278468,nan,[],['@user5'],"['http://example.net', 'http://example.org', 'http://example.com']",0,0,2023,162,1235,299,3719,original,nan,"['data analysis', 'science', 'blockchain']",interview,2022-07-25 09:03:15.044866
t789,nearly-necessary,u80,have specific change pm civil approach tree how. especially research fall answer kitchen on. ability ever public notice. you protect win exist under hundred health reality. without where collection begin maintain. set treat end well plan.,2023-10-30 12:22:39.390580,6934978229.0,['#coding'],[],['http://example.com'],0,0,6404,2893,1968,407,11672,quoted,t5263691673,['artificial intelligence'],case study,2020-08-23 18:48:29.343930
t790,against-number,u80,policy half training eye article certain. even on behind mind if. environmental mind difference there open this raise few. maintain leave eight food. right remember collection one writer cost.,2020-03-10 19:30:45.640740,6020186425.0,"['#coding', '#ai']",[],"['http://example.net', 'http://example.com']",0,0,8279,4991,446,400,14116,original,nan,"['technology', 'robotics', 'science']",review,2021-10-03 10:35:02.711262
t791,anything-remain-arm,u80,among daughter low fear final sing my simple. eye forget management long moment sometimes. security fund value which. participant green road meet. ball phone amount open case look return. yourself business item truth local risk measure.,2022-09-23 07:59:34.259887,5824480361.0,[],"['@user1', '@user2']",[],0,0,5503,4870,75,727,11175,original,nan,"['artificial intelligence', 'science', 'technology']",updates,2019-12-16 08:19:42.028334
t792,become-social-as,u80,night thought she today rate. know purpose answer suddenly easy fall. western choose face decide action step. war shake from doctor lose. after probably could.,2023-08-15 18:46:44.446095,nan,[],"['@user2', '@user1', '@user5']",[],0,0,8433,2554,1143,206,12336,retweeted,t2676082909,"['quantum computing', 'artificial intelligence', 'cybersecurity']",news,2020-08-28 21:39:11.010725
t793,what-whatever-later,u81,home no whether. state stage value and month sing mission. series show seat film build. dog somebody her reveal lawyer she particularly station. big catch loss section skin sort fill. share personal result seek appear. eight may then all necessary discussion.,2022-07-21 06:55:53.802010,nan,"['#python', '#machinelearning', '#coding']","['@user1', '@user2']",[],0,0,8300,1713,384,487,10884,quoted,t7944431694,"['data analysis', 'technology']",interview,2024-03-11 16:28:42.642182
t794,or-eat-national,u81,guy would follow fear good space building. decide scene now significant make. foreign trial add health bad themselves up. unit despite property research official bank. arrive popular something degree service general though.,2024-04-12 06:09:17.809171,4989090679.0,"['#python', '#ai']",[],['http://example.net'],0,0,3679,493,682,175,5029,retweeted,t8658276703,['robotics'],interview,2024-03-22 09:57:48.162745
t795,never-research-stop,u81,story threat doctor act religious town early set. increase able sit billion hard. impact account learn shake report will. second paper society music chair employee official. nation data realize because. first everything for investment.,2024-07-10 21:15:14.277278,2310441110.0,"['#tech', '#ai']","['@user1', '@user5', '@user4']",[],0,0,4755,3633,387,289,9064,original,nan,"['science', 'blockchain', 'quantum computing']",updates,2021-07-19 23:53:23.769787
t796,fall-total-leave,u81,record good color collection about material suggest. allow for send always. argue feeling would movement sport long money. half believe college follow charge. fight society senior establish myself piece.,2024-01-29 17:00:37.230733,9496578360.0,"['#coding', '#python']","['@user3', '@user4', '@user5']",['http://example.net'],0,0,3231,655,1455,493,5834,quoted,t3330884098,"['quantum computing', 'science']",event,2023-08-02 18:57:12.101716
t797,interest-discuss,u81,they change letter son. morning daughter data. policy five democratic stuff month color. travel rest set head site according. place increase others build.,2023-04-25 17:12:43.424896,nan,[],"['@user4', '@user1']",[],0,0,7931,3475,131,582,12119,original,nan,"['science', 'cybersecurity', 'blockchain']",case study,2022-05-28 03:12:41.648340
t798,reason-perhaps-kid,u81,arm face wear house figure reflect. term federal her. popular among course design business. top politics discover west among. form discover president challenge with second nice. lot hotel car plant hear hot same. strong work security nature my.,2024-03-06 08:32:02.112259,nan,['#python'],[],[],0,0,538,2356,358,947,4199,original,nan,['cybersecurity'],event,2023-12-06 21:54:34.737004
t799,federal-investment,u81,really above power professor approach school during. cover thousand voice law team voice like. during him born factor road simply than. yes them final than check by political. believe any experience view door them kid.,2020-09-20 06:28:06.075572,nan,[],"['@user2', '@user5', '@user4']",[],0,0,465,3413,948,368,5194,original,nan,['artificial intelligence'],tutorial,2021-04-01 03:36:52.338314
t800,enjoy-though,u81,fight contain entire model really too from. consumer technology throw prove. seven upon marriage final son item rise. later now chance concern since. should in expect own cut turn. sing visit remember finally consider herself.,2022-02-26 01:56:04.626835,nan,[],"['@user3', '@user4']",[],0,0,3685,1643,852,342,6522,quoted,t1618945526,['technology'],opinion,2020-05-29 04:49:40.439941
t801,without-kind-region,u81,final maybe picture. little toward official fall. just peace blood if. list economic newspaper town before. month poor artist commercial for important probably. eat find catch culture budget. hospital apply after add theory structure grow few.,2023-09-28 09:01:12.237021,3247706617.0,[],[],['http://example.com'],0,0,8304,12,1264,791,10371,replied_to,t5723253694,[],news,2022-02-05 08:33:12.564527
t802,customer-truth,u81,hospital strong past cultural coach speak leg. magazine road upon happen easy result small. science carry beautiful past. space cell keep green according mind. summer head blood. television control public mention tell he concern.,2024-06-29 21:24:58.180026,4195469050.0,"['#ai', '#machinelearning']","['@user2', '@user3']","['http://example.com', 'http://example.net']",0,0,7991,2665,966,476,12098,quoted,t4128904200,"['cybersecurity', 'science']",event,2020-03-13 15:58:59.027436
t803,economic-base,u81,can southern short event recent television. always likely discover less feel apply. drive man sure property up thousand. professional top list reduce certain away look. as dinner reduce their drive dark serve. heavy good police exactly sound.,2023-12-10 19:25:42.077611,nan,['#machinelearning'],"['@user5', '@user3', '@user1']","['http://example.org', 'http://example.net']",0,0,5514,4002,1094,719,11329,retweeted,t3184724690,[],opinion,2022-01-03 11:44:49.352174
t804,impact-sit-anything,u81,way movement cut building southern image marriage. bit bar argue street. congress know son form hear situation four explain. increase crime event policy respond property management.,2021-01-04 00:55:57.575249,8706793274.0,"['#coding', '#machinelearning']","['@user2', '@user5', '@user4']","['http://example.org', 'http://example.net']",0,0,2452,331,1847,842,5472,retweeted,t2175118980,"['blockchain', 'science']",announcement,2020-08-21 19:48:17.147744
t805,ten-television,u81,enter speech quite responsibility inside knowledge determine. itself see pay few. wrong father his travel. production detail what too short force candidate. one town assume.,2022-12-09 19:55:03.268708,nan,"['#tech', '#python']","['@user5', '@user1']","['http://example.net', 'http://example.org']",0,0,2756,4503,1517,527,9303,retweeted,t4020374283,"['robotics', 'science', 'quantum computing']",updates,2021-09-25 13:26:41.518697
t806,discuss-admit-if,u81,sea pattern boy leader poor political. body raise future glass. safe specific organization ground. run although wear west security perhaps. go care model say draw. lay picture another indeed.,2021-10-13 23:42:04.056916,1119561742.0,['#tech'],[],"['http://example.org', 'http://example.com', 'http://example.net']",0,0,5740,2011,1273,222,9246,retweeted,t2813216723,['technology'],news,2022-08-26 09:32:19.153981
t807,item-itself-church,u82,mother them join strategy month where. mouth talk get west radio indeed travel. even direction bank kid better piece. west consumer service protect talk. quality learn approach listen skin although before. unit bar art popular. ask music especially above again lose.,2022-12-19 02:35:13.302064,nan,"['#datascience', '#python']","['@user4', '@user3', '@user2']",[],0,0,229,4367,1016,700,6312,quoted,t9593484450,[],case study,2020-02-27 02:36:08.226978
t808,positive-old,u82,analysis area art. person pressure different. fall even pm environmental threat. camera current great along by. attack all worker. glass bit feel mention structure. career main rather today huge very theory.,2019-10-16 04:33:32.094951,9588595146.0,"['#datascience', '#machinelearning']","['@user5', '@user4', '@user1']","['http://example.org', 'http://example.net', 'http://example.com']",0,0,1328,2220,77,351,3976,replied_to,t1471021136,['quantum computing'],review,2023-01-13 14:32:19.109569
t809,summer-degree-avoid,u82,product get local the at necessary. figure protect rate good each husband race. simple our same address main. get exist several season trouble lay leg individual.,2021-12-03 05:09:32.771672,7313313750.0,[],[],[],0,0,2462,1229,1279,578,5548,retweeted,t3398017161,[],case study,2020-04-28 09:15:28.639017
t810,play-between,u82,push study impact top as only. possible bar claim message process into. campaign father to present note training since. draw force program nothing benefit. reveal room nice when prepare care. huge stop ten respond last forget center expect. wife develop spend huge once.,2024-07-06 15:53:24.812320,1948325292.0,"['#ai', '#machinelearning', '#datascience']",[],[],0,0,1560,1602,825,851,4838,replied_to,t8647700774,[],interview,2019-11-05 17:41:21.060825
t811,western-air-shake,u82,financial huge dinner. against boy kind own level environment. teach nothing his. market international thank draw. social set suddenly wall add top. nation point job all state huge suggest. north front wear.,2024-06-04 22:15:07.150255,2565286276.0,"['#coding', '#ai']","['@user3', '@user4']",[],0,0,3160,2256,631,339,6386,quoted,t5546559365,[],announcement,2021-04-18 03:25:06.065994
t812,child-hope-machine,u82,much price wear player. knowledge field subject red nothing parent. subject lay receive which star break can. surface beautiful wear tough there door laugh. condition address trip full old throughout treatment.,2022-01-12 06:40:36.740333,7261760190.0,['#ai'],"['@user5', '@user2']",['http://example.net'],0,0,2001,821,1197,217,4236,retweeted,t6225728023,"['quantum computing', 'science']",case study,2020-09-02 19:29:24.454848
t813,test-through,u82,here behind suggest. drive despite none structure someone customer center experience. character kind home college agree. choose life property and personal deal put. our bar president. time think property according.,2023-01-15 22:46:53.679742,2275914299.0,"['#datascience', '#python', '#tech']",[],['http://example.org'],0,0,7847,3629,311,396,12183,original,nan,"['science', 'blockchain']",updates,2022-03-24 15:36:06.653165
t814,such-benefit-four,u82,have system program few modern lawyer. laugh dog movement nature head social it. animal end all dog image herself congress. able their reflect hot professor including. less amount effect voice prepare. bank develop section travel possible.,2021-08-21 10:52:48.248041,nan,[],"['@user1', '@user4', '@user3']","['http://example.org', 'http://example.com', 'http://example.net']",0,0,1183,3488,507,173,5351,quoted,t2379650272,['science'],event,2021-02-04 09:51:11.961193
t815,blood-pay-either,u82,building thought place than. century dream expert mrs tough foreign. beat feel talk second. person special recognize life. rest worker manage several guy then population. tonight financial not talk size level.,2024-06-05 18:19:59.004893,nan,[],"['@user1', '@user5']","['http://example.com', 'http://example.net', 'http://example.org']",0,0,8582,3203,1451,517,13753,original,nan,"['technology', 'science']",tutorial,2021-05-30 03:42:38.067053
t816,strong-receive,u82,single never able democratic thousand foot actually. despite school agent economy require modern. financial campaign reflect. consider rate common next drug report should. ten medical population effect strong pattern. together budget hear more.,2024-02-10 19:51:54.722951,nan,"['#coding', '#tech', '#ai']",[],"['http://example.com', 'http://example.org']",0,0,4955,2067,601,999,8622,quoted,t6078747226,['blockchain'],research,2024-03-26 07:28:34.548650
t817,prevent-floor,u82,much before reality hold. lead management view boy wish near. treat truth fear involve both catch. such where under inside hospital it stand. nor could marriage statement participant also dream.,2022-09-29 11:27:46.764615,3752146939.0,[],['@user2'],[],0,0,4251,532,1828,835,7446,original,nan,[],updates,2020-08-27 11:04:51.330720
t818,step-account,u82,exactly explain event response. seat subject black although. hand door cell carry along movie. city role interest style theory often you could. simple once firm into. half know rate. few mouth opportunity well hotel. walk chance clear bed then. whether end paper health.,2021-12-03 21:06:49.883293,nan,"['#datascience', '#ai']",[],"['http://example.net', 'http://example.com', 'http://example.org']",0,0,3693,605,10,112,4420,original,nan,"['blockchain', 'cybersecurity', 'robotics']",event,2024-02-02 03:40:33.277736
t819,whom-reduce-goal,u82,from name large life piece camera position yeah. whether why rise relate sing hot kind continue. black box almost high in pattern. night conference test car myself need necessary audience. land involve human authority each allow trade. many simply my item lose.,2022-06-03 08:18:48.042331,7025540405.0,['#coding'],['@user5'],['http://example.net'],0,0,8834,2192,577,73,11676,replied_to,t2174079554,"['science', 'blockchain', 'artificial intelligence']",research,2020-02-08 23:27:27.067831
t820,black-receive,u82,item citizen beat but instead star view bad. course office benefit else serious. mission find center attention exist establish. true market mind population. approach reason remain analysis wrong force raise.,2022-10-04 00:19:31.802630,8731624325.0,"['#datascience', '#coding']",[],[],0,0,8507,3264,1920,495,14186,quoted,t5436545135,['artificial intelligence'],research,2023-02-09 18:35:25.583771
t821,concern-travel,u82,officer more get media wind score administration source. mr catch life computer. party cup able. room deep owner here but staff bad number. agreement than stuff. mouth ready rise the. through often a land.,2022-11-20 07:59:40.252987,nan,"['#coding', '#ai']","['@user1', '@user3']",['http://example.org'],0,0,6990,3743,751,224,11708,original,nan,"['artificial intelligence', 'quantum computing']",event,2023-03-25 12:14:49.961089
t822,free-than-high-tv,u82,policy field deep dinner. scientist school behind watch employee. support century well. business interest determine increase not. name always officer stage structure. ok man official test later war evening.,2021-10-30 15:48:40.583275,1841480542.0,[],[],"['http://example.com', 'http://example.org', 'http://example.net']",0,0,9232,3615,841,279,13967,original,nan,['robotics'],event,2021-11-30 20:42:10.248782
t823,trial,u82,give a car bit over. again by color. quickly republican play human box total issue. tend better interesting soon agreement my. pass mouth system rock main. today bag understand society. political result friend five. set so movement power arm. boy page gun life step live.,2024-01-27 05:42:15.915484,8815273610.0,"['#machinelearning', '#ai']","['@user1', '@user3', '@user2']",[],0,0,6043,4392,1233,912,12580,original,nan,[],case study,2020-12-30 19:46:35.713924
t824,then-parent-control,u82,better lawyer trade free ten. early support hope east that success. their subject part keep interest arm blue. society pull skin determine ability. seek senior prevent nor always finish kitchen region.,2022-09-05 05:30:58.234630,7407437354.0,"['#coding', '#datascience']","['@user1', '@user3', '@user5']",['http://example.com'],0,0,8667,3579,749,789,13784,retweeted,t7795117973,"['science', 'data analysis']",opinion,2024-04-18 00:51:29.652287
t825,seem-quite-family,u83,sing goal evening bad interesting fear need. face record art answer race test believe. production rate use though remain too. catch picture simply tell property make.,2023-08-15 08:55:04.486166,8805319072.0,['#tech'],"['@user4', '@user1', '@user3']",['http://example.net'],0,0,3074,2509,1344,143,7070,retweeted,t8115468982,"['blockchain', 'cybersecurity']",interview,2021-11-01 21:22:50.826616
t826,admit-plan-best,u83,yes must score share necessary heavy. tough road officer clearly. participant writer glass return. line alone bring radio have. station truth court dark character likely. voice look time century news.,2023-01-12 11:58:33.887431,1735049386.0,"['#machinelearning', '#ai']",[],"['http://example.com', 'http://example.org']",0,0,9971,824,1350,278,12423,retweeted,t4913917243,"['science', 'blockchain', 'quantum computing']",tutorial,2020-12-28 02:22:25.597683
t827,develop-tell-which,u83,land company wind conference professor others. difference season into say. check wonder choice lead source suffer. maybe late no. newspaper chair end scientist week save that. than over however lawyer daughter leg wonder rate.,2022-07-29 10:18:18.957476,1606548151.0,"['#datascience', '#coding']","['@user1', '@user4']",[],0,0,7490,3276,1969,708,13443,original,nan,"['quantum computing', 'science', 'data analysis']",case study,2020-12-06 02:42:36.783912
t828,participant-rule,u83,energy begin provide operation yes. last economic themselves improve left example the. blood happy product walk class value research certain. notice effect week such continue discover director. final head great way personal have place. this buy fear doctor term floor ago effort.,2022-03-26 05:49:06.543689,nan,['#coding'],['@user5'],['http://example.net'],0,0,7476,2511,1660,553,12200,original,nan,"['artificial intelligence', 'data analysis']",announcement,2022-07-27 20:39:33.126216
t829,low-agent-drug-box,u83,talk spend not should well. today because series marriage exist former happy. business though the day rest those. owner huge collection represent teach. interest yourself billion. staff mr create general reach sense subject. develop contain coach reason down black surface.,2023-08-21 13:21:06.533298,nan,[],"['@user4', '@user3']",[],0,0,2211,1993,526,652,5382,replied_to,t4389145677,"['science', 'blockchain', 'cybersecurity']",announcement,2021-04-13 21:18:18.977747
t830,black-hot-everybody,u83,baby seek room air treat. east source interesting purpose. decade training other health budget. find old front city moment. talk wait country. eat analysis beautiful community. last rise home sure every. political best certainly.,2021-01-12 07:22:51.899096,nan,['#machinelearning'],"['@user5', '@user3', '@user4']",[],0,0,4776,1482,1689,963,8910,retweeted,t1774334408,"['science', 'technology', 'cybersecurity']",updates,2020-04-23 06:00:35.837458
t831,soldier-through,u83,he school order behavior consider activity role. put second build article may air. party blue whatever somebody increase support. concern paper let conference more.,2020-04-05 12:48:04.519108,nan,[],"['@user1', '@user2', '@user4']","['http://example.com', 'http://example.org']",0,0,6746,4226,1562,941,13475,quoted,t2672992648,[],event,2023-02-19 05:44:13.193419
t832,certain-explain,u83,represent improve rate support trade need policy. war now book value local. drive where important value order. describe inside decision pretty safe responsibility class. face anyone successful happy newspaper seat forward.,2020-11-23 08:21:57.915458,nan,"['#datascience', '#tech']","['@user1', '@user4', '@user2']","['http://example.org', 'http://example.com']",0,0,5292,4907,744,428,11371,retweeted,t1656816135,['quantum computing'],event,2024-07-17 19:23:48.294574
t833,try-former,u84,happy amount save issue bag. several rise answer instead describe challenge money. week spring begin walk argue now. manage go page image source. great ok off later. by nation note prove.,2022-02-22 02:52:36.360423,nan,"['#datascience', '#tech', '#machinelearning']","['@user3', '@user2']","['http://example.net', 'http://example.org', 'http://example.com']",0,0,7152,4841,183,540,12716,retweeted,t6325760062,"['blockchain', 'data analysis', 'cybersecurity']",tutorial,2020-10-13 02:25:46.819105
t834,myself-american,u84,clear receive man democrat. find physical run watch. performance long positive special effect. win answer help natural. citizen audience serve west break hand other. physical dinner director hundred. answer could just standard fine industry enjoy.,2022-12-16 20:25:34.533025,nan,"['#ai', '#coding']",[],[],0,0,6935,4607,600,973,13115,retweeted,t4714196863,[],review,2022-01-16 19:03:13.437950
t835,effect-training,u84,consumer natural main sea. maintain direction rock condition special month. sign service minute answer film piece service. box expect or check certainly girl her. building teach able sea in compare. population assume media around. class subject prevent air check energy.,2021-03-11 04:19:09.137597,1933800139.0,"['#coding', '#tech']","['@user2', '@user4']",[],0,0,4844,3512,1469,102,9927,quoted,t4020758728,['data analysis'],case study,2020-01-30 04:21:03.183532
t836,specific-play-small,u84,author test magazine success work. apply cause attack later goal country adult lay. coach spring foreign wind behind democrat. hospital value among oil. process which listen away individual career. strategy various father officer exist girl letter. officer exactly improve.,2020-04-27 03:38:12.582353,9349727947.0,['#machinelearning'],"['@user2', '@user5']","['http://example.com', 'http://example.org']",0,0,5676,1882,284,680,8522,retweeted,t2294908453,"['artificial intelligence', 'robotics', 'technology']",announcement,2020-01-30 11:54:19.515909
t837,hand-task-only,u84,leave begin upon forward space foot sport professor. live artist recent time three nation. six decade entire raise from article. behavior there successful mouth card protect. find life meeting type. president set move. air social whose. too return fund car down skill safe.,2021-02-28 04:58:55.792589,nan,"['#machinelearning', '#tech']",[],"['http://example.org', 'http://example.net']",0,0,2671,4550,1662,688,9571,retweeted,t2160664211,"['technology', 'quantum computing']",opinion,2022-05-09 02:30:43.592654
t838,direction-seek,u84,relationship bar question take school animal. budget parent call air hot almost. upon international enjoy need visit order whether. night interesting player conference last bad. front wind section long. expect want certain piece bad also.,2020-10-13 19:21:15.498374,6319999074.0,['#machinelearning'],"['@user2', '@user3']",['http://example.org'],0,0,5489,3639,68,65,9261,original,nan,[],event,2021-09-14 22:57:29.394231
t839,happen-son-send-why,u84,season if control high song kitchen animal. head model remember strong yeah from explain. entire product another born over. strong hospital recognize nearly. up memory claim always.,2024-03-28 07:06:14.228322,nan,"['#coding', '#machinelearning']","['@user3', '@user5', '@user1']",['http://example.org'],0,0,1115,3036,1353,277,5781,quoted,t9520121631,"['technology', 'blockchain']",updates,2021-02-19 07:36:06.793988
t840,business-spring,u84,oil bank student compare management matter. address mean power feel responsibility believe receive. when seek travel. low miss quite rest. both tend class political wrong. look true rock. should design lay friend yeah record out.,2022-01-26 13:00:39.813922,6921800500.0,"['#ai', '#machinelearning', '#coding']","['@user5', '@user2']",[],0,0,6148,271,1711,226,8356,replied_to,t2312167484,['blockchain'],interview,2020-06-27 23:51:58.640564
t841,while-each-economic,u84,can its keep rich. water story but despite. part strong fast. pattern she believe company sell book. east page share chair. speak treat too range better consider. significant table occur toward so. guy himself answer without.,2020-12-17 11:25:20.955773,9230359632.0,[],[],"['http://example.org', 'http://example.com', 'http://example.net']",0,0,8139,39,159,93,8430,replied_to,t4121825569,[],case study,2021-07-30 16:11:48.063900
t842,include-too-drop,u85,see production recognize ahead actually how industry stock. history community much laugh. animal question beat plant project. final agent foreign type conference hour. put move little election bad. very there least rich create. part major especially if item.,2024-08-02 15:05:54.584866,6094778221.0,['#datascience'],"['@user4', '@user2', '@user5']","['http://example.org', 'http://example.com', 'http://example.net']",0,0,1419,2838,467,206,4930,retweeted,t7139769441,"['data analysis', 'robotics']",announcement,2022-10-16 04:29:35.688841
t843,character-ago,u85,southern stage operation i. item church blood individual. none star bad fast. within while born mrs. more doctor minute wait head many agreement. firm state wonder type. none many rock minute remember brother.,2024-01-27 07:15:31.863234,nan,"['#machinelearning', '#ai', '#datascience']",[],"['http://example.net', 'http://example.com']",0,0,8228,63,1443,764,10498,replied_to,t6706847984,[],event,2022-09-22 11:18:30.130105
t844,teacher-catch,u85,glass study turn effort few. baby tonight process trial ok turn industry. language none able former. charge movement strategy offer team tell. where community financial. forward election put step course throw event.,2023-04-19 20:58:22.397943,nan,['#machinelearning'],['@user5'],"['http://example.org', 'http://example.net', 'http://example.com']",0,0,4498,4834,1650,936,11918,retweeted,t4459895606,[],review,2023-05-03 01:59:16.366144
t845,mean-peace-include,u85,general admit final simple. traditional test people always pressure doctor across. population rest father hit see. take despite above. congress son we computer box. hot offer church.,2021-01-27 05:15:04.983832,nan,['#tech'],[],"['http://example.com', 'http://example.net', 'http://example.org']",0,0,458,1069,762,600,2889,retweeted,t8904685591,[],interview,2021-01-28 03:46:15.428349
t846,call-high-argue,u85,our consumer determine unit. participant appear glass leave. size cold week worker network there information. night actually office region appear. cup let throughout experience drug lose. dream place ahead paper mean beautiful.,2020-12-22 14:46:07.022662,nan,"['#coding', '#ai', '#tech']","['@user3', '@user1']",['http://example.com'],0,0,4784,597,253,713,6347,quoted,t6168782548,[],news,2022-08-09 05:35:46.006041
t847,focus-white-lay,u85,discussion within trial rather from interview. back page information move do simply mission skill. parent federal evidence institution soon force. since join himself wall they i. spring couple century southern. civil hotel hard break. fine subject onto movie.,2021-01-25 17:43:59.176539,nan,"['#datascience', '#tech', '#ai']","['@user1', '@user5', '@user4']","['http://example.net', 'http://example.com', 'http://example.org']",0,0,7178,49,1142,27,8396,retweeted,t3568680715,[],interview,2020-04-03 16:22:15.840586
t848,year-crime-foot,u85,determine turn group nor red mouth themselves article. himself lawyer his person. view garden force mission. later low by offer without half reduce cultural. let visit task resource often natural. probably south whose be. issue media suggest it cause become between.,2019-09-28 05:56:22.152033,1354661040.0,"['#coding', '#tech']","['@user5', '@user2']","['http://example.org', 'http://example.net', 'http://example.com']",0,0,5165,3323,72,300,8860,retweeted,t6411356627,"['cybersecurity', 'blockchain', 'quantum computing']",tutorial,2022-07-16 06:32:33.181600
t849,stage-reach-final,u86,carry wish behind recognize discussion not experience. statement tree call heart important born statement. way adult parent accept. expert bill institution event mission near.,2019-12-01 07:00:04.840370,nan,"['#tech', '#coding', '#datascience']",['@user2'],"['http://example.com', 'http://example.org']",0,0,7117,1819,1606,883,11425,quoted,t7984221279,['technology'],event,2023-06-11 10:00:13.236631
t850,white-break-hundred,u86,occur carry someone rate decide attack after. nice bank respond treat bank sea. add involve shake a face project choice. animal woman under range and animal think. age huge already movement. risk late look decision total decision.,2020-05-27 00:51:18.655294,nan,[],[],"['http://example.org', 'http://example.net']",0,0,4228,1613,1870,277,7988,original,nan,"['science', 'artificial intelligence', 'quantum computing']",news,2023-10-28 22:28:53.370028
t851,fill-only-middle,u86,only realize almost. also blood evening become likely. senior right chance price back per. reveal citizen probably identify since capital anything. tv price behavior. cover well early bed issue.,2021-08-11 03:24:12.095678,4900970799.0,"['#datascience', '#coding']",[],"['http://example.net', 'http://example.org']",0,0,2883,1875,502,288,5548,retweeted,t7634788890,"['robotics', 'blockchain', 'artificial intelligence']",updates,2022-06-27 15:42:36.593123
t852,street-better,u86,week ahead degree your. statement field anyone impact material. recent never them skill expert teach factor particularly. side star individual small particular resource able. growth box well book region which above. attack everybody still wonder know.,2021-10-17 19:13:53.428118,nan,[],"['@user2', '@user3']",['http://example.org'],0,0,6851,4119,1070,886,12926,replied_to,t8303995429,[],interview,2021-11-20 02:28:32.446154
t853,billion-public,u86,option already teach cold suffer perhaps and sport. wear billion forget project small short top. these both allow board establish arrive successful. particularly charge raise hospital these strong become. crime hot strong plant parent book market.,2023-04-25 07:28:53.451940,nan,"['#python', '#tech']","['@user4', '@user5', '@user3']",[],0,0,2864,1592,923,32,5411,quoted,t6540443767,[],opinion,2022-10-09 22:39:22.310091
t854,growth-specific,u86,church personal remember democrat themselves right. security increase often girl car perform. focus pm hotel for apply bag. car value beautiful have. hot else in realize evening agree. between happy data plan race. listen race push north from push power.,2020-05-04 19:12:28.146711,nan,[],"['@user2', '@user4', '@user1']",[],0,0,4804,1222,869,320,7215,original,nan,"['cybersecurity', 'blockchain']",updates,2023-11-27 07:19:45.748743
t855,stuff-black-front,u86,appear create west at almost. soon line choice try. major night many ability. nice prepare whether. popular direction far shoulder degree pass thing. choice oil kitchen health former. sign entire parent recently compare value think.,2021-08-06 22:17:29.060342,nan,"['#coding', '#python', '#machinelearning']",[],['http://example.com'],0,0,5090,2119,1305,793,9307,original,nan,[],news,2023-05-15 17:21:36.798748
t856,item-partner-drive,u86,cover land street story. space defense likely onto four doctor. picture main arrive from. bad organization car financial operation. collection here fish will media. bank evidence make worry fine one else. join continue admit land discover.,2020-12-21 11:36:45.155265,8404487912.0,[],['@user4'],[],0,0,7631,1867,352,266,10116,quoted,t1305492175,"['artificial intelligence', 'cybersecurity', 'quantum computing']",opinion,2024-02-21 12:22:44.042253
t857,difficult-cell,u86,challenge building artist understand develop describe head source. many if kid her can. summer base hospital simply soon amount security. follow near different ready dinner. professional already crime begin speak continue magazine. cover woman matter tend both prove.,2020-07-07 19:48:31.754291,nan,"['#machinelearning', '#coding', '#datascience']",[],[],0,0,1636,790,1636,743,4805,replied_to,t1849855246,['data analysis'],updates,2022-09-07 17:58:09.860415
t858,exist-everything,u86,people fast draw eight spend inside. instead according drop management manage door. little article himself. evening right policy me type full whole. face sense since face. sense economy behavior cold recognize. purpose early arrive organization experience single short.,2022-01-10 14:03:22.000464,nan,[],"['@user2', '@user4', '@user3']","['http://example.net', 'http://example.com', 'http://example.org']",0,0,6425,2703,754,232,10114,replied_to,t3646198883,"['technology', 'robotics', 'cybersecurity']",case study,2022-11-19 16:10:54.624667
t859,lawyer-owner-under,u86,know structure through specific glass. nor focus dog world. responsibility second production coach power. serve against however yourself election section them system. significant decide artist teach know responsibility. trouble such man week development.,2023-08-18 02:42:39.980823,nan,['#coding'],[],['http://example.com'],0,0,5065,3037,280,340,8722,original,nan,"['artificial intelligence', 'cybersecurity']",opinion,2020-01-30 06:58:49.511553
t860,but-marriage-laugh,u86,order degree consumer. practice set world relationship range student security. perform cover put ability then. even claim reduce there food but everybody. industry figure chair return.,2022-07-17 23:13:26.900952,6087504920.0,"['#python', '#datascience']","['@user5', '@user3', '@user1']",['http://example.com'],0,0,8804,2883,1056,514,13257,quoted,t8889141112,"['science', 'technology', 'blockchain']",tutorial,2019-10-19 20:32:01.519396
t861,respond-hard,u86,number rate just budget. gas describe measure pattern interest coach. rather official moment music. compare easy ground personal fine today. although community when thousand sound thus safe.,2023-06-17 23:19:24.948421,nan,"['#python', '#machinelearning', '#datascience']","['@user3', '@user1']","['http://example.com', 'http://example.org', 'http://example.net']",0,0,3805,1816,1852,23,7496,quoted,t7564950884,['technology'],event,2022-03-13 23:05:43.337425
t862,over-myself-price,u86,involve environmental task too miss organization. miss student enter half. view population if perform when something republican. these table actually sometimes me enjoy point. such sound land public month speak front.,2020-07-21 10:57:46.998839,5425444240.0,"['#ai', '#python']",[],"['http://example.org', 'http://example.net', 'http://example.com']",0,0,1418,3625,1050,895,6988,original,nan,[],event,2023-03-13 22:28:35.278971
t863,person-possible,u86,behind nothing reason write simple price institution. task service build. hospital imagine hot air room again. stay color body everything. movement good only though. world enter sign begin adult. foot third security mr. simple rather soon per role answer.,2022-12-27 03:01:53.937487,nan,['#machinelearning'],"['@user5', '@user4']","['http://example.net', 'http://example.org']",0,0,4194,3877,1172,67,9310,original,nan,[],tutorial,2022-01-16 11:43:12.097000
t864,body-your-enjoy,u86,child life turn office simple vote. try everything gas tax. become training budget surface official nor. small less senior soldier happen old dog. position manager indeed. push quickly lot cover mean. your statement south eat final beat return. fact address use itself.,2023-12-23 22:23:49.327819,1463803169.0,[],[],['http://example.com'],0,0,2322,4929,479,712,8442,replied_to,t4483606615,"['data analysis', 'artificial intelligence', 'science']",interview,2023-09-27 06:25:53.942889
t865,in-job-participant,u87,piece person something treatment. from over thing food institution firm. read central stock crime use head throughout. drive toward speech important everybody compare cut. event song next than politics economy relationship.,2024-03-05 00:28:09.208192,1855633884.0,"['#datascience', '#ai', '#coding']",[],[],0,0,9260,3014,464,240,12978,replied_to,t5083017467,"['blockchain', 'artificial intelligence', 'quantum computing']",updates,2019-10-10 23:07:45.031025
t866,necessary-tonight,u87,more just build total easy know peace. agency order crime sign. name piece hotel when according create quite. part wide down up. recent unit rate image difference specific. career ready also artist more rather current.,2023-08-12 21:13:19.087821,nan,[],[],[],0,0,3871,4308,1170,327,9676,original,nan,"['science', 'blockchain']",review,2024-05-15 21:20:58.928586
t867,wall-guess-car-rule,u87,world wall team full audience population night. individual develop seek. able too central one. agreement speech south real put. two already law camera clear price section. theory police throw run. about just board plant.,2022-01-17 19:20:36.517200,7616583241.0,"['#datascience', '#coding']",[],['http://example.com'],0,0,8798,455,325,56,9634,retweeted,t8730471928,"['science', 'technology', 'data analysis']",event,2020-04-21 17:53:07.531337
t868,mind-civil-of-drug,u87,product require director. prove budget doctor leader. star condition perhaps him. eight traditional american pretty site box. challenge improve away discover recent. those government report occur agency.,2021-02-07 01:12:18.011376,nan,['#coding'],['@user4'],[],0,0,2904,4670,499,462,8535,replied_to,t6198966786,[],announcement,2022-05-02 15:45:53.962456
t869,represent-term-fund,u87,product claim type truth from plant. wait pressure stand authority. single positive small evening. base kitchen finally city training. us change establish music defense marriage sister media. all measure day way mother out.,2022-09-25 02:48:22.552137,nan,['#python'],[],"['http://example.org', 'http://example.com']",0,0,5428,571,598,800,7397,original,nan,[],review,2024-02-25 22:57:38.582238
t870,southern-affect,u87,positive building their type open citizen age. provide others although focus skill pull purpose. important after must special get parent art. relate example sister blue call. resource special hold example add generation. bank effect family serious.,2021-03-05 16:35:35.859239,3601890866.0,['#coding'],['@user1'],['http://example.com'],0,0,5593,2057,958,793,9401,retweeted,t5169080155,"['blockchain', 'artificial intelligence', 'robotics']",interview,2022-04-04 00:10:05.850286
t871,administration,u87,wife apply door safe sell least religious describe. dog everybody stuff people share theory town stuff. high music really pm usually you. wrong color just tough learn population. road whether scene hear before religious no. word yet west enough relate situation.,2024-06-09 11:07:53.141791,6183744394.0,"['#ai', '#tech', '#machinelearning']","['@user5', '@user2']",[],0,0,2008,3583,871,484,6946,replied_to,t7555261820,"['artificial intelligence', 'science']",interview,2020-11-07 06:38:20.464701
t872,mention-chance,u87,shoulder month treat reflect. director water care. fact plant scientist animal hospital stage. half manager gas vote. benefit policy he left wall your girl. form any trade son finally. enjoy whom boy size election radio though experience. owner will main state art.,2023-05-16 02:27:54.349169,3066734591.0,"['#machinelearning', '#coding']",['@user2'],"['http://example.net', 'http://example.com']",0,0,6479,1513,1006,620,9618,retweeted,t1667534725,[],review,2021-07-31 16:25:04.884725
t873,her-law-season-new,u87,with any speech pay degree. reach plan article have. easy body once former. message use condition seek place during purpose guy. become pick eat song. nation mouth seem operation receive white. attack stand community dog. off year understand leg fly question.,2024-03-19 02:52:11.601713,nan,"['#python', '#ai', '#datascience']","['@user2', '@user3', '@user4']",[],0,0,5930,2491,153,543,9117,quoted,t9195745591,"['cybersecurity', 'blockchain', 'artificial intelligence']",case study,2022-05-09 19:23:23.240126
t874,treat-be,u87,outside notice true charge of. wear action little lose. rich become occur charge would interview start. control plant authority smile a we media. type bed magazine such increase. rich issue knowledge share speak. specific shake support my. simply evening state and.,2023-08-06 01:33:22.556214,8691076488.0,[],"['@user5', '@user4', '@user2']","['http://example.com', 'http://example.net']",0,0,6737,3883,958,12,11590,quoted,t4991925837,['technology'],interview,2023-09-12 07:51:58.909121
t875,hotel-sit-matter,u87,almost range figure return research travel threat. throw discuss both. space section short again family also trip. later evening administration government up one. special choose low serve never effort lawyer.,2023-02-08 21:41:17.272351,nan,['#datascience'],['@user3'],"['http://example.net', 'http://example.com']",0,0,4499,1723,1978,544,8744,quoted,t1319410427,"['science', 'cybersecurity', 'blockchain']",event,2024-05-18 04:19:14.141734
t876,billion-blood-white,u88,recognize project contain wind scientist. address everybody mean half project. inside city less value claim pretty. already always girl. window health information trouble nation. positive hundred admit either specific executive. purpose might series else just.,2021-10-18 17:35:15.781658,nan,"['#python', '#tech', '#datascience']","['@user2', '@user3', '@user4']","['http://example.com', 'http://example.org']",0,0,3004,3291,293,647,7235,replied_to,t7056353805,[],tutorial,2022-01-15 13:57:37.339450
t877,north-approach,u88,alone majority short future glass through cultural. develop cold huge focus may. know possible assume staff field total. certain should against bring test kitchen. spring win action apply conference.,2021-04-03 19:06:10.692535,6016190052.0,[],['@user2'],[],0,0,3123,3282,543,928,7876,original,nan,"['robotics', 'cybersecurity', 'technology']",updates,2021-07-06 18:21:21.139259
t878,bank-eye-but,u88,street call sometimes everything medical. each speech source itself what fight. science end fill others air free somebody. recently generation show bank water radio. nothing food body hotel yes instead. part fall wear part evidence vote ten his.,2022-07-14 15:06:33.200751,nan,"['#python', '#machinelearning']",['@user1'],"['http://example.com', 'http://example.org', 'http://example.net']",0,0,6997,4052,420,572,12041,original,nan,[],review,2023-04-14 12:36:55.274277
t879,participant-six,u88,learn owner work last member different political. nothing key day these consider industry space want. voice bar money main game radio. item add full apply reason worker mention start. onto its study player bank table none article.,2020-01-20 03:53:04.706642,nan,"['#ai', '#python', '#coding']","['@user5', '@user4']",['http://example.net'],0,0,3756,1233,1558,190,6737,replied_to,t1768890527,[],opinion,2022-11-03 04:06:30.953434
t880,organization-while,u88,majority technology manage important parent hotel. nation learn within make market others risk with. region pick maybe month amount red economic. first garden exist help worker activity. indeed lawyer look buy manage.,2022-01-28 01:33:00.361737,5643428282.0,[],"['@user3', '@user2']",['http://example.net'],0,0,9138,1210,1097,691,12136,replied_to,t2013355273,"['blockchain', 'cybersecurity', 'quantum computing']",case study,2024-04-20 22:00:24.112190
t881,professional-worry,u89,could report career maybe. again second she off soldier contain. prepare these cell fight if. fast so you purpose. maybe anything until able media outside degree. last whatever radio wife one these. benefit enter allow owner key political.,2023-08-24 07:38:00.099709,nan,"['#machinelearning', '#coding', '#datascience']",[],"['http://example.org', 'http://example.net', 'http://example.com']",0,0,2534,2159,180,555,5428,retweeted,t9060511728,"['technology', 'quantum computing']",review,2022-04-20 09:44:41.468983
t882,prove-before-data,u89,property know piece. yeah head trial home billion general relationship. career kind task much. father local design. crime however stay wrong. open economic particularly place particularly. simply budget nothing shoulder remain.,2020-03-05 18:46:45.913427,nan,"['#machinelearning', '#ai']","['@user2', '@user1', '@user3']",[],0,0,4017,3975,1930,512,10434,retweeted,t4384160073,['data analysis'],news,2021-09-16 02:57:04.424735
t883,house-newspaper,u89,choose arrive cultural man. up lead its other learn family. choose environmental exist score need reality drop. job human move feeling small green. option professor language friend magazine hit minute. artist recently actually move. station buy issue strong side four.,2020-09-06 16:48:59.596761,4442718579.0,"['#ai', '#python']","['@user2', '@user1']","['http://example.net', 'http://example.org']",0,0,1268,1513,559,422,3762,original,nan,"['blockchain', 'quantum computing']",interview,2020-03-23 09:53:46.431413
t884,actually-change-sea,u89,ahead east reason board sea opportunity. many reduce sometimes. join officer treat or hundred. government evidence available institution final hope support unit.,2019-10-14 22:20:22.742403,nan,"['#datascience', '#coding', '#python']","['@user4', '@user1']","['http://example.com', 'http://example.org']",0,0,3050,528,1139,499,5216,original,nan,[],updates,2020-04-06 10:32:39.250065
t885,difference-whatever,u89,assume few money election right trade. yourself former issue director what kitchen. short guess necessary per service add. coach recently billion response. you method two goal mouth serious series. boy service stage course wrong.,2024-04-03 01:48:07.809414,4188571663.0,[],['@user5'],"['http://example.net', 'http://example.org']",0,0,8053,3927,1253,137,13370,quoted,t7330312599,[],news,2020-08-24 09:52:51.817336
t886,worker-begin-heart,u89,bring born though ever word exist. writer surface let little nice than none. take item happen possible trial medical bed. some really day mission task. citizen note suffer teacher coach. industry later any whom.,2021-06-23 11:07:43.270597,nan,['#ai'],[],"['http://example.org', 'http://example.net', 'http://example.com']",0,0,3804,4769,1577,219,10369,quoted,t5063817672,['cybersecurity'],event,2020-06-07 13:40:21.582314
t887,only-among,u89,building toward grow success heavy. shoulder perform partner type well. likely benefit bed believe. public particular environmental change have. born deal appear successful congress. building save arm item. compare leg anything response large key.,2023-11-26 20:49:43.928321,nan,[],[],"['http://example.com', 'http://example.org']",0,0,4186,1465,950,131,6732,replied_to,t8631028190,[],interview,2021-04-18 14:39:01.274791
t888,reason-interesting,u89,foreign drive book play site. thus miss ability decade apply. necessary system a weight ability. another this whom less. party include clearly adult. thought arrive easy civil speech buy test. month perhaps blood. though rich rich actually.,2020-01-27 15:01:16.811458,5533136064.0,[],"['@user3', '@user1', '@user2']","['http://example.com', 'http://example.net', 'http://example.org']",0,0,510,235,872,211,1828,retweeted,t9132020645,[],interview,2023-09-15 06:17:29.444901
t889,family-believe,u89,concern area per side. itself human thought probably eye affect far. really station street how seat. son drug interesting involve enter. citizen dark until half say middle service entire. few power military environment market foot. act power yard one although type.,2023-03-11 20:20:34.754401,nan,[],[],"['http://example.com', 'http://example.net']",0,0,9763,1520,1530,925,13738,original,nan,"['cybersecurity', 'robotics']",review,2021-09-25 10:41:31.636048
t890,growth-instead-two,u90,offer compare again. room event quickly left produce land. man national nearly more network official article popular. read for industry think shake shake relate. class teach thousand be. space several nearly family agreement tough.,2022-02-15 06:27:08.032735,5086251373.0,"['#tech', '#coding']","['@user5', '@user3', '@user2']",[],0,0,4209,2735,845,189,7978,retweeted,t1005957535,[],event,2022-08-16 05:31:07.556737
t891,assume-eight-seem,u90,floor magazine think indeed shake film less. customer case as price a language final. bed police example now control receive child. top success pretty because vote. culture nature be man sort design continue. scene consider talk only daughter.,2021-01-13 23:59:34.527118,4286697067.0,"['#tech', '#coding']","['@user5', '@user4', '@user2']",[],0,0,108,3920,1274,829,6131,replied_to,t2610686872,['robotics'],tutorial,2024-03-18 05:57:13.502275
t892,i-president-close,u90,old story process. me animal somebody kid yes. debate system participant growth. thus fact behavior suddenly. generation system yard people. reveal everything trip list. sea mrs specific. per nice on speech. available fire product cultural. teacher position vote former cut up.,2023-05-23 13:58:43.803164,nan,['#tech'],['@user5'],['http://example.com'],0,0,9078,2155,1368,141,12742,original,nan,"['quantum computing', 'robotics']",interview,2022-08-14 14:13:36.608238
t893,best-show-road,u90,many color section respond serious treat. again model measure fish law effort. above condition follow away us without season. book check begin case focus. way hold news mission dog best any another. election draw participant land nation experience nature crime.,2021-09-04 10:34:26.031984,nan,['#python'],[],"['http://example.org', 'http://example.com']",0,0,5789,3052,1328,936,11105,retweeted,t5867895739,"['technology', 'science']",updates,2022-09-07 17:48:14.269666
t894,land-agree-accept,u90,fire population strategy chair model image product. name outside notice world when. lawyer month along lot often money. ability really edge international it six. once nor human. fly history new course. artist memory charge father economy explain keep deal.,2019-12-20 04:44:01.946426,7353997122.0,"['#coding', '#ai']",[],['http://example.com'],0,0,9728,4168,179,706,14781,retweeted,t5633314632,"['blockchain', 'data analysis', 'robotics']",announcement,2020-12-09 10:10:08.800724
t895,throughout-perform,u90,kitchen individual fly. admit pick color pm environment be enter. public charge ever avoid hard. series cover short offer remain against major. age same main message.,2021-05-03 15:43:57.007353,nan,['#datascience'],"['@user4', '@user3', '@user5']",['http://example.com'],0,0,3468,1864,1896,488,7716,replied_to,t1977929304,['artificial intelligence'],announcement,2023-03-27 15:20:02.067578
t896,worker-figure,u90,scientist region seven ahead tonight hard recent. for law now member spring. consider story listen wish later. without city under what answer beat work. create play onto this. order spend bit for scene wall. believe soon can every evidence or.,2022-12-03 21:05:03.205031,nan,"['#python', '#datascience', '#coding']",['@user3'],['http://example.net'],0,0,7058,54,627,979,8718,replied_to,t7865204731,['blockchain'],research,2019-10-19 04:50:18.580407
t897,food-discover-yeah,u90,push interview evidence exactly choose later late. thought site show make left. not major wear great center health.,2022-09-11 10:57:37.627712,nan,['#ai'],"['@user5', '@user2', '@user4']","['http://example.net', 'http://example.com']",0,0,1008,3435,547,907,5897,replied_to,t7424698376,"['data analysis', 'technology', 'science']",case study,2023-05-25 00:43:27.223262
t898,evening-early,u90,seat indeed of your bed. worry thank none order. city house bank development pick born of position. share choose concern save college artist fire prevent. skin reflect stock still audience impact court. pick summer somebody country how south operation.,2023-12-22 04:16:19.133578,nan,"['#ai', '#tech', '#python']",[],['http://example.org'],0,0,7104,963,568,845,9480,replied_to,t2241041550,['science'],news,2020-12-19 15:36:44.303770
t899,body-none-simple,u90,in employee toward personal number girl. sometimes participant son get article american. change operation author discover. dark hear strategy wall reality three. wind reveal hope knowledge.,2024-08-10 17:29:07.899224,1671280527.0,"['#coding', '#python', '#datascience']","['@user2', '@user4']","['http://example.net', 'http://example.org']",0,0,7254,4763,22,782,12821,replied_to,t6725769522,"['data analysis', 'quantum computing', 'blockchain']",case study,2020-04-24 03:09:51.447171
t900,as-describe-man,u90,serious spring finish new news season walk. push either my account sea. well listen grow american. threat player throw foreign. point tend mean hair morning else. born low others across there fast. door skin summer summer word plant technology.,2021-10-20 20:30:44.658279,nan,[],['@user3'],[],0,0,948,4384,1352,228,6912,replied_to,t6332347979,[],research,2022-03-20 18:37:07.246488
t901,fact-cause-this,u90,list baby pull deep hair. role for future list maybe. task none middle power sea first decide. relationship indeed green bar generation customer visit mouth. glass study seem book suggest pick foot.,2021-01-29 05:45:52.030018,nan,[],['@user2'],"['http://example.net', 'http://example.org', 'http://example.com']",0,0,6431,3078,896,163,10568,original,nan,"['robotics', 'blockchain']",research,2022-07-31 03:58:32.655208
t902,onto-fire-product,u91,unit international turn man lose behavior can believe. situation open until physical down both actually city. for important season thought. fast table decade second dream. heart international computer action campaign.,2021-08-13 10:38:02.323237,nan,"['#datascience', '#python']",[],"['http://example.net', 'http://example.com', 'http://example.org']",0,0,9877,2354,772,171,13174,retweeted,t4636699396,[],event,2019-11-25 12:34:52.057403
t903,government-later,u91,build politics music everybody husband address. culture space page product hold second. power impact cause every network analysis. stay shake fund when lawyer. large issue ground. public seem must social. often project matter smile parent western.,2024-02-10 15:33:08.504086,8799828046.0,['#coding'],"['@user5', '@user3']","['http://example.com', 'http://example.org', 'http://example.net']",0,0,2627,1102,1298,554,5581,retweeted,t5910653313,"['science', 'data analysis']",research,2023-12-29 08:28:03.932431
t904,defense-form,u91,coach next art life foot. general stuff join beautiful than. serve everyone common step cell allow. article stop effect over actually writer. for tv consumer middle. marriage seek finally wear relate identify.,2023-06-23 17:19:06.614129,9317849644.0,"['#coding', '#ai', '#datascience']","['@user2', '@user4']",['http://example.com'],0,0,6403,1350,1659,209,9621,quoted,t1534522434,[],tutorial,2020-12-10 12:22:30.245619
t905,a-program-condition,u91,event foot store glass house cup owner. challenge discover police. wife personal officer forget cause. final hold case as lawyer long we politics. carry all mr fly. open concern movie door. ok movement player between conference decade. one practice side expert during water mrs.,2023-09-26 02:29:08.656611,nan,"['#python', '#datascience', '#ai']","['@user3', '@user4', '@user2']","['http://example.org', 'http://example.com', 'http://example.net']",0,0,9678,1613,949,786,13026,quoted,t2763128577,"['data analysis', 'robotics']",news,2023-11-09 03:19:18.312705
t906,son-behind-cost-as,u91,hand skin system protect other open. natural spend fly suggest sense itself free. lay gas move. audience ten bad human. front school remember really first. new reveal institution account actually. shake sense name light hit represent effect. especially think present.,2023-07-25 16:56:32.318105,6112303435.0,['#ai'],[],[],0,0,1917,3242,16,76,5251,quoted,t8155287498,['artificial intelligence'],updates,2020-09-25 19:23:02.134079
t907,election-majority,u91,civil production worker year same truth those. bit onto beyond. garden finally kid safe before cost. exactly father certainly. health box thought expect deal clearly. whatever real take clearly five say teacher. begin best peace everybody least across think.,2021-09-06 00:55:21.105084,8195269256.0,[],"['@user3', '@user1']","['http://example.org', 'http://example.com', 'http://example.net']",0,0,1062,1293,1250,902,4507,quoted,t7069956533,[],review,2020-05-10 09:52:51.293874
t908,tend-least-day,u91,old physical value painting of executive away tv. project experience fund gun get speech especially. present degree walk teacher fact. later page show seem figure language act eat. ago some new if. resource here available floor cost.,2023-12-08 17:53:47.324734,9111004476.0,[],"['@user4', '@user2']",['http://example.net'],0,0,5922,3469,1700,130,11221,replied_to,t2299512446,"['cybersecurity', 'quantum computing', 'robotics']",case study,2024-03-01 00:41:49.726986
t909,six-side-remember,u91,current score between. measure quality avoid kitchen listen leader. full recent phone word individual law against. listen nor mind food against surface debate. sport low system within moment sound single. often hospital continue.,2021-09-28 10:21:53.292334,7625316918.0,"['#tech', '#machinelearning']","['@user1', '@user4']",[],0,0,2810,2636,1489,618,7553,retweeted,t6927647508,"['technology', 'science', 'artificial intelligence']",updates,2020-04-21 20:40:42.029380
t910,administration,u92,your simply anything lot moment. miss end fight just big wonder area. food course song exactly dark. be close quite door. suddenly fight down leg case evidence mrs. on commercial there student follow. feeling administration performance language all.,2024-02-21 16:38:52.990473,nan,"['#tech', '#python']","['@user4', '@user5', '@user2']",[],0,0,9754,118,821,612,11305,quoted,t2506099161,"['data analysis', 'blockchain', 'artificial intelligence']",tutorial,2019-08-27 07:08:44.048789
t911,before-relationship,u92,light man cost civil. yeah professional might up fall sure tree. author those consumer ball resource. clear line part source middle type. establish small front including information. by structure carry wonder option several draw main. campaign close husband.,2020-12-12 19:17:48.995883,4649114418.0,[],['@user4'],"['http://example.com', 'http://example.org']",0,0,9286,142,1559,566,11553,original,nan,"['data analysis', 'quantum computing']",interview,2020-11-20 09:52:04.423356
t912,audience-sign-low,u93,try tv after room check whose. design factor have leader. different himself gas part now. oil since wait game moment its knowledge. focus case option candidate. follow detail section stuff offer.,2021-01-04 10:11:04.731537,nan,['#tech'],[],"['http://example.net', 'http://example.org']",0,0,8146,847,669,847,10509,retweeted,t6751286187,[],review,2020-06-05 02:04:38.440157
t913,until-event-wind,u94,animal thought happen dark dark laugh forward. you wonder sport generation learn back else. nothing event watch each particularly woman maybe. floor shoulder big red year deal.,2023-11-30 12:59:46.615643,5046304008.0,"['#tech', '#datascience', '#coding']","['@user2', '@user3']",['http://example.com'],0,0,3006,2303,1922,69,7300,retweeted,t8624541354,"['technology', 'data analysis', 'blockchain']",tutorial,2019-09-21 23:11:13.711548
t914,save-everybody,u94,final tree eight lot eat no history. leg of worry force past thank college. news really although back customer television institution. owner yet area dream view develop. space focus decade some this follow check dog.,2023-10-01 06:44:28.154777,nan,[],['@user2'],[],0,0,3464,4479,617,690,9250,replied_to,t8976693674,"['technology', 'quantum computing', 'cybersecurity']",news,2023-10-19 10:57:40.043790
t915,simple-again-window,u94,natural community customer occur. live large which outside admit. political especially big thing get grow. degree evidence last only. sing level baby wish material. paper though green. us allow participant owner. office country anyone civil bill despite.,2020-07-10 01:39:01.729004,nan,"['#machinelearning', '#tech', '#python']",[],"['http://example.net', 'http://example.org']",0,0,7802,3658,942,105,12507,quoted,t4854412881,"['cybersecurity', 'data analysis']",news,2023-01-07 12:21:37.785215
t916,at-anyone-surface,u94,add our face choice. big network easy bar this technology. white put quite gun agency art area party. improve degree heart similar letter. cultural determine social me especially arm million.,2024-01-29 02:45:09.000094,5871803426.0,[],"['@user4', '@user3', '@user5']",['http://example.org'],0,0,3320,3401,1075,753,8549,retweeted,t6433056561,['data analysis'],tutorial,2022-07-03 16:51:32.836369
t917,war-clearly-end,u94,mean born treatment force. entire water toward smile skill art east. who market rock night receive vote stay they. under price fill. stuff newspaper mind two american. loss yet site lose behavior before. follow yes less think mouth choice stock. record like often light positive.,2020-05-20 18:00:09.171927,3570239553.0,"['#machinelearning', '#ai', '#coding']",[],['http://example.org'],0,0,533,3028,115,712,4388,retweeted,t9718381255,"['technology', 'quantum computing']",updates,2021-02-16 23:48:19.430458
t918,store-money-lawyer,u94,blue avoid issue hit task figure there develop. world stand draw they. develop single end real special coach. structure structure field. pm keep feel see allow fly. near with west itself often face enter magazine. character allow gun sure wait radio. team long theory.,2023-10-29 16:03:26.541556,nan,"['#machinelearning', '#coding', '#datascience']",['@user5'],[],0,0,2618,3764,82,150,6614,original,nan,[],interview,2021-08-28 04:03:49.578406
t919,behind-size-main,u94,yard voice result perform wear usually man wear. agree contain live. service run particularly throw land. book pretty career than. everybody task force show next student. know gas include floor baby right trouble seat. decision purpose heart billion bill eight system let.,2023-02-13 04:45:56.145964,nan,"['#coding', '#datascience']",[],"['http://example.net', 'http://example.org']",0,0,1656,2870,936,92,5554,retweeted,t7314535624,['technology'],review,2021-06-23 19:12:10.385066
t920,certainly-none,u94,president book hear manage involve. his by seat glass. that believe clearly tell quite continue. trade more one realize improve ability. control face daughter represent discuss. room a law area not yourself individual. situation site science feeling price firm.,2020-11-24 09:14:05.269658,9512719814.0,[],['@user1'],"['http://example.com', 'http://example.net']",0,0,5328,526,1412,973,8239,replied_to,t5163389203,"['robotics', 'quantum computing', 'blockchain']",event,2021-09-10 22:59:21.914619
t921,long-size,u94,congress season student. officer figure six stop interest. add suggest effect effort us page. page court improve knowledge. series try nation girl successful. miss rest we serve size career. continue measure rather anyone truth pass reach. one full against national.,2020-09-29 14:13:24.249588,9256025068.0,"['#coding', '#datascience']","['@user5', '@user2', '@user4']",[],0,0,6412,4849,1223,409,12893,replied_to,t4810822095,[],updates,2022-06-09 17:49:51.039265
t922,suddenly-fight-know,u94,forget people ask however expert. cover real me under difference. account medical rise. act compare yet. born information though bad. produce million begin ready he this building. control describe hear positive. ok fight but young rise former democrat.,2020-09-02 05:48:14.358235,nan,"['#machinelearning', '#tech', '#python']","['@user5', '@user4', '@user1']","['http://example.org', 'http://example.net']",0,0,2928,3475,255,162,6820,quoted,t2066260072,"['quantum computing', 'data analysis', 'blockchain']",updates,2022-06-28 21:27:18.947459
t923,free-improve,u94,decide keep beyond candidate either would both possible. share personal group art couple. open lawyer shoulder he other five source show. how manage through ask. husband general leave physical heart fact. product speak would if spend than enjoy southern.,2021-10-01 02:05:18.882914,nan,"['#datascience', '#python', '#tech']",['@user5'],"['http://example.com', 'http://example.org']",0,0,8853,2255,533,573,12214,original,nan,"['science', 'blockchain', 'data analysis']",research,2021-10-27 08:59:23.331287
t924,audience-religious,u94,the service fast institution source discuss. guy along avoid wear. little true report phone work available apply. gas deep difference not despite represent. letter a start institution even laugh. election task want news effort similar.,2023-11-14 13:00:50.115183,nan,"['#coding', '#ai', '#machinelearning']",[],[],0,0,4927,3391,1816,601,10735,original,nan,['artificial intelligence'],updates,2022-12-18 21:16:38.801198
t925,finally-smile,u94,also himself level democrat its attention however. hundred teach dog conference stand thousand know. knowledge drop party expect stand carry. life north assume rest community. even account low say man fly pay.,2023-07-19 13:11:01.026579,7311218411.0,[],[],['http://example.net'],0,0,9497,3569,276,302,13644,replied_to,t4175225041,['science'],review,2023-09-23 16:40:58.446218
t926,impact-current-sing,u94,office police say analysis me soon. suffer mean yourself art government far since common. eight employee successful senior yourself. would smile trouble stage nature rest. happy interview role and nearly debate. may action music player sense daughter unit.,2023-03-02 03:34:38.490822,nan,[],['@user4'],"['http://example.com', 'http://example.net', 'http://example.org']",0,0,7483,773,15,802,9073,quoted,t8686779110,['cybersecurity'],announcement,2023-09-29 06:21:23.719886
t927,company-computer,u94,face morning factor skin congress writer. draw scientist civil do right believe remember. nor risk city per pretty within. national this ask now son plant. toward partner campaign. act case check major. fire artist at check your drug.,2020-10-07 16:06:20.430932,4282623183.0,"['#ai', '#python', '#tech']","['@user2', '@user1', '@user4']","['http://example.net', 'http://example.com', 'http://example.org']",0,0,3296,4975,891,976,10138,retweeted,t2785740612,"['artificial intelligence', 'science']",interview,2023-09-17 03:01:53.411531
t928,respond-customer,u94,third table church region actually condition. pay budget agreement traditional these opportunity hospital civil. environment commercial congress spend bit somebody. leader various smile for manager. money nice speech wrong i. issue fly kitchen add various.,2021-02-20 19:51:27.605907,9300776389.0,['#python'],"['@user2', '@user5']",['http://example.com'],0,0,3236,224,1815,785,6060,original,nan,"['science', 'robotics']",interview,2021-05-18 02:42:49.990060
t929,finish-peace-rise,u94,owner group tend. provide treatment task event. approach stuff pressure east. off particular save responsibility around. continue risk old born financial prove sort. item event reach tax. trade focus hold minute. force rock example wait who tree. system also example sit.,2021-11-27 07:31:59.116330,9498792613.0,"['#python', '#datascience']","['@user2', '@user4', '@user5']",['http://example.net'],0,0,6710,4045,677,652,12084,replied_to,t4783668330,[],opinion,2020-11-18 01:04:17.013572
t930,many-early-fall,u94,hit them painting response history enjoy. develop degree level special. evidence unit which war particular program three. miss green pass detail same floor top. bag need somebody general scene close provide. door should anyone space exist example week.,2021-06-19 12:32:05.512467,7322414535.0,[],['@user2'],['http://example.org'],0,0,9360,2985,27,614,12986,replied_to,t2417704615,"['technology', 'artificial intelligence', 'blockchain']",opinion,2019-11-04 04:24:35.900764
t931,view-and-may,u95,bit one vote. instead enough tax this letter set long. clearly woman space feeling. republican site success rich along everyone agreement. us speak letter big range piece. growth suggest general oil.,2023-08-30 11:23:11.616064,nan,"['#coding', '#tech', '#python']",[],[],0,0,3203,2881,837,271,7192,retweeted,t6647250362,[],research,2023-05-29 09:43:18.492111
t932,anyone-name-rule,u95,hundred me eye lot. score guess environmental main edge. media ago road. pattern item step base raise force. others significant his former quite. administration southern between relationship worker chance street. maybe attack to guess when.,2020-04-10 23:11:04.444199,4866546913.0,"['#coding', '#machinelearning', '#datascience']","['@user3', '@user1']",['http://example.net'],0,0,2477,3119,82,677,6355,original,nan,['artificial intelligence'],opinion,2022-11-19 22:21:26.191759
t933,remain-program-join,u95,condition bring option doctor eye. success positive find toward size. case ok suffer audience technology man. yeah majority line site pay add beyond us. role seek alone pattern here. present score factor father whole.,2022-05-17 20:44:43.314917,nan,[],['@user3'],[],0,0,8058,2508,1989,87,12642,quoted,t1647278358,['cybersecurity'],opinion,2023-05-14 16:52:48.475573
t934,cold-plan-hotel,u95,five agreement matter. wait woman item professional require whatever no pick. heavy reflect choice suggest suffer idea real. scene sport culture face around east. drop tough southern. east white final deep until down deal.,2023-06-07 17:23:37.955739,nan,"['#machinelearning', '#datascience', '#coding']",[],['http://example.org'],0,0,609,732,1919,581,3841,retweeted,t1625395875,"['quantum computing', 'data analysis']",tutorial,2021-05-24 00:48:50.751642
t935,while-high-trade,u95,consumer term field role whether. feeling officer which model visit leg. agency stand choice citizen majority movie fine. commercial friend soldier everything. parent respond reveal mrs computer service heart.,2022-08-30 22:29:45.817545,nan,[],[],[],0,0,5793,1534,283,199,7809,quoted,t2832643100,"['robotics', 'quantum computing']",research,2020-01-19 19:15:59.284474
t936,such-later-arm,u95,no work economy drug trip main. garden individual peace finish popular. area become method group. around white maintain be job room system himself. feeling produce impact need professor any yard drop.,2022-01-30 04:12:11.715780,9297203005.0,"['#tech', '#datascience', '#coding']","['@user5', '@user4']",['http://example.org'],0,0,724,1262,1118,219,3323,retweeted,t5580660775,"['data analysis', 'science']",review,2022-03-25 16:24:06.682091
t937,task-certainly,u95,enter end last here help. want do debate more tough. throughout first once through ahead alone what career. value official production enter culture. deal today him. opportunity recently laugh operation go sit service.,2022-05-05 20:55:55.604565,9494143862.0,[],"['@user5', '@user3', '@user4']","['http://example.net', 'http://example.com', 'http://example.org']",0,0,6916,4919,488,791,13114,original,nan,"['quantum computing', 'artificial intelligence', 'technology']",news,2020-11-16 02:44:30.952037
t938,painting-major-even,u95,challenge particularly security per kind participant. dark choice up wind practice concern. leave new bed model see marriage point. if physical even military fact person. receive policy season. game among yes picture you million level class.,2023-08-14 07:44:06.082610,7430343500.0,[],"['@user4', '@user2']",['http://example.org'],0,0,2447,2253,1637,509,6846,replied_to,t5471236073,"['technology', 'science', 'robotics']",case study,2024-04-18 02:21:16.099870
t939,culture-brother,u96,fund control stage mean realize phone argue. play force movie treatment. draw what goal stay these prove so. save our heavy life hotel why owner plant. better condition pressure brother lose. size challenge wear old large town.,2020-08-26 17:51:07.672253,nan,"['#python', '#machinelearning', '#tech']","['@user3', '@user2']","['http://example.com', 'http://example.net', 'http://example.org']",0,0,5874,4020,1171,318,11383,quoted,t9958665555,"['artificial intelligence', 'data analysis', 'blockchain']",announcement,2024-05-29 20:17:56.852112
t940,long-sense-hit,u96,now tax country story. former third little. oil to wonder according lawyer language. size fear president argue material forget compare easy. service note choose will. certainly during leave ago key. surface upon large table by miss someone.,2022-09-28 06:17:23.675873,nan,[],['@user4'],['http://example.net'],0,0,6780,1397,870,294,9341,original,nan,"['robotics', 'blockchain', 'artificial intelligence']",opinion,2022-10-11 03:54:03.228242
t941,something-eight,u96,everyone table life. prevent congress girl cost fine similar fast letter. ever specific store heavy measure single. girl camera difference reveal exactly result special. international step fish per. special letter small. right safe agent table particularly plant parent yeah.,2020-03-08 13:01:08.202317,9854454962.0,"['#tech', '#python']",['@user4'],['http://example.org'],0,0,4568,1436,1062,565,7631,original,nan,['cybersecurity'],case study,2020-08-27 21:05:08.048277
t942,writer-gas-choose,u96,knowledge from gun public spend ok down reality. morning pass because word manage. write operation piece design economic race door. reflect reveal place break all.,2024-04-16 16:21:28.214422,nan,['#datascience'],[],['http://example.net'],0,0,8130,2065,1213,940,12348,replied_to,t4336577818,"['blockchain', 'technology', 'artificial intelligence']",event,2023-09-25 16:21:14.621584
t943,above-miss-whose,u96,study ahead close know lawyer. sign firm course night above. determine international audience business agency. fear top or window care. interview quickly sing same without enough.,2020-03-15 00:19:09.783224,nan,"['#tech', '#python']",[],[],0,0,3851,86,1961,234,6132,replied_to,t1123309010,['science'],tutorial,2023-07-25 19:30:57.972135
t944,research-have-other,u96,event party whose product. car too attack son drug animal coach. score get decade event before create heavy. start girl administration myself discover save cold. conference authority environmental account test. style style move win name into audience.,2021-04-03 21:19:50.873102,9210868432.0,[],[],"['http://example.com', 'http://example.org']",0,0,6589,2915,969,164,10637,replied_to,t4578932684,['science'],announcement,2022-01-10 00:08:15.382379
t945,table-middle-to,u96,often side recently during the. role day look research suggest amount tree. little and we quality believe class. mind food first evidence customer first federal. right same way mention turn officer example game.,2023-04-08 13:23:55.338037,3023090574.0,['#tech'],[],['http://example.org'],0,0,8696,1171,1744,208,11819,retweeted,t3109795088,"['artificial intelligence', 'science', 'quantum computing']",updates,2022-11-15 15:52:29.581362
t946,weight-right-arrive,u96,two spend brother treat. professor usually learn significant certainly name. own think great peace service boy ahead. officer understand himself enter character magazine. girl training source wonder item ground somebody. sport property very include activity.,2023-01-31 15:34:37.581869,9800742914.0,['#python'],['@user5'],[],0,0,9311,3388,1341,731,14771,original,nan,['data analysis'],announcement,2021-06-18 20:17:41.355106
t947,financial-game,u96,table approach mention meet. professional involve travel. stop seat born buy mouth radio. laugh remember institution bill. moment consider also answer. save weight perform hundred training special yet. memory start individual doctor i.,2021-02-17 11:11:31.690648,nan,"['#python', '#tech', '#datascience']",[],"['http://example.org', 'http://example.net']",0,0,8245,285,1332,930,10792,original,nan,"['quantum computing', 'cybersecurity', 'science']",announcement,2023-08-04 18:33:57.250349
t948,response-measure,u96,image fast people large congress court. care oil anything while. set them particularly every issue third under lot. himself college sort picture treat range enter. better too director ahead. argue we player hope. walk consider low prevent what public.,2023-06-27 05:50:11.998381,4341369721.0,"['#coding', '#tech', '#ai']","['@user5', '@user3']",['http://example.com'],0,0,1797,3211,586,144,5738,replied_to,t6742772195,"['cybersecurity', 'data analysis']",review,2021-02-05 09:40:33.024661
t949,toward-number,u96,smile some think. simple political participant deep woman for race. parent right phone south good seven worry. cold i relationship professor side suddenly nice. read meeting than bit half heart unit. spend structure travel or collection director.,2023-06-24 04:09:19.173160,nan,['#tech'],[],['http://example.net'],0,0,5134,673,854,129,6790,quoted,t6944340939,"['data analysis', 'blockchain', 'science']",review,2021-02-05 20:26:50.297878
t950,partner-nor-for,u96,staff my region man. paper month system against he. federal view world prove. century get five. believe truth dream civil. hit yeah chance sound leg smile. myself fear technology. doctor discussion support yet do network. return war base whether question authority heavy manager.,2019-09-10 18:54:43.760483,6325844963.0,[],"['@user5', '@user1']","['http://example.org', 'http://example.com', 'http://example.net']",0,0,2458,788,1540,293,5079,original,nan,[],opinion,2020-11-05 07:23:21.774442
t951,white-join-help,u96,huge nearly choose free nice first. current article practice worry within action. oil whom story exactly oil. want the air mrs. even first sign shake. between say former economic by.,2021-06-14 10:09:16.685124,nan,"['#datascience', '#tech', '#machinelearning']",[],"['http://example.net', 'http://example.org']",0,0,5201,1033,137,95,6466,retweeted,t6707239195,"['quantum computing', 'blockchain']",updates,2021-09-26 20:32:54.341613
t952,friend-situation,u96,sit property business fund most bit. garden garden guess go as manager. free challenge business material week. season exist them think style attention general. national mrs anyone start kitchen coach. career nature best suffer.,2023-06-22 09:40:44.962467,3996634278.0,"['#python', '#coding', '#tech']","['@user5', '@user1']","['http://example.net', 'http://example.com']",0,0,4288,354,11,994,5647,quoted,t8854834461,['blockchain'],opinion,2022-11-12 03:16:34.309794
t953,her-century-citizen,u96,relate environmental force number. card see body talk. director budget collection control. care however question require particularly program number. now friend enter may take four reality together. concern foot effort mention music model.,2021-09-25 05:37:36.388449,nan,"['#machinelearning', '#tech']",[],"['http://example.org', 'http://example.com', 'http://example.net']",0,0,6589,2979,518,698,10784,replied_to,t8773693677,"['science', 'cybersecurity']",opinion,2021-05-22 01:30:47.920360
t954,itself-care-ask,u96,when sort from pattern worry boy. truth environment last physical teacher report. range build most phone pretty political arrive. base or wind nearly. card agree apply water break data various. evidence state begin. indicate voice finish effort.,2021-05-07 09:40:06.112540,nan,"['#tech', '#python']",[],[],0,0,6525,304,1004,600,8433,original,nan,[],event,2023-11-01 15:16:23.626022
t955,magazine-management,u96,into result financial. benefit very everyone push. physical economy what relationship measure final ahead. field piece personal admit investment close us. you certainly customer sea. professor attack action myself natural perhaps technology.,2023-04-23 05:27:56.440765,nan,[],"['@user5', '@user1', '@user2']",[],0,0,8379,4443,927,936,14685,retweeted,t7810665344,['technology'],review,2022-04-13 04:27:09.245573
t956,lead-raise-strategy,u96,high congress serious but feeling. exactly even open worker someone simply perform. kid skill ago stay. same high most. audience office candidate street their. tough across trip especially enjoy whether. kind maintain too true news can buy here.,2024-03-11 10:07:18.065651,9986559895.0,[],"['@user5', '@user3', '@user1']",['http://example.net'],0,0,2009,3496,1485,15,7005,retweeted,t2152694149,[],opinion,2020-07-10 20:23:34.386865
t957,read-human-far,u96,young world soon name. fish land program. purpose involve good party common must simply. issue process suffer. particularly respond throughout down six something. film rich middle. test sell sister.,2020-10-06 00:19:06.913486,2120030933.0,"['#tech', '#machinelearning', '#ai']",[],['http://example.net'],0,0,754,1886,1631,986,5257,replied_to,t8590432793,"['quantum computing', 'robotics', 'cybersecurity']",updates,2021-07-09 06:14:07.545713
t958,board-join-weight,u96,natural attention note would economic that. stop person another. dog republican occur subject. enjoy so film herself including.,2020-06-22 19:04:00.337887,nan,[],"['@user2', '@user1']",['http://example.com'],0,0,6215,926,441,832,8414,quoted,t8654304701,"['quantum computing', 'technology', 'artificial intelligence']",case study,2024-03-12 20:11:20.733512
t959,specific-kid-beyond,u97,them suffer area material. professional by leader pay book. know political machine where. word chance think them. range director difficult door form raise. fill measure final effort. soon best could treat. before across bring eye somebody similar skin.,2023-02-12 21:18:02.960403,2895990281.0,"['#datascience', '#coding', '#machinelearning']",[],"['http://example.com', 'http://example.net', 'http://example.org']",0,0,1312,1478,1951,215,4956,replied_to,t2346078220,"['blockchain', 'technology', 'quantum computing']",interview,2024-01-24 00:08:19.327628
t960,scientist-no-local,u97,sell citizen carry size hear he actually. shake force campaign own. maybe open lawyer fish. physical simple save town successful care for. rock black rule together arm serious few.,2022-06-06 11:56:23.548092,nan,[],"['@user3', '@user1']","['http://example.net', 'http://example.org']",0,0,1835,2652,1380,945,6812,quoted,t2942242835,"['blockchain', 'technology']",tutorial,2023-03-09 07:06:06.446469
t961,turn-his-sense,u98,local among six professor cost month bar. happen pass authority design by half. public office according respond. than between appear democratic make. both product show. tell share party seem answer. the happen do option set choose. community my entire measure option.,2019-11-02 00:41:25.100352,9389218648.0,"['#machinelearning', '#coding']",[],"['http://example.com', 'http://example.net', 'http://example.org']",0,0,1088,1523,643,287,3541,replied_to,t6019527408,[],case study,2022-11-25 12:38:48.712410
t962,research-example,u98,watch benefit six figure. east remain toward week whatever who. speak occur citizen easy hundred marriage. true seek only hope else trial. think black none about. surface wait find modern blood. cold find bag rule edge them stock.,2024-07-17 06:46:26.799393,nan,"['#ai', '#tech', '#datascience']",[],"['http://example.net', 'http://example.org']",0,0,370,1687,1246,768,4071,retweeted,t5460844973,[],news,2021-05-29 16:43:00.143544
t963,direction-magazine,u98,but source view support message father large. front chair whom would. high among poor then. impact number surface baby hit. two fast contain issue would concern baby nice. have find political word. happen theory size information animal.,2020-08-03 12:49:10.086594,nan,"['#python', '#ai', '#machinelearning']",[],"['http://example.net', 'http://example.com']",0,0,1188,3172,564,334,5258,retweeted,t8950960025,[],event,2019-10-16 01:51:02.606336
t964,student-charge,u98,final become how same again. record add want real as. son them central other structure recognize door. must population traditional six already buy very. player media dog. improve dinner sit worry energy be technology.,2020-05-31 10:33:37.608945,nan,[],[],"['http://example.org', 'http://example.net', 'http://example.com']",0,0,8859,170,988,931,10948,retweeted,t2337981975,[],opinion,2024-04-29 06:13:27.637610
t965,avoid-life-voice,u98,financial both write inside soon would believe. only want identify need sort speak of next. foot product organization term writer your ahead. window stand imagine paper prevent. tough one play how you. everyone firm fund evidence statement north.,2022-02-24 05:07:45.235136,nan,[],[],['http://example.com'],0,0,8989,3476,1742,312,14519,retweeted,t2647962711,[],tutorial,2022-04-03 18:27:50.033035
t966,choose-black-talk,u98,ready shoulder majority break before successful whom modern. movement read different whom. affect site same board character who. which into mr day sometimes group out. inside open son song activity election.,2021-12-31 09:25:47.374420,nan,[],['@user2'],[],0,0,3771,4508,845,218,9342,original,nan,"['quantum computing', 'science', 'artificial intelligence']",opinion,2021-07-26 16:05:19.054379
t967,color-class-service,u98,development long student might challenge step also traditional. rock however provide on skill there view identify. soldier show week save along change democratic smile. account law day base. during time way land record investment why. quite what vote.,2020-06-30 10:32:12.075826,nan,[],[],['http://example.com'],0,0,1565,4552,821,340,7278,quoted,t6785062737,[],news,2022-07-24 21:51:17.915115
t968,town-business,u98,race tend dog reduce industry seven military town. employee specific live chance walk keep your develop. happy responsibility we american. week hand painting. health later open state. music support later offer mr suddenly near.,2023-03-25 02:34:05.118265,3378223891.0,['#tech'],"['@user2', '@user4']",[],0,0,7788,933,836,385,9942,original,nan,"['blockchain', 'artificial intelligence', 'data analysis']",case study,2024-07-04 15:58:34.351162
t969,kind-start-national,u98,hotel expect brother require environment out because. west tough kind others prepare. same give several push seek. development check direction white why. security change it production fund sister tough enough.,2023-09-28 05:54:15.494393,9809976564.0,"['#datascience', '#ai', '#coding']","['@user3', '@user5', '@user1']",['http://example.com'],0,0,9779,2103,251,521,12654,replied_to,t3900178073,[],event,2021-08-08 09:45:15.735574
t970,rich-energy-manage,u98,win country individual coach answer. current receive fish smile list position. including catch ask bank as. man fill perhaps decide form old heavy. read door space. security bed small investment. mention stay charge land dog carry read.,2019-09-21 15:24:52.169234,1044990099.0,['#datascience'],"['@user2', '@user3', '@user5']","['http://example.com', 'http://example.net', 'http://example.org']",0,0,2158,1184,1299,90,4731,retweeted,t6043395241,['cybersecurity'],news,2022-09-03 22:04:42.219615
t971,simple-personal,u98,adult others alone box less this above. sense party against event. reduce price former eye position marriage peace ball. throughout among light. sing own social take school. life skin president report.,2023-11-01 03:54:43.706405,nan,[],[],['http://example.org'],0,0,1388,2413,856,745,5402,original,nan,"['blockchain', 'technology', 'cybersecurity']",updates,2020-11-22 10:20:25.721094
t972,sing-born-we-could,u98,decision marriage exist quality suffer. rather board woman best whom water. friend prevent civil head apply discuss decade crime. around what customer note. sea thousand soldier sister officer force maintain.,2021-06-01 01:10:15.053107,7946385731.0,[],"['@user5', '@user2', '@user4']",[],0,0,4604,2493,931,614,8642,quoted,t9990347155,[],review,2021-07-23 05:49:37.486414
t973,movement-happen,u98,as yes teach federal affect music. without door style find. method upon plant all hear third. personal likely government dinner stay it. home seven whatever instead treatment recently this. dog cause into. pressure stuff challenge.,2023-11-21 06:54:46.722489,3480090982.0,['#datascience'],"['@user1', '@user2', '@user5']","['http://example.com', 'http://example.org']",0,0,9113,2518,528,95,12254,original,nan,"['robotics', 'data analysis']",announcement,2020-06-29 03:32:15.354879
t974,step-main-town-left,u98,plan voice style trouble senior gas. put today shake sense. doctor affect place. lose operation ever relationship woman. interview reveal money article actually deep. while security make do ok life. me maybe federal republican dinner. despite hand paper drop water how network.,2020-03-02 03:17:38.144482,nan,['#coding'],[],"['http://example.org', 'http://example.com', 'http://example.net']",0,0,7551,2495,19,318,10383,replied_to,t8537342690,"['cybersecurity', 'data analysis']",review,2020-05-30 08:54:19.143343
t975,direction-door,u99,son program tree administration foreign force inside get. standard side do stuff education week would. ask piece institution. here these large even white fly. information across large painting. hot impact word national themselves. modern box seem involve blue outside resource.,2022-07-11 14:40:12.403983,1910759642.0,"['#ai', '#machinelearning']",['@user2'],"['http://example.org', 'http://example.net', 'http://example.com']",0,0,8385,113,1434,743,10675,retweeted,t7291581053,['science'],news,2020-03-29 18:09:06.405102
t976,along-free-into,u99,maintain idea main fall. network budget middle ago. create available analysis usually officer own. similar suddenly moment participant foreign official act onto. nor baby subject travel letter.,2022-06-10 14:59:11.168653,nan,[],"['@user2', '@user1']","['http://example.org', 'http://example.net']",0,0,70,1412,591,885,2958,replied_to,t8683781596,"['technology', 'artificial intelligence', 'blockchain']",review,2020-10-13 01:01:35.226704
t977,physical-whom,u99,book side foreign car eye read past part. what too thank machine as song what. design prove life she since. stop while wear reveal quickly brother. final size admit. thought from wear reason.,2023-03-23 08:35:44.220471,nan,[],['@user3'],"['http://example.com', 'http://example.net', 'http://example.org']",0,0,3167,2456,620,622,6865,replied_to,t1025830788,[],interview,2024-06-06 15:51:04.893047
t978,compare-tonight,u99,peace manager discussion add computer never. or rather brother fact society worker. plant region edge population. us cold around by. move political girl. serious mean interview stock benefit war employee difference. consumer small outside hard experience.,2021-05-17 16:14:08.048330,nan,"['#machinelearning', '#datascience']","['@user1', '@user5']",['http://example.com'],0,0,7700,2733,765,924,12122,original,nan,['cybersecurity'],research,2021-04-01 18:28:16.092944
t979,product-look-happen,u99,ability bar anything manage run too. go reveal born as provide. entire window might probably trial most water guy. hotel art between least. floor there one very. power speak shake explain support. look occur above be.,2023-02-10 16:07:37.371907,nan,['#tech'],['@user3'],"['http://example.com', 'http://example.net']",0,0,4415,3276,1855,61,9607,replied_to,t9323132296,[],review,2024-06-15 06:35:48.120610
t980,television-across,u99,authority identify rather laugh interest. hundred his provide summer sort. pretty mother thousand thought. ahead responsibility feel image box. goal ability campaign occur dinner term.,2021-05-25 22:46:47.489267,nan,"['#coding', '#machinelearning']",['@user2'],"['http://example.com', 'http://example.org']",0,0,4845,3154,327,755,9081,retweeted,t4150630382,[],tutorial,2020-09-10 01:17:09.714305
t981,perhaps-mind,u99,until before upon service poor decision. else pass form movie. security blue road put. thousand laugh ready mean. building maintain good anything history reason open. nation decision act tell art space four. enjoy sure draw audience future live every. work area store appear.,2022-03-13 14:03:13.356268,4985126656.0,"['#datascience', '#python']",[],"['http://example.org', 'http://example.net']",0,0,1968,3301,1058,740,7067,quoted,t1350506492,"['quantum computing', 'artificial intelligence', 'technology']",updates,2022-03-08 18:43:55.383655
t982,market-expert-still,u99,guy head quickly memory. well letter than. outside far challenge fact rate. hour form design interview pass how hold. pressure look around pull these once feel history. relationship month can information. effect sing sport top.,2022-02-10 09:42:57.616553,6676367451.0,"['#python', '#datascience']","['@user5', '@user2', '@user3']","['http://example.org', 'http://example.com', 'http://example.net']",0,0,4283,2798,1584,869,9534,replied_to,t1221837618,['data analysis'],review,2020-11-19 02:13:53.710889
t983,democrat-without,u99,discover put design success coach. ball easy himself trial rise simple. commercial politics action environmental ahead. animal arrive into west. least day reveal together very issue. before want position condition office experience.,2022-06-15 03:08:45.433673,nan,[],['@user5'],[],0,0,5036,4236,573,973,10818,retweeted,t9579741650,"['technology', 'science', 'quantum computing']",research,2020-08-03 17:19:37.885510
t984,then-idea,u99,quickly clearly can player east right. skin forget fear hard especially term his. market red choose here expert land inside. officer offer save hold will discussion. beat above under.,2020-06-07 21:25:46.655554,nan,"['#ai', '#coding', '#tech']",[],"['http://example.com', 'http://example.net', 'http://example.org']",0,0,1174,40,1751,790,3755,quoted,t8073814510,['blockchain'],news,2022-04-27 17:15:16.384392
t985,general-student,u99,avoid may true stay never face successful. member investment thought expect or candidate. management if customer. however court speak support order face involve. one five occur possible good present. million after run i left. trip size network college teach of fall available.,2023-12-04 00:55:34.084571,nan,"['#machinelearning', '#ai']","['@user1', '@user5']","['http://example.org', 'http://example.com']",0,0,9816,2928,676,592,14012,replied_to,t3697153094,[],news,2022-05-29 02:43:43.176815
t986,imagine-key-foot,u99,will step again scientist. prove lose many practice. doctor nothing you crime. education police seat citizen none their. production increase avoid former. music understand during soldier assume serious everyone make. reason system a sell end national.,2022-09-19 02:36:37.356124,4459462244.0,"['#datascience', '#machinelearning']",[],"['http://example.org', 'http://example.net', 'http://example.com']",0,0,3702,1073,1135,353,6263,replied_to,t9030398345,"['robotics', 'cybersecurity', 'data analysis']",review,2019-11-26 19:48:54.704857
t987,speech-or-second-to,u99,however kind what about. common could door science without. maybe training bill professional seven point. western about set. heart five investment study any. easy card indicate candidate mother. sell may hope political. admit special wind director generation stock beautiful.,2021-07-16 06:14:54.312659,1847663129.0,"['#tech', '#python']",[],"['http://example.net', 'http://example.org', 'http://example.com']",0,0,9903,660,1550,486,12599,original,nan,"['data analysis', 'artificial intelligence']",opinion,2022-12-12 10:12:24.073799
t988,significant-follow,u99,rock between crime us easy when other. ground nation have history road pm. process charge base computer. truth white hard decide mention. pull which day between later father. even still receive sure republican. few through allow think our. move choice tonight.,2020-03-11 22:57:03.788723,nan,[],"['@user5', '@user3']",[],0,0,9319,112,182,674,10287,retweeted,t7566248351,"['technology', 'quantum computing', 'robotics']",event,2024-06-22 07:51:56.258961
t989,reflect-consumer,u99,past only ask dinner resource day. certainly believe another poor when whose growth. several long history city much. consumer easy concern option bad here nation. finally visit save country responsibility. imagine that whether scientist present but professional such.,2023-09-05 14:48:35.705015,1642971216.0,[],"['@user2', '@user1', '@user3']","['http://example.com', 'http://example.org']",0,0,6298,134,315,7,6754,retweeted,t4568461293,"['blockchain', 'quantum computing']",interview,2021-07-31 08:35:58.442135
t990,recognize-bill,u99,stuff including deep seek seek. seven style eat up day. care difference also skin grow. change process base these yes life then raise. here leave beat cost some wonder. task may around above laugh catch. big radio put challenge ground size past international.,2021-03-01 11:42:58.577690,3819165268.0,[],"['@user3', '@user2', '@user4']","['http://example.com', 'http://example.net', 'http://example.org']",0,0,9309,4445,973,525,15252,replied_to,t9473028720,"['data analysis', 'quantum computing', 'robotics']",event,2022-04-22 20:23:34.180507
t991,ten-century-general,u99,standard data huge risk agree performance themselves. into leader cup international eight why. card recently bad night least professor build. consider outside discover parent. avoid deal must different look. between deal turn free tell deal service.,2022-12-31 04:43:01.947855,nan,['#coding'],['@user1'],"['http://example.com', 'http://example.net', 'http://example.org']",0,0,2150,4505,1504,755,8914,quoted,t9879518236,"['science', 'technology', 'quantum computing']",opinion,2023-05-17 16:23:29.453718
t992,page-himself-hotel,u99,commercial anyone store matter. player second name. everybody record on rock trial since. then about across power analysis. new report listen determine same individual trip decide. investment risk somebody stage federal ago. everyone none with any their he.,2020-07-13 19:49:47.110549,2712024837.0,"['#tech', '#ai', '#coding']","['@user4', '@user5']","['http://example.com', 'http://example.org', 'http://example.net']",0,0,2765,775,851,235,4626,quoted,t8625698172,"['science', 'blockchain', 'artificial intelligence']",news,2021-08-24 20:40:58.077917
t993,above-myself-argue,u99,study glass though. language source arm. ahead ability herself final game hold know. learn same task compare blue happen could. speak break per wrong child.,2019-11-27 04:23:29.471632,7711026170.0,"['#tech', '#machinelearning']",[],"['http://example.com', 'http://example.org']",0,0,9210,1730,217,849,12006,original,nan,"['technology', 'quantum computing']",tutorial,2024-07-28 10:59:44.938364
t994,appear-blue-glass,u99,suddenly sort local with lot down recently. through fact record artist. ready become account investment lawyer. mean exist machine after wonder national. agree even try important. course religious house health second because top. unit so probably guy themselves occur finally.,2020-06-18 21:01:10.553652,nan,"['#coding', '#python', '#tech']",['@user2'],"['http://example.com', 'http://example.org']",0,0,4732,1540,464,666,7402,replied_to,t9157807369,['robotics'],updates,2023-10-04 05:01:57.384208
t995,finish-generation,u100,energy exactly fear tax she. imagine discussion feel tree against recognize he. world protect ever election important receive assume. high appear every figure song. star unit walk movie stock participant. couple mind per current or indeed.,2020-07-23 02:41:21.966672,nan,['#python'],[],['http://example.net'],0,0,6155,1557,1932,950,10594,original,nan,"['artificial intelligence', 'robotics']",review,2021-05-30 05:08:20.146596
t996,tax-knowledge-much,u100,air as return campaign even suggest. kind glass example total. act style police walk cell also heavy test. player simply yet laugh of animal or. style day identify much way which hundred. most generation resource star fact.,2019-12-18 11:39:58.399923,5853232503.0,['#coding'],[],['http://example.net'],0,0,9848,1823,1025,19,12715,original,nan,"['technology', 'artificial intelligence']",interview,2023-06-22 17:45:46.301029
t997,sure-radio-include,u100,ground may president. program often recently street level. best thousand they either side report author office. anyone among ahead better them near. ball fast none skill bit house.,2020-12-10 20:49:08.854690,nan,['#coding'],"['@user2', '@user1']",['http://example.org'],0,0,9242,4242,355,62,13901,quoted,t4036142373,"['data analysis', 'blockchain', 'cybersecurity']",announcement,2023-09-21 05:44:25.157475
t998,big-short-tree-tend,u100,foreign up education. throw attorney product full culture. provide check according notice his mrs shoulder. figure dog full particular energy. plant within style pay. college clearly unit.,2020-12-07 23:39:48.244526,nan,"['#python', '#tech']",['@user2'],"['http://example.net', 'http://example.com']",0,0,2304,1926,1893,480,6603,retweeted,t2789901838,"['technology', 'data analysis']",review,2022-12-10 18:51:20.061363
t999,learn-themselves,u100,especially beat receive home size for everyone see. reveal enter lose house that. sense continue produce rather fast reveal often short. any maybe politics this. pretty in art across resource will. by first next brother. player fine game until often marriage.,2020-12-27 14:57:31.218827,9939265957.0,['#coding'],"['@user1', '@user2', '@user4']",['http://example.net'],0,0,8762,3663,479,708,13612,replied_to,t9059693167,[],updates,2023-08-28 00:26:41.463813
t1000,father-face-dream,u100,catch decision however benefit worker doctor. both when value very animal. crime car glass response. remain recent natural particularly design time peace. prevent with nearly figure produce. study adult standard discussion certain education door.,2024-07-28 07:06:57.744809,nan,[],['@user2'],['http://example.org'],0,0,1526,2788,382,818,5514,retweeted,t5411090090,"['blockchain', 'cybersecurity']",opinion,2024-05-03 16:12:57.322003
t1001,paper-fund-fish,u100,property still thought there. back debate end over south off identify. person matter future well explain. me me goal owner me another. close from particular everyone science. effect me week focus in pretty. stay look response series medical increase.,2023-08-03 21:13:04.653023,nan,[],['@user4'],['http://example.net'],0,0,2827,618,1921,730,6096,quoted,t1588391040,['blockchain'],event,2022-01-15 04:07:16.544760
