id,type,name,slug,content,image,attachment,category,sub_categories,industry,application_deadline,duration,requirements,budgets,funding_source,location,key_contacts,Expected_outcomes,strategic_importance,market_impact,risk_level,status,engagement_levels,partners_involved,proposal_submission_process,selection_criteria,evaluation_process,contract_type,performance_indicators,additional_comment
OPR001,partnership,Job Opening - Volunteering,trouble-hand-loss,Common throw first material business dream rich. Behavior where quickly whose stage including. Medical commercial usually page personal.,,,Volunteering,Pro-bono Consulting,Department Stores,2024-11-22,1-3 months,"Educational Qualifications,Citizenship,Soft Skills",$5000-$10000,"Equity Financing,Family Offices",Northern Mariana Islands,"Security Manager,VP of Supply Chain",high,low,high,medium,open,medium,Taylor-Brown,"Submission via Partner Organization,Submission via Industry-Specific Platform (e.g., BidSync, GovWin)","Proven track record of success,Risk management strategy,Cost-effectiveness","Comparative Analysis,Interviews and Presentations,External Review Panel,Request for Proposal (RFP),Proof of Concept (PoC)",mixed,"Community Engagement,Customer Complaints",Him letter around.
OPR002,consulting,RFP for Services - Partnership,culture-all-race,Music friend chair military pull. Few can make evening sense. View require property human ever system.,,,Partnership,Strategic Partnership,"Movies, Video and Sound",2024-03-29,3-6 months,"Web Application,Master's Degree,Backup and Recovery Systems",$1000-$5000,Capital Markets,"Sudan, Red Sea","Facilities Manager,Safety Manager,R&D Manager",low,low,low,high,pending,medium,Wilcox and Sons,Submission via Partner Organization,"Ability to meet deadlines,Proven track record of success,Risk management strategy","External Review Panel,Proof of Concept (PoC),Weighted Criteria Matrix,Stakeholder Consultation,Technical Review",fixed,Number of New Products/Services,Mrs size interest recently voice old cost.
OPR003,consulting,Volunteering Opportunity - Procurement,alone-since,"While area unit bag boy job week group. Fall whether significant month door. Few cultural quickly only about rest item.
Live describe cut. Begin popular force meeting free up.",,,Procurement,Professional Services,Natural Gas Extraction,2025-03-20,>1 year,"Time Management,Cybersecurity Knowledge,Flexible Availability,Senior-Level",$1000-$5000,Equity Financing,"Seychelles, Takamaka",IT Support Manager,high,high,high,low,pending,medium,Mcgee Ltd,"Submission during a Scheduled Meeting or Presentation,Submission via Industry-Specific Platform (e.g., BidSync, GovWin),Submission via Collaborative Platform (e.g., Slack, Microsoft Teams),Submission via Partner Organization","Financial stability,Past performance,Relevant industry experience,Risk management strategy,Ability to meet deadlines","External Review Panel,Peer Review,Negotiation Phase,Vendor Demonstrations,Customer References and Testimonials",fixed,"Brand Awareness,Return on Investment (ROI)",Glass listen Mr consider suffer.
OPR004,purchase,Job Opening - Employment,term-sing-some,"Product parent at garden. Computer item wind individual from bar.
Film audience rich almost. Project least stock still similar least.",,,Employment,Part-time,Renewables and Environment,2024-07-25,6-12 months,"IoT Integration,High School Diploma",$5000-$10000,"Donations,Bridge Loans,Revenue Funding","Montenegro, Kotor Municipality","VP of Engineering,Sales Representative,Legal Counsel",high,low,medium,high,open,medium,"Raymond, Wagner and Wallace",Fax Submission,"Technical expertise,Relevant industry experience,Quality of proposal,Strong communication skills,Financial stability","Interviews and Presentations,Consensus Decision Making,Legal and Compliance Check",fixed,Productivity Increase,Popular side million bank local determine report.
OPR005,partnership,Strategic Partnership - Volunteering,friend-skin-else,Yes floor summer little head room. That candidate matter air prepare account choose.,,,Volunteering,Pro-bono Consulting,NGOs,2024-09-04,6-12 months,"Specific Hardware Proficiency,Executive-Level,Artificial Intelligence,Virtual Reality",$1000-$5000,Family Offices,"Pakistan, Azad Kashmir","IT Support Manager,VP of HR",high,medium,low,low,pending,medium,Morris Ltd,"Submission through a Procurement System (e.g., SAP Ariba),Fax Submission,Via Legal Counsel,Via Professional Networking Site (e.g., LinkedIn)","Cost-effectiveness,Alignment with strategic goals,Ability to meet deadlines","Request for Quotation (RFQ),Request for Proposal (RFP),Negotiation Phase,Weighted Criteria Matrix",variable,"Energy Consumption,Employee Turnover Rate",Decision feel do left paper turn rest.
OPR006,rfp,Sponsorship - Procurement,draw-reduce,"See tax for art number raise. Onto policy drug both sea front. Number of Congress admit meeting.
Military order subject wear. Those join night area go whose. Something significant should.",,,Procurement,Professional Services,Audio and Video Equipment Manufacturing,2024-12-03,1-3 months,"Edge Computing,High-Performance Computing",<1000,"Venture Capital,Equity Financing,Internal Funding",Aruba,Maintenance Supervisor,low,medium,medium,low,open,medium,Obrien-Tucker,"Online Tendering System (e.g., TenderLink),Via Legal Counsel","Alignment with strategic goals,Technical expertise,Team qualifications","Financial Review,Stakeholder Consultation,Proof of Concept (PoC)",variable,Competitive Positioning,Better first plant number pull head heart.
OPR007,consulting,Volunteering Opportunity - Investment,television-each,"Young significant with politics. Whole woman actually quickly fund expect we these.
Various international political billion keep increase. Space practice like might.",,,Investment,Venture Capital,Textiles,2024-10-06,6-12 months,"Specialized Tools,Desktop Application,Budget Management Experience",$10000-$50000,"Endowments,Convertible Debt",Vatican City State (Holy See),"IP Manager,Technical Support Manager",low,low,high,low,closed,medium,"Dixon, White and Scott","Proposal Management System (e.g., Proposify, Qvidian)","Team qualifications,Ability to meet deadlines,Technical expertise","Multi-Stage Evaluation,Proof of Concept (PoC),Executive Approval,Customer References and Testimonials,Vendor Demonstrations",mixed,Stakeholder Satisfaction,Democratic first phone provide daughter lot contain.
OPR008,rfp,RFP for Services - Consulting,i-push,Mind government reach meeting people. South allow unit set as song. Already late might language table. Article ago factor no since.,,,Consulting,HR Consulting,Mental Health Care,2024-06-07,<1 month,"Virtual Reality,Specific Equipment Operation",$10000-$50000,Corporate Sponsorships,"United Arab Emirates, Ajman Emirate","Mobile Development Manager,Field Sales Manager",high,medium,high,low,pending,low,Rush-Huffman,"Submission via Cloud Storage Link (e.g., Google Drive, Dropbox),Electronic Document Submission (e.g., PDF)","Relevant industry experience,Strong communication skills,Ability to meet deadlines","Site Visits,Executive Approval,Customer References and Testimonials,External Review Panel",fixed,Product Quality,Suffer avoid second result.
OPR009,sponsorship,Job Opening - Employment,great-writer-dream,"Thought place age into upon.
Magazine develop see administration guy condition. Thus audience smile watch drive.",,,Employment,Full-time,Book and Periodical Publishing,2024-04-26,3-6 months,"Professional Certifications,Multi-Factor Authentication",$1000-$5000,Private Equity,"Ecuador, Tungurahua","Engineering Specialist,Insurance Manager",low,medium,medium,high,pending,low,Lucas-Michael,"Proposal Management System (e.g., Proposify, Qvidian)","Customer references,Innovative approach,Risk management strategy,Technical expertise,Quality of proposal","Internal Review Committee,Negotiation Phase,Stakeholder Consultation",fixed,"Budget Adherence,Downtime Reduction",Piece end remember president.
OPR010,sponsorship,Strategic Partnership - Consulting,what-industry-force,Seem detail national practice rise computer. Bag teach sometimes despite a enough evening of.,,,Consulting,Financial Consulting,Package/Freight Delivery,2024-07-03,>1 year,"National Candidates,Occasional Travel,Heavy Equipment",$5000-$10000,"Corporate Sponsorships,Peer-to-Peer Lending,Series C Funding","South Sudan, Western Bahr el Ghazal","Client Relations Manager,Design Manager",medium,medium,high,high,pending,medium,Ortiz-Johnson,"Physical Mail Submission,Direct Submission to Project Manager,Submission via Partner Organization,Fax Submission,In-Person Submission","Relevant industry experience,Financial stability,Sustainability initiatives,Proven track record of success,Quality of proposal","Proof of Concept (PoC),Executive Approval,Technical Review,Comparative Analysis",mixed,Customer Acquisition Rate,Trip your stage picture according.
OPR011,partnership,Sponsorship - Sponsorship,behavior-population,"Machine summer research kid when free professor. Everything scene college man after talk leave.
Keep onto interview discover. Item friend stop degree building everything attack.",,,Sponsorship,Event Sponsorship,Fishery,2025-01-08,<1 month,"Mandarin,Augmented Reality",$10000-$50000,Venture Capital,"Dominican Republic, El Seibo Province","Vendor Manager,Software Development Manager",low,low,low,low,pending,low,Porter Ltd,"Email Submission,Via Professional Networking Site (e.g., LinkedIn),Submission via Industry-Specific Platform (e.g., BidSync, GovWin),Submission through a Procurement System (e.g., SAP Ariba),Submission during a Scheduled Meeting or Presentation","Team qualifications,Past performance,Financial stability,Quality of proposal","Vendor Demonstrations,Pilot Testing,Risk Assessment,Due Diligence Process,Interviews and Presentations",variable,Profit Margin,Girl security him.
OPR012,partnership,Sponsorship - Employment,window-person,"Goal prepare here subject sort. Personal traditional guess recent trial develop hospital life.
Mean perhaps chair out. Last article trial learn college.",,,Employment,Full-time,Press and Media,2024-04-20,3-6 months,"Biometric Authentication,Containerization (Docker, Kubernetes),Frequent Travel,Available within 3 Months",<1000,"Crowdfunding,Development Grants","Bangladesh, Rangpur Division","Director of Business Development,VP of Supply Chain",high,high,low,medium,open,medium,Chang Inc,"Submission via Partner Organization,Submission via Cloud Storage Link (e.g., Google Drive, Dropbox),Through an Intermediary or Agent,Submission through a Trade Association or Chamber of Commerce","Proven track record of success,Sustainability initiatives,Team qualifications,Financial stability,Innovative approach","Interviews and Presentations,Request for Information (RFI),Vendor Demonstrations,Weighted Criteria Matrix,Request for Proposal (RFP)",fixed,Innovation Index,Half later per outside watch thousand.
OPR013,rfp,Sponsorship - Partnership,important-movement,"Heart modern stop. Increase believe call chance candidate note man. Event minute surface public doctor nearly.
Subject product wife around past. According make light fall situation his thing.",,,Partnership,Co-branding,Personal Care Product Manufacturing,2024-07-26,<1 month,"Senior-Level,Experience in Similar Projects,Experience with Specific Equipment,Project Management Experience",$10000-$50000,"Non-Profit Grants,Series A Funding,Convertible Debt","Bahrain, Capital","Director of Compliance,Insurance Manager",high,low,low,medium,open,low,"Miller, Simmons and Moon","Submission through a Trade Association or Chamber of Commerce,Fax Submission","Relevant industry experience,Technical expertise,Alignment with strategic goals","External Review Panel,Request for Information (RFI),Risk Assessment,Financial Review,Request for Quotation (RFQ)",mixed,"Energy Consumption,Risk Mitigation",World father week name series scientist.
OPR014,partnership,Strategic Partnership - Procurement,goal-oil-parent,"Remain assume game according. Method green you clear.
Indeed where cell painting measure.
Need size method interest. Decision direction marriage relate left enter hour.",,,Procurement,Technology Procurement,Airports and Air Services,2024-06-12,6-12 months,"Client Management Experience,Specific Equipment Operation,Time Management,Serverless Architecture",$0,"Angel Investors,Venture Capital,Non-Profit Grants",Wallis and Futuna Islands,Customer Service Manager,low,high,high,high,pending,low,Jones LLC,"Submission via Collaborative Platform (e.g., Slack, Microsoft Teams),Form Submission on Company Website,Via Professional Networking Site (e.g., LinkedIn)","Relevant industry experience,Past performance,Risk management strategy","Weighted Criteria Matrix,Request for Information (RFI),External Review Panel",mixed,"Defect Rate,Resource Utilization",Upon look consider.
OPR015,volunteering,Investment - Consulting,popular-out-meeting,"Must huge manager hour rule in. Conference ok his stock away catch certain see.
Operation appear activity effect seven might.
Above lead thought ten. Detail few star standard change.",,,Consulting,HR Consulting,Safety,2024-10-06,1-3 months,"Specific Software Knowledge,Software Development Kit (SDK),API Integration",$1000-$5000,"Corporate Sponsorships,Equity Financing","Palestinian Territory Occupied, Deir El Balah","Warehouse Manager,Technical Support Manager",low,medium,medium,low,pending,low,Carr-Baker,"Through a Government Submission Portal,Submission via a Consultancy Firm,Through an Intermediary or Agent,In-Person Submission","Risk management strategy,Team qualifications,Relevant industry experience","Multi-Stage Evaluation,Technical Review,Interviews and Presentations,Stakeholder Consultation",mixed,"Employee Turnover Rate,Number of New Products/Services",Trade staff degree.
OPR016,volunteering,Job Opening - Sponsorship,us-price-meeting,"Treat care cup lay voice control. Tree thought source health camera official. Pull down make why successful.
Social wife us Republican share alone interesting.",,,Sponsorship,Program Sponsorship,Home Improvement Retail,2024-09-27,6-12 months,"Security Clearance Level 1,Associate's Degree,Location Preferences",$5000-$10000,"Convertible Debt,Equity Financing","Central African Republic, Haut-Mbomou Prefecture","Energy Coordinator,Channel Sales Manager,Warranty Manager",medium,high,medium,low,closed,high,"Ballard, Herrera and Ballard","Physical Mail Submission,Secure File Transfer Protocol (SFTP),Submission via Collaborative Platform (e.g., Slack, Microsoft Teams),Submission through a Trade Association or Chamber of Commerce,Via Professional Networking Site (e.g., LinkedIn)","Past performance,Team qualifications,Innovative approach,Customer references,Alignment with strategic goals","Customer References and Testimonials,Financial Review,Request for Information (RFI),Stakeholder Consultation",fixed,"Customer Complaints,Brand Awareness",Choose government hour last.
OPR017,rfp,Strategic Partnership - Investment,popular-rock-able,"Name drug employee. Join ok growth over. Head surface determine yet ball present model.
May yes break seven. Television offer us cost rock pay stock.",,,Investment,Seed Funding,Recycling,2024-05-13,1-3 months,"French,Experience with Client Presentations,Continuous Integration/Continuous Deployment (CI/CD),English",$1000-$5000,"Bonds,Strategic Partnerships","Trinidad and Tobago, Rio Claro-Mayaro Regional Corporation","Compensation Manager,Project Manager,VP of IT",low,high,medium,high,open,high,Hickman LLC,"Fax Submission,Automated Submission via API Integration,Online Tendering System (e.g., TenderLink)","Quality of proposal,Strong communication skills,Past performance","Request for Information (RFI),Legal and Compliance Check,Consensus Decision Making,Risk Assessment,Request for Quotation (RFQ)",variable,Compliance with Standards,Light mission benefit sometimes subject.
OPR018,investment,Investment - Purchase,research-business,Ground attention than group possible single direction modern. Trip work particular cup particularly enough. Ability risk religious avoid political.,,,Purchase,Office Furniture,Animal Feed Manufacturing,2024-07-18,<1 month,"Problem-Solving,Industry-Specific Certifications,Flexible Availability",$10000-$50000,"Bank Loans,Strategic Partnerships,Series A Funding",Guernsey and Alderney,"Product Manager,Director of Business Development",low,low,low,low,closed,high,Palmer-Schneider,"Proposal Management System (e.g., Proposify, Qvidian)","Innovative approach,Alignment with strategic goals,Strong communication skills,Ability to meet deadlines","Interviews and Presentations,Negotiation Phase,Legal and Compliance Check,Scoring System",mixed,Resource Utilization,Someone various officer tax thus effect we.
OPR019,job,Purchase - Sponsorship,material-customer,"Throw every hair add something party professor. Late reach people most career together manager evening. Language bar total prevent.
Big decide long what government figure.",,,Sponsorship,Event Sponsorship,Aviation and Aerospace Component Manufacturing,2024-06-20,>1 year,"Available within 1 Month,Immediate Availability,Certifications",$0,"Equity Financing,Endowments","Central African Republic, Ombella-M'Poko Prefecture",VP of Product,high,low,high,medium,pending,high,Shelton-Medina,"Online Application Portal,Automated Submission via API Integration,Submission via Cloud Storage Link (e.g., Google Drive, Dropbox),Secure File Transfer Protocol (SFTP)","Relevant industry experience,Strong communication skills,Ability to meet deadlines,Proven track record of success","Comparative Analysis,Request for Quotation (RFQ),Customer References and Testimonials",variable,Market Adoption of New Technologies,Half writer human wonder total responsibility agree.
OPR020,purchase,Investment - Investment,kid-party-heavy,Successful network certainly its deal. Never life appear lose. My believe concern must draw.,,,Investment,Venture Capital,Oil and Gas EandP,2024-07-19,1-3 months,"Working in Various Weather Conditions,Bachelor's Degree",>$50000,Debt Financing,"Colombia, Atlántico",Director of Compliance,low,high,high,low,pending,medium,Alvarado-Norris,"Submission via a Consultancy Firm,Via Professional Networking Site (e.g., LinkedIn)","Relevant industry experience,Past performance,Sustainability initiatives,Alignment with strategic goals,Financial stability","Due Diligence Process,Comparative Analysis,Legal and Compliance Check,Scoring System,Negotiation Phase",mixed,Safety Incidents,Help allow item goal owner person grow.
OPR021,job,Strategic Partnership - Investment,choose-keep-will,"Hold cover use soldier goal.
Guess natural manage want. Beat page listen point. Art system reflect week staff director.",,,Investment,Series A Funding,Internet,2024-07-11,<1 month,"Experience in Similar Projects,Specific Industry Experience",$1000-$5000,"Equity Financing,Bonds,Convertible Debt","Papua New Guinea, Manus Province","Project Manager,Supply Chain Specialist",medium,high,high,low,open,high,"Hanson, Jones and Stevens","Secure File Transfer Protocol (SFTP),Submission through a Trade Association or Chamber of Commerce,Submission during a Scheduled Meeting or Presentation,In-Person Submission","Strong communication skills,Alignment with strategic goals,Risk management strategy","Pilot Testing,Stakeholder Consultation,Interviews and Presentations",variable,Compliance with Environmental Regulations,Identify actually item finally seem bed.
OPR022,consulting,Investment - Sponsorship,message-fire-back,Significant seat specific fact serve hear through history. Us full process because. Eight either long phone herself western.,,,Sponsorship,Scholarship Sponsorship,Electric Power Generation,2024-04-22,1-3 months,"Leadership Skills,Available within 1 Month",>$50000,Angel Investors,Guadeloupe,"Corporate Communications Manager,Patent Agent,Account Manager",medium,medium,high,low,closed,medium,"Scott, Cook and Houston","In-Person Submission,Submission via a Consultancy Firm,Submission through a Trade Association or Chamber of Commerce,Direct Submission to Project Manager","Team qualifications,Quality of proposal,Ability to meet deadlines","Site Visits,Customer References and Testimonials,Comparative Analysis",mixed,"Waste Reduction,Patents Filed",Me official help probably without write involve.
OPR023,volunteering,Volunteering Opportunity - Volunteering,surface-physical,It most same set. Against degree world live. Film according exactly industry. Race imagine cell kitchen national.,,,Volunteering,Skill-based Volunteering,Equipment Rental Services,2025-02-26,<1 month,"Cybersecurity Knowledge,Backup and Recovery Systems,Specialized Tools,Willingness to Travel",$10000-$50000,Peer-to-Peer Lending,Bouvet Island,"Innovation Manager,VP of HR,Training Manager",high,high,low,high,pending,medium,Beasley-Farrell,"Online Application Portal,Secure File Transfer Protocol (SFTP),Physical Mail Submission,Via Legal Counsel,Electronic Document Submission (e.g., PDF)","Financial stability,Innovative approach,Technical expertise,Strong communication skills","Risk Assessment,Vendor Demonstrations,Peer Review,Internal Review Committee",variable,Resource Utilization,Call painting picture own skill according.
OPR024,sponsorship,Sponsorship - Volunteering,fire-democratic,Ago source table. Office cut mission begin behind early simple heavy. Whole per partner article assume many.,,,Volunteering,Skill-based Volunteering,Industry Associates,2024-06-22,1-3 months,"Database Management System,Immediate Availability",$1000-$5000,"Venture Capital,Convertible Debt,Revenue Funding","Bermuda, Warwick",Regulatory Specialist,low,high,high,high,closed,high,Weber Ltd,"Direct Submission to Project Manager,Submission through a Procurement System (e.g., SAP Ariba)","Team qualifications,Strong communication skills,Past performance","Comparative Analysis,Customer References and Testimonials,Vendor Demonstrations,Request for Quotation (RFQ)",variable,Return on Investment (ROI),Quickly a now fine rise book each door.
OPR025,sponsorship,Consulting Engagement - Volunteering,throughout-at-away,"Piece floor in power. Individual vote first movie.
Light interesting wall model.
Commercial administration prepare local side hot. Line science key Democrat church what.",,,Volunteering,Pro-bono Consulting,Building Materials,2024-04-07,<1 month,"Mobile Device Compatibility,Experience Managing Budgets Over $100,000,Specific Hardware Proficiency,Location Preferences",$0,Capital Markets,"Maldives, Raa Atoll",Brand Manager,medium,medium,medium,low,open,low,Smith and Sons,"In-Person Submission,Submission via Cloud Storage Link (e.g., Google Drive, Dropbox),Electronic Document Submission (e.g., PDF)","Strong communication skills,Relevant industry experience,Cost-effectiveness,Financial stability,Team qualifications","Site Visits,Stakeholder Consultation,External Review Panel",mixed,"Cybersecurity Incidents,Revenue Growth",Property environmental according region establish both church.
OPR026,partnership,Volunteering Opportunity - Employment,amount-listen-seem,"Election even suggest project tough. My again modern bar cover north. Mother still per voice my.
Language child ball election hour company. Sign team when manage each no different single.",,,Employment,Full-time,Household Institutional Furniture Manufacturing,2024-04-09,3-6 months,"Cybersecurity Measures,Augmented Reality,Experience with Waterfall Methodologies",<1000,"Revenue Funding,Internal Funding","Uzbekistan, Surxondaryo Region","Product Specialist,Maintenance Supervisor,Patent Attorney",low,high,low,high,open,low,"Turner, Adams and Warren","Automated Submission via API Integration,Online Application Portal,Email Submission,In-Person Submission,Direct Submission to Project Manager","Ability to meet deadlines,Proven track record of success,Strong communication skills,Relevant industry experience","Weighted Criteria Matrix,Vendor Demonstrations,Request for Proposal (RFP),Multi-Stage Evaluation,Financial Review",fixed,Product Quality,Box popular here street politics.
OPR027,rfp,Consulting Engagement - Procurement,technology-mean-ago,"Top around marriage same. Eye require record.
The wife occur commercial discussion attorney floor. Almost develop simple issue. Natural chair mind politics language card activity.",,,Procurement,Office Supplies,Mobile Gaming Apps,2024-04-08,6-12 months,"Biometric Authentication,Security Clearance Level 1",$0,"Development Grants,Series B Funding,Series C Funding","Democratic Republic of the Congo, Nord-Kivu",VP of Legal,medium,medium,high,high,open,high,Davis LLC,"Automated Submission via API Integration,Proposal Management System (e.g., Proposify, Qvidian),Through an Intermediary or Agent","Innovative approach,Proven track record of success,Alignment with strategic goals","Executive Approval,Financial Review,Comparative Analysis",variable,Product Quality,Order identify audience voice capital.
OPR028,partnership,Investment - Sponsorship,listen,Kind property read specific left base bank. Tax enter discussion world step. Goal note draw sometimes impact movie.,,,Sponsorship,Program Sponsorship,Capital Markets,2024-09-25,<1 month,"Doctorate,Educational Qualifications,Certifications",$0,"Capital Markets,Research Grants","Madagascar, Toamasina Province","IP Manager,Director of Compliance,Loss Prevention Manager",high,high,medium,high,closed,high,Johnson-Sanchez,"Electronic Document Submission (e.g., PDF),Direct Submission to Project Manager,Online Tendering System (e.g., TenderLink),Online Application Portal,Automated Submission via API Integration","Proven track record of success,Alignment with strategic goals,Sustainability initiatives","Consensus Decision Making,Stakeholder Consultation,Technical Review",variable,Budget Adherence,Candidate address north actually star article professional.
OPR029,rfp,Sponsorship - Consulting,skin-price-want,"Material why deep successful hand front social. Control feel outside parent. Stage course pass chair director company political political.
Others open product. Kind job local find.",,,Consulting,HR Consulting,Book Publishing,2024-08-04,6-12 months,"Permanent Residency,German",$5000-$10000,"Crowdfunding,Non-Profit Grants","Dominican Republic, El Seibo Province",Business Development Manager,high,low,medium,medium,pending,high,Reynolds and Sons,"Submission during a Scheduled Meeting or Presentation,Submission via a Consultancy Firm,Form Submission on Company Website,Online Tendering System (e.g., TenderLink)","Risk management strategy,Proven track record of success,Innovative approach","Risk Assessment,Vendor Demonstrations,Legal and Compliance Check,Financial Review",variable,Stakeholder Satisfaction,Pull develop subject tonight green raise.
OPR030,investment,Job Opening - Purchase,as-try-gun-myself,Skill just boy direction middle. Building know lawyer whatever father fund.,,,Purchase,Computer Equipment,Glass Product Manufacturing,2024-06-04,>1 year,"Problem-Solving,Minimum Experience Level,Willingness to Travel,Software Development Kit (SDK)",$0,"Angel Investors,Series A Funding","Latvia, Amata Municipality","Analytics Manager,Recruitment Manager,Digital Marketing Manager",high,medium,medium,high,closed,high,Woods-Lowery,"Submission through a Trade Association or Chamber of Commerce,Through a Government Submission Portal","Strong communication skills,Innovative approach,Alignment with strategic goals","Request for Quotation (RFQ),Proof of Concept (PoC),Multi-Stage Evaluation,Request for Information (RFI),Due Diligence Process",fixed,"Milestone Achievement,Market Adoption of New Technologies",End here child case.
OPR031,sponsorship,Purchase - Investment,morning-firm,"Value risk once world effect into. Wide husband current including fall magazine.
Only now vote north. Inside cell real age card coach court enter.",,,Investment,Venture Capital,Telecommunications,2024-03-28,6-12 months,"Frequent Travel,Problem-Solving,Industry-Specific Certifications",<1000,"Internal Funding,Research Grants","Morocco, Essaouira","Security Manager,Partner Manager,Program Manager",medium,low,medium,high,closed,medium,Joseph and Sons,"Electronic Document Submission (e.g., PDF),Through an Intermediary or Agent,Via Legal Counsel","Customer references,Past performance,Strong communication skills","Pilot Testing,Consensus Decision Making,Request for Proposal (RFP),Stakeholder Consultation,Legal and Compliance Check",fixed,Energy Consumption,Already night something analysis move level gas.
OPR032,volunteering,Sponsorship - Purchase,weight-author,Including indeed technology mention rule include. Door travel simple table task reduce reality discover.,,,Purchase,Software Licenses,Transportation/Trucking/Railroad,2024-12-03,1-3 months,"Machine Learning Algorithms,Experience with Agile Methodologies,Problem-Solving,Experience with Client Negotiations",$0,Capital Markets,"Sweden, Västerbotten County",Risk Manager,high,high,low,high,pending,low,Roberts PLC,"Proposal Management System (e.g., Proposify, Qvidian),Fax Submission,Online Tendering System (e.g., TenderLink)","Strong communication skills,Team qualifications,Cost-effectiveness","Technical Review,Executive Approval,Site Visits",mixed,Brand Awareness,Likely political most stock guy wife.
OPR033,job,Sponsorship - Volunteering,behind-health-three,Professional add situation economic home. Note crime interesting those glass follow including. Individual listen sing benefit actually. But attention expect management.,,,Volunteering,Community Service,Apparel Manufacturing,2024-05-06,<1 month,"French,Cybersecurity Measures",$0,"Private Equity,Equity Financing","Poland, Lower Silesia",Legal Manager,low,high,low,high,pending,low,Martin Group,"Submission via Collaborative Platform (e.g., Slack, Microsoft Teams),Physical Mail Submission,Submission via Cloud Storage Link (e.g., Google Drive, Dropbox),Submission via Industry-Specific Platform (e.g., BidSync, GovWin),Form Submission on Company Website","Quality of proposal,Customer references,Technical expertise","Technical Review,Customer References and Testimonials,Site Visits",fixed,"Contributions to Local Economy,System Uptime",Former forget mission offer up.
OPR034,sponsorship,Volunteering Opportunity - Employment,upon-tree-sport,"Themselves approach natural score involve sort. Far happy tax economy. Community contain case tend have method store.
Be matter tend understand sometimes him at. Long across economic official.",,,Employment,Full-time,Diagnostics and Research,2024-08-01,3-6 months,"Experience with Client Retention,Executive-Level,Other (Specify),Specific Equipment Operation",$1000-$5000,"Donations,Seed Funding","Mali, Kayes Region","Maintenance Supervisor,Claims Manager,Network Manager",medium,high,high,high,open,high,Moran-Edwards,"In-Person Submission,Via Professional Networking Site (e.g., LinkedIn),Proposal Management System (e.g., Proposify, Qvidian),Online Application Portal","Technical expertise,Risk management strategy,Past performance,Customer references","Stakeholder Consultation,Vendor Demonstrations,Peer Review,Internal Review Committee",mixed,Diversity and Inclusion Metrics,Possible physical state heavy believe.
OPR035,volunteering,Strategic Partnership - Investment,force-maybe-before,Radio brother feeling Democrat north. Almost worry street recognize nearly issue. Fish stay together everyone least identify. Staff task carry technology safe tree range.,,,Investment,Venture Capital,Semiconductor Equipment and Materials,2024-06-24,1-3 months,"Cloud Storage,Citizenship,Work Visa",<1000,"Series B Funding,Non-Profit Grants,Bonds","Equatorial Guinea, Litoral Province",Field Sales Manager,medium,low,high,low,closed,medium,"Taylor, Goodman and Guerrero","Submission via Industry-Specific Platform (e.g., BidSync, GovWin),Online Tendering System (e.g., TenderLink),Submission during a Scheduled Meeting or Presentation,Submission via Cloud Storage Link (e.g., Google Drive, Dropbox),Submission through a Procurement System (e.g., SAP Ariba)","Quality of proposal,Proven track record of success,Past performance","Due Diligence Process,Proof of Concept (PoC),Site Visits",fixed,Innovation Index,Professional nothing woman board.
OPR036,sponsorship,Investment - Employment,claim-run-dream,"Look poor dream organization feeling sell nothing.
Front edge building husband base.
Impact among difference to. His sense size option himself.
Firm happy keep half else sort agreement.",,,Employment,Part-time,"Appliances, Electrical and Electronics Manufacturing",2025-03-06,6-12 months,"Data Encryption,Data Analysis",$0,Private Equity,"Seychelles, Saint Louis","Service Manager,Quality Assurance Manager",high,medium,high,medium,closed,medium,Parker-Rivera,Form Submission on Company Website,"Past performance,Alignment with strategic goals,Risk management strategy,Ability to meet deadlines,Sustainability initiatives","Pilot Testing,Negotiation Phase,Peer Review,Internal Review Committee,Executive Approval",fixed,"Revenue Growth,Social Responsibility Initiatives",Nor fall new.
OPR037,volunteering,Purchase - Procurement,leader-base-mother,"Ok decide very purpose network lead long. Difficult model job sometimes hold.
Catch information town although society. Boy structure contain natural we fight others.",,,Procurement,Technology Procurement,Asset Management,2024-06-13,<1 month,"Professional Certifications,Continuous Integration/Continuous Deployment (CI/CD),Local Candidates Only,Citizenship",<1000,Equity Financing,"New Zealand, Auckland Region","Software Development Manager,Safety Coordinator",medium,medium,high,high,pending,medium,Fuller-Mcdonald,"Secure File Transfer Protocol (SFTP),Online Application Portal","Proven track record of success,Past performance,Alignment with strategic goals,Cost-effectiveness","Financial Review,Stakeholder Consultation,Due Diligence Process,Request for Proposal (RFP)",fixed,"IT Support Response Time,Carbon Footprint",Remember any more maintain start.
OPR038,sponsorship,Sponsorship - Sponsorship,wrong-reality,"Air actually big college. Happen upon television stay country air.
Relationship impact hold opportunity to if respond tell. Take early table follow statement stop store.",,,Sponsorship,Event Sponsorship,Nonprofit,2024-06-25,3-6 months,"Software Proficiency,Experience in Similar Projects,Experience with Client Negotiations",$1000-$5000,Seed Funding,"Bangladesh, Kurigram District","Marketing Manager,Insurance Manager,Returns Manager",low,medium,high,low,closed,medium,Perez-Hernandez,"Through an Intermediary or Agent,Online Application Portal","Customer references,Alignment with strategic goals,Team qualifications,Relevant industry experience,Strong communication skills","Request for Quotation (RFQ),Due Diligence Process,Proof of Concept (PoC)",variable,Training and Development Hours,Measure begin minute.
OPR039,rfp,Job Opening - Procurement,box-myself-toward,Style act language professional mean morning picture green. Alone run positive very after. Discover safe drug religious see economy respond. Population through worry total month.,,,Procurement,Technology Procurement,Sanitation Services,2024-10-19,<1 month,"Physical Requirements,Local Candidates Only,Mandarin",$5000-$10000,"Bank Loans,Institutional Investors",Western Sahara,"Director of Supply Chain,Director of Customer Service,Operations Manager",low,high,low,low,open,high,"Christian, Gray and Lowe","Submission during a Scheduled Meeting or Presentation,Through an Intermediary or Agent,Email Submission","Risk management strategy,Cost-effectiveness,Sustainability initiatives","Interviews and Presentations,Stakeholder Consultation,Customer References and Testimonials",fixed,Downtime Reduction,Long employee table direction.
OPR040,sponsorship,Consulting Engagement - Employment,bar-decide-probably,Believe discover fact develop. Recent increase indeed sound value. Opportunity success try region throughout stay.,,,Employment,Part-time,Marine Shipping,2024-10-03,<1 month,"High School Diploma,Communication Skills,Mandarin",$5000-$10000,"Capital Markets,Crowdfunding,Bank Loans",Jersey,"Engineering Manager,Client Relations Manager",medium,low,low,low,open,medium,David PLC,"Proposal Management System (e.g., Proposify, Qvidian),Submission through a Trade Association or Chamber of Commerce","Proven track record of success,Risk management strategy,Sustainability initiatives","Request for Proposal (RFP),Interviews and Presentations,Executive Approval,Proof of Concept (PoC)",mixed,"Process Improvement,Stakeholder Satisfaction",She spend according speak.
OPR041,rfp,Consulting Engagement - Consulting,politics-lay-check,Foreign health question join. Remember ago expect second choose understand experience speak. This almost color easy home.,,,Consulting,IT Consulting,Shell Companies,2024-05-23,6-12 months,"Security Clearance Level 2,Experience in Similar Projects,Associate's Degree",<1000,"Revenue Funding,Family Offices","Moldova, Nisporeni District",Marketing Specialist,low,medium,low,high,closed,low,Hernandez-Thompson,"Electronic Document Submission (e.g., PDF),Submission through a Procurement System (e.g., SAP Ariba),Submission through a Trade Association or Chamber of Commerce,Through an Intermediary or Agent,Submission during a Scheduled Meeting or Presentation","Financial stability,Risk management strategy,Team qualifications,Technical expertise,Sustainability initiatives","Legal and Compliance Check,Consensus Decision Making,Pilot Testing,Due Diligence Process,Scoring System",fixed,Net Promoter Score (NPS),Receive throw general statement catch model onto.
OPR042,consulting,Purchase - Procurement,level-cultural,"Eat condition movement own former school amount until. Maybe note onto.
Training dinner provide join conference. Guess win best chair. Collection ten do feel.",,,Procurement,Office Supplies,Mental Health Care,2024-06-02,6-12 months,"Doctorate,Cybersecurity Knowledge",$0,"Bonds,Development Grants","Colombia, Cesar",Director of Compliance,high,low,low,high,pending,medium,James-Mcmahon,"Electronic Document Submission (e.g., PDF),In-Person Submission,Via Professional Networking Site (e.g., LinkedIn),Submission through a Trade Association or Chamber of Commerce","Innovative approach,Team qualifications,Ability to meet deadlines,Alignment with strategic goals","Executive Approval,Legal and Compliance Check,Request for Quotation (RFQ)",variable,Process Improvement,Maybe feeling buy discussion including.
OPR043,purchase,Purchase - Investment,matter-spend,"Over including camera people move. Type increase color. Course item management whom despite.
Star class ready man while because. Money want their care paper. Blue cold in unit region various.",,,Investment,Series A Funding,Gaming,2024-05-18,>1 year,"Experience with Cloud Services,Technical Certifications,Experience Managing Budgets up to $100,000,High-Speed Internet",>$50000,Internal Funding,"Ireland, Dublin",Operations Manager,low,medium,high,low,closed,low,Lopez-Peterson,Fax Submission,"Financial stability,Cost-effectiveness,Quality of proposal,Team qualifications,Customer references","Request for Quotation (RFQ),Due Diligence Process,Consensus Decision Making",variable,"Product Quality,Compliance with Standards",Sometimes matter determine computer.
OPR044,job,Strategic Partnership - Partnership,pm-write-but,"Hotel tax lay common more.
Throw discussion network area tree official enter. Real toward wish same success clearly work feeling.",,,Partnership,Co-branding,Gaming,2024-08-24,>1 year,"Laboratory Equipment,Artificial Intelligence",$0,"Peer-to-Peer Lending,Venture Capital,Microfinance","Costa Rica, Puntarenas Province","National Sales Manager,Contracts Manager,Business Development Specialist",low,high,high,low,pending,high,Williams-Bryant,"Physical Mail Submission,Submission via Cloud Storage Link (e.g., Google Drive, Dropbox),Through a Government Submission Portal,Submission via Partner Organization,Automated Submission via API Integration","Quality of proposal,Past performance,Strong communication skills","Weighted Criteria Matrix,Negotiation Phase,Technical Review,Interviews and Presentations",variable,Energy Consumption,Range store them tell traditional front past.
OPR045,job,RFP for Services - Investment,marriage-paper-upon,"Method large economy investment unit move either. Six order or their. Dinner food detail moment example ball.
Best firm human offer task. Himself trouble such keep eat body. Decision recently family.",,,Investment,Seed Funding,Residential Construction,2025-04-28,>1 year,"Permanent Residency,Ability to Lift a Certain Weight,Software Proficiency,Availability",$0,Family Offices,"Serbia, Bor District","Facilities Manager,Contracts Manager",medium,high,low,low,open,high,"Mcdonald, Perry and Houston","Submission via Partner Organization,Submission through a Procurement System (e.g., SAP Ariba),Submission through a Trade Association or Chamber of Commerce,In-Person Submission","Team qualifications,Technical expertise,Quality of proposal,Risk management strategy","Comparative Analysis,Proof of Concept (PoC),Vendor Demonstrations,Weighted Criteria Matrix",variable,"Productivity Increase,Safety Incidents",Natural fund smile let property.
OPR046,investment,Job Opening - Consulting,moment-task-nation,Economic statement likely possible glass happy draw house. Company role during for drop top.,,,Consulting,IT Consulting,Leasing Residential Real Estate,2024-06-20,1-3 months,"Mandarin,Client Management Experience,Doctorate,Experience with Client Retention",$0,"Angel Investors,Research Grants","Niger, Diffa Region","Digital Marketing Manager,IT Specialist,Supplier Relationship Manager",low,low,medium,high,closed,medium,Nguyen-Hernandez,"Direct Submission to Project Manager,Submission via Collaborative Platform (e.g., Slack, Microsoft Teams),Submission via a Consultancy Firm,Form Submission on Company Website","Quality of proposal,Strong communication skills,Technical expertise,Team qualifications,Sustainability initiatives","Customer References and Testimonials,Due Diligence Process,Technical Review,Multi-Stage Evaluation,Legal and Compliance Check",mixed,"Customer Feedback Ratings,Research and Development (R&D) Spending",Then situation protect officer.
OPR047,volunteering,Strategic Partnership - Investment,great-probably,"Pressure consumer lot fund morning where eight. Attention within fear expert billion.
Tv car prepare. Example figure community interest appear suggest continue.",,,Investment,Series A Funding,Seafood Product Preparation and Packaging,2024-10-01,6-12 months,"Experience with Client Retention,Software Proficiency,Working in Various Weather Conditions,Backup and Recovery Systems",$5000-$10000,"Private Equity,Bank Loans",Guam,Auditor,high,high,high,high,pending,low,"Stewart, Rose and Taylor","Fax Submission,Email Submission,Secure File Transfer Protocol (SFTP),Direct Submission to Project Manager,Automated Submission via API Integration","Sustainability initiatives,Risk management strategy,Alignment with strategic goals,Team qualifications,Cost-effectiveness","Proof of Concept (PoC),Financial Review,Consensus Decision Making,Risk Assessment,Legal and Compliance Check",variable,"Cost Savings,Resource Utilization",Raise cut drop region every get fund.
OPR048,job,Consulting Engagement - Volunteering,current-hit-benefit,Keep interesting or. Ball myself old book lawyer business prepare. Weight have piece young. Until according himself.,,,Volunteering,Skill-based Volunteering,Advertising Services,2024-05-24,<1 month,"Occasional Travel,Continuous Integration/Continuous Deployment (CI/CD)",<1000,Microfinance,"Marshall Islands, Ralik Chain",HR Manager,medium,low,low,low,open,medium,Johnson Inc,"Form Submission on Company Website,Submission via a Consultancy Firm,Online Tendering System (e.g., TenderLink)","Strong communication skills,Cost-effectiveness,Alignment with strategic goals","Interviews and Presentations,Technical Review,Risk Assessment,Site Visits,External Review Panel",variable,Market Share,Management trade rich difference voice say.
OPR049,sponsorship,Purchase - Investment,perform-ability,Product friend direction she improve partner. Eye return owner government plan after hit.,,,Investment,Seed Funding,Service Learning and Volunteer,2024-09-01,>1 year,"Ability to Lift a Certain Weight,Problem-Solving,Spanish",$1000-$5000,"Endowments,Series A Funding",Virgin Islands (British),"IT Support Manager,Sales Representative",medium,high,high,medium,closed,low,Harris-Frank,"Submission through a Procurement System (e.g., SAP Ariba),Direct Submission to Project Manager,Automated Submission via API Integration,Through a Government Submission Portal,Submission via Partner Organization","Team qualifications,Past performance,Relevant industry experience,Sustainability initiatives","Pilot Testing,Interviews and Presentations,Customer References and Testimonials,Technical Review,Due Diligence Process",variable,Downtime Reduction,These entire law worry with bag newspaper.
OPR050,volunteering,Purchase - Partnership,night-arrive-put,Chance PM ability seek actually. Name after people quickly strong play.,,,Partnership,Co-branding,Artificial Rubber and Synthetic Fiber Manufacturing,2024-10-31,>1 year,"Big Data Analytics,Security Clearance Level 3,Occasional Travel,Machine Learning Algorithms",>$50000,"Series B Funding,Microfinance,Development Grants","Trinidad and Tobago, Chaguanas",Safety Manager,medium,medium,high,low,closed,high,Fernandez-Schultz,"Email Submission,Physical Mail Submission","Technical expertise,Proven track record of success,Customer references,Relevant industry experience,Innovative approach","Stakeholder Consultation,Weighted Criteria Matrix,Financial Review,Site Visits,External Review Panel",mixed,Training and Development Hours,Matter voice film forget beautiful computer.
OPR051,job,Strategic Partnership - Sponsorship,write-anything,Section trade lawyer hear sure. Instead budget series system stay baby big. Door suggest focus phone.,,,Sponsorship,Scholarship Sponsorship,Security,2024-10-04,6-12 months,"Mobile Device Compatibility,Standing for Long Periods,Experience with Client Negotiations,German",$10000-$50000,"Microfinance,Endowments","Hong Kong S.A.R., Southern","Maintenance Supervisor,VP of Customer Service,Customer Service Manager",high,medium,medium,low,open,low,Ford-Reid,"Online Tendering System (e.g., TenderLink),Submission via Collaborative Platform (e.g., Slack, Microsoft Teams),Proposal Management System (e.g., Proposify, Qvidian),Submission via Cloud Storage Link (e.g., Google Drive, Dropbox),Submission during a Scheduled Meeting or Presentation","Customer references,Financial stability,Alignment with strategic goals,Technical expertise,Risk management strategy","Executive Approval,Risk Assessment,Technical Review",fixed,"Return on Investment (ROI),Project Completion Time",Notice quite read outside.
OPR052,investment,Investment - Purchase,meeting-billion,Off next central treatment western listen daughter. Want physical success seem probably. Citizen fall physical size inside experience.,,,Purchase,Computer Equipment,Weapons,2024-07-02,>1 year,"Mid-Level,Experience in Similar Projects,Project Management Tools",$5000-$10000,Debt Financing,"Syria, Damascus",Director of Engineering,high,high,low,medium,open,high,Moss-Smith,"Electronic Document Submission (e.g., PDF),Automated Submission via API Integration","Innovative approach,Strong communication skills,Risk management strategy,Past performance","Request for Information (RFI),Risk Assessment,External Review Panel",fixed,Service Quality,Forward itself pull chance thank.
OPR053,partnership,RFP for Services - Investment,concern-chance,"Attorney his loss line car term name. Finally physical during image sport practice.
Society describe month happy. Final fast size day growth talk.",,,Investment,Series A Funding,Political Organization,2024-10-31,>1 year,"Mid-Level,Experience with Client Retention,Occasional Travel,Flexible Availability",$10000-$50000,"Bridge Loans,Microfinance,Bonds","Chad, Ennedi-Est","Employment Attorney,Energy Coordinator,CFO",low,low,low,medium,closed,high,"Hill, Watts and Dorsey","Proposal Management System (e.g., Proposify, Qvidian),Physical Mail Submission,Via Legal Counsel","Technical expertise,Innovative approach,Risk management strategy","External Review Panel,Proof of Concept (PoC),Request for Proposal (RFP),Customer References and Testimonials,Vendor Demonstrations",variable,"Innovation Index,Employee Turnover Rate",Establish eight year prove write message work early.
OPR054,partnership,RFP for Services - Employment,civil-too-expect,Particularly raise likely compare traditional month speak. Girl point which true offer race. Machine start note hot research dog American.,,,Employment,Contract,Steel,2024-05-28,1-3 months,"Experience with Client Presentations,International Candidates",$0,"Development Grants,Angel Investors",American Samoa,Design Manager,high,medium,high,low,pending,high,"Thompson, Yoder and Brown","In-Person Submission,Through a Government Submission Portal,Submission via Cloud Storage Link (e.g., Google Drive, Dropbox),Proposal Management System (e.g., Proposify, Qvidian),Submission during a Scheduled Meeting or Presentation","Risk management strategy,Past performance,Innovative approach","Legal and Compliance Check,Proof of Concept (PoC),Request for Quotation (RFQ),Customer References and Testimonials",variable,"Diversity and Inclusion Metrics,Schedule Adherence",Age issue decade.
OPR055,sponsorship,Volunteering Opportunity - Purchase,site-executive,Avoid important sign century manage. Beautiful its anyone action right. Price news too city. Blood know score Congress painting well.,,,Purchase,Computer Equipment,REIT - Mortgage,2024-04-14,>1 year,"Machinery Operation,Security Clearances,Citizenship",$1000-$5000,"Seed Funding,Government Grants,Research Grants","Micronesia, Yap State","R&D Manager,Community Manager,Quality Auditor",high,low,medium,medium,pending,low,Mcdaniel-Hodge,"Submission via a Consultancy Firm,Proposal Management System (e.g., Proposify, Qvidian)","Quality of proposal,Ability to meet deadlines,Customer references,Cost-effectiveness","Scoring System,Site Visits,Technical Review,Due Diligence Process",mixed,"Research and Development (R&D) Spending,Patents Filed",Begin scientist difference position technology.
OPR056,job,Volunteering Opportunity - Employment,drug-ago-summer,"Raise yes kid almost person. Financial customer computer leg little beyond clear.
Describe pass significant drop late. Her clearly news from sister finish.",,,Employment,Part-time,Management Consulting,2024-07-25,>1 year,"Machine Learning Algorithms,Physical Requirements,Software Development Kit (SDK),Blockchain Technology",$10000-$50000,Research Grants,"Jordan, Aqaba",Compensation Manager,high,low,low,high,pending,low,Carson-Dixon,"Via Legal Counsel,Through a Government Submission Portal,Submission via a Consultancy Firm,Online Application Portal","Sustainability initiatives,Strong communication skills,Alignment with strategic goals","Executive Approval,Multi-Stage Evaluation,Internal Review Committee,Pilot Testing,Customer References and Testimonials",fixed,"Schedule Adherence,Volunteer Hours",Player style front page church minute south.
OPR057,purchase,Volunteering Opportunity - Purchase,continue-great-hot,"Fact believe yard series five as tell. Laugh management far decade treatment fish.
Personal environment religious mind. Throughout none can class decide.",,,Purchase,Software Licenses,Insurance - Life,2024-03-12,3-6 months,"Experience Managing Budgets up to $50,000,Budget Management Experience",$0,Convertible Debt,"Senegal, Kaffrine",VP of Sales,high,medium,low,medium,open,low,"Brown, Roberts and Young",Fax Submission,"Risk management strategy,Cost-effectiveness,Past performance","Consensus Decision Making,Risk Assessment,Technical Review,Peer Review",variable,Safety Incidents,Performance law student buy TV challenge service agent.
OPR058,purchase,Purchase - Procurement,pay-economy,"Lose half least push trouble coach student head. Process sea surface throw spend small. Wall fish seven.
Participant way option. Several society well run. Might manager down who.",,,Procurement,Professional Services,Household Services,2024-06-08,3-6 months,"Bachelor's Degree,Location Preferences,Backup and Recovery Systems",$1000-$5000,Family Offices,"Lesotho, Berea District","Service Manager,Business Development Specialist",high,high,low,high,open,medium,White and Sons,"Through a Government Submission Portal,Submission via Cloud Storage Link (e.g., Google Drive, Dropbox),Via Legal Counsel","Technical expertise,Financial stability,Past performance","Pilot Testing,Consensus Decision Making,Financial Review,Executive Approval,Site Visits",fixed,Volunteer Hours,Wear station what candidate not general.
OPR059,purchase,Volunteering Opportunity - Purchase,some-white-he,"Enough authority fire capital. Speech because factor blue team.
Effort those teacher mean interest management if attention. Hold hundred most operation thank. President table prevent quality quite.",,,Purchase,Office Furniture,Medical Practices,2024-05-28,<1 month,"Security Clearance Level 2,IoT Integration",$5000-$10000,"Series C Funding,Debt Financing,Series A Funding",South Georgia,"Social Media Manager,Training Manager,Patent Agent",high,low,low,high,pending,low,Camacho-Garcia,"Online Tendering System (e.g., TenderLink)","Cost-effectiveness,Risk management strategy,Sustainability initiatives,Strong communication skills","Legal and Compliance Check,Vendor Demonstrations,Negotiation Phase",mixed,Net Promoter Score (NPS),Goal democratic think child operation.
OPR060,sponsorship,Investment - Sponsorship,wait-throw-not,"Subject draw visit. Machine or scene mother. Ability play always lot difference.
Second claim station worker. Live suggest draw strong goal.",,,Sponsorship,Program Sponsorship,Renewable Energy Equipment Manufacturing,2024-06-05,<1 month,"Certifications,Real-Time Data Processing,Mobile Device Compatibility,Backup and Recovery Systems",>$50000,"Series A Funding,Private Equity","Uruguay, Flores",National Sales Manager,low,low,medium,medium,pending,medium,"Joyce, Bell and Andrews","Proposal Management System (e.g., Proposify, Qvidian),Submission via Industry-Specific Platform (e.g., BidSync, GovWin)","Innovative approach,Alignment with strategic goals,Cost-effectiveness,Risk management strategy","Request for Information (RFI),Due Diligence Process,Technical Review",variable,Competitive Positioning,Tend simply tax technology.
OPR061,partnership,Consulting Engagement - Volunteering,forward-nation,Science seat onto defense. Tonight movement past partner. Full economic gas toward help.,,,Volunteering,Skill-based Volunteering,Museums and Institutions,2024-05-03,3-6 months,"Time Management,Work Visa,Senior-Level,Mandarin",>$50000,Government Grants,"Cambodia, Kep","SEO Manager,Customer Success Manager",low,high,medium,high,closed,low,Mullins-Krueger,"Online Application Portal,In-Person Submission,Electronic Document Submission (e.g., PDF),Secure File Transfer Protocol (SFTP)","Cost-effectiveness,Alignment with strategic goals,Risk management strategy","External Review Panel,Vendor Demonstrations,Multi-Stage Evaluation",variable,"Customer Acquisition Rate,Market Adoption of New Technologies",Hour product what power total full early.
OPR062,sponsorship,Consulting Engagement - Partnership,ability-turn-look,You build main may everyone. In system tonight program itself between senior. Despite bank certain bring maintain best. Blue begin out this wife.,,,Partnership,Strategic Partnership,Political Organization,2024-06-01,1-3 months,"Real-Time Data Processing,Programming Languages,Laboratory Equipment,Experience with Client Negotiations",$5000-$10000,Family Offices,"Guinea, Beyla Prefecture","Learning and Development Manager,VP of IT,Patent Agent",medium,medium,high,high,pending,high,"Sims, Haney and Taylor","Secure File Transfer Protocol (SFTP),Proposal Management System (e.g., Proposify, Qvidian),Submission through a Procurement System (e.g., SAP Ariba),Online Tendering System (e.g., TenderLink),Form Submission on Company Website","Ability to meet deadlines,Customer references,Team qualifications,Strong communication skills,Cost-effectiveness","Customer References and Testimonials,Request for Information (RFI),Pilot Testing,Peer Review",variable,"Process Improvement,Resource Utilization",Agreement key spring base.
OPR063,sponsorship,Volunteering Opportunity - Volunteering,finally-tough-some,"Case standard pick discuss second risk cold. Draw force beyond design sea walk or. Carry star win Mrs magazine father.
Office she significant gun entire. Ready new provide themselves.",,,Volunteering,Community Service,Satellite,2024-06-11,3-6 months,"National Candidates,French,Backup and Recovery Systems",$1000-$5000,"Crowdfunding,Family Offices,Peer-to-Peer Lending",French Southern Territories,"VP of Legal,SEO Manager,Compliance Officer",medium,low,high,high,closed,low,Foster-Smith,"Direct Submission to Project Manager,Secure File Transfer Protocol (SFTP),Form Submission on Company Website","Technical expertise,Strong communication skills,Cost-effectiveness,Past performance","External Review Panel,Customer References and Testimonials,Request for Information (RFI),Legal and Compliance Check",fixed,Project Completion Time,Hard commercial several purpose.
OPR064,partnership,Sponsorship - Volunteering,million-fall-reason,"Land night affect apply career ok fast.
Section data there. Form account summer prove structure grow serious sound.
According focus office relate. Time Mrs account it.",,,Volunteering,Pro-bono Consulting,IT System Training and Support,2024-06-26,3-6 months,"Cross-Platform Compatibility,Time Management",>$50000,"Bank Loans,Series C Funding","Maldives, Gaafu Dhaalu Atoll","VP of Customer Service,Warehouse Manager,Logistics Manager",low,high,high,medium,pending,low,"Barnes, Yu and Herman","Via Professional Networking Site (e.g., LinkedIn),Through a Government Submission Portal,Online Application Portal,Direct Submission to Project Manager,Submission via Collaborative Platform (e.g., Slack, Microsoft Teams)","Customer references,Sustainability initiatives,Financial stability","Legal and Compliance Check,Consensus Decision Making,Comparative Analysis,Multi-Stage Evaluation",variable,Cybersecurity Incidents,Outside third record gas teacher view.
OPR065,rfp,Sponsorship - Consulting,mention-relate,"Practice source center nothing lot program. Know fish each law public pass land score.
Congress fact recognize science rise painting. Public ago institution each catch help not benefit.",,,Consulting,IT Consulting,Railroads,2024-07-21,<1 month,"Associate's Degree,Project Management Experience",$10000-$50000,"Private Equity,Endowments,Seed Funding",Saint Pierre and Miquelon,Diversity and Inclusion Manager,low,low,low,low,pending,medium,Savage Inc,"Submission through a Procurement System (e.g., SAP Ariba),Submission through a Trade Association or Chamber of Commerce,Submission via Industry-Specific Platform (e.g., BidSync, GovWin)","Team qualifications,Strong communication skills,Innovative approach","Peer Review,Site Visits,Comparative Analysis,Pilot Testing,Risk Assessment",fixed,"Process Improvement,System Uptime",Prepare hit hundred others example create investment.
OPR066,volunteering,Job Opening - Sponsorship,various-image-form,Medical could physical age third rather mother. Gas apply eat near treatment travel ready. Change television power pass should contain challenge.,,,Sponsorship,Program Sponsorship,Medical Practices,2024-08-18,3-6 months,"Work Visa,Cybersecurity Measures,Virtual Reality",$1000-$5000,"Institutional Investors,Microfinance","Algeria, El Menia","Field Service Manager,Systems Manager,Finance Manager",medium,medium,high,low,pending,low,Woodard-Grimes,"Online Application Portal,Fax Submission,Automated Submission via API Integration,In-Person Submission","Quality of proposal,Sustainability initiatives,Innovative approach","Stakeholder Consultation,Negotiation Phase,Pilot Testing",mixed,Productivity Increase,Let him parent decade small activity.
OPR067,partnership,Consulting Engagement - Sponsorship,front-interview,"Former thought staff end. Involve remember house night material senior.
Question respond name significant. Production task loss address. Move television space western.",,,Sponsorship,Program Sponsorship,Staffing and Recruiting,2024-05-20,>1 year,"Professional Certifications,Frequent Travel,Blockchain Technology,Entry-Level",$0,"Angel Investors,Microfinance","Bolivia, Beni Department",Compensation Manager,high,medium,low,medium,pending,low,Heath Ltd,Email Submission,"Relevant industry experience,Sustainability initiatives,Strong communication skills,Alignment with strategic goals,Technical expertise","Due Diligence Process,Internal Review Committee,Peer Review,Request for Proposal (RFP),Comparative Analysis",mixed,"Energy Consumption,Net Promoter Score (NPS)",Billion leg by out about expert write.
OPR068,consulting,Volunteering Opportunity - Volunteering,design-second-could,"Describe community may. Religious less glass the.
Enough forward prepare save. Success short such along least concern hundred bit. Anyone appear over.",,,Volunteering,Pro-bono Consulting,Commercial and Industrial Machinery Maintenance,2024-04-08,<1 month,"Associate's Degree,Specialized Tools,Immediate Availability",$5000-$10000,Series C Funding,"Cape Verde, São Filipe","Supply Chain Specialist,Web Development Manager,After Sales Manager",medium,high,medium,high,open,medium,"Garcia, Jones and Wong",Email Submission,"Risk management strategy,Past performance,Financial stability,Ability to meet deadlines,Quality of proposal","Legal and Compliance Check,Request for Information (RFI),Consensus Decision Making,Financial Review",variable,Downtime Reduction,Believe perform nation Mr once know.
OPR069,investment,Strategic Partnership - Purchase,truth-nor,Foreign religious statement fast bring center. He common issue argue morning set. Most from increase standard better job candidate.,,,Purchase,Software Licenses,Security System Services,2024-06-29,3-6 months,"Experience Managing Budgets up to $50,000,Real-Time Data Processing,Programming Languages,Associate's Degree",$1000-$5000,"Government Grants,Internal Funding,Non-Profit Grants","Tunisia, Medenine",Patent Agent,high,low,high,high,open,medium,West-Butler,"Submission during a Scheduled Meeting or Presentation,Submission via Collaborative Platform (e.g., Slack, Microsoft Teams)","Relevant industry experience,Team qualifications,Ability to meet deadlines,Proven track record of success,Cost-effectiveness","Comparative Analysis,Proof of Concept (PoC),External Review Panel",variable,Service Quality,Others enjoy process total several tell my sign.
OPR070,volunteering,Investment - Investment,future-sister-sea,Sense hair meet recognize step investment fast important. Vote school main draw bank. Energy until performance realize move yourself company.,,,Investment,Venture Capital,Residential Building Construction,2024-04-14,<1 month,"Data Encryption,Soft Skills",$1000-$5000,"Corporate Sponsorships,Government Grants,Debt Financing","Niger, Tahoua Region","Distribution Manager,Legal Counsel,Online Sales Manager",medium,low,low,medium,pending,low,"Kirk, Foster and Joseph","Submission during a Scheduled Meeting or Presentation,Proposal Management System (e.g., Proposify, Qvidian),Electronic Document Submission (e.g., PDF),Secure File Transfer Protocol (SFTP)","Technical expertise,Ability to meet deadlines,Team qualifications,Quality of proposal","Interviews and Presentations,Comparative Analysis,External Review Panel",variable,"Volunteer Hours,Diversity and Inclusion Metrics",Learn although involve low know.
OPR071,job,RFP for Services - Employment,republican-agency,"Join senior month according issue. Word network stop. His treatment race old natural.
Agree month join. Member movement civil give finally feeling.",,,Employment,Part-time,Sign Manufacturing,2024-06-22,<1 month,"Containerization (Docker, Kubernetes),Budget Management Experience,Backup and Recovery Systems,Senior-Level",$5000-$10000,Seed Funding,"Chile, Libertador General Bernardo O'Higgins","Customer Relationship Manager,Engineering Specialist,Patent Agent",medium,medium,high,high,pending,high,"Johnson, Lopez and Welch","Email Submission,Submission through a Trade Association or Chamber of Commerce,Electronic Document Submission (e.g., PDF),Online Application Portal","Relevant industry experience,Ability to meet deadlines,Risk management strategy","Consensus Decision Making,Executive Approval,Site Visits,Proof of Concept (PoC),Comparative Analysis",variable,"Number of New Products/Services,Customer Complaints",Fear eye head ago north.
OPR072,rfp,Purchase - Purchase,stage-staff-animal,Any us fear thousand view. No week mention. Word almost drive fish focus on service leg. Full instead finally another fine leg.,,,Purchase,Computer Equipment,Freight and Package Transportation,2024-05-10,6-12 months,"Virtual Reality,Artificial Intelligence",$5000-$10000,Non-Profit Grants,"Guyana, Pomeroon-Supenaam","Channel Sales Manager,Operations Manager,Marketing Specialist",medium,high,low,high,open,low,Gardner-Arnold,"Via Legal Counsel,Online Tendering System (e.g., TenderLink)","Customer references,Technical expertise,Risk management strategy,Past performance","Executive Approval,Scoring System,Negotiation Phase,Peer Review",fixed,Customer Satisfaction Score (CSAT),Cultural wait seek sister life animal let.
OPR073,rfp,Strategic Partnership - Investment,create-exist-stuff,"Laugh happy soldier door technology item protect forward.
Trial husband interesting week enjoy unit. Shoulder large follow his show process situation.",,,Investment,Series A Funding,Diagnostics and Research,2024-06-25,1-3 months,"Associate's Degree,Software Proficiency",$10000-$50000,"Crowdfunding,Internal Funding,Bridge Loans",Western Sahara,Web Development Manager,high,high,high,high,open,high,"Duncan, Johnson and Smith","Through an Intermediary or Agent,Fax Submission","Alignment with strategic goals,Innovative approach,Strong communication skills","Comparative Analysis,Vendor Demonstrations,Stakeholder Consultation",mixed,"Research and Development (R&D) Spending,Contributions to Local Economy",Her happy maybe protect seek coach.
OPR074,job,Sponsorship - Purchase,often-decide-seek,Much follow field opportunity community window. I traditional maintain measure. View safe employee husband.,,,Purchase,Software Licenses,Safety,2025-04-08,6-12 months,"German,Cybersecurity Measures,Continuous Integration/Continuous Deployment (CI/CD),Containerization (Docker, Kubernetes)",$0,"Donations,Corporate Sponsorships,Private Equity","Laos, Vientiane Prefecture",R&D Manager,low,low,high,medium,open,high,Rodriguez LLC,"Proposal Management System (e.g., Proposify, Qvidian)","Innovative approach,Alignment with strategic goals,Proven track record of success","Site Visits,Pilot Testing,Interviews and Presentations",fixed,"Customer Retention Rate,Competitive Positioning",On change wear forward.
OPR075,job,Job Opening - Purchase,enter-also-consumer,Trial sister character industry wear check. Whatever former night adult rather different. Goal exactly way level thousand me art.,,,Purchase,Software Licenses,Waste Management and Remediation Services,2024-06-08,1-3 months,"Specific Equipment Operation,Experience Managing Budgets Over $100,000,Programming Languages",$10000-$50000,"Debt Financing,Bridge Loans,Angel Investors","Mauritania, Brakna",Regional Sales Manager,medium,high,medium,low,pending,medium,Flores-Johnson,"Via Professional Networking Site (e.g., LinkedIn)","Ability to meet deadlines,Team qualifications,Past performance","Scoring System,Interviews and Presentations,Request for Quotation (RFQ),Vendor Demonstrations",variable,"Process Improvement,Net Promoter Score (NPS)",Suddenly scientist example his benefit.
OPR076,sponsorship,Strategic Partnership - Volunteering,respond-from-boy,"Civil low big old summer price race. Dinner by send pick.
Network however moment enter. Research throw mention run with hotel.",,,Volunteering,Pro-bono Consulting,"Museums, Historical Sites and Zoos",2024-10-05,1-3 months,"Associate's Degree,Experience Managing Budgets up to $50,000,Specific Industry Experience",$1000-$5000,"Corporate Sponsorships,Peer-to-Peer Lending,Bank Loans","Hong Kong S.A.R., Islands","Risk Manager,Digital Marketing Manager,Web Development Manager",high,medium,high,high,open,high,Salinas-Tapia,"Submission via Collaborative Platform (e.g., Slack, Microsoft Teams)","Technical expertise,Team qualifications,Sustainability initiatives,Risk management strategy","Pilot Testing,Financial Review,Vendor Demonstrations,Executive Approval",mixed,Volunteer Hours,Want only production subject.
OPR077,rfp,Job Opening - Purchase,issue-over-within,"Opportunity for physical more indicate since. View case personal race authority.
Culture test be newspaper future performance. Fear area society image material.",,,Purchase,Computer Equipment,Education,2024-05-13,6-12 months,"Backup and Recovery Systems,Biometric Authentication,Permanent Residency",$0,Capital Markets,Norfolk Island,Inventory Manager,medium,low,high,high,pending,high,"Bell, Bradley and Barrett","Proposal Management System (e.g., Proposify, Qvidian),Submission via Partner Organization,Online Tendering System (e.g., TenderLink),Submission via Industry-Specific Platform (e.g., BidSync, GovWin)","Risk management strategy,Cost-effectiveness,Innovative approach","Negotiation Phase,Peer Review,Proof of Concept (PoC),Technical Review,Interviews and Presentations",variable,Revenue Growth,It him life hospital second.
OPR078,purchase,Job Opening - Employment,claim-as-professor,"About issue international agreement each.
Usually skill throw leg. My threat throw process clearly thank line.",,,Employment,Part-time,Equipment,2024-03-09,3-6 months,"Industry-Specific Certifications,Laboratory Equipment",$5000-$10000,Internal Funding,"Liechtenstein, Schellenberg","Contracts Manager,Director of Operations",high,medium,high,low,open,high,"Marsh, Griffin and Cannon","Submission through a Trade Association or Chamber of Commerce,Form Submission on Company Website","Technical expertise,Relevant industry experience,Cost-effectiveness,Sustainability initiatives","Interviews and Presentations,Risk Assessment,Peer Review,External Review Panel,Legal and Compliance Check",variable,"Service Quality,Employee Turnover Rate",Fast land many break inside I beautiful.
OPR079,volunteering,RFP for Services - Investment,me-appear-thus-new,Material what off yet bag management. Suddenly environment Mr. Share thank beautiful so tough. Family arm claim save street design research candidate.,,,Investment,Venture Capital,Government Relations,2024-07-25,<1 month,"High-Speed Internet,Data Encryption,Machine Learning Algorithms",$1000-$5000,"Equity Financing,Donations,Leasing",French Polynesia,Analytics Manager,low,low,medium,medium,open,high,Ortiz-Garcia,"Online Application Portal,Submission through a Procurement System (e.g., SAP Ariba),Submission during a Scheduled Meeting or Presentation","Risk management strategy,Past performance,Ability to meet deadlines,Quality of proposal","Consensus Decision Making,Site Visits,Comparative Analysis,Stakeholder Consultation",mixed,"Market Share,Sales Growth",Various full yes section parent.
OPR080,rfp,Job Opening - Sponsorship,top-three-artist,Decision use major option himself high. Figure although tonight table must military history.,,,Sponsorship,Program Sponsorship,Dentists,2024-08-31,6-12 months,"English,Database Management System",$5000-$10000,"Family Offices,Convertible Debt,Crowdfunding","Saint Lucia, Dauphin Quarter","Security Manager,Returns Manager,Data Manager",low,low,medium,medium,open,high,Haynes LLC,"Automated Submission via API Integration,Submission via Cloud Storage Link (e.g., Google Drive, Dropbox),Secure File Transfer Protocol (SFTP),Direct Submission to Project Manager","Technical expertise,Team qualifications,Financial stability,Sustainability initiatives","Vendor Demonstrations,Site Visits,Stakeholder Consultation,Peer Review",mixed,"Customer Feedback Ratings,Sales Growth",Need nor money show will despite player few.
OPR081,purchase,Job Opening - Sponsorship,bag-car-happen-main,Many moment gas everybody. Star budget success recent system administration probably. Study treatment despite human much early car. Explain tree song different.,,,Sponsorship,Scholarship Sponsorship,Environmental Services,2024-05-29,>1 year,"Experience with Waterfall Methodologies,Problem-Solving,Data Encryption,Experience Leading Teams",$0,Equity Financing,"Belize, Cayo District","International Sales Manager,Safety Manager,Employment Attorney",medium,medium,high,medium,closed,high,Mayo and Sons,"Electronic Document Submission (e.g., PDF),Submission through a Trade Association or Chamber of Commerce","Customer references,Risk management strategy,Technical expertise,Past performance,Quality of proposal","Risk Assessment,Consensus Decision Making,Interviews and Presentations,Scoring System,Multi-Stage Evaluation",mixed,"Volunteer Hours,Training and Development Hours",Toward money yourself trade.
OPR082,volunteering,Job Opening - Volunteering,either-those-test,Term positive magazine make coach what specific heavy. Traditional author everything color unit artist part. Fly front defense magazine from coach address.,,,Volunteering,Skill-based Volunteering,Consumer Electronics,2024-04-22,3-6 months,"Data Analysis,API Integration,Specific Hardware Proficiency,Available within 1 Month",$5000-$10000,"Endowments,Internal Funding,Seed Funding","Serbia, Braničevo District",Director of Compliance,high,medium,low,high,pending,high,"Maddox, Shelton and Thomas","Secure File Transfer Protocol (SFTP),Online Application Portal,Submission via a Consultancy Firm,Via Professional Networking Site (e.g., LinkedIn),Submission via Collaborative Platform (e.g., Slack, Microsoft Teams)","Ability to meet deadlines,Strong communication skills,Quality of proposal,Past performance,Sustainability initiatives","Risk Assessment,Proof of Concept (PoC),Executive Approval,Site Visits,Pilot Testing",fixed,Employee Satisfaction,Traditional memory happy.
OPR083,purchase,Investment - Investment,attack-foreign,"Help popular good stuff consumer around. Head difference change maintain.
Shoulder without foreign team door store late. Work quality provide. Last result store leave rather top source score.",,,Investment,Seed Funding,Circuses and Magic Shows,2024-10-20,6-12 months,"Communication Skills,Standing for Long Periods",>$50000,"Series A Funding,Equity Financing","Samoa, Gaga'emauga","Community Manager,UX/UI Manager",low,high,low,medium,pending,medium,Kelley-Bolton,"Submission via Cloud Storage Link (e.g., Google Drive, Dropbox),Submission via a Consultancy Firm,Proposal Management System (e.g., Proposify, Qvidian),Form Submission on Company Website","Quality of proposal,Cost-effectiveness,Financial stability,Relevant industry experience","Due Diligence Process,Vendor Demonstrations,Negotiation Phase,Proof of Concept (PoC)",mixed,"Response Time to Customer Inquiries,Number of New Products/Services",Despite reach beat newspaper couple tell president.
OPR084,rfp,Volunteering Opportunity - Volunteering,operation-fast,Speak we woman our office. Company forget sport finally exist election. Serve own month hundred visit.,,,Volunteering,Skill-based Volunteering,Human Resources Services,2024-10-15,>1 year,"Heavy Equipment,Working in Various Weather Conditions,Spanish",<1000,"Peer-to-Peer Lending,Capital Markets","United Kingdom, Surrey","National Sales Manager,Regulatory Specialist",low,medium,low,high,open,low,Ward Ltd,"Submission via Cloud Storage Link (e.g., Google Drive, Dropbox),Fax Submission,Submission through a Trade Association or Chamber of Commerce,Through a Government Submission Portal","Customer references,Sustainability initiatives,Ability to meet deadlines,Financial stability,Past performance","Request for Quotation (RFQ),Risk Assessment,Proof of Concept (PoC)",fixed,Profit Margin,Leader national order eat hope.
OPR085,investment,Job Opening - Investment,word-book-marriage,Share early responsibility financial stand true behind. Sort decade environment next half anyone. Foreign final smile stock them into give.,,,Investment,Series A Funding,Newspapers,2024-10-20,>1 year,"Specific Hardware Proficiency,Budget Management Experience,Backup and Recovery Systems,Entry-Level",<1000,"Leasing,Corporate Sponsorships,Crowdfunding","Comoros, Anjouan",Corporate Communications Manager,high,medium,low,high,pending,high,Ruiz-Rodriguez,"Email Submission,Via Legal Counsel","Quality of proposal,Proven track record of success,Alignment with strategic goals,Team qualifications,Sustainability initiatives","Due Diligence Process,Stakeholder Consultation,Request for Quotation (RFQ),Executive Approval,Negotiation Phase",variable,Process Improvement,Not three record reveal week effort yeah.
OPR086,investment,Investment - Sponsorship,walk-become-day-any,Small various tree she. Rise those yourself training.,,,Sponsorship,Scholarship Sponsorship,Fisheries,2024-06-25,6-12 months,"Specialized Tools,Software Proficiency,Real-Time Data Processing,Manual Dexterity",>$50000,"Research Grants,Government Grants,Donations","Jamaica, Portland Parish",VP of Compliance,high,low,medium,high,open,low,Carroll Group,"Submission during a Scheduled Meeting or Presentation,Secure File Transfer Protocol (SFTP),Via Legal Counsel","Financial stability,Team qualifications,Quality of proposal","Negotiation Phase,Peer Review,Proof of Concept (PoC)",fixed,"Research and Development (R&D) Spending,Cost Savings",Under east late hair.
OPR087,purchase,Investment - Employment,cause-picture-local,"Step nation stay color employee.
Report night still trade somebody training soldier account. Board center rise beat cold black increase nor.",,,Employment,Part-time,Engineering and Construction,2024-05-25,3-6 months,"Machinery Operation,Backup and Recovery Systems,Continuous Integration/Continuous Deployment (CI/CD),Flexible Availability",<1000,"Venture Capital,Capital Markets","Luxembourg, Canton of Clervaux","Director of HR,Compliance Manager,Director of Business Development",high,low,high,high,closed,low,"Fox, Watson and Jacobs","Submission through a Procurement System (e.g., SAP Ariba),Submission during a Scheduled Meeting or Presentation,Physical Mail Submission","Financial stability,Innovative approach,Risk management strategy","Request for Proposal (RFP),Scoring System,Weighted Criteria Matrix,Peer Review,Legal and Compliance Check",variable,"Return on Investment (ROI),IT Support Response Time",Kind beautiful change agent away.
OPR088,consulting,Job Opening - Volunteering,loss-bed-grow,"Really town history window. Dream per wear example pay something ask. Head suffer painting animal with always audience.
Production major shoulder fact measure response. Boy perhaps open those.",,,Volunteering,Community Service,Staffing and Outsourcing Services,2024-07-14,6-12 months,"Security Clearance Level 2,Working in Various Weather Conditions,Availability",>$50000,Donations,"Slovakia, Banská Bystrica Region","E-commerce Manager,Event Manager,CMO",high,medium,medium,low,pending,high,"Bryant, Gutierrez and Jackson","Through a Government Submission Portal,Through an Intermediary or Agent,Form Submission on Company Website,Submission via Partner Organization,Secure File Transfer Protocol (SFTP)","Financial stability,Strong communication skills,Customer references,Proven track record of success","Financial Review,Proof of Concept (PoC),Scoring System,Pilot Testing",fixed,"Customer Complaints,Customer Feedback Ratings",Something herself sell generation him east vote.
OPR089,partnership,Consulting Engagement - Partnership,be-firm-always,"Probably you large. Race write operation name allow. Near with alone child audience outside central.
Important four what draw thousand simply. Ahead every human price others.",,,Partnership,Joint Venture,Logistics and Supply Chain,2024-04-08,6-12 months,"Experience in Similar Projects,Backup and Recovery Systems,Other (Specify)",$5000-$10000,"Strategic Partnerships,Government Grants,Development Grants","Vietnam, Bắc Giang","Sustainability Manager,Environmental Health and Safety Manager",high,medium,low,low,closed,medium,Montgomery-Cameron,"Submission via Collaborative Platform (e.g., Slack, Microsoft Teams),Electronic Document Submission (e.g., PDF)","Team qualifications,Sustainability initiatives,Ability to meet deadlines","Risk Assessment,Request for Information (RFI),Technical Review,Pilot Testing,Interviews and Presentations",variable,Revenue Growth,Trade sort arm service condition reality.
OPR090,rfp,Purchase - Purchase,technology-no-heart,"Management fear none. Foreign specific seat camera skill deal. While official focus in pretty white discover get.
Table its TV police. Especially likely culture while.",,,Purchase,Computer Equipment,"Water, Sewage and Waste Management",2024-08-31,6-12 months,"Augmented Reality,Quantum Computing,Background Check,Software/Hardware Requirements",<1000,Donations,"Burkina Faso, Ganzourgou Province","Employment Attorney,Compliance Specialist,International Sales Manager",high,low,medium,medium,pending,low,"Williams, Aguilar and Jensen","Submission through a Trade Association or Chamber of Commerce,Submission via Partner Organization,Submission via a Consultancy Firm,Submission via Collaborative Platform (e.g., Slack, Microsoft Teams)","Alignment with strategic goals,Team qualifications,Quality of proposal,Customer references","Financial Review,Technical Review,Stakeholder Consultation,Due Diligence Process,Request for Quotation (RFQ)",fixed,Competitive Positioning,Goal one chance fall feel like difference.
OPR091,purchase,RFP for Services - Consulting,recently-yard,"Too value say edge material view project. Without prevent dark course cell.
Cost visit daughter example people. Money budget consumer reason yard day.",,,Consulting,HR Consulting,Healthcare,2024-06-19,<1 month,"Software Proficiency,Experience Leading Teams,Virtual Reality,Problem-Solving",$10000-$50000,"Donations,Debt Financing,Family Offices","Japan, Gifu Prefecture","Insurance Manager,Product Manager",high,medium,medium,medium,closed,low,Hunter Ltd,"Submission via Collaborative Platform (e.g., Slack, Microsoft Teams),Secure File Transfer Protocol (SFTP),Via Legal Counsel,Submission through a Procurement System (e.g., SAP Ariba)","Technical expertise,Team qualifications,Strong communication skills","Scoring System,Request for Quotation (RFQ),Proof of Concept (PoC),Financial Review",mixed,Process Improvement,Possible bit power woman among everything.
OPR092,volunteering,Consulting Engagement - Procurement,live-order-cell,"Successful indeed fast compare. Happen the capital.
Television evening defense college election. Change party sister clear.
Allow run cover whose. Lot score exist him discover a from.",,,Procurement,Technology Procurement,Wholesale Jewelry,2024-09-12,1-3 months,"Cross-Platform Compatibility,International Candidates",>$50000,Donations,"Sao Tome and Principe, São Tomé Province","Customer Relationship Manager,Energy Manager",low,medium,high,high,pending,medium,"Johnson, Oliver and Townsend","Submission via a Consultancy Firm,Submission during a Scheduled Meeting or Presentation","Risk management strategy,Strong communication skills,Customer references","Technical Review,Proof of Concept (PoC),Stakeholder Consultation,External Review Panel,Comparative Analysis",variable,Downtime Reduction,Through today never.
OPR093,job,Volunteering Opportunity - Procurement,training-million,Evidence station statement not school federal. Red understand town fill task player. Those stage focus look most order.,,,Procurement,Office Supplies,Travel and Hospitality,2024-08-26,6-12 months,"Mandarin,Experience with Client Retention,Specific Hardware Proficiency",$5000-$10000,Crowdfunding,"Sao Tome and Principe, Príncipe Province","Warehouse Manager,Compliance Auditor",high,medium,medium,low,pending,high,Williams Group,Physical Mail Submission,"Innovative approach,Alignment with strategic goals,Strong communication skills,Team qualifications,Quality of proposal","Site Visits,Comparative Analysis,External Review Panel,Multi-Stage Evaluation",fixed,"Safety Incidents,Customer Acquisition Rate",Several race north serve.
OPR094,purchase,RFP for Services - Procurement,way-deal-recently,"Benefit long support trial leg plant. Poor effect hour modern building.
Industry call full approach similar religious. Lot attack need enter.",,,Procurement,Technology Procurement,Sign Manufacturing,2024-06-08,3-6 months,"Availability,Mid-Level,Specific Equipment Operation",>$50000,"Capital Markets,Bridge Loans,Non-Profit Grants","Fiji Islands, Serua","Training Manager,Customer Relationship Manager,Director of HR",medium,high,high,medium,open,low,Jackson Inc,"Secure File Transfer Protocol (SFTP),Submission via Industry-Specific Platform (e.g., BidSync, GovWin),Submission through a Procurement System (e.g., SAP Ariba)","Risk management strategy,Relevant industry experience,Quality of proposal","Request for Information (RFI),Site Visits,Interviews and Presentations",mixed,Market Share,Fine Mr behavior manager before often TV.
OPR095,sponsorship,Strategic Partnership - Sponsorship,view-they-physical,Situation tax force character. Beyond image road responsibility media. Total let tough she page unit nature.,,,Sponsorship,Scholarship Sponsorship,Credit Services,2024-04-10,6-12 months,"Experience Managing Budgets up to $100,000,Budget Management Experience",$10000-$50000,Bank Loans,"Benin, Plateau Department",Brand Manager,medium,high,medium,high,open,low,"Webster, Munoz and Nicholson",Automated Submission via API Integration,"Past performance,Relevant industry experience,Quality of proposal,Proven track record of success","Request for Information (RFI),Executive Approval,Comparative Analysis,Stakeholder Consultation,Request for Proposal (RFP)",mixed,Carbon Footprint,Growth eye concern network experience development.
OPR096,job,Sponsorship - Consulting,mouth-effort-future,Upon imagine exist people price investment. Administration even lot beautiful will visit state. Respond deal mention control teacher.,,,Consulting,Financial Consulting,Retail Trade,2024-11-05,>1 year,"High-Speed Internet,Permanent Residency,IoT Integration",$5000-$10000,Peer-to-Peer Lending,"Serbia, Bor District",Finance Manager,medium,high,low,medium,pending,high,Santana PLC,"Through an Intermediary or Agent,Electronic Document Submission (e.g., PDF)","Financial stability,Risk management strategy,Ability to meet deadlines,Sustainability initiatives","Due Diligence Process,Site Visits,Request for Proposal (RFP),Legal and Compliance Check",fixed,"Number of New Products/Services,Customer Complaints",Care onto rich society after trip north.
OPR097,investment,Sponsorship - Sponsorship,including-point,"Condition order impact against win five. Seek about nation soon organization task.
Move go teach production light call method teacher. Data you economy item.",,,Sponsorship,Program Sponsorship,Family Planning Centers,2024-06-04,>1 year,"Backup and Recovery Systems,Working in Various Weather Conditions,Security Clearance Level 1,Cross-Platform Compatibility",$10000-$50000,"Non-Profit Grants,Equity Financing","The Bahamas, Central Andros","Director of Finance,R&D Manager,Recruitment Manager",high,medium,medium,medium,open,high,Gordon PLC,"Submission via Cloud Storage Link (e.g., Google Drive, Dropbox)","Past performance,Customer references,Team qualifications","Scoring System,External Review Panel,Financial Review,Peer Review,Request for Proposal (RFP)",fixed,Community Engagement,Back safe husband.
OPR098,consulting,Job Opening - Consulting,space-gun-pull-nor,"Approach music go director. Expect just century dog simple effort benefit represent. Rate claim trial.
Idea your loss economic term. Various weight fight try. Especially major else.",,,Consulting,Financial Consulting,Law Practice,2024-12-22,6-12 months,"Minimum Years in Industry,Artificial Intelligence",$10000-$50000,"Internal Funding,Series A Funding,Corporate Sponsorships",Tokelau,"VP of Customer Service,Maintenance Manager,Help Desk Manager",high,low,medium,medium,closed,medium,Ryan Ltd,"Email Submission,Submission via a Consultancy Firm,Through an Intermediary or Agent,Form Submission on Company Website,Proposal Management System (e.g., Proposify, Qvidian)","Alignment with strategic goals,Cost-effectiveness,Quality of proposal,Past performance,Innovative approach","Executive Approval,Negotiation Phase,Financial Review,Internal Review Committee",mixed,"IT Support Response Time,Resource Utilization",These a parent college letter box.
OPR099,rfp,Volunteering Opportunity - Partnership,represent-like-risk,Drive nor she garden store religious sure. Professional than by culture.,,,Partnership,Strategic Partnership,Gambling Facilities and Casinos,2024-12-21,>1 year,"Experience in Similar Projects,Minimum Years in Industry",>$50000,Seed Funding,"Philippines, Iloilo","CTO,Creative Manager",high,medium,high,low,open,medium,"Petersen, Booth and Ruiz","Secure File Transfer Protocol (SFTP),Form Submission on Company Website,Submission through a Trade Association or Chamber of Commerce","Team qualifications,Financial stability,Innovative approach,Proven track record of success","Pilot Testing,Peer Review,Request for Information (RFI)",variable,Competitive Positioning,Mention stay security whether down.
OPR100,rfp,Purchase - Consulting,population-imagine,"Cut set kitchen site very left. Art program break according determine miss. Pressure experience day Democrat bed. Still discuss message exactly.
Place name improve most.",,,Consulting,Financial Consulting,Animation,2024-04-13,3-6 months,"Specific Hardware Proficiency,Mid-Level,High-Performance Computing,Ability to Lift a Certain Weight",$5000-$10000,"Bonds,Series C Funding,Non-Profit Grants","Thailand, Phayao",VP of Supply Chain,high,medium,high,medium,closed,medium,Parks Ltd,"Submission via a Consultancy Firm,Proposal Management System (e.g., Proposify, Qvidian)","Technical expertise,Past performance,Proven track record of success,Sustainability initiatives,Ability to meet deadlines","Financial Review,Technical Review,Comparative Analysis,Site Visits,Stakeholder Consultation",mixed,Energy Consumption,Range if democratic hair partner account.
OPR101,rfp,Sponsorship - Partnership,site-along-arm,"Move political they professional sense. Site chair wide early.
Resource two difficult different knowledge. Better play social not tonight can. Sell step usually region account son need.",,,Partnership,Strategic Partnership,Rail Transportation,2024-11-30,3-6 months,"Machinery Operation,Leadership Skills,Time Management,Professional Certifications",$5000-$10000,"Donations,Non-Profit Grants,Corporate Sponsorships","Nauru, Yaren District","COO,IT Support Manager",high,low,high,high,closed,medium,"Fisher, Johnson and Kelly","Submission via a Consultancy Firm,Submission via Partner Organization,Via Professional Networking Site (e.g., LinkedIn),Physical Mail Submission","Alignment with strategic goals,Technical expertise,Quality of proposal,Cost-effectiveness,Strong communication skills","Consensus Decision Making,Technical Review,Risk Assessment",mixed,Defect Rate,Let analysis tend impact involve.
OPR102,investment,Job Opening - Volunteering,prove-law-six-may,Partner same field probably else. Major morning nature sign everybody I break dark.,,,Volunteering,Skill-based Volunteering,Financial Conglomerates,2024-03-26,>1 year,"Project Management Experience,Executive-Level,Heavy Equipment",>$50000,"Leasing,Government Grants","Eritrea, Gash-Barka Region",Compliance Manager,low,low,high,low,closed,high,Bishop LLC,"Submission via Partner Organization,Automated Submission via API Integration,Via Legal Counsel","Strong communication skills,Sustainability initiatives,Risk management strategy","Technical Review,Request for Proposal (RFP),Consensus Decision Making,Internal Review Committee,Proof of Concept (PoC)",mixed,"Research and Development (R&D) Spending,Resource Utilization",Between usually same then leave protect.
OPR103,partnership,Job Opening - Consulting,free-billion-while,Listen consumer provide many left. Apply edge finally mean treat network. Child term project party actually direction. Capital government record until American.,,,Consulting,Management Consulting,Building Products and Equipment,2024-04-15,3-6 months,"Physical Requirements,Heavy Equipment",$10000-$50000,"Corporate Sponsorships,Bonds,Equity Financing","Israel, Central District","Compliance Specialist,Director of Customer Service,Quality Auditor",medium,medium,medium,high,closed,high,Moore-Porter,"Submission via Collaborative Platform (e.g., Slack, Microsoft Teams),Automated Submission via API Integration,Submission via Industry-Specific Platform (e.g., BidSync, GovWin)","Technical expertise,Innovative approach,Customer references,Sustainability initiatives","Risk Assessment,Proof of Concept (PoC),External Review Panel,Site Visits",fixed,"Stakeholder Satisfaction,Number of New Products/Services",Source term national option particular charge.
OPR104,purchase,Consulting Engagement - Sponsorship,identify-the-forget,"Across another detail during billion close. Hope song save natural contain.
Share four result lose Mr memory low morning. Last another operation first say.",,,Sponsorship,Event Sponsorship,Medical Care,2024-12-20,6-12 months,"Soft Skills,Experience Managing Budgets up to $100,000,Experience with Specific Equipment,Other (Specify)",$1000-$5000,"Series B Funding,Bridge Loans,Leasing","Guinea, Conakry","Director of Supply Chain,VP of Operations,After Sales Manager",medium,high,high,high,closed,low,Jones Inc,"Fax Submission,Submission via a Consultancy Firm,Proposal Management System (e.g., Proposify, Qvidian)","Strong communication skills,Technical expertise,Past performance,Quality of proposal","Multi-Stage Evaluation,Stakeholder Consultation,Weighted Criteria Matrix",variable,Contributions to Local Economy,Way affect keep six above.
OPR105,sponsorship,Consulting Engagement - Volunteering,kitchen-vote,"Figure outside amount about happen hope large also. Hair early audience option part century.
Leader education economic career lawyer smile.
Husband participant describe argue.",,,Volunteering,Pro-bono Consulting,Digital Services,2025-01-01,1-3 months,"Standing for Long Periods,Experience with Client Negotiations,Hardware Compatibility,Communication Skills",$10000-$50000,"Peer-to-Peer Lending,Government Grants","Malawi, Chitipa district","Supplier Relationship Manager,COO",low,high,high,medium,pending,high,"Vaughn, Hurley and Sanchez","Online Tendering System (e.g., TenderLink)","Proven track record of success,Financial stability,Relevant industry experience,Strong communication skills","Executive Approval,Proof of Concept (PoC),Customer References and Testimonials,Legal and Compliance Check,Request for Quotation (RFQ)",fixed,Net Promoter Score (NPS),Concern remember deep will consider many billion.
OPR106,partnership,Purchase - Investment,some-follow-should,Century wall forward you. Once market recognize. Seat opportunity include scientist strong method public.,,,Investment,Series A Funding,Electrical/Electronic Manufacturing,2024-07-04,>1 year,"High School Diploma,No Travel Required,Artificial Intelligence",$1000-$5000,Revenue Funding,"Syria, Al-Hasakah","COO,Director of Product",low,low,low,high,pending,medium,Marshall LLC,"Submission via Collaborative Platform (e.g., Slack, Microsoft Teams)","Ability to meet deadlines,Team qualifications,Past performance,Strong communication skills","Request for Proposal (RFP),Technical Review,Negotiation Phase,Request for Information (RFI),Legal and Compliance Check",fixed,"IT Support Response Time,Patents Filed",Ahead bed today I focus first.
OPR107,job,Consulting Engagement - Consulting,account-manager-air,Standard return theory sense everything. Behavior stage case.,,,Consulting,HR Consulting,"Oil, Gas and Mining",2024-05-01,3-6 months,"Blockchain Technology,Travel Requirements,Background Check",$1000-$5000,"Series B Funding,Strategic Partnerships","Samoa, A'ana",Digital Marketing Manager,high,high,medium,high,pending,high,White-Francis,"Proposal Management System (e.g., Proposify, Qvidian),Through a Government Submission Portal","Sustainability initiatives,Past performance,Cost-effectiveness,Innovative approach","Stakeholder Consultation,Site Visits,Due Diligence Process,Vendor Demonstrations,Request for Information (RFI)",mixed,"Budget Adherence,Service Quality",Paper owner throughout area upon suffer.
OPR108,consulting,Volunteering Opportunity - Consulting,down-like-fight,"Debate upon eye. Debate technology same result mission. Mention property research.
Top inside ground put here different. Involve choice popular moment.",,,Consulting,Financial Consulting,Apparel Manufacturing,2024-06-22,3-6 months,"Desktop Application,Spanish",$0,"Bonds,Leasing","Cuba, Camagüey Province","VP of Operations,VP of Supply Chain",medium,high,high,high,closed,high,"Phillips, Gross and Martinez","Physical Mail Submission,Automated Submission via API Integration,Through an Intermediary or Agent,Online Tendering System (e.g., TenderLink)","Customer references,Technical expertise,Risk management strategy","Weighted Criteria Matrix,Legal and Compliance Check,Request for Proposal (RFP)",fixed,"Community Engagement,Contributions to Local Economy",Hard system trip brother.
OPR109,job,Consulting Engagement - Sponsorship,again-reveal-rise,Computer career else hard adult. Four value public city there.,,,Sponsorship,Program Sponsorship,Automation,2024-07-12,1-3 months,"Minimum Years in Industry,Other (Specify),Communication Skills",$5000-$10000,"Bonds,Seed Funding,Internal Funding","Guyana, Mahaica-Berbice","Analytics Manager,Security Manager",medium,medium,low,low,closed,medium,Blake-Sanders,"In-Person Submission,Form Submission on Company Website","Team qualifications,Proven track record of success,Risk management strategy,Technical expertise","Vendor Demonstrations,Negotiation Phase,Executive Approval,Proof of Concept (PoC)",mixed,Employee Productivity,Real team trouble every season.
OPR110,volunteering,Purchase - Volunteering,simply-hospital,"Field leader simple network them little commercial. Build rather expert. Dog only Democrat few now including.
East issue do style radio. Hospital me think during summer. Remember part follow.",,,Volunteering,Community Service,Vocational Training,2024-08-06,>1 year,"Leadership Skills,Technical Certifications",$1000-$5000,"Non-Profit Grants,Debt Financing,Series A Funding","Pakistan, Punjab","Patent Attorney,VP of Marketing,Risk Manager",low,low,low,high,closed,low,Arroyo and Sons,Through an Intermediary or Agent,"Innovative approach,Customer references,Quality of proposal,Team qualifications","Scoring System,Due Diligence Process,Legal and Compliance Check,Risk Assessment,Request for Quotation (RFQ)",variable,"Competitive Positioning,Stakeholder Satisfaction",Sound recently possible natural.
OPR111,purchase,Sponsorship - Investment,still-son-us,"Turn agency listen world certainly. Marriage off my box in represent.
Left which beat whole. Modern we return main into. Turn claim during guy effect report TV.",,,Investment,Seed Funding,Nonmetallic Mineral Mining,2024-07-29,<1 month,"Experience with Cloud Services,Standing for Long Periods",$10000-$50000,Series A Funding,"Saint Vincent and the Grenadines, Saint Andrew Parish","CFO,Application Development Manager,Regulatory Affairs Manager",low,high,high,high,open,high,Gonzales-Morgan,Submission via a Consultancy Firm,"Alignment with strategic goals,Cost-effectiveness,Proven track record of success","Multi-Stage Evaluation,Proof of Concept (PoC),External Review Panel",fixed,"Water Usage,Market Adoption of New Technologies",Pm do plan rock food.
OPR112,job,Volunteering Opportunity - Employment,community,Thought mind responsibility population animal material. Development cover break eight model else government.,,,Employment,Full-time,Medical Care Facilities,2024-06-19,>1 year,"Spanish,Technical Certifications",>$50000,"Donations,Endowments",Saint-Martin (French part),"Corporate Attorney,VP of Compliance,Online Sales Manager",medium,low,medium,high,closed,low,"Harper, Murphy and Anderson","Via Legal Counsel,Direct Submission to Project Manager,Submission via Partner Organization,Automated Submission via API Integration","Alignment with strategic goals,Sustainability initiatives,Risk management strategy,Past performance,Financial stability","Executive Approval,Vendor Demonstrations,Financial Review",fixed,"Return on Investment (ROI),Brand Awareness",Health accept fire throw situation especially analysis collection.
OPR113,partnership,RFP for Services - Investment,upon-lot-see,"Worker service enjoy up. Head able site as kind. Because media wind race charge.
Think happy economy very cup involve usually.
Capital focus agreement.",,,Investment,Series A Funding,Trucking,2024-10-03,1-3 months,"Laboratory Equipment,Soft Skills,IoT Integration",$1000-$5000,"Endowments,Institutional Investors,Research Grants","Benin, Littoral Department","Event Manager,Software Development Manager,Loss Prevention Manager",high,high,low,medium,pending,low,Ray-Hahn,"Form Submission on Company Website,Physical Mail Submission,Through a Government Submission Portal,Electronic Document Submission (e.g., PDF),Fax Submission","Proven track record of success,Alignment with strategic goals,Past performance,Risk management strategy,Team qualifications","Consensus Decision Making,Peer Review,Internal Review Committee,Due Diligence Process,Proof of Concept (PoC)",fixed,"Response Time to Customer Inquiries,Social Responsibility Initiatives",Bit boy statement add.
OPR114,volunteering,Sponsorship - Investment,first-history,Budget degree prepare if investment vote another. Culture design these find past past town. Education truth main activity quite.,,,Investment,Seed Funding,Judiciary,2024-05-16,1-3 months,"Data Analysis,English",$10000-$50000,"Series C Funding,Institutional Investors,Endowments",Aland Islands,"Maintenance Manager,Loss Prevention Manager",medium,high,low,medium,open,high,"Carter, Hernandez and Pena","Submission via Collaborative Platform (e.g., Slack, Microsoft Teams)","Quality of proposal,Sustainability initiatives,Proven track record of success","Vendor Demonstrations,Customer References and Testimonials,Comparative Analysis,Executive Approval,Proof of Concept (PoC)",mixed,"Milestone Achievement,Sales Growth",School speech age since success why if.
OPR115,consulting,Sponsorship - Procurement,purpose-fear,"Week will mouth society. As hospital scene financial project election me.
And attorney truth feel. Number board action within teacher marriage up smile. Sit fine thousand today campaign.",,,Procurement,Office Supplies,Financial Services,2024-08-10,6-12 months,"Security Clearances,Bachelor's Degree",<1000,"Government Grants,Convertible Debt","Malaysia, Putrajaya","HR Manager,Event Manager,Vendor Manager",medium,medium,low,medium,closed,high,"Morgan, Kim and Hampton","Submission via Cloud Storage Link (e.g., Google Drive, Dropbox),Form Submission on Company Website,Submission during a Scheduled Meeting or Presentation,Through a Government Submission Portal,Submission through a Trade Association or Chamber of Commerce","Cost-effectiveness,Sustainability initiatives,Proven track record of success,Ability to meet deadlines,Financial stability","Multi-Stage Evaluation,Site Visits,Weighted Criteria Matrix,Legal and Compliance Check,Interviews and Presentations",variable,"Milestone Achievement,Productivity Increase",Example part leg car.
OPR116,consulting,Investment - Purchase,practice-practice,"Back instead note Democrat chair. Voice indeed three team green.
Believe page wrong lead. Off hair staff condition lead. Hold music goal once if.",,,Purchase,Office Furniture,Semiconductor Equipment and Materials,2024-07-12,>1 year,"Virtual Reality,Bachelor's Degree,Certifications,Backup and Recovery Systems",>$50000,"Series B Funding,Private Equity,Strategic Partnerships",Pitcairn Island,Real Estate Attorney,high,high,low,medium,closed,medium,Moore Ltd,"Direct Submission to Project Manager,Through a Government Submission Portal,In-Person Submission","Strong communication skills,Proven track record of success,Innovative approach","Interviews and Presentations,Negotiation Phase,External Review Panel",variable,Revenue Growth,Arm even save including reality author behavior.
OPR117,rfp,Consulting Engagement - Employment,others-stage-phone,"At black stage say two. College read condition deal nature human author.
Which like attention relate miss month. Force amount someone speech keep rule expect. Person half side make agent upon.",,,Employment,Contract,REIT - Office,2024-06-05,1-3 months,"Senior-Level,Continuous Integration/Continuous Deployment (CI/CD)",$1000-$5000,"Angel Investors,Peer-to-Peer Lending,Capital Markets",French Southern Territories,"External Auditor,Sales Manager,Manufacturing Manager",medium,medium,low,high,open,high,"Lewis, Small and Peterson",Direct Submission to Project Manager,"Risk management strategy,Sustainability initiatives,Team qualifications","Peer Review,Legal and Compliance Check,Multi-Stage Evaluation,Financial Review",variable,Response Time to Customer Inquiries,Rate hear value little.
OPR118,consulting,Strategic Partnership - Procurement,recent-senior-of,"Own tax effect. Turn turn study water. Onto perform want fear news.
Behind card voice teach.
Suffer the note take operation amount. Against church somebody. Great create share Mrs eat.",,,Procurement,Technology Procurement,Program Development,2024-08-20,1-3 months,"National Candidates,Specific Equipment Operation,Software/Hardware Requirements",<1000,Peer-to-Peer Lending,"Laos, Xaisomboun Province","Director of Business Development,Operations Specialist,Quality Assurance Manager",high,low,medium,medium,closed,high,Bailey-Evans,"In-Person Submission,Form Submission on Company Website","Team qualifications,Innovative approach,Technical expertise,Strong communication skills","External Review Panel,Stakeholder Consultation,Risk Assessment,Request for Information (RFI)",fixed,"Waste Reduction,Budget Adherence",Positive industry college since about under last born.
OPR119,job,Consulting Engagement - Procurement,decision-lot-worry,Want four star including add trouble party just. Test nature development arm as.,,,Procurement,Office Supplies,Banks - Regional - US,2024-06-08,<1 month,"Standing for Long Periods,Entry-Level,Database Management System",$0,"Endowments,Corporate Sponsorships","Cape Verde, Porto Novo",Account Manager,medium,high,low,medium,pending,high,Lee-Lewis,"Submission via Industry-Specific Platform (e.g., BidSync, GovWin),Submission via Collaborative Platform (e.g., Slack, Microsoft Teams),Automated Submission via API Integration,Secure File Transfer Protocol (SFTP)","Innovative approach,Risk management strategy,Quality of proposal","Legal and Compliance Check,Vendor Demonstrations,Weighted Criteria Matrix,Interviews and Presentations,Executive Approval",fixed,"Patents Filed,Compliance with Environmental Regulations",Coach feeling pretty if Congress.
OPR120,rfp,Consulting Engagement - Investment,walk-admit-indicate,"Arm picture even officer popular example building fast. Total process type change.
Effort amount sound military and. Prevent lead create very participant feel.",,,Investment,Venture Capital,Telecom Services,2024-05-09,1-3 months,"National Candidates,Associate's Degree,Edge Computing",$0,"Microfinance,Venture Capital,Angel Investors","Vietnam, Thái Bình","Help Desk Manager,IP Manager,Product Manager",high,low,medium,high,closed,medium,"Forbes, James and Hughes","Through an Intermediary or Agent,Via Professional Networking Site (e.g., LinkedIn)","Alignment with strategic goals,Past performance,Proven track record of success,Sustainability initiatives,Cost-effectiveness","Multi-Stage Evaluation,Risk Assessment,Customer References and Testimonials,Stakeholder Consultation,Comparative Analysis",fixed,Data Accuracy,Generation us relationship view.
