id,username,email,password,first_name,last_name,is_staff,role,organization,blocked,blocked_reason,last_login
P001N,dmedina,lisapatel@example.com,+v0owe^z4(iI,Tina,Woodard,True,organization_admin,84.0,False,,2024-04-26 15:48:50
U002W,rkelly,reynoldskevin@example.org,NyTn2t_9$2Vk,David,Murray,False,user_professional,67.0,False,,2024-01-02 09:06:42
P002V,carl56,lisa29@example.org,eeCS_9Ke+RPa,Robert,Hamilton,False,user_professional,,False,,2024-01-21 04:58:03
U003R,mwilliamson,bowenjack@example.org,c9#(hiH9S6CT,Tammy,Jones,True,nacb_staff,,False,,2024-04-29 16:02:35
P003X,jarvisvictor,mlopez@example.net,z@K@aOvm3d3X,Jerry,Thomas,False,user_professional,,False,,2024-02-27 09:56:37
U004F,dwayne22,velezgarrett@example.org,OeeSVp7npc#3,Rachel,Patterson,False,user_professional,,False,,2024-03-13 05:24:26
P004O,kristincook,kingtammie@example.com,@BXGkcB%06ne,Brandon,Fields,True,user_professional,15.0,False,,2024-07-19 18:47:14
U005E,amy04,sandersmark@example.org,h!a4i3BirO$$,Kristina,Fields,True,nacb_staff,,False,,2024-06-06 22:36:46
P005I,bharris,sarah04@example.net,_(&pooBs8PZ1,Edwin,Fuller,True,user_professional,40.0,False,,2024-04-15 06:31:49
U006C,sharpkrystal,ubennett@example.org,&4+Dxm&SVf7%,William,Smith,True,organization_member,,False,,2024-01-19 02:21:44
P006M,abigailburton,matthew89@example.org,8l_T4jnm*W@1,Sarah,Coffey,False,organization_member,25.0,False,,2024-02-07 17:00:34
U007T,ibaker,rhondamora@example.com,ZZ20X3RdO%+Z,Andrew,Bowers,False,user_professional,57.0,False,,2024-01-23 08:26:55
P007L,imorgan,jessica37@example.net,*_0WxgzJRu9V,Maria,Mcpherson,True,nacb_staff,14.0,False,,2024-01-04 09:48:43
U008A,christopherwoods,lindalindsey@example.net,^4#$ivDzi3IC,Stephen,King,True,nacb_admin,,False,,2024-02-20 14:37:20
P008I,eric24,twhite@example.net,!B8jqxr)Sk_J,Tanya,Cardenas,False,organization_member,37.0,False,,2024-07-13 19:07:11
U009N,susan25,rhondamorales@example.org,$59Sti_0UQ7Z,Victoria,Gonzalez,False,nacb_admin,,False,,2024-04-20 03:24:25
P009L,greenjames,ljones@example.com,V(M4FXJw@^OA,Zachary,Blair,False,organization_member,,False,,2024-02-19 21:33:46
U010T,laura12,zgomez@example.com,m*SAU^su!Ys6,Travis,Hayes,False,user_professional,54.0,False,,2024-04-13 11:34:59
P010H,smithtracy,david29@example.com,pVNe1TqSPS!4,Kurt,Rocha,True,organization_member,,False,,2024-07-03 07:23:45
U011T,wrightjohn,stacey29@example.com,%TLG*uOCj8ju,Debra,Bell,False,user_professional,32.0,False,,2024-02-15 20:07:23
P011T,carterrobin,kennethlutz@example.com,S0fMqYrK_ZJW,Gregory,Murphy,True,nacb_admin,11.0,True,Violation of terms of service,2024-05-24 06:53:11
U012H,maryhughes,darryl08@example.net,g9Ole3%j@m+@,Craig,Russo,False,user_professional,,False,,2024-05-18 07:12:20
P012U,adam48,jacksonmichael@example.com,Fil#27SpQ+^G,Kimberly,Flores,True,nacb_staff,85.0,False,,2024-06-12 11:09:13
U013A,ryanmedina,whitemichele@example.com,_U8XW1saA!ZL,Logan,Martinez,True,nacb_admin,7.0,False,,2024-03-18 08:31:12
P013H,amyirwin,coopercynthia@example.net,or_h28Yby&#1,Anne,Walker,True,nacb_admin,,True,Spamming or abusive behavior,2024-05-23 02:58:08
U014G,bethany79,rgutierrez@example.net,OrD3EK3pYWo$,Jose,Leon,True,user_professional,80.0,False,,2024-03-17 23:33:13
P014K,gsalazar,fredericknelson@example.com,AkC6SJxko_t4,Ryan,Wright,False,nacb_staff,,False,,2024-04-27 18:48:12
U015J,brandi42,melissalindsey@example.org,!u45a5MlNLMY,Jessica,Jones,True,user_professional,,True,Account reported by multiple users,2024-05-31 00:26:23
P015D,fmeyer,kennethsanchez@example.org,6Li19PZum%bV,Monique,Joseph,True,user_professional,,True,Misrepresentation of identity,2024-03-16 22:43:56
U016D,ljames,zparsons@example.net,%6uSrADbvu8f,Melvin,Gay,False,nacb_staff,91.0,False,,2024-06-10 22:31:52
P016B,joshuaturner,farmstrong@example.com,mqX9eMH)Z^lr,Rachael,Wells,False,organization_member,86.0,False,,2024-03-24 01:14:44
U017E,nunezjames,jessica43@example.com,ycgQJ(Ep+Z8Z,Justin,Ruiz,False,organization_member,,False,,2024-01-14 01:43:16
P017H,rodneypatterson,joseesparza@example.net,cr#Kciu!%6Jv,David,Horn,False,user_professional,63.0,False,,2024-02-18 21:14:25
U018C,amy28,ashley33@example.net,_y!UG%1mj3X5,Misty,White,False,nacb_admin,,False,,2024-06-19 10:21:01
P018G,hfoster,lyonsgabriel@example.com,zG*PP2Cg#4WX,Andre,Hebert,True,organization_member,,False,,2024-01-01 12:15:02
U019B,anitabarnett,jason87@example.com,mX6&BdZec%$1,Michael,Morrow,True,organization_member,,False,,2024-03-03 15:05:05
P019M,kingjacqueline,jonestimothy@example.org,RY!*TvP13E^0,Theresa,Evans,True,organization_member,,False,,2024-05-14 01:34:45
U020V,melissa21,johnsoncassandra@example.net,34ObiC_(%FTt,Justin,Lee,False,user_professional,,False,,2024-01-19 02:32:10
P020O,david63,vrichards@example.com,7CFsFMxaE+4O,Julie,White,False,organization_member,76.0,False,,2024-04-20 10:56:14
U021M,ejackson,summersleah@example.com,P^lCOGoj%58i,Daniel,Davis,True,system_admin,25.0,False,,2024-04-16 08:09:29
P021S,ecole,lisa69@example.org,*6NPEN4syCZB,Jamie,Jones,True,user_professional,,False,,2024-07-23 07:51:43
U022C,daviscourtney,travis82@example.net,M3hwxFCv#C+0,Jill,Miller,False,user_professional,,False,,2024-07-14 16:12:38
P022B,gonzalestheresa,christopherlopez@example.org,R%)x6RQM&cg#,Michael,Parks,True,user_professional,,False,,2024-02-28 09:19:37
U023P,sarahgibson,smccoy@example.net,_B7CxHWPfRWc,Amanda,Steele,True,system_admin,24.0,False,,2024-01-03 19:37:21
P023G,vcallahan,elizabeth00@example.com,kzFwG%6&%Wl7,Russell,Ramirez,True,nacb_admin,92.0,False,,2024-01-02 14:02:51
U024W,ghernandez,cwilliams@example.org,p#aTUtnEG@1+,Brian,Gutierrez,False,organization_admin,48.0,False,,2024-01-10 15:05:36
P024W,linda42,wgreen@example.com,#kuIcDMM2n7Y,Kaitlin,Gordon,True,nacb_staff,,False,,2024-03-13 22:09:54
U025U,michaeljackson,tommybrown@example.com,i9JnBy5t(i@W,Teresa,Clark,False,user_professional,75.0,False,,2024-07-13 04:17:11
P025C,cruzstacey,stacymorris@example.net,Kdv8UiqB&ZsR,Randy,Colon,False,nacb_admin,74.0,False,,2024-02-22 06:33:35
U026S,heatherpittman,timothygoodwin@example.net,bi0!u7Way+iY,James,Rodriguez,False,nacb_staff,,True,Unauthorized access attempts,2024-03-07 08:56:16
P026W,heatherleach,ryanhuber@example.com,hliW8Cxc$Te$,Robert,Russell,True,organization_member,87.0,False,,2024-04-18 03:20:48
U027I,sandra60,brianrodriguez@example.com,4#5KdhxC+yH+,David,Shea,False,system_admin,,False,,2024-05-22 14:40:12
P027B,scottsantos,lthornton@example.com,D(8N0NwJSCbF,Andrea,Graham,True,system_admin,,False,,2024-01-04 14:16:57
U028U,jsmall,kathrynrodriguez@example.org,Yq9N6Qi5v*3C,Steven,Delgado,True,user_professional,51.0,False,,2024-03-14 02:26:46
P028Z,bcrane,michael02@example.net,Tj(huPdQ&&H9,Matthew,Neal,False,system_admin,97.0,False,,2024-01-04 19:33:04
U029T,nicholas52,kennethdavis@example.net,T2!^^Tbyyf19,Teresa,Mclean,True,system_admin,,True,Harassment of other users,2024-02-10 02:04:46
P029A,brandywu,christianjessica@example.com,+^EINNgvQ1FY,Russell,Bryant,False,user_professional,25.0,True,Breaching confidentiality agreements,2024-02-26 19:54:37
U030C,cassandra03,vholmes@example.org,r*Vvss&%_8H(,Lisa,Lopez,False,user_professional,,False,,2024-05-22 16:33:57
P030C,hebertamanda,gbailey@example.net,gt+rK9Nf_D!2,Michael,Clarke,False,organization_admin,41.0,False,,2024-05-28 13:23:06
U031F,fweber,fkim@example.net,c7ti1CWp#TEW,Linda,Perez,False,organization_member,79.0,True,Multiple failed login attempts,2024-06-28 09:19:01
P031P,kimberly62,wilcoxmary@example.com,1f0X9VJbEfQ^,Elizabeth,Oconnell,True,nacb_staff,,False,,2024-02-06 20:15:03
U032L,wesleypope,christensenlucas@example.com,%YsM0n&i@@8!,Kenneth,Hester,False,user_professional,24.0,False,,2024-06-17 22:19:44
P032I,nataliesaunders,qbrown@example.net,+8P^v3PfkH^G,Michael,Hopkins,True,user_professional,90.0,False,,2024-03-23 07:42:23
U033I,fergusondavid,mcfarlandjohnny@example.org,(0e4+ic(x4R4,Paul,Duran,True,organization_member,,False,,2024-01-02 12:09:22
P033P,samuel93,brentlittle@example.org,^sGu71JeUu)b,Megan,Hogan,False,organization_member,,False,,2024-03-23 13:02:27
U034O,matthewburns,priscilla60@example.com,%1c(uF8r_aPq,Taylor,Hayes,True,nacb_staff,54.0,False,,2024-03-19 11:54:22
P034Z,randymathews,kathryn62@example.com,_vWEr@h%d2zA,Becky,York,False,nacb_admin,85.0,False,,2024-07-08 19:29:23
U035B,lopezaaron,heathergutierrez@example.org,R0Mz__sc_nDh,Kathryn,Hawkins,False,nacb_admin,,False,,2024-03-04 22:51:16
P035L,kevin18,jillnelson@example.org,uo73InpY8o@$,Angela,Cochran,True,nacb_admin,64.0,False,,2024-03-26 17:00:25
U036H,leetimothy,amanda81@example.org,5Zoj5BYw7_$*,Derek,Beck,True,nacb_admin,,False,,2024-04-08 07:03:30
P036I,katherineconner,scottnash@example.net,(3KIMgeCYWVK,Anthony,Smith,False,user_professional,30.0,False,,2024-07-17 02:10:04
U037X,john58,campbellhaley@example.net,yN^wYJg6qk20,Alyssa,Preston,False,user_professional,10.0,False,,2024-07-08 10:02:09
P037L,johnhuynh,danielsjeffery@example.com,!u65#tBzeb3H,Brent,Coleman,False,user_professional,84.0,True,Suspicious activity detected,2024-03-25 23:22:05
U038J,kelleyalice,carriejohnson@example.com,jLjJOd8nw+9K,Christina,Reynolds,False,user_professional,,False,,2024-02-16 11:01:45
P038R,dylan30,kyle46@example.com,yXQJWW4ot$0p,Lisa,Gallagher,True,nacb_staff,,False,,2024-01-14 03:33:14
U039V,coloncody,thompsonjoshua@example.com,a2rc*V3y)8tR,Margaret,Castillo,False,organization_admin,,False,,2024-03-22 18:21:47
P039P,laneamanda,jorgeking@example.org,ORS4UXnOkv!),Sara,Tran,False,nacb_staff,,False,,2024-01-31 07:48:47
U040J,belldiane,russell83@example.com,y9We6&vS)m%e,Amy,Estes,True,nacb_staff,26.0,False,,2024-06-24 13:47:09
P040O,millersusan,kevin79@example.net,8J68qSjUU+vY,Kaitlyn,Frank,False,nacb_staff,,False,,2024-01-31 02:54:10
U041F,sstone,jesseoliver@example.net,R+4WnQHpMjeK,Christina,Baker,False,nacb_admin,,False,,2024-02-14 12:18:09
P041D,reginald50,stevenmartin@example.org,l2opkHJ3@ceq,Christopher,Wilson,False,user_professional,,False,,2024-06-06 15:17:55
U042C,smithjill,jeffreybrown@example.net,f+di4!mG^6O8,Derrick,Collier,False,user_professional,77.0,False,,2024-05-10 05:28:23
P042K,cnguyen,qbell@example.net,jBgPmm@dO^9Z,Christopher,Davis,False,nacb_admin,,False,,2024-03-27 05:29:01
U043M,carrjoshua,henrylaurie@example.org,8KT!XCns4k9v,Shane,Bowers,True,organization_member,80.0,False,,2024-04-30 20:01:36
P043W,jjackson,vjohnson@example.net,Y6uowsbi*tM_,Nicole,Young,False,organization_member,17.0,False,,2024-02-16 21:26:02
U044F,katrina25,danielcombs@example.net,mOn1F7cdht%!,Joseph,Daniels,False,user_professional,94.0,False,,2024-06-02 12:06:40
P044E,rhouston,reyesroberto@example.net,K_6lLwqi!+QL,Emma,Jennings,False,nacb_staff,57.0,False,,2024-03-04 16:49:43
U045W,emily10,debbie41@example.com,!Fb1ZjmysWYI,Kyle,Perez,True,organization_member,,False,,2024-06-16 19:07:32
P045P,theresablack,westmary@example.com,tmHUm3A$w)YK,Tiffany,Walker,False,organization_member,53.0,False,,2024-02-19 05:42:06
U046Y,daniel34,nneal@example.com,c6E^F0L9!BPm,Brittany,King,True,organization_admin,,False,,2024-03-23 18:21:39
P046D,vpark,ycannon@example.com,&3HLezUbNq$i,Amanda,Anderson,False,organization_member,,False,,2024-06-15 13:57:11
U047E,ftaylor,timothymay@example.org,2%lWg#NCV80J,Joshua,Parker,True,user_professional,5.0,False,,2024-07-19 05:10:06
P047D,philipfarmer,anthonyhenry@example.com,+m^6BT&aCVc7,James,Davidson,True,organization_member,86.0,False,,2024-05-14 15:51:33
U048A,pboyer,tracy67@example.net,Y+a58dXhd(@(,Donna,Trevino,False,nacb_staff,,False,,2024-05-30 20:21:33
P048M,ysoto,contrerasemily@example.com,%_Vg+CSFQ%1T,Dale,Bass,True,organization_member,27.0,False,,2024-04-10 01:12:50
U049G,jeffrey08,michael37@example.com,c*+Gda7Tw50B,Melissa,Garcia,False,system_admin,8.0,False,,2024-05-22 17:04:30
P049K,angelarussell,matthew74@example.org,(mOu7lXe#4ep,Randy,Vazquez,False,organization_admin,22.0,False,,2024-04-27 08:49:01
U050L,austin49,sherrismith@example.com,D5fF7iDh6)4c,Darius,Gray,True,organization_member,,False,,2024-05-04 06:29:39
P050T,juliezuniga,doris19@example.net,yNF!@N9oT&@0,Cory,Reyes,True,nacb_admin,,False,,2024-04-24 14:16:54
U051K,hannahsutton,jacksondarrell@example.net,ZOepvHb1+k&5,Krista,Lopez,False,system_admin,27.0,False,,2024-06-08 22:36:08
P051A,hthomas,kevinball@example.org,(n+O4PQx5Z7n,Joseph,Ross,False,nacb_admin,,False,,2024-06-04 10:01:35
U052P,nancy74,joel97@example.org,)(EZaK^$2nmW,Laurie,Dennis,True,organization_admin,66.0,False,,2024-01-30 13:55:57
P052G,bturner,hansenjohn@example.org,l0@u3J#q_c%q,Daniel,Walker,False,nacb_staff,67.0,False,,2024-06-24 06:07:58
U053V,tarajimenez,jjackson@example.net,(5IhLclf@9!E,Carmen,Miller,False,nacb_staff,95.0,False,,2024-07-01 03:46:42
P053W,keith18,escott@example.com,9NS52Mgx!(10,Anita,Mendez,False,organization_member,11.0,False,,2024-04-15 14:28:46
U054S,alexanderrobert,leedalton@example.org,7JM15czE$sbC,Marissa,Mitchell,True,nacb_staff,,False,,2024-06-10 02:41:37
P054I,tamarahorton,kevinjohns@example.org,E)kJ81#nCu60,Angela,Jones,False,organization_member,,False,,2024-02-03 14:07:57
U055N,stacyharvey,pbishop@example.com,Wtw452+z+3Jj,Bernard,Stevens,True,nacb_admin,92.0,False,,2024-03-18 18:57:55
P055I,karen74,qcruz@example.org,AEV$fo&b8g2Z,Louis,Duncan,False,organization_member,67.0,False,,2024-02-09 05:24:29
U056Y,brianna78,oellis@example.org,7s#4YXBq#XXW,George,Blackburn,True,user_professional,18.0,False,,2024-06-04 19:26:03
P056O,garciakenneth,cblanchard@example.org,)PQ)O%atz00f,Eric,Mcfarland,True,organization_member,61.0,False,,2024-04-16 07:29:03
U057U,knighttimothy,nicholasjones@example.com,^D_Gw+!dX4j^,Nichole,Rose,False,user_professional,,False,,2024-04-20 21:39:47
P057H,summerbeard,caitlinmullins@example.com,@l_fP0Tl+Z35,Emma,Brown,True,user_professional,41.0,False,,2024-01-04 22:50:17
U058S,hking,olivermark@example.net,NN5OyUZbK(0t,Jeffrey,Fleming,False,nacb_staff,,False,,2024-03-05 13:51:50
P058F,ashley40,lisa44@example.net,#Iv3IUu2(C&7,Joshua,Hill,True,nacb_staff,,False,,2024-06-06 13:08:46
U059S,lhines,brenda76@example.com,4kMdJLtae(^i,Michael,Meza,True,user_professional,94.0,False,,2024-06-26 02:19:04
P059C,michele71,jcollier@example.org,eK$@LNSu^X)0,Emily,Day,True,organization_member,,False,,2024-07-20 11:36:07
U060C,wilsonsierra,richardcontreras@example.com,X%q4QPh96v1V,Patricia,Horne,True,organization_member,6.0,False,,2024-03-23 18:11:57
P060Y,ntaylor,fcabrera@example.com,cufltghq^0D^,David,Bowen,False,organization_member,,False,,2024-01-21 00:04:58
U061C,alexandersmith,zmiller@example.net,+58$Kg&$890*,Diane,Duncan,False,nacb_admin,,False,,2024-05-28 04:24:13
P061N,villegasmaria,kwilliams@example.com,$Wt8fh7gDJ5O,James,Hampton,True,nacb_staff,,False,,2024-01-24 22:04:59
U062R,qchambers,jeremy06@example.com,+DN3VWEaUv6W,Nathan,Johnson,False,nacb_staff,,False,,2024-01-16 16:22:31
P062P,christina67,youngronald@example.net,!h@ZISQmVh(1,Wanda,Goodwin,True,nacb_staff,19.0,False,,2024-04-03 21:01:53
U063W,orozcomichael,eharding@example.net,gG9pOMam(33S,Garrett,Robinson,False,organization_admin,14.0,False,,2024-01-04 15:51:42
P063U,taylormichelle,campbelljeffery@example.com,yJIlR0p3e_9Z,John,Johnson,True,nacb_staff,80.0,True,Use of prohibited software or bots,2024-05-31 15:41:12
U064N,cfrost,danielbooth@example.net,l73_y%C2$9#V,Kyle,Woods,False,organization_admin,,False,,2024-02-24 21:24:05
P064H,rita63,xmurphy@example.org,@XwSqWZucs9L,Jennifer,Robbins,False,nacb_staff,,False,,2024-06-17 14:46:13
U065U,wlee,robertherrera@example.com,7uOYoy*R(oVa,Holly,Fuentes,False,user_professional,,False,,2024-04-04 22:07:56
P065X,brian02,vadams@example.net,s5v1o7Vk&PES,Caroline,Thompson,False,organization_admin,,False,,2024-05-25 10:57:50
U066C,jonathanfowler,rileymary@example.org,u7Gw$%AE!2Vp,Regina,Long,False,user_professional,,False,,2024-02-10 07:48:57
P066O,davidking,lauralucas@example.com,kxE9elrf!5rw,Russell,Aguilar,True,nacb_staff,13.0,False,,2024-05-25 19:16:20
U067H,bwong,martinmorrison@example.org,+b(4cs*N5lbL,Teresa,Suarez,True,nacb_staff,67.0,False,,2024-05-06 06:24:34
P067N,joseph77,fmurray@example.net,YlJaecUL%1BL,Joshua,Stewart,False,organization_member,,False,,2024-02-15 01:53:28
U068P,gomezchelsea,martinjason@example.org,_M$l1J0u%T!Q,Natalie,Stone,True,nacb_admin,59.0,True,Spamming or abusive behavior,2024-06-12 16:39:02
P068B,carmenparks,timothyrivera@example.net,qX1Rn5#A)3TK,Grace,Love,False,user_professional,37.0,False,,2024-03-07 02:22:14
U069E,hgutierrez,thompsonlogan@example.com,@24(f+keQV0V,Brenda,Jenkins,True,organization_member,29.0,False,,2024-06-07 01:50:06
P069P,ygarcia,daniellegonzalez@example.net,k&2PWy5f$^kY,David,Harris,True,user_professional,19.0,False,,2024-04-03 00:25:57
U070S,basskelly,zobrien@example.com,E+7NOjmLTB@O,Daniel,Erickson,False,organization_member,98.0,False,,2024-04-04 12:38:39
P070Y,wwoodward,fschmidt@example.org,a4RCW4Gv#fKQ,Paul,Roberts,False,organization_member,2.0,False,,2024-01-28 11:59:06
U071F,yday,danielsmith@example.org,(9cRM$Y)5aBs,Christopher,Lowe,False,nacb_admin,48.0,False,,2024-04-18 00:03:35
P071X,xjames,harringtondonald@example.com,qB6GPh(QP)Ru,Eric,Cole,False,system_admin,,False,,2024-07-03 08:27:05
U072P,paulakennedy,trantravis@example.com,*r3VH(6vnAbz,Kimberly,Day,True,user_professional,,False,,2024-01-20 11:38:39
P072O,michaelstephenson,sara97@example.net,U2_QrDKTJ$5L,Todd,Patel,True,user_professional,64.0,False,,2024-06-01 03:35:13
U073D,kenneth10,cannondennis@example.com,*!LNQ8yeJ91G,Steve,Delgado,True,organization_admin,,True,Inappropriate content posted,2024-02-18 03:25:39
P073B,samanthaclark,zcampbell@example.net,HOaJWO$b+7q5,Catherine,Garcia,True,nacb_admin,10.0,False,,2024-03-20 04:03:06
U074Q,dfrazier,katherinehiggins@example.org,%y4tpVQCS(iJ,Andrew,Johns,True,nacb_admin,,False,,2024-06-25 08:43:21
P074A,kevingarrison,xgonzalez@example.net,L#Kv6X(t3224,Benjamin,Lee,True,nacb_staff,,False,,2024-06-17 08:52:34
U075S,juan85,okent@example.net,)y4To5Wmp9Tn,Robert,Thomas,True,user_professional,,True,Use of prohibited software or bots,2024-05-29 19:44:15
P075Y,samanthapatterson,amanda40@example.net,CyuBFyNbA*7l,Amanda,Rhodes,True,user_professional,,True,Misrepresentation of identity,2024-06-18 23:46:53
U076F,icochran,reginalogan@example.com,r$6nn2Rd@m9S,Rebecca,Diaz,True,nacb_admin,86.0,False,,2024-03-21 06:23:16
P076U,osmith,melissamorris@example.net,n4+2BKyMrEQC,Heather,Smith,False,organization_admin,,False,,2024-02-23 20:34:30
U077M,bsmith,rhonda32@example.net,#1Mj#k(m%wwD,Patrick,Owens,False,user_professional,,False,,2024-02-11 13:48:03
P077J,wcurtis,karen41@example.com,#75OgJLi#b$M,Sara,Campbell,False,system_admin,100.0,False,,2024-05-27 06:19:10
U078R,jacob35,steven28@example.org,eL214KgInyt*,Meghan,Snow,False,user_professional,61.0,False,,2024-05-31 05:07:31
P078L,michaeldavis,derrick53@example.com,8$VI5gMeWz3V,Kara,Bryan,True,organization_admin,,False,,2024-07-04 07:29:35
U079U,christopherbruce,anna63@example.org,4WAfZ9yQ@Sf4,Natasha,Wilkerson,True,organization_member,17.0,False,,2024-04-22 22:28:31
P079T,charleshamilton,evansmith@example.net,A38!iD*c#NA3,Kristi,Evans,True,nacb_staff,,True,Non-payment of subscription fees,2024-03-16 04:50:48
U080E,harveycaitlyn,lali@example.com,)693T&#hab5E,Matthew,Watson,True,nacb_admin,,True,Suspicious activity detected,2024-03-11 03:10:21
P080Z,smithelizabeth,sarah37@example.net,^7DkUxfRUT57,Bethany,Rodriguez,False,nacb_staff,,False,,2024-04-06 03:36:23
U081B,johnsonjoseph,martinezpaul@example.org,w!YwbW!J@8Gs,Michelle,Smith,False,nacb_admin,83.0,True,Account reported by multiple users,2024-04-22 19:19:53
P081S,omyers,mayojason@example.net,x%9Qr!)xINKq,Lindsay,Santiago,False,organization_member,,False,,2024-06-20 10:30:48
U082J,orrchristine,ymitchell@example.org,7NQzWBVq!uTM,Jessica,Munoz,True,organization_member,63.0,False,,2024-04-01 23:44:20
P082X,nguyenpaige,derekkeith@example.org,i4ZMfHLB13d^,David,Taylor,True,user_professional,83.0,False,,2024-04-11 21:22:58
U083G,rsolis,ztaylor@example.net,X@A5#PgVJzT4,Vincent,Harris,False,user_professional,,False,,2024-04-09 08:51:41
P083U,lisa44,angela41@example.com,g9sKEtpj*I)Z,Mary,Vaughan,True,user_professional,58.0,False,,2024-04-10 18:40:21
U084Z,lopezmelissa,fpayne@example.net,drp_HsMd%3AE,William,Jones,False,organization_member,,False,,2024-02-01 07:34:57
P084K,maldonadolori,angelapena@example.net,&6^TW66aFrD&,Karen,Campbell,False,organization_member,,False,,2024-02-12 08:45:30
U085U,lorivalencia,atkinsontina@example.com,&A(r5par_8a+,Michael,Webb,True,nacb_admin,,False,,2024-06-08 23:50:36
P085X,mario81,lmiranda@example.org,7F+6Raqr%m!Z,Tina,Smith,False,organization_member,16.0,False,,2024-02-21 01:09:47
U086R,eric24,rodriguezalan@example.com,pDT21Vqry4$!,Erik,Turner,False,nacb_staff,,False,,2024-03-04 13:01:57
P086L,wheelerlauren,melissa97@example.com,O^#o8XPzyY+X,Daniel,Rios,True,user_professional,,False,,2024-07-18 10:28:14
U087S,eknight,williamsnicole@example.net,%vRVR^xT)02L,Hannah,Harding,True,user_professional,38.0,False,,2024-02-26 04:15:35
P087J,tjohnson,denise68@example.net,%u1YRBnMYYu4,Bryan,Williams,True,user_professional,,False,,2024-04-02 14:04:38
U088A,iobrien,drewlarson@example.net,$W6g*VlrVGES,Elizabeth,Miller,False,organization_admin,,False,,2024-04-30 04:19:59
P088N,xbenitez,donald14@example.net,@@dUBRBmtza6,Trevor,Mitchell,False,organization_member,21.0,False,,2024-01-04 17:07:06
U089Y,mollysims,miguel22@example.org,@81KZg!exJpR,Stephen,Jones,True,user_professional,,False,,2024-01-15 09:10:42
P089S,richard18,singhamanda@example.net,MG4w0WufC)Lr,Penny,Young,True,user_professional,66.0,False,,2024-02-27 08:15:18
U090A,nturner,sean17@example.org,_o5Qwb$G$%Q2,Alexandra,Christensen,False,nacb_admin,55.0,False,,2024-02-09 17:29:35
P090D,phillipslaura,annettebrown@example.com,^O8VBlt8RodN,Michael,Fisher,True,organization_member,,False,,2024-04-06 22:51:56
U091T,kimberly99,gomezbrittany@example.com,$ceHlSiVA2Oe,Stephanie,Rodriguez,True,organization_admin,42.0,False,,2024-02-11 18:49:20
P091X,aaronjohnson,gdavis@example.com,%fi1k4Qj*o$),Anne,Tucker,False,organization_admin,,False,,2024-06-26 10:54:07
U092B,anita32,beckycohen@example.org,^n%eBkpGM87#,Robert,Lewis,True,nacb_admin,42.0,False,,2024-06-27 12:04:23
P092Z,tammybrown,edavis@example.com,c(8YVy3zd1(_,Ray,Hamilton,False,user_professional,54.0,False,,2024-05-06 10:08:59
U093A,joshuaadkins,pdiaz@example.org,s&3M$(i0p9qd,Jessica,Wolf,False,user_professional,47.0,True,Non-payment of subscription fees,2024-06-24 08:16:16
P093L,bradleydustin,feliciapayne@example.com,Z18)GUjkH(D5,Lauren,Brown,False,user_professional,,False,,2024-04-26 09:16:11
U094W,kellerleslie,monicalee@example.com,pk2u*WCvZ#RL,Mallory,Boyd,False,nacb_staff,,False,,2024-06-04 03:33:31
P094W,sflynn,mercadoperry@example.org,618VX2h1#eaB,Victoria,Howell,True,system_admin,,False,,2024-06-08 00:45:24
U095J,howardmartin,larsentodd@example.net,AjlgcNzw)9vc,Kayla,Brooks,False,organization_admin,88.0,True,Non-compliance with community guidelines,2024-01-09 05:01:41
P095M,chavezann,carl04@example.net,(rN!1DkbY!u*,Jacob,Shaffer,True,organization_member,75.0,False,,2024-05-15 17:39:14
U096R,kristina40,christy64@example.org,$ZW_QZucIl1r,Matthew,Mckenzie,False,organization_admin,71.0,False,,2024-03-26 00:48:37
P096W,jeremyhouse,millerjillian@example.net,A&86qH6hEM%R,Eric,Johnson,False,user_professional,,False,,2024-02-01 15:22:32
U097U,william64,connorthompson@example.com,yiXYfSjm@4o5,Marc,Smith,True,nacb_staff,,False,,2024-02-05 08:49:48
P097O,sparsons,thompsonchristopher@example.net,@6YrczmWfWL5,Angela,Steele,False,nacb_admin,,True,Security policy violation,2024-02-24 11:00:38
U098J,mary71,webbdavid@example.net,20_E$n0^+YMW,Emily,Henderson,False,nacb_staff,,False,,2024-04-20 23:25:55
P098Z,rachel41,jamesthomas@example.org,vc)7ZzFT7j$w,Andrew,Pierce,False,user_professional,44.0,True,Security policy violation,2024-07-17 04:01:16
U099V,jennifer89,tsantiago@example.net,&wZw#2Cnv1+6,Deborah,Tucker,True,user_professional,,True,Inappropriate content posted,2024-05-21 09:52:47
P099R,doughertyjonathan,jose56@example.org,@%U@0m*u33bV,Dale,Cook,True,user_professional,2.0,False,,2024-02-12 19:35:35
U100A,katherineclarke,richardsonjoshua@example.com,!ZeG9CUqhx9y,Lisa,Padilla,False,organization_member,,False,,2024-02-11 01:51:09
P100C,pamela25,franciscohernandez@example.net,mncm6TD*0^p&,Sara,Anderson,True,user_professional,,False,,2024-04-18 05:20:18
U101L,ygallagher,cowen@example.com,b5&2t+Co!O%5,Melissa,Russo,True,system_admin,4.0,False,,2024-03-10 02:16:54
P101H,kimcassandra,williamskeith@example.org,McTMjJDnJ!V7,Jose,Cooper,False,system_admin,89.0,False,,2024-03-31 23:42:33
U102P,sean92,lindsey54@example.org,D^VpaO2jG*4&,Justin,Smith,False,user_professional,37.0,True,Security policy violation,2024-02-17 03:27:57
P102Z,lopezstephanie,wcallahan@example.org,DwBquBrO+6Jg,Sabrina,Bennett,False,user_professional,3.0,False,,2024-07-22 14:21:12
U103S,pgeorge,georgealvarado@example.com,(58Ye6Wlu6)O,Patricia,Perez,True,nacb_staff,,False,,2024-04-22 14:03:35
P103A,bryanrichardson,williamsjames@example.org,$%tTia&wdD7T,Jared,Ramos,True,user_professional,47.0,False,,2024-06-07 17:33:12
U104N,david91,erinmoon@example.com,)eB6l_aZ)h9T,Julia,Mills,True,user_professional,,False,,2024-02-05 08:56:10
P104V,meyerlauren,tyler11@example.org,n3yAyy8qG!2Y,Victoria,Gonzalez,True,organization_member,,False,,2024-06-03 09:08:55
U105I,omar75,phillip99@example.net,@t4MO$Qux1p!,Barbara,Wilson,False,user_professional,7.0,False,,2024-05-24 11:51:56
P105U,andersonjames,wshaffer@example.com,Ko0t(EM$M_wH,Jeffrey,Davis,True,organization_member,37.0,False,,2024-04-13 20:25:48
U106K,kathleenrogers,gfreeman@example.com,$+xODaWh$@)2,Alexander,Gallagher,True,organization_admin,,True,Inappropriate content posted,2024-04-02 02:36:10
P106A,eschneider,kathryn35@example.com,#ZY2ViTL6e7S,Samantha,Sparks,False,organization_admin,,False,,2024-07-13 18:02:54
U107Q,jose65,kellycisneros@example.com,x#5M1ty0%GTL,Daisy,Smith,True,nacb_staff,,False,,2024-07-01 07:25:46
P107L,james37,carmenalvarez@example.com,c!BiC$(saCM2,Douglas,Marks,True,nacb_admin,79.0,False,,2024-05-02 23:50:55
U108X,joyjenkins,meyerkatie@example.org,#g0SWOhRT@nV,Tracey,Lyons,True,organization_member,,False,,2024-06-01 08:18:09
P108R,michaelfelicia,bcarlson@example.net,F7yZq1Z8*cT$,Nicole,Mitchell,False,user_professional,,False,,2024-03-22 20:13:45
U109K,simpsonjason,nicholsondaniel@example.net,V(_p3O$bC6RZ,Robert,Sherman,True,user_professional,22.0,False,,2024-03-27 05:29:53
P109Y,hannahburke,williamssara@example.org,cO40CDXw!u%(,Ronald,Wood,True,organization_admin,,False,,2024-03-17 08:50:17
U110U,muellersamuel,carolyn53@example.net,0#6@XLgrH+uW,Alexander,Miles,True,user_professional,83.0,False,,2024-06-29 06:23:04
P110S,fvargas,jeremy59@example.net,f)4ETz_2!aVC,Shawn,Bennett,False,organization_member,22.0,True,Non-payment of subscription fees,2024-04-03 09:21:39
U111Y,dianavargas,johnsonjill@example.org,HF1djBnu7yY(,Cindy,Garrett,False,nacb_staff,51.0,False,,2024-04-23 20:24:24
P111L,yvonne62,paulromero@example.com,RutIUrXu(r5u,Wayne,Alvarado,True,user_professional,,False,,2024-01-01 05:02:23
U112S,joshuacampbell,shelly33@example.com,$6GyS7PH4ZUj,Luis,Burnett,False,nacb_admin,18.0,False,,2024-03-15 21:33:33
P112I,michael52,lmyers@example.net,$sH2Cc@xPN)7,Alyssa,Thomas,True,organization_admin,,False,,2024-03-08 13:46:25
U113U,wgonzalez,allenlynn@example.com,$4DFfRUmdB8r,Adam,Esparza,False,user_professional,44.0,False,,2024-07-06 01:27:04
P113X,gonzalezjulie,lisanichols@example.net,R65$EdBjjlrY,Peter,Leonard,True,organization_member,,True,Use of prohibited software or bots,2024-06-17 20:51:04
U114W,stacyperez,david60@example.org,n6Sd#jpP%5RG,Francisco,Peters,False,organization_member,,True,Suspicious activity detected,2024-04-30 16:40:04
P114O,joshuaharris,matthewcochran@example.net,&3PGhjsz(yRU,Raven,Payne,False,user_professional,,True,Breaching confidentiality agreements,2024-03-25 14:27:31
U115D,blackburndaniel,hrogers@example.com,_%R@)omL9UDo,William,Stein,False,user_professional,7.0,False,,2024-02-13 16:38:24
P115C,kelseymorris,nicholasmitchell@example.org,%5b#NjZjZ8AA,Trevor,Pierce,False,organization_admin,22.0,False,,2024-02-14 03:12:50
U116A,lauriejohnson,gordonshannon@example.com,+*BKLVQfZ1li,Robert,Tanner,True,nacb_admin,64.0,True,Suspicious activity detected,2024-03-02 01:07:06
P116D,twatson,gloverjon@example.net,+#e8S(Ahd_t#,Courtney,Smith,True,organization_member,51.0,False,,2024-05-06 03:14:03
U117K,jenniferrangel,shawn42@example.com,NdLk4GdP&om#,Alexis,Hutchinson,False,nacb_admin,17.0,False,,2024-07-14 23:38:18
P117O,jon20,ernestjohnson@example.net,X+1VwVl_t+pC,Adam,Morales,True,nacb_staff,,False,,2024-02-02 06:06:55
U118Q,ctaylor,xgarcia@example.org,KjUVY8iz%5Hf,Robert,Jones,True,user_professional,,False,,2024-01-28 03:14:41
P118H,emilyjacobs,rebecca05@example.com,1G0HV@Tg@RIs,Robert,Williams,False,user_professional,36.0,True,Fraudulent transactions detected,2024-04-15 18:55:53
U119E,wholmes,jennifer52@example.net,e^Xqgy7k*7FB,Jerry,Keller,True,user_professional,5.0,True,Non-compliance with community guidelines,2024-05-17 12:39:45
P119P,angelvelasquez,howelljustin@example.com,_VE(LUXgL1Ss,Sophia,Roberts,False,user_professional,,False,,2024-02-29 16:14:23
U120Y,leonardmark,mhouse@example.org,tyt^s*9juR7Y,Melinda,Perez,False,organization_member,77.0,True,Harassment of other users,2024-06-04 14:09:26
P120W,jenniferbuckley,sarachapman@example.net,V%ZB8VkBDJe+,Maureen,Flowers,True,system_admin,,False,,2024-03-29 12:55:18
U121C,tinaramsey,imarks@example.org,(pzCAm4m&R7r,Melissa,Holder,False,organization_admin,10.0,False,,2024-01-23 11:20:20
P121Q,robertking,tjones@example.com,l2w)bXeoPvaC,Debra,Owens,False,organization_member,,False,,2024-02-18 11:33:34
U122C,williamsleslie,acevedokenneth@example.org,w%9$bihs*$CP,Shannon,Michael,True,user_professional,,False,,2024-01-06 17:10:03
P122E,sara98,mariohicks@example.net,E(3BJLa_%qpC,Jessica,Meadows,False,system_admin,,False,,2024-03-09 05:05:05
U123H,robert64,jeffrey30@example.com,!$YqdogNdO6*,Kimberly,Walker,False,nacb_admin,93.0,False,,2024-03-31 00:08:31
P123F,douglas76,thomaskenneth@example.com,xwHPdYjh9h#3,Ronald,Beck,False,organization_member,,False,,2024-01-11 22:22:39
U124V,matthew95,donna88@example.org,@)XqNYi3BY9W,Christian,White,False,organization_member,98.0,False,,2024-04-15 20:07:09
P124H,gsanford,sgeorge@example.net,*S3g^MxoGn+Q,Jon,Lowe,False,user_professional,,False,,2024-05-20 11:23:08
U125F,donald26,qyoung@example.net,j6jiFP+r%FXT,John,Olson,False,nacb_staff,40.0,True,Breaching confidentiality agreements,2024-02-10 08:15:44
P125P,anthony73,kingkimberly@example.com,#0W*ji1MeIRp,Jennifer,Garcia,True,nacb_staff,,False,,2024-04-26 09:30:19
U126N,shawnturner,vanessaromero@example.net,gim83IP0R*XU,Brett,Mcclain,True,nacb_staff,94.0,False,,2024-07-24 12:38:00
P126D,greenrobyn,ibenitez@example.com,K&4bt)lC(17M,Richard,Pitts,True,nacb_staff,,False,,2024-03-31 05:29:43
U127D,katherine65,fpayne@example.org,6QwaB9r2^FI*,Kayla,Richardson,True,user_professional,,False,,2024-01-12 01:17:45
P127S,montgomerymichele,kylemoore@example.com,Z(orzkVfIdD8,Timothy,Greene,False,nacb_staff,,False,,2024-02-12 20:55:02
U128X,tylerrich,amitchell@example.com,_t#1wVIW5ZCJ,William,Moore,True,nacb_staff,64.0,True,Account reported by multiple users,2024-04-28 20:55:57
P128K,matthew95,deborah83@example.org,Y+oh49Le*N$k,Jerry,Barrett,False,user_professional,18.0,False,,2024-04-14 16:25:51
U129W,jessicaholloway,cwilkins@example.net,!jR^cz)s3vwX,Sandra,Mccormick,True,nacb_admin,,False,,2024-05-03 13:17:47
P129Z,mstephens,crystal40@example.net,h3bGBQSc&k5g,Melissa,Walker,True,organization_admin,,False,,2024-06-05 10:08:02
U130O,davidmedina,barryjulie@example.org,5wSTATu6@u40,Nicholas,Martin,True,user_professional,36.0,False,,2024-02-12 10:46:52
P130K,roberthall,colemantracy@example.net,SCF3iKjB&fyG,Lisa,Weaver,True,organization_member,,False,,2024-02-05 21:17:11
U131W,qdavis,qfoster@example.org,*Bq1wPaa*e#3,Shawn,Boyd,False,system_admin,,False,,2024-05-13 20:57:14
P131Y,kimberlyshea,mitchellgloria@example.com,lbYPq7Um!8n7,Bryan,Mooney,False,nacb_staff,98.0,False,,2024-05-09 22:17:46
U132K,hwalls,phall@example.org,U8zYFsxu(knl,Dustin,Becker,False,user_professional,,False,,2024-05-26 22:42:31
P132K,steve17,kthomas@example.org,qt@Z_gjo_H0N,Scott,Blair,True,organization_admin,,False,,2024-07-06 18:56:24
U133W,ajohnson,tracymcgee@example.com,^7HHp+gMr9k&,Christopher,Waller,False,organization_admin,73.0,False,,2024-05-25 23:27:05
P133K,bakeranne,diana20@example.net,l!ynkArJgx4r,Caleb,Peck,False,user_professional,60.0,False,,2024-05-20 18:12:24
U134E,kimberlypineda,kwells@example.org,R+(ABoLT#H1k,Carl,Morales,True,nacb_staff,,False,,2024-07-13 05:46:56
P134L,john22,sandra70@example.net,Mu2pqJJc(XF9,Tiffany,Martin,False,user_professional,36.0,False,,2024-06-16 11:06:01
U135G,smithshelby,uflores@example.org,^c9uYxyaiodk,Diane,Price,False,organization_admin,32.0,False,,2024-05-29 06:25:45
P135K,janegates,alicia05@example.net,k5FVkkDx!1Jb,Jason,Hernandez,True,user_professional,33.0,False,,2024-02-14 03:15:00
U136Z,hrobinson,jonathanortiz@example.net,X3b&x7Py&9+B,Kyle,Sexton,True,user_professional,,True,Misrepresentation of identity,2024-05-26 11:21:06
P136L,lucas63,elizabeth04@example.net,+pplKphxn%S9,Christine,Wilson,False,organization_member,9.0,True,Harassment of other users,2024-05-24 17:35:42
U137S,hpeterson,jamesdrake@example.org,+L5+1qBsN#vX,Margaret,Reed,False,nacb_admin,10.0,True,Suspicious activity detected,2024-02-07 15:30:51
P137J,brownalexander,jessica61@example.org,0hAE#FUb*+K1,Glenda,Johnson,False,user_professional,,False,,2024-02-18 07:09:52
U138F,santiagopaul,tsmith@example.com,A%eOQqP&(M4s,Benjamin,Moore,False,nacb_staff,31.0,False,,2024-02-24 17:16:29
P138B,paula57,bwells@example.com,@M%5qZLb+RxD,Samantha,Holt,True,organization_member,76.0,True,Non-compliance with community guidelines,2024-01-10 04:04:45
U139W,mcmahonmichael,ashley59@example.com,((!02)x$&Y1T,Amber,Vang,False,user_professional,14.0,False,,2024-02-03 19:58:33
P139W,jamesschultz,virginiacampbell@example.org,!JbwgTLn*#t1,Andrew,Thompson,False,user_professional,66.0,False,,2024-02-07 03:35:45
U140D,garciakurt,thompsontanner@example.org,*rtErd$zQv1x,Christine,Arnold,False,organization_member,12.0,False,,2024-06-23 21:46:12
P140H,madelineanderson,melodycosta@example.net,y2%^g4YlS+di,Lauren,Lewis,False,nacb_admin,,False,,2024-04-06 03:39:59
U141M,pmiller,mary74@example.net,#(KHvb3k0K(r,Faith,Montgomery,False,user_professional,52.0,False,,2024-04-01 04:57:16
P141D,juanthomas,jennifer41@example.com,cHn%WF_g6pU7,Angela,Ward,False,organization_member,,False,,2024-04-16 14:54:23
U142U,ijones,kenneth40@example.net,D#78(%Tz!pIZ,Samantha,Collins,True,user_professional,,False,,2024-02-22 13:03:35
P142U,darrell10,karen08@example.org,31XgGswf@8F+,Amanda,Edwards,False,organization_admin,,False,,2024-04-04 02:20:10
U143H,parkeranita,justin88@example.net,+(FUlD)w5iHL,Vanessa,Sanchez,True,organization_member,,False,,2024-02-26 23:07:02
P143O,jdixon,laurenanderson@example.org,$*A097RnpuP*,Brandy,Ashley,True,organization_member,,False,,2024-02-14 08:07:20
U144Z,qballard,lsoto@example.com,ym2e##gc7(JV,Thomas,Burgess,False,nacb_staff,67.0,False,,2024-05-25 10:04:10
P144Q,josephstewart,christinahernandez@example.org,#8B2mLf0$kfS,Kenneth,Barajas,False,organization_member,,False,,2024-07-10 23:45:51
U145I,ericmitchell,smithharold@example.org,++9W!MiPjJpE,Charles,Henderson,True,nacb_staff,60.0,False,,2024-02-10 10:38:27
P145Z,hernandezlaura,barajashannah@example.net,qsBfoAYf!j5z,Cindy,Wang,False,user_professional,,False,,2024-04-11 16:03:05
U146A,roachconnie,lisasmith@example.net,cV6EIz_#_vJ1,Robert,Perkins,False,nacb_admin,86.0,False,,2024-06-02 11:22:51
P146S,wanderson,whickman@example.com,*!f280RomS&9,Mary,Johnston,True,organization_member,13.0,False,,2024-01-26 09:43:39
U147P,nortonlaura,mclark@example.net,3#*1MTSpSpxa,Jeremy,Riddle,False,nacb_admin,71.0,False,,2024-06-14 19:09:53
P147R,stoutdavid,mitchellkristen@example.com,7n23WDzk$V63,Tracie,Romero,True,system_admin,,False,,2024-03-17 05:00:57
U148V,bethrobinson,jamesgrant@example.com,!3Yi5v)eMSrh,Sandra,Bowers,True,nacb_staff,,False,,2024-01-05 11:22:27
P148H,pattersonmichael,jamescoleman@example.com,iLI@5y5y_4MJ,Nicholas,Long,True,organization_member,91.0,False,,2024-07-06 20:53:02
U149G,davidoliver,simpsonmelissa@example.com,!6EB^K7dlyc5,Sean,Martin,False,system_admin,,False,,2024-04-10 16:32:56
P149U,fhuff,ortegaloretta@example.org,)zMyGeLGc5Pk,Robert,Beard,True,nacb_staff,21.0,False,,2024-06-13 08:03:16
U150M,mgonzalez,muellerlisa@example.net,0q3Ew@IQa(9N,Joseph,Morales,True,user_professional,76.0,False,,2024-01-06 21:03:18
P150S,jamesbush,vangnicholas@example.net,^m1KAgkX(u^J,Jared,Brennan,False,nacb_staff,,False,,2024-02-12 13:15:45
U151G,kimberly42,brian59@example.com,+H6$7WjxEv9@,Carrie,Hawkins,False,organization_admin,,False,,2024-06-29 07:14:34
P151A,mnelson,smithgary@example.com,#*n22L@vsQm7,Jennifer,Smith,True,user_professional,5.0,False,,2024-06-29 05:47:20
U152Z,lorettarussell,uvalenzuela@example.com,BxWcId6m(j6(,Cynthia,Patel,False,organization_admin,,False,,2024-05-24 19:42:23
P152A,jameswilliams,downsronald@example.com,B46&SLhNb@Fu,Amy,Williams,False,organization_admin,97.0,False,,2024-04-29 09:06:01
U153X,johnrodriguez,geraldrussell@example.com,)7EfuCGwg2gT,Melanie,Terrell,False,user_professional,91.0,False,,2024-05-27 08:11:46
P153F,chad92,kristin69@example.net,$+PurMr0k840,Joseph,Mcpherson,True,organization_member,44.0,False,,2024-02-29 22:02:42
U154K,hendersonjessica,rsmith@example.net,oB48Da^CC_8o,Robert,Hill,True,organization_admin,75.0,True,Suspicious activity detected,2024-04-29 01:45:50
P154Q,victorkelly,nguyenrobin@example.com,+1RUW6rhoRpK,Joel,Roberts,False,nacb_admin,,False,,2024-03-14 04:33:13
U155K,brewerraymond,becktiffany@example.org,61ucYcPj_3KB,Luis,Hughes,False,user_professional,83.0,False,,2024-02-20 19:14:03
P155E,smithmelissa,ann03@example.net,*vU$gNf2@3Jm,Tiffany,Mendez,False,organization_member,52.0,False,,2024-03-10 12:28:25
U156R,terrirubio,arianalewis@example.com,#6mY8bjDg0Uz,Elizabeth,Douglas,False,organization_member,90.0,False,,2024-07-19 06:34:24
P156A,lisawilkerson,ostanley@example.net,&NhwmZ8T_3J+,Mary,Green,True,system_admin,93.0,False,,2024-04-26 13:44:01
U157I,brhodes,williambishop@example.com,a1tKK+rg!OZ1,Erin,Cowan,True,nacb_staff,24.0,False,,2024-04-08 15:14:44
P157K,alexmorgan,xporter@example.org,lx$7vsByO5@T,Alexandra,Jones,False,organization_member,23.0,False,,2024-07-22 09:59:27
U158C,ocortez,jessicamiller@example.com,Wtd*)Zzm^wT6,Patrick,Harper,False,user_professional,,False,,2024-01-24 10:35:15
P158J,cheryl75,beckerbethany@example.net,&7y72QLv^pmw,Heidi,Oliver,True,nacb_admin,,False,,2024-02-05 23:57:52
U159L,alexweiss,campbelllisa@example.com,Ga9+Jr4hL+2U,Virginia,Carlson,False,organization_admin,27.0,False,,2024-05-01 21:41:06
P159Q,vschneider,qskinner@example.net,D6pWNLXx@7eu,Mike,Frazier,False,organization_member,20.0,False,,2024-04-06 14:19:08
U160G,jamesortiz,rmurray@example.net,_6p^uT1am)CQ,Frank,Norris,True,user_professional,,False,,2024-07-12 00:52:46
P160G,vargaskrystal,kevinstone@example.net,+IDXs3GI)F34,Christy,Miller,True,user_professional,50.0,False,,2024-04-26 22:05:28
U161Z,jsmith,shogan@example.org,ORE#QszP1%7V,Kimberly,Warner,True,organization_member,,False,,2024-01-02 18:35:17
P161T,danielward,tmurray@example.org,zy@1PbSeR*Rb,Amy,Krause,True,user_professional,,False,,2024-06-11 09:43:34
U162M,jessica07,jeanetteblackburn@example.org,o@1&WB8rVN8h,Erica,Saunders,False,user_professional,18.0,False,,2024-06-19 11:22:03
P162Y,moraleskenneth,bergerbrad@example.net,BFZ0pire1_0B,Felicia,Murphy,False,nacb_admin,,False,,2024-05-14 12:17:09
U163N,sbrown,michael81@example.net,V4C%n+8cURc(,Andrew,Martin,False,organization_member,,False,,2024-05-12 06:05:41
P163V,martha81,annamclaughlin@example.com,m19&SPctYM7V,Max,Durham,False,nacb_admin,,False,,2024-04-30 17:44:41
U164K,normanmichael,parksheila@example.com,98Uu9GtDuQ)M,Sherri,Taylor,True,user_professional,46.0,False,,2024-01-18 08:45:44
P164V,carpenterhannah,tsimmons@example.com,5%2kHR(+@xvP,Stephanie,Stephens,False,user_professional,,False,,2024-07-01 15:45:02
U165C,rachelestes,nicholas68@example.org,4@8zbXAvD#SE,Sandy,Patton,False,system_admin,53.0,False,,2024-06-20 11:53:37
P165G,ghernandez,adrianamendoza@example.com,Q%1!V0eqAoq5,Danny,Reid,True,user_professional,53.0,False,,2024-06-09 12:06:49
U166N,scottkimberly,gloverpaul@example.net,r_9aJReq&+p&,Danielle,Church,True,user_professional,46.0,False,,2024-06-03 19:32:53
P166G,bishopkim,jamesmicheal@example.net,)yB+H+Fh7H0s,Alexander,Martin,True,user_professional,15.0,False,,2024-05-17 04:58:39
U167G,donalddominguez,kelly19@example.com,@r1!4cyP+!&E,Kaitlin,Garcia,True,system_admin,,False,,2024-06-20 17:09:58
P167N,alyssa31,jillrobertson@example.net,lKFYKd$h%1+W,Scott,Fernandez,False,organization_member,100.0,False,,2024-06-24 12:23:45
U168P,claudia38,mendezjames@example.com,%uj^NZqsw%4E,Katherine,Norton,True,organization_member,76.0,False,,2024-03-27 16:22:31
P168R,schmidteric,mark12@example.net,&sRVUrNwNx0I,Crystal,Stark,False,user_professional,4.0,False,,2024-02-15 00:55:05
U169P,boyddarren,mlopez@example.net,j3RLSvvX^w5o,Carlos,Fuller,False,nacb_admin,48.0,False,,2024-03-26 06:20:30
P169A,zingram,adamwillis@example.com,AZ6ZrAVnR3k),Barbara,Watson,True,system_admin,,False,,2024-06-06 02:09:30
U170T,ryan92,richard59@example.net,+JKyj%DxJ2(F,Beth,Odom,True,nacb_admin,,False,,2024-01-26 04:26:19
P170F,peter29,sharris@example.com,#K3EvOqQ**3C,Emily,Smith,True,user_professional,99.0,False,,2024-06-24 13:23:40
U171G,judy51,qbailey@example.net,^3Alj&J_DFt#,Michael,Meyers,True,organization_admin,,False,,2024-05-04 13:53:28
P171U,bryanmorrison,donnajohnson@example.com,&ixQF8cno!67,Sharon,Gonzalez,False,organization_member,25.0,False,,2024-05-20 09:02:48
U172G,david19,gina50@example.org,1@Lx3jW56h!I,Sheri,Weaver,False,nacb_staff,15.0,False,,2024-05-29 00:38:58
P172C,daniel87,brandy11@example.com,tj33Io(TM^pu,Julie,Floyd,False,nacb_admin,,False,,2024-01-20 19:17:19
U173S,melissaarnold,meganbrown@example.org,M$Z!_ureV*4!,Janet,Miller,False,nacb_admin,7.0,False,,2024-05-20 15:50:54
P173W,kaylee36,xtaylor@example.net,!9(DNPEVgmGN,Lisa,Long,True,user_professional,,False,,2024-02-19 23:25:14
U174N,smithsandra,deanthomas@example.com,1(v03BZrAuiq,Erik,Padilla,False,organization_admin,,False,,2024-07-15 12:52:45
P174G,arosales,timothy66@example.net,%ETEZO3c5W3T,Michael,Webb,True,organization_member,,False,,2024-03-25 04:07:26
U175M,ericmckenzie,pedrosimpson@example.net,)$W+8e$W@$4r,Carla,Fowler,True,nacb_admin,,False,,2024-05-31 05:12:26
P175L,angelaparker,wwilliams@example.org,!@2yER7l#Ddk,Kim,Long,True,system_admin,29.0,False,,2024-02-21 22:44:42
U176K,eramirez,peter17@example.net,r)FuX9cucC@0,Devon,Vargas,False,system_admin,,False,,2024-01-13 01:26:32
P176E,phaley,matthewhernandez@example.net,%1$#on2lj1EX,Barbara,Garcia,True,user_professional,57.0,False,,2024-06-30 08:59:21
U177W,priceanne,ogutierrez@example.org,*KXumfzrc7GI,Alexander,Jensen,True,organization_member,,False,,2024-07-12 16:41:06
P177S,handerson,pamelamartinez@example.com,nk8bwkAVUQY+,Melanie,Campbell,True,user_professional,,False,,2024-01-20 04:51:46
U178U,pwilson,christopherperez@example.net,ob^92FwyrUk),Travis,Mendoza,True,organization_member,,False,,2024-06-28 15:10:28
P178A,amyrandall,jamesmendez@example.com,(U2HhOMj+(2J,Anthony,Mckenzie,True,nacb_admin,35.0,False,,2024-06-13 02:00:42
U179V,meganbullock,jessica63@example.org,&d6NVic6LRpI,Mark,Hernandez,True,organization_admin,92.0,False,,2024-01-02 07:40:55
P179T,sean20,wrightgary@example.org,cqfBqohi_6Vm,Aaron,Herrera,True,organization_member,32.0,False,,2024-02-11 20:41:58
U180X,fhill,nlevine@example.org,@I4IpTdls+2s,Amy,Gray,True,user_professional,,False,,2024-01-05 16:46:32
P180V,peter57,danieljohnson@example.org,6(85AyPhtH!%,Lacey,Smith,False,nacb_staff,,True,Fraudulent transactions detected,2024-04-15 15:12:00
U181C,stephensmolly,joseortiz@example.net,0mPTbYVd(71c,Audrey,Daniel,False,user_professional,,False,,2024-04-20 13:27:10
P181O,pgomez,brownbrandon@example.com,#Qq9NQlqxl*2,Emily,Cooper,True,user_professional,,False,,2024-04-21 23:23:40
U182R,sarabowen,wvillegas@example.org,5_o0KIUggas+,Erica,Page,True,user_professional,51.0,False,,2024-05-08 14:41:52
P182G,millerjeffrey,qhorton@example.net,c!N_rBmzdZW9,Linda,Garrett,True,user_professional,84.0,False,,2024-04-14 17:30:17
U183I,brettthompson,larsenanthony@example.com,U7_sCYEyURM(,Nicole,Rodriguez,False,nacb_staff,1.0,False,,2024-03-21 21:25:10
P183P,taylorlyons,muellerlisa@example.net,*7%Fgagu#Wh(,Stephen,Neal,False,organization_admin,,False,,2024-06-07 19:13:02
U184G,sylvia39,nwatson@example.com,@SdH^pUot2dA,Michael,Harper,True,organization_member,,False,,2024-05-29 14:16:27
P184C,sward,calderonsherri@example.org,8zC4q)Mp#$w%,Troy,Martin,False,organization_member,,False,,2024-05-24 09:53:17
U185Y,amber85,mmartinez@example.org,90*Gp4FPyLRa,Megan,Moyer,True,system_admin,69.0,False,,2024-07-18 16:33:14
P185Z,jefferysmith,stephaniediaz@example.com,Rqk^6EEf+UO3,Anna,Stephenson,False,organization_member,,False,,2024-05-14 15:34:08
U186B,mooreleslie,xjones@example.com,y2&wD93XiVYM,Amy,Arroyo,False,organization_member,81.0,False,,2024-01-04 20:27:57
P186P,jeremysharp,stephaniegray@example.com,YE3D0jc+8$)a,Andrew,Vang,False,user_professional,,False,,2024-05-08 14:08:02
U187Y,woodjason,watkinsyolanda@example.org,udqp8RUfhZ*w,Lori,Winters,True,organization_admin,,False,,2024-07-09 04:59:28
P187C,youngjames,mclaughlinpamela@example.com,^p7WzH2y4P+v,Leslie,Moore,True,nacb_staff,,False,,2024-06-09 00:29:56
U188V,thomasbrianna,allisonjuarez@example.net,Ye3Jk_*4M6v#,Joseph,Malone,False,nacb_admin,67.0,False,,2024-05-28 14:57:28
P188E,johnsamanda,jessicawilliams@example.com,z_l3Vsm^yNrn,Haley,Kent,True,user_professional,,False,,2024-07-13 07:42:33
U189V,alyssa02,amyhansen@example.net,@3yFFc5QJANh,Pamela,Lopez,True,organization_member,7.0,False,,2024-01-05 02:34:02
P189J,coopersharon,elizabeth84@example.com,j&@*yKa7_55V,Amanda,Williams,True,user_professional,,False,,2024-06-27 13:41:47
U190J,justin83,brianaromero@example.net,n4RWVkcN_G^C,Tammy,Garcia,True,system_admin,,False,,2024-04-16 12:55:46
P190K,qmiller,colelindsay@example.net,!Kw1l+In3v7F,Kristine,Gutierrez,True,organization_member,,False,,2024-06-16 03:31:17
U191K,jasminebecker,rodney82@example.net,ps6_vijfLgE(,Julie,Hill,True,organization_member,8.0,False,,2024-03-22 02:54:39
P191S,adamfloyd,jacksonmorgan@example.net,J+EH6PgcG7u0,Rebecca,Mendoza,True,user_professional,31.0,True,Non-compliance with community guidelines,2024-03-31 13:30:59
U192A,gabriel11,eugenemontes@example.com,fo)A0pHa(3Mm,David,Johnson,True,organization_member,,False,,2024-02-03 22:58:01
P192P,williamsjeremy,batesjames@example.org,@0Uj0CHxqYgc,Andrew,Edwards,False,user_professional,,False,,2024-01-28 23:45:43
U193O,leonardadrian,hfreeman@example.net,^@h8+RrNxSMN,Mitchell,Hamilton,True,organization_admin,44.0,False,,2024-02-28 02:31:09
P193F,joshuamedina,ramirezjose@example.com,fL0!t7HaH$2N,Vickie,Schmitt,False,user_professional,29.0,False,,2024-07-24 04:42:50
U194V,barbara41,hmcdaniel@example.com,w%q7X9)ied2F,Alicia,Moore,False,organization_member,,False,,2024-07-18 06:07:41
P194H,millersean,youngnicole@example.net,!psITXWyW2qd,Robert,Anderson,True,user_professional,62.0,False,,2024-07-13 22:56:59
U195O,cassandra62,lisa36@example.net,)C23D$FnaYR7,Kathleen,Diaz,False,user_professional,,False,,2024-04-23 23:59:38
P195T,charles68,adamnolan@example.net,^8#P&c)BDiWH,Angela,Wood,False,nacb_staff,67.0,False,,2024-04-03 06:08:40
U196Z,cruzkristine,howardapril@example.org,_b9cLeSa^F!f,Katie,Robinson,True,nacb_staff,73.0,False,,2024-03-11 08:16:23
P196Q,tracy45,jamesmercado@example.org,1rBg^WT8TpE+,Denise,Murray,True,organization_admin,,False,,2024-03-04 06:31:45
U197Q,tgeorge,ahenderson@example.com,vw#qE5qKk%0D,John,Taylor,True,user_professional,,False,,2024-06-01 15:13:13
P197M,nbradley,mturner@example.net,hioOVFYm#vG5,Shawn,Wilcox,True,organization_member,6.0,False,,2024-03-23 10:49:16
U198G,cgreer,dcooley@example.com,_7VvNqzGkCzu,Joann,Drake,True,organization_member,24.0,False,,2024-01-16 10:18:13
P198V,kyle01,michael54@example.org,!JfeB3cr5^n^,Tabitha,Sweeney,False,user_professional,81.0,False,,2024-03-03 14:04:55
U199Z,douglasthompson,crawfordkenneth@example.net,tORZhcCK&7gp,Jon,Carroll,False,user_professional,49.0,False,,2024-05-13 19:54:25
P199N,daniel10,danieledwards@example.com,rRS#mF_nz0nR,Joel,Patton,False,nacb_staff,98.0,True,Suspicious activity detected,2024-04-22 08:03:56
U200C,mooremary,dkirk@example.com,$6CYiDoh*8T5,Samantha,Guzman,True,user_professional,,False,,2024-03-18 04:53:01
P200W,heatherthompson,amandalevine@example.com,+h8SY5&opQL1,Christina,Holt,True,nacb_admin,76.0,False,,2024-03-12 06:37:25
U201H,kellybrown,kelsey01@example.com,)2#PhknJHhvF,Dennis,Clark,True,nacb_staff,57.0,False,,2024-01-07 05:21:14
P201I,rgreen,larryshannon@example.org,#tWoAif@$9!(,Angela,Peterson,False,nacb_staff,70.0,False,,2024-05-20 16:11:43
U202G,tnavarro,jasonphillips@example.net,prk#zIgC(8!A,Katherine,Taylor,False,user_professional,,False,,2024-06-20 04:32:28
P202W,castillojonathan,williamsheather@example.com,)B1OD)hDH*I2,Andre,Neal,True,user_professional,,True,Spamming or abusive behavior,2024-02-06 13:49:28
U203H,johnwells,dawnparks@example.org,9*V!HV5z!0h%,Daniel,Hall,True,organization_admin,40.0,False,,2024-04-19 22:59:58
P203S,mli,tayloranthony@example.net,Da&*0(LgM&Vz,Ian,Lewis,False,user_professional,,False,,2024-02-24 09:23:20
U204G,barrettmichael,abenton@example.com,%nW0ekVP69v0,Isaac,Walter,True,organization_member,,True,Misrepresentation of identity,2024-07-21 00:45:08
P204O,michaelpark,yolandarivera@example.com,#0*xc7!Y88Bx,Christopher,Watson,True,organization_admin,73.0,False,,2024-05-24 11:24:29
U205Q,xsmith,michaelmorales@example.net,!6FWMuv^%MMJ,Donna,Reynolds,False,user_professional,89.0,True,Misrepresentation of identity,2024-07-02 07:34:26
P205P,inelson,saradelgado@example.org,lwoo9MEd_61l,Albert,Norton,True,nacb_admin,95.0,False,,2024-01-04 13:59:11
U206I,rosswendy,anthonyrose@example.net,_Y)0Z%S5e1Oo,Evelyn,Gomez,True,system_admin,39.0,False,,2024-03-09 11:38:48
P206O,mclaughlinbrandon,gbuchanan@example.org,Q$2#+8rhRpQD,Michele,Perkins,False,user_professional,,False,,2024-06-30 23:45:53
U207K,bbennett,josephmiller@example.net,*)9JKu!@zhg0,Mark,Bennett,True,organization_member,,False,,2024-07-01 11:58:04
P207O,cstone,robert30@example.net,59hRaiR9(RTZ,Carmen,Rivera,False,organization_admin,80.0,False,,2024-01-31 06:41:43
U208C,andrew51,clewis@example.net,AFjGDRzmt^0(,Jacob,Perkins,True,organization_member,78.0,False,,2024-07-02 06:52:29
P208I,woodsjeffrey,clinton76@example.com,&)U%y%Cw63_y,Amanda,Hunter,False,user_professional,79.0,False,,2024-02-04 05:40:55
U209K,buckangela,jessicabush@example.org,&39n7@Pw7TOE,Brenda,Simmons,False,user_professional,42.0,False,,2024-01-26 22:48:34
P209F,christopheranderson,ryanlong@example.net,xr6IPnLfb@JN,Jennifer,Carter,True,organization_member,45.0,False,,2024-03-20 12:26:09
U210G,kgutierrez,james09@example.org,sBN1NzKAR^tX,Jared,Klein,False,organization_member,,False,,2024-03-30 17:46:53
P210W,vincentglover,stoutsarah@example.net,+*OGknOmI2j+,Ronald,Pierce,True,user_professional,40.0,False,,2024-07-20 04:45:57
U211C,bcrawford,mendozaray@example.com,C(IlpG#wIw8d,Brandy,Romero,True,system_admin,70.0,False,,2024-06-29 20:59:41
P211W,travis49,gary63@example.com,mk9GrQo(T@r#,Tyler,Dean,True,user_professional,28.0,False,,2024-04-19 22:40:14
U212E,dsanchez,andrea32@example.net,3TA$7bx+$N6a,Danielle,Walton,True,nacb_staff,,False,,2024-06-22 21:37:20
P212S,davidparks,olivia95@example.org,_RYgpkA3I3lN,Richard,Hall,True,user_professional,18.0,False,,2024-05-02 19:22:53
U213U,stewartjennifer,monicacooper@example.com,4lzioblg&sfY,Don,Henderson,True,organization_member,,False,,2024-06-01 22:42:02
P213R,averyanna,cody29@example.com,m$4vRkp#Cl5U,Sergio,Soto,True,organization_admin,58.0,False,,2024-01-20 01:21:04
U214W,rjackson,reynoldsjoseph@example.com,Qy#Ha$mYt$4R,Jeffrey,Williams,False,user_professional,19.0,False,,2024-03-17 11:31:40
P214D,antonio61,paul58@example.net,#8tlZQ9dqZJI,Gerald,Brown,True,nacb_staff,,False,,2024-04-09 01:58:56
U215D,ysmith,samantha62@example.com,M)12C*vdR#tf,Charles,Rivers,False,system_admin,,False,,2024-04-29 14:37:20
P215E,christopher85,jmeyer@example.net,16^8xLaStpje,Timothy,Martinez,True,nacb_staff,,False,,2024-04-17 22:54:26
U216J,mkeller,cooperwilliam@example.com,%0r7Gqm6mT4p,Kelly,Simpson,False,organization_member,,False,,2024-05-14 10:23:02
P216K,bharrison,trevormoore@example.com,X3HxUzO##6S%,Billy,Knight,True,nacb_staff,46.0,False,,2024-01-11 09:34:30
U217R,yrodriguez,adamsalexandria@example.com,Y@uFS)eRVd9a,Daniel,Hopkins,False,organization_member,,False,,2024-04-01 16:17:32
P217P,tholloway,dmiller@example.org,Oc)WeGfl7A4f,Melissa,Bryant,False,nacb_staff,67.0,False,,2024-07-19 02:46:04
U218S,kimberly76,melissa16@example.com,_YUFvZ5w@5NK,Alexandra,Brown,False,user_professional,,False,,2024-02-20 18:15:41
P218Q,fernandezsandra,mariekirk@example.com,d7tqI$Ni&hfV,Michael,Taylor,True,user_professional,,False,,2024-02-06 14:38:50
U219N,emily92,hadams@example.net,eeb9NvG4N&1q,Mallory,Murphy,True,organization_member,42.0,False,,2024-01-28 02:13:46
P219N,robinsonstephanie,thompsonwilliam@example.org,(m&EKDHbh#*7,Angela,Davis,True,organization_member,88.0,False,,2024-04-12 00:59:26
U220Q,pbrown,kennedyandrea@example.com,&dGkI^dC%7(G,Deborah,Park,False,organization_member,,True,Inappropriate content posted,2024-02-14 22:14:48
P220U,jeremyhaynes,elizabethmalone@example.net,H*PZry*#+Y6D,Joseph,Wilkinson,True,organization_admin,25.0,False,,2024-04-20 13:02:18
U221R,chavezsarah,brittany04@example.com,D921YBlj&7vD,Colleen,Harris,False,organization_member,,False,,2024-05-24 21:27:35
P221F,nrogers,wilsonpaul@example.net,tV3KipzD)uQU,Gary,Bright,False,nacb_admin,,False,,2024-04-13 03:20:28
U222Q,econtreras,jenna40@example.net,Qu6%HBxP*&_7,Stephen,Montgomery,True,nacb_staff,29.0,False,,2024-04-01 08:14:54
P222B,karen83,coxkaren@example.net,DU8#9Zdj4vpK,Deborah,Sherman,False,nacb_staff,53.0,False,,2024-02-01 20:36:02
U223B,courtneymay,xcastaneda@example.org,P@9p&MnCfeju,Alyssa,Martinez,True,organization_member,,False,,2024-03-22 17:55:44
P223M,mcfarlandmatthew,dcook@example.net,EK&9NAu)3tb+,Michael,Hansen,True,system_admin,81.0,False,,2024-04-18 08:47:05
U224I,johnsonjocelyn,twright@example.com,I(3H7RIgafpu,Charles,Burton,False,organization_member,94.0,False,,2024-06-27 23:06:30
P224I,charlesgregory,cynthia07@example.org,x!PxXI8hrcI2,Briana,Ross,True,organization_member,41.0,False,,2024-05-27 14:41:31
U225Z,singletoncolin,esims@example.com,nyObXLekGD(6,Gary,Leblanc,False,organization_admin,60.0,False,,2024-07-20 23:12:38
P225D,juangonzales,juan31@example.org,vU6!O@nk7)HS,Dillon,Sampson,True,nacb_staff,9.0,False,,2024-01-15 12:46:20
U226O,gpeters,burnsjohn@example.net,17Z+i&dt)**b,Stephanie,Norman,True,organization_member,46.0,False,,2024-02-16 04:52:29
P226F,hhopkins,jameswoods@example.org,HcQqIs*y!(6C,Kyle,Wallace,False,organization_member,20.0,False,,2024-02-06 06:45:54
U227F,emmagaines,antonio89@example.org,39eOt)^A)+Bn,Stacey,Morrow,False,organization_admin,51.0,True,Multiple failed login attempts,2024-03-09 06:33:09
P227N,jonathonjohnson,michael96@example.net,D8RfTpf5_VXB,Jonathan,Torres,False,user_professional,,False,,2024-03-23 13:09:59
U228X,vanessa27,davidhampton@example.com,q$u4M_fx2G6x,Nicole,Weaver,False,user_professional,23.0,True,Security policy violation,2024-04-28 22:45:00
P228J,gilbert09,thompsonalexandria@example.org,Pb8Pv+nt)G9s,Patricia,Mann,True,organization_admin,,False,,2024-02-20 05:54:46
U229K,mtorres,kimberly70@example.org,B6Zl&lnQ(Q)X,Joshua,Landry,True,nacb_admin,,False,,2024-01-06 22:49:23
P229D,evansgregory,ericbennett@example.net,L@3Ity(YiVfx,Danielle,King,False,user_professional,,False,,2024-02-25 13:31:10
U230K,reidandrew,upotter@example.com,)BAC@BlMn3v!,Kurt,Wood,False,nacb_admin,75.0,False,,2024-04-24 12:10:53
P230N,justin69,ghaney@example.net,)T60JiAdu!Gd,Joseph,Fletcher,True,user_professional,36.0,False,,2024-06-17 10:20:30
U231X,maria27,charlesward@example.net,+ng4A4Iz%*vS,Adrian,Welch,False,nacb_admin,,False,,2024-05-02 22:35:59
P231D,richard51,whitegloria@example.net,OI8oXlg5V_DN,Amy,Stark,True,user_professional,5.0,False,,2024-05-21 09:21:00
U232B,destiny38,xespinoza@example.org,Ka0jWBig*OHW,Evelyn,Savage,True,organization_member,,False,,2024-02-24 10:04:52
P232B,icherry,mooresamantha@example.com,$^xYGDErTp3O,Bryce,Walsh,False,system_admin,,False,,2024-04-19 11:41:54
U233P,pricekyle,millsian@example.net,%zG)S5tp28ET,Diana,Martinez,True,nacb_staff,80.0,False,,2024-05-19 23:37:28
P233V,catherine69,tammy22@example.net,j&71hcSv*hBS,Daniel,Lewis,False,organization_member,,False,,2024-01-14 06:38:45
U234N,justin52,meganbell@example.net,$7Bmn@YBAX_x,Julie,Watson,False,organization_member,,True,Fraudulent transactions detected,2024-04-21 01:37:52
P234A,frederickbrittany,thansen@example.com,(PzF7Zm6K@r9,Bethany,Steele,False,nacb_staff,,False,,2024-07-20 00:52:18
U235G,qhamilton,paulabenitez@example.org,#fYPXitzfs7P,Laura,Miller,True,organization_member,,False,,2024-07-17 22:44:39
P235N,ernest08,yodermolly@example.net,wcCfM^Ze*8w2,Darrell,Powers,True,user_professional,24.0,False,,2024-06-07 15:51:14
U236J,marcuswatson,donna29@example.net,I%%XKlbNp61!,Kevin,Payne,True,nacb_admin,4.0,False,,2024-03-26 22:17:10
P236T,richarddavis,kellybrowning@example.org,)EkK1ras7ypo,Marcus,Scott,True,nacb_staff,38.0,False,,2024-06-16 15:35:55
U237V,twinters,butlerheather@example.com,#lTPMUm0O6b3,Steven,Wilson,True,organization_member,,False,,2024-04-16 15:57:29
P237U,riveraamanda,jasmine74@example.com,H@4Ynb&C+z&G,Corey,Pratt,False,organization_member,48.0,False,,2024-06-07 03:36:49
U238Q,fpeterson,kylestewart@example.net,a&$Vct#1(4W9,Destiny,Harvey,True,nacb_staff,37.0,False,,2024-06-01 09:16:26
P238M,briangonzalez,barbarasantiago@example.com,*jV1aM2qZ@v3,Stephanie,Jones,False,organization_member,,False,,2024-05-26 16:23:07
U239G,lindsayallen,anna74@example.com,I68@YShv%6hC,Vicki,Davis,True,organization_member,,False,,2024-07-24 02:33:09
P239K,sosborne,brentlambert@example.org,N3!+2TD5EOZy,Leslie,Castillo,False,user_professional,71.0,False,,2024-07-10 06:36:58
U240N,seth10,nicoletucker@example.org,Bi3ISuRV#)K^,Thomas,Thomas,True,nacb_staff,58.0,False,,2024-07-18 17:54:31
P240X,jordanrandall,johnsonjuan@example.com,YGD2!HQa!nZ7,Damon,Thompson,False,organization_member,,False,,2024-02-15 04:32:17
U241I,hoyesenia,anthonysnyder@example.com,mS$&HDdgbS61,Craig,Johnson,True,user_professional,,False,,2024-07-19 14:20:06
P241W,deborahpowell,derrick58@example.org,5)(HUCNiI4B7,Albert,Tran,False,nacb_staff,,False,,2024-04-04 21:54:47
U242A,edgar83,hernandezlisa@example.org,+9cgdOGcPSlU,Yolanda,White,False,user_professional,69.0,False,,2024-01-02 08:13:54
P242B,angela11,aaronpeterson@example.net,IgmUuBi2p9D$,Jorge,Craig,True,organization_admin,,False,,2024-05-08 12:35:26
U243H,pattersonlauren,jennifer32@example.net,rVfDy9ObrQn#,Danny,Blackwell,False,organization_member,,False,,2024-04-07 06:48:17
P243I,dustin19,davisjames@example.com,_*2AG_t0^uY!,Joshua,Schneider,True,nacb_admin,,True,Security policy violation,2024-03-17 03:48:26
U244Q,taragibson,timothybrown@example.com,)TQChPTdO2z2,Laura,Daniel,False,nacb_staff,23.0,False,,2024-04-25 09:20:37
P244E,wellspaul,hillrobert@example.net,kg8K61SgV**4,Matthew,Kim,True,organization_admin,88.0,False,,2024-05-10 02:12:50
U245K,thomas73,dortega@example.net,lD2kpv5r(QvA,Paula,Ball,False,organization_member,18.0,False,,2024-01-26 19:07:00
P245X,rwalker,jenningsjacob@example.net,42oKumRp!yF*,Rodney,Newton,True,organization_member,,False,,2024-03-25 23:21:43
U246G,markvasquez,jennifer03@example.com,!U65lQD6k0rO,Barry,Williams,False,nacb_staff,,False,,2024-04-03 22:51:10
P246H,lgill,jenningsjessica@example.net,(6OlWnPsPOt+,Danielle,Robinson,True,organization_member,,False,,2024-02-09 17:04:24
U247K,cbrooks,reginaldgray@example.org,#B6OQefX#1V^,Alex,Williamson,True,user_professional,98.0,False,,2024-07-15 19:39:15
P247I,vincenthutchinson,goneal@example.org,V)7L#Jr7NvE$,Alicia,Cooper,False,nacb_staff,,False,,2024-05-07 01:31:16
U248R,emily07,joseph35@example.net,pqMDxUGZ_0su,Brian,Aguilar,True,nacb_staff,,False,,2024-06-11 02:16:51
P248W,rodrigueztimothy,ewilliams@example.org,fF6B@KnsH_cC,Susan,Brown,True,organization_member,68.0,False,,2024-05-13 10:14:41
U249J,gordonmaria,kerrjoseph@example.com,rBq1STdB(wey,George,Silva,True,nacb_staff,,False,,2024-02-29 16:15:12
P249D,snyderjacqueline,ageorge@example.org,N7CoUd!3#SxS,Steven,Wright,False,user_professional,86.0,False,,2024-05-15 08:29:53
U250U,renee27,kaylacollier@example.net,H(5XnI09u(8Z,Madeline,Davis,False,organization_member,95.0,True,Suspicious activity detected,2024-05-03 21:20:18
P250J,xsosa,watsoncharles@example.com,oizPiPAz#7iw,Regina,Fernandez,True,system_admin,85.0,False,,2024-05-08 15:38:45
U251P,poliver,uortega@example.org,^P34hedC5n4Z,Peter,Thomas,True,organization_admin,15.0,False,,2024-01-06 20:44:36
P251K,josephcordova,shellycameron@example.net,sHwhVcuC4$0U,Tammy,Jordan,True,organization_member,,False,,2024-03-20 11:31:08
U252R,millernicole,haynesmelissa@example.net,)n0SK%pry_Ea,Lindsey,Keller,False,user_professional,48.0,False,,2024-01-02 00:14:15
P252H,brian54,stevengood@example.net,!i4%ESSv8w87,Glen,Bowen,False,organization_member,58.0,False,,2024-03-31 12:07:04
U253S,greenjoseph,xbutler@example.org,25z_WGTC(VKp,Angela,Morrison,False,organization_member,,False,,2024-03-27 11:40:12
P253L,grivas,kimberlymaldonado@example.org,@wk4EBuk_N6@,Michael,Howard,True,nacb_staff,29.0,False,,2024-02-08 14:22:18
U254X,michael71,kelsey79@example.net,YM+ZtAvNi@79,James,Cooper,False,user_professional,,False,,2024-04-28 00:32:53
P254L,brownwilliam,aguirreshelly@example.net,)yO*kp^z90Of,Ashley,Smith,True,organization_member,,False,,2024-04-10 12:32:19
U255X,pwalsh,paul95@example.net,*O3btIEbnupK,Melissa,Aguilar,False,organization_member,,False,,2024-03-10 19:04:10
P255I,chrisphillips,ijones@example.org,zFm0bVPi&3qG,Kyle,Wood,True,user_professional,11.0,False,,2024-01-12 20:33:18
U256R,christinescott,clewis@example.org,cxBVql)P&7e1,Samantha,Kelly,True,user_professional,,False,,2024-06-29 07:27:38
P256S,yabbott,andrewmoore@example.com,)jKV@7z&*%9R,Norman,Torres,True,organization_member,,False,,2024-06-29 17:40:37
U257J,pagewilliam,angelicabrown@example.com,!4DSludSU0KX,Phillip,Brown,True,nacb_admin,,False,,2024-01-18 03:57:07
P257S,jeffreyroberts,margaretwatts@example.net,G0Dk7ah%I3h_,Stephanie,Gibbs,True,organization_member,,False,,2024-04-14 08:15:52
U258Q,ellisonjim,crystalburton@example.com,&CgKQXjhi)e8,Patricia,Nash,True,nacb_staff,63.0,False,,2024-04-16 04:10:50
P258D,keith69,john59@example.com,f%c&85AgD+v3,Amanda,Parker,False,system_admin,,False,,2024-03-23 02:41:01
U259X,george40,mcneilanthony@example.com,%pRGxD#R8E22,Natalie,Lamb,False,organization_member,49.0,False,,2024-03-27 21:29:03
P259A,jwilliams,maryedwards@example.org,_qBAFcW1Fl!0,Christy,Ware,True,user_professional,77.0,False,,2024-05-26 21:24:06
U260D,vincent71,vanessa70@example.org,Qzy67nRrV0!G,Thomas,Hamilton,False,organization_admin,,False,,2024-03-15 01:50:46
P260I,michele80,david11@example.net,UL+Y0cFssVdk,Rachel,Smith,True,organization_member,,True,Unauthorized access attempts,2024-02-12 21:42:48
U261L,josephadams,philip68@example.com,hnSrzcX9^F5x,Cindy,Flores,False,organization_admin,16.0,True,Spamming or abusive behavior,2024-03-15 08:35:13
P261M,ifields,nicholas55@example.org,jpWDDfAHY&P5,Diane,Williams,True,system_admin,83.0,False,,2024-02-08 06:21:32
U262K,steven56,popestephanie@example.net,PoEHId)w&uh4,Haley,Vasquez,True,organization_member,,False,,2024-05-31 03:48:42
P262C,garzadorothy,jeffrey16@example.org,@8FnrFsYr&n$,Brian,Eaton,True,organization_member,,False,,2024-06-19 20:30:03
U263I,andrewleach,nunezvanessa@example.net,Ng@0XY+hG_gf,Kevin,Lee,False,nacb_admin,,True,Non-payment of subscription fees,2024-07-11 13:21:42
P263C,dfoster,tylerjones@example.net,($iMAjToe6*3,Jeffrey,Williams,False,user_professional,,False,,2024-04-10 12:36:59
U264B,mrojas,christopherhill@example.net,J)yKzlh&Ba7p,James,Lucas,False,organization_member,82.0,False,,2024-03-26 23:31:46
P264D,kelly30,kaylahunt@example.org,a(11oKHnZ$y_,Carlos,Wood,True,organization_admin,84.0,False,,2024-03-03 09:46:06
U265M,calvin16,robert04@example.com,H*ez+Ss@@2Yn,Rose,Kirby,True,nacb_admin,16.0,True,Non-compliance with community guidelines,2024-01-04 17:49:08
P265X,dduffy,staceybranch@example.org,j+5(KMxhrF#$,Joseph,Taylor,False,nacb_staff,51.0,False,,2024-06-11 03:12:09
U266H,nicholsonmichael,gweeks@example.com,_KNc6sEe!%yS,Rachel,Smith,True,user_professional,,False,,2024-03-27 02:13:02
P266B,gravesjames,johnkaufman@example.net,K3H^IMIv$6uP,Mark,Sanders,False,user_professional,52.0,False,,2024-06-12 04:17:26
U267Z,mcintyremarvin,mary52@example.net,T&5YLWhl0)wi,Angela,Campbell,False,user_professional,,False,,2024-01-22 21:18:45
P267S,kenneth48,imoran@example.net,&1pTvG+!_rn@,Zachary,Adams,True,organization_member,,False,,2024-01-17 04:27:07
U268W,qrosario,brendagraham@example.com,dbSX6VrH+g5l,Claire,Flores,False,user_professional,69.0,False,,2024-01-22 13:29:29
P268Y,samuelchavez,michael04@example.org,CzvnPhYf%0Hg,Michael,Mccall,False,user_professional,,False,,2024-03-24 03:33:06
U269J,david15,mariafields@example.com,$JLiU4$eP4Ee,Lauren,Bell,False,organization_member,51.0,False,,2024-05-12 19:40:30
P269F,melanie86,jerry35@example.org,r29Wcy1aJ$Xw,Paula,Parker,True,user_professional,65.0,False,,2024-01-16 10:11:23
U270W,joycebrianna,xtodd@example.org,nzd4PfQt!w1Q,Natalie,Newman,False,user_professional,76.0,False,,2024-04-04 19:28:47
P270K,earlhamilton,allen63@example.org,JL32qa4b^wYG,Monica,Miller,True,nacb_admin,,False,,2024-06-27 13:54:43
U271G,carrillokyle,brandonhernandez@example.com,#a8z4fkqb7pR,Ryan,Smith,True,organization_member,37.0,False,,2024-03-09 07:28:32
P271K,mooretheresa,davidfernandez@example.org,Nw$juzpBk8CK,Kyle,Hunt,True,user_professional,80.0,False,,2024-04-21 05:15:49
U272V,millertommy,jeremycosta@example.org,T5Ymh3qR$%&#,Brooke,Hicks,True,nacb_staff,84.0,False,,2024-06-04 09:27:36
P272K,livingstonronald,kaylagomez@example.org,%16TjBr$e$01,Stacy,Duffy,True,nacb_staff,10.0,False,,2024-02-08 11:01:16
U273F,jorge73,gomezmatthew@example.com,V_fU1NYak+W%,Anthony,Glover,True,organization_member,,False,,2024-05-22 03:31:44
P273Z,alexis40,harperkayla@example.org,H9+2RIaM^NMB,Andrew,Hughes,False,organization_member,12.0,False,,2024-03-09 11:38:55
U274W,zstewart,rwilson@example.org,8YnWwQyX%78Q,Lori,Kelly,True,nacb_admin,90.0,False,,2024-01-23 15:32:30
P274C,morrisonantonio,nathancollins@example.org,%UnAmRary3$b,Mary,Montoya,True,organization_member,,False,,2024-06-21 12:47:52
U275M,bradley63,unolan@example.com,!d(Ti*WQf_9),Chad,Bishop,True,organization_member,67.0,False,,2024-04-02 07:52:36
P275Y,johnsonmason,jenniferthomas@example.net,4xb^LcvSH#Lu,Nicole,Wilson,False,organization_admin,65.0,False,,2024-02-16 19:03:13
U276J,roberto04,danieljohnston@example.com,$2J4tI5vxyur,David,Jones,False,organization_member,,False,,2024-01-04 21:40:38
P276D,heather79,hansenadrian@example.com,2f80fHJa_+4b,Angela,Anderson,True,nacb_staff,,False,,2024-04-11 08:11:10
U277O,hannah09,dmiller@example.net,^4GXB4w0D#02,Angela,Hall,True,nacb_staff,,False,,2024-03-09 01:34:12
P277P,fwoods,rmcdaniel@example.com,m0*WVl&$%wlS,Shannon,Morris,True,nacb_admin,96.0,False,,2024-05-05 03:17:19
U278E,cruzbrooke,gabriel69@example.org,@0uyN&ZJiqPc,David,Thomas,True,organization_admin,31.0,False,,2024-07-04 15:39:00
P278P,bethnichols,john88@example.org,)72ZHXug7wGQ,Dennis,Meza,False,nacb_admin,,False,,2024-05-02 07:51:07
U279N,michelewoods,jmiranda@example.org,6ydn4(Hz)kIP,Michelle,Rodriguez,False,organization_member,26.0,False,,2024-07-10 18:18:45
P279O,amy27,wstrickland@example.net,x*r8K)l0hB__,Angela,Raymond,True,organization_member,,False,,2024-06-03 04:58:54
U280V,melissa91,gonzalezjean@example.net,M(&5@OQxbY@0,Craig,Young,True,nacb_admin,,False,,2024-05-20 16:34:52
P280U,thernandez,bradley89@example.org,&y2da9RauD2#,William,Shannon,True,nacb_admin,,False,,2024-06-10 02:07:48
U281Q,hinesmichael,ucollins@example.net,i8iIfZ+w_D!7,Susan,Calderon,True,organization_member,49.0,False,,2024-03-06 07:42:17
P281J,leeclark,brian91@example.org,IV$ftLfh56_0,Denise,Pena,True,user_professional,,False,,2024-05-18 17:06:29
U282F,michelle92,odonnellbecky@example.org,)n20Ezexl_8L,Robin,Reeves,False,nacb_staff,15.0,False,,2024-05-30 07:14:45
P282L,thudson,timothy83@example.com,6u3eeXBgJ9O%,Mckenzie,Johnson,True,user_professional,,False,,2024-01-09 14:46:28
U283G,xfloyd,hoodshawn@example.net,^F8lEIpiS@V$,John,Ponce,True,organization_member,84.0,False,,2024-01-26 14:32:18
P283D,qlewis,mcdonaldtrevor@example.com,elS6@@eO+&9R,Theresa,Garcia,True,user_professional,73.0,False,,2024-01-06 17:15:24
U284T,james03,douglashoffman@example.org,JS9T2bNJv$!H,Sandra,Hernandez,False,organization_member,,False,,2024-03-04 06:29:57
P284O,andreapoole,qkirk@example.com,#68aXJvlK30l,Adrian,Lee,False,nacb_staff,,False,,2024-05-31 19:47:55
U285U,justin52,kendrahiggins@example.net,E7e+YlGn^lyc,Jerry,Castro,True,organization_admin,47.0,False,,2024-05-06 22:46:47
P285U,samanthatyler,qcoffey@example.com,+QY9WFTq_)hc,Laura,Smith,True,nacb_staff,,False,,2024-05-20 20:29:01
U286S,matthewprince,rogersjennifer@example.org,6toLb(5+(6MU,Kim,Page,False,organization_admin,60.0,False,,2024-06-25 15:42:42
P286E,danieljenkins,gboyd@example.com,!^4lidAw5AB6,Chad,Arnold,False,organization_member,58.0,True,Misrepresentation of identity,2024-06-29 19:21:02
U287P,james85,xmcdonald@example.com,)@45yahre(W*,Sandra,Wheeler,True,user_professional,18.0,False,,2024-02-17 00:00:14
P287E,kreyes,sarahcortez@example.org,+@+WKruo@R9),Laura,Ferguson,True,nacb_admin,63.0,True,Fraudulent transactions detected,2024-02-15 14:42:33
U288P,amanda10,sarareed@example.com,@pPcA6Hf+07S,Lori,Clements,False,organization_admin,40.0,False,,2024-07-06 00:44:32
P288L,ashleynixon,rebecca39@example.net,Q^s4UzBeQCKT,Alyssa,Rodriguez,True,organization_admin,67.0,False,,2024-03-23 12:11:27
U289Q,qbarnett,mperez@example.org,i_O_RbnC)%4d,Michael,Williams,True,user_professional,8.0,False,,2024-06-21 11:15:09
P289R,joyce93,eshepard@example.org,&T9CI4nic(5s,Brianna,Terrell,True,organization_admin,87.0,True,Inappropriate content posted,2024-01-08 12:48:10
U290K,sharpcharles,zmorrison@example.net,7M!5#gAqGD8g,Patrick,Ellis,False,organization_member,93.0,False,,2024-06-25 01:18:03
P290B,shanecarlson,sarahbutler@example.com,$F9TX6obHm(T,Brandy,Banks,True,user_professional,,False,,2024-04-05 02:46:14
U291D,kathryngarcia,ljimenez@example.net,+9^MKhdpN@9u,Beverly,Cruz,True,organization_member,6.0,False,,2024-06-24 19:03:29
P291K,bonniemoyer,russell03@example.com,&_2YUGYbAkk%,Whitney,Butler,True,user_professional,,False,,2024-06-14 00:11:44
U292D,shawconnor,paulrush@example.com,kG7NPotO&!47,Tyler,Cordova,False,organization_member,99.0,False,,2024-05-06 14:51:59
P292E,jessica40,rhonda60@example.com,1reswRww&dHY,Jessica,Lopez,False,organization_member,,False,,2024-03-22 04:21:22
U293S,andrewcain,yhamilton@example.net,UTMpaw*o@EC2,Peggy,Clark,False,organization_member,,False,,2024-05-02 06:00:56
P293J,davisstephanie,chelsea68@example.org,sSvsji*$&o4W,Julie,Gibson,True,system_admin,1.0,False,,2024-01-30 23:24:19
U294E,yyoung,dsimmons@example.com,)!*cUt+u!d$1,Nathan,Greer,False,organization_admin,5.0,False,,2024-05-04 13:29:15
P294F,lewisrichard,rhonda56@example.com,!t7EeEcI0OV+,Claudia,Lowe,False,organization_member,,False,,2024-06-17 16:23:35
U295Z,codyjohnson,andrea35@example.org,A4mPUrNv@pNH,Joseph,Bailey,True,nacb_staff,43.0,False,,2024-03-08 16:56:20
P295G,meghan35,rnielsen@example.org,xw6&MJFDQ*h4,William,Lee,False,organization_member,,False,,2024-02-19 01:30:00
U296I,alexanderrebecca,prestonmallory@example.net,21ADyD%m*qv1,Michelle,Wilkinson,False,organization_member,88.0,True,Spamming or abusive behavior,2024-03-04 21:05:07
P296R,alejandrawilliams,williamhubbard@example.com,^7uhn1VU!a@#,Shelly,Holloway,False,organization_member,27.0,False,,2024-01-17 18:24:03
U297X,lcharles,pearsonanthony@example.org,a0*0z+@C+2W$,Mark,Miller,False,user_professional,,False,,2024-04-13 22:26:10
P297N,yhenry,aguilarjohn@example.org,(qsbY^Yx2RVv,Allen,Hurst,False,system_admin,,False,,2024-05-10 09:55:12
U298P,sluna,fmyers@example.net,7hStz_fL+xt*,Joshua,Small,False,organization_member,31.0,False,,2024-05-13 11:29:44
P298H,howardandrea,michaelparker@example.org,(jA8X6rPLG38,Nancy,Morris,False,organization_member,,False,,2024-06-24 14:30:30
U299A,cynthiavasquez,villegasjohn@example.org,ky4s8zJZ*3W+,Anthony,Moyer,False,nacb_staff,68.0,False,,2024-01-11 11:16:13
P299F,oscarshannon,jack33@example.net,0G&zNUohva2U,James,Mack,False,nacb_admin,89.0,False,,2024-05-22 15:25:44
U300M,andrew91,karen88@example.net,68LGNz^$+Pna,Deborah,Thornton,True,nacb_staff,,False,,2024-03-07 15:44:08
P300Q,kathy00,nataliewang@example.com,@$M2*Sdy#s^+,Edwin,Andrews,True,organization_member,,False,,2024-03-25 20:59:50
U301T,richard80,jessicagreene@example.org,g3XXaMto%c50,Nicholas,Harris,False,user_professional,,False,,2024-01-03 23:23:02
P301L,michael37,mary99@example.org,@O#Mdu1Z0_3v,Joshua,Huang,False,organization_admin,42.0,False,,2024-06-23 20:34:40
U302C,wrightnatasha,ycarrillo@example.com,GO7tAbjS#(z6,Michelle,Dixon,False,organization_member,55.0,False,,2024-03-05 20:50:31
P302C,jenniferrowe,rogerslori@example.com,#^0hzWg)(8Ck,Sandra,Jackson,True,nacb_staff,37.0,False,,2024-05-15 19:18:07
U303Y,jamesalvarado,kelleyeric@example.com,UqTO@Exalp)4,Wayne,James,True,user_professional,,False,,2024-04-03 00:11:16
P303N,matthewsmith,nealmichael@example.com,!7@nq8Fvd1)c,Bradley,Koch,True,nacb_admin,46.0,False,,2024-04-03 00:04:18
U304X,sandra80,ashleyjohnson@example.org,0IdQjkMu^p)N,Daniel,Pierce,False,organization_member,,False,,2024-03-25 19:26:44
P304L,lawsonjerry,johnnymcdonald@example.net,ER1lQqLx@!+X,Kristen,Skinner,True,nacb_admin,14.0,False,,2024-01-23 00:50:44
U305F,rebeccawalters,floresmckenzie@example.org,(#_oWoRY@3F(,Corey,Friedman,True,user_professional,33.0,False,,2024-07-15 00:48:04
P305N,evanskristi,ujennings@example.org,+p_gxN+&H6Wp,Stephen,Villegas,True,nacb_staff,,False,,2024-01-27 06:54:06
U306U,william83,williamjohnson@example.com,bRm8Yq@b9@^R,Logan,Chambers,True,user_professional,,False,,2024-02-09 20:34:56
P306Y,vazqueznancy,gfigueroa@example.net,D%i7ARioV_$U,Jerry,Donovan,False,organization_member,,False,,2024-03-24 10:37:02
U307Z,coreycarpenter,hmyers@example.net,x3$IP8gC!%RL,Francisco,Scott,False,organization_admin,25.0,False,,2024-04-19 19:46:20
P307W,elizabethwilson,stephanie27@example.com,3kPTgc%##7bn,Gary,Patterson,True,organization_member,98.0,False,,2024-05-16 20:50:52
U308O,dannybryant,kleon@example.com,3G9BJGks6$Y^,Vincent,Jones,True,user_professional,18.0,False,,2024-05-10 09:12:59
P308T,esteele,ehuffman@example.org,d*3BWD5oU1fM,Angela,Spencer,True,organization_member,,False,,2024-01-28 02:41:17
U309V,smithcarol,mezaemily@example.com,_#3SzR8r$R#!,Marcus,Lucas,False,user_professional,39.0,False,,2024-01-22 14:19:39
P309I,shannon10,paulhayden@example.net,*GQAEhKe+N50,Mary,Johnson,False,user_professional,67.0,False,,2024-01-11 08:06:10
U310V,murphysteven,smorrison@example.com,_+BLvTs#Q5&l,Lisa,Alexander,True,nacb_admin,,False,,2024-04-25 22:55:28
P310W,susan79,collinsdeborah@example.net,@kMP%iLkX50&,Mary,Cobb,False,nacb_staff,25.0,False,,2024-06-10 23:37:40
U311J,candace36,holiver@example.net,IW*@8RJkY9AP,Edward,Bentley,True,user_professional,,False,,2024-02-20 07:48:45
P311E,conniemckinney,zmueller@example.net,#5hzP9aA%(kE,Mark,Peterson,False,user_professional,64.0,False,,2024-07-23 13:36:36
U312U,suzanne26,kelly08@example.net,)n8GcbaP5w1q,Tyrone,Bradley,True,organization_member,,False,,2024-01-25 01:57:39
P312N,victoriawilson,thomassmith@example.org,Q!7BJSkZ3Cc1,Jessica,Johnston,False,organization_member,62.0,False,,2024-03-10 22:07:03
U313W,aanderson,paulwheeler@example.com,e$Wgva4lzW8$,Chris,Bell,False,user_professional,78.0,False,,2024-03-25 00:02:57
P313L,gina36,thomas14@example.com,qwc1UzsPacE*,Breanna,Lopez,False,nacb_staff,,False,,2024-01-06 06:12:53
U314G,gary95,uwong@example.org,JpR!Z$Uw+55s,Daniel,Silva,True,user_professional,23.0,False,,2024-03-08 07:45:49
P314D,dean27,joshua55@example.com,#a^2Yw_cv9L_,James,Carpenter,False,nacb_staff,46.0,True,Security policy violation,2024-02-06 15:51:30
U315X,pmccarty,hjuarez@example.com,B&lYZ)nwU3O^,Amber,Rogers,True,nacb_staff,43.0,False,,2024-06-14 09:31:14
P315T,lwaller,osanders@example.net,)qf2g5Ixa@09,Natalie,Beck,False,user_professional,28.0,False,,2024-05-22 00:14:38
U316A,anthony39,irobinson@example.org,#qpULj3T39Rv,Michael,Johnson,True,user_professional,,True,Non-payment of subscription fees,2024-04-27 09:20:05
P316W,mcrawford,lstone@example.net,i3EkC4)6(ewU,Gabriella,Carpenter,False,nacb_admin,,False,,2024-06-03 10:14:00
U317X,qrojas,michaelwade@example.net,#S7JaVQw$277,Mitchell,Stewart,False,organization_admin,54.0,False,,2024-05-05 20:03:27
P317T,barrypatricia,zweber@example.org,+m1K8EncmGHa,Matthew,Gould,False,nacb_staff,64.0,False,,2024-04-23 07:27:54
U318W,david40,freeves@example.net,D+#3zA@r4$Hk,Jose,Gomez,True,nacb_admin,72.0,False,,2024-02-15 07:17:52
P318R,jacquelinegilbert,rickyhall@example.net,Hddt2bvI!*5A,Laura,Padilla,False,nacb_staff,,False,,2024-01-09 15:49:09
U319L,danielsedward,leah97@example.org,2$4Uh*x4XV12,Kenneth,Mitchell,True,organization_member,,False,,2024-01-12 22:24:38
P319J,richard05,dylansingh@example.org,#8GnHj@fFZQy,Ashley,Johnson,True,organization_member,,False,,2024-03-17 08:25:31
U320H,douglasingram,johnsonheidi@example.net,&6y(C$exEH(H,Robert,Kennedy,False,system_admin,24.0,False,,2024-05-01 22:24:29
P320R,haleywilson,edward13@example.org,+jVB2N2lZ4iY,Cheyenne,Ingram,True,user_professional,68.0,False,,2024-03-08 13:19:13
U321K,onunez,kerryholland@example.org,^9YKpgdDb0Zu,Annette,Sanders,True,nacb_admin,,False,,2024-01-21 16:17:35
P321J,john30,brewereduardo@example.com,*c0zKV4*)7rc,Zachary,Parker,True,nacb_staff,36.0,False,,2024-05-23 05:43:29
U322Q,davidsonlindsey,tmontgomery@example.org,H!M)kKAr@t9e,Kristin,Dennis,True,nacb_staff,,False,,2024-02-28 16:53:28
P322K,marcus17,ritadunn@example.org,)GKzi9ql7J#A,Dylan,Pace,True,user_professional,80.0,False,,2024-02-20 22:41:09
U323C,mercerandrew,edwardsshaun@example.com,uf6vcyyUe*KC,Brittany,Ryan,True,nacb_admin,,False,,2024-01-07 11:08:55
P323N,johnny82,marisadavis@example.net,@p$(xyQcQL9X,Cathy,Martinez,True,organization_admin,,False,,2024-05-19 13:31:08
U324K,jrogers,andrea93@example.net,^6DDTb3ijZt^,Kyle,Welch,True,nacb_staff,48.0,True,Non-payment of subscription fees,2024-02-05 05:05:36
P324M,davidwebster,darlene76@example.net,%U9ieRsg)9lx,Timothy,Houston,True,user_professional,,False,,2024-05-07 01:28:03
U325J,andrew79,walkershari@example.com,09$_LMmzAa_1,Joshua,Lynch,True,organization_member,,False,,2024-07-12 19:54:46
P325V,syork,parsonsbarbara@example.net,$dmAAdwd067L,Jose,Brooks,True,nacb_staff,,False,,2024-02-22 10:16:47
U326N,theresa86,angelamoore@example.net,@&FUOqVfF_6&,Sheryl,Murillo,False,nacb_staff,,True,Harassment of other users,2024-04-28 11:08:32
P326A,rbrennan,fordashley@example.com,v#8^HMe0zau4,Dustin,Ortiz,False,user_professional,83.0,False,,2024-04-10 04:20:00
U327W,tara27,benderjesse@example.com,J3ov1*YpN*5C,Allison,Dodson,False,user_professional,79.0,False,,2024-04-20 08:20:59
P327U,barneskyle,klee@example.net,ba!R95Zf+cvs,Matthew,Williams,True,user_professional,,False,,2024-01-12 23:06:38
U328V,wryan,ronald14@example.net,AH4(mK4iB^*k,Scott,Murphy,False,user_professional,75.0,False,,2024-04-06 10:45:51
P328Q,karendavila,jane33@example.net,%uv8Y6w1@@8m,Dustin,Mullins,True,nacb_staff,,False,,2024-04-12 12:13:06
U329P,hernandezyvonne,randrews@example.org,U%o3QGzg7G5Q,Maria,Leach,True,nacb_staff,27.0,False,,2024-05-10 11:15:37
P329Q,robertsbrandon,rebeccahunter@example.org,!01M6GRve^9I,Joshua,Holloway,True,user_professional,72.0,False,,2024-06-10 04:38:00
U330J,edwarddrake,williamsaaron@example.net,)wdzJwia0PN9,Jared,Green,False,user_professional,,False,,2024-06-17 07:38:49
P330T,james43,robert22@example.com,V2iBKtum^4H9,Erika,Brooks,False,organization_admin,61.0,False,,2024-04-09 03:41:59
U331V,judy39,jessicadixon@example.org,Xh6j4Hug_E#Z,Jill,Barnes,True,organization_admin,8.0,False,,2024-04-27 20:41:31
P331G,cory65,michael52@example.com,8d_LQ)P!)G0+,Michael,Webb,False,user_professional,74.0,False,,2024-06-06 01:54:20
U332J,carlsonwesley,riostammy@example.org,$@t0Wbm+)fwH,Brendan,Moore,False,organization_admin,,False,,2024-06-20 14:58:02
P332Q,shepherdbarbara,amypatterson@example.org,14W%0DtO(d75,Claire,Mejia,True,organization_member,47.0,False,,2024-03-23 01:58:02
U333N,katie97,blake22@example.net,G@9K4lbf(K$m,Angela,Morgan,True,organization_member,,False,,2024-04-07 11:47:41
P333C,michaelelliott,wolfbrian@example.com,E&FJicrQ4v6G,Benjamin,Roberts,False,user_professional,,False,,2024-07-21 12:33:28
U334C,waynewallace,gonzalesmichael@example.net,0c9Chzeg_lc3,Garrett,Mcmillan,True,user_professional,,False,,2024-07-01 14:39:19
P334A,maryreid,ulewis@example.net,Sx@93YKy68I5,Bruce,Stephens,False,organization_admin,68.0,True,Violation of terms of service,2024-01-11 19:09:07
U335E,davispaula,samanthajordan@example.net,XDC)8YhFMQ)k,Denise,Welch,False,nacb_admin,,False,,2024-05-09 03:34:07
P335M,xfoster,xsmall@example.net,n@h2NM1uebzJ,Amanda,Williams,True,organization_member,,False,,2024-02-12 15:14:14
U336U,hayesraymond,zacharyburke@example.com,NU0+p(_kgU7M,Christopher,Hernandez,True,user_professional,,True,Unauthorized access attempts,2024-04-10 07:40:46
P336L,luis11,knguyen@example.com,W5CmntwcMoR_,Anna,Smith,True,nacb_staff,58.0,False,,2024-01-29 22:27:21
U337T,molinasamantha,eowens@example.com,4NL2XTtM^3#Y,Jasmine,Turner,False,user_professional,8.0,False,,2024-03-16 23:30:36
P337G,kathyrodriguez,ucunningham@example.org,g#fHsBFz&52),Mary,Harris,False,user_professional,,True,Misrepresentation of identity,2024-04-19 00:50:39
U338U,ryankelsey,ericmiller@example.org,2jSjhNes^HtU,Jennifer,Jackson,False,user_professional,55.0,False,,2024-03-28 12:34:39
P338L,christopher42,perezphyllis@example.org,F(SFKKXSIr0r,Kent,Miller,True,organization_member,,False,,2024-05-31 05:10:26
U339L,zbaker,daniel83@example.net,b3WosqfLg@3O,Laura,Vega,False,organization_member,,False,,2024-03-05 05:28:48
P339G,robertlewis,nross@example.org,B8(RJOz+$e2f,Nancy,Pearson,True,organization_member,40.0,True,Harassment of other users,2024-07-16 09:10:44
U340Z,ohuber,atkinsondillon@example.com,_0nC)esv!A)R,Eugene,Alexander,True,system_admin,76.0,True,Suspicious activity detected,2024-01-20 01:18:17
P340O,diana54,qsoto@example.net,@PQ9Ulm#(^%G,James,Dominguez,False,organization_admin,40.0,False,,2024-04-25 02:24:37
U341M,marywheeler,ejohnson@example.org,@Eug1)XtJ0V!,Patricia,Ramirez,True,user_professional,50.0,False,,2024-05-09 07:17:55
P341L,hughesalison,ericcooper@example.net,+@@g50AtYXD!,Hayley,Thompson,True,user_professional,,False,,2024-01-03 17:14:12
U342V,carolinemueller,christopherhall@example.net,W70)a1Rg2!0Y,Ryan,Ramos,True,organization_admin,80.0,False,,2024-03-12 21:42:32
P342R,nelsonsusan,barneseric@example.com,^#iDZv(NXT4a,Lisa,Robinson,True,organization_member,,False,,2024-02-02 03:35:13
U343J,manuel71,john22@example.net,9)Wx))0v&9By,Danny,Anthony,False,nacb_staff,,False,,2024-07-02 11:04:51
P343V,michael84,duane76@example.net,pkC$e6jlE0#K,Joseph,Meyers,False,user_professional,,False,,2024-02-08 16:55:06
U344P,cshelton,jonesomar@example.org,#F16+aki#)Ka,Anne,Blackburn,True,user_professional,,False,,2024-06-01 13:39:04
P344K,steven29,zhaynes@example.com,X+HIG&mG#p5U,Joseph,Moody,True,nacb_admin,22.0,False,,2024-02-27 23:25:31
U345O,jennifer45,brewermelissa@example.com,!s!RRLMx*55F,Allison,Curtis,True,user_professional,55.0,True,Non-compliance with community guidelines,2024-02-06 17:55:44
P345T,cbranch,jcoleman@example.org,G!9I0j@2znzI,Mitchell,Peterson,True,user_professional,,False,,2024-05-20 06:41:09
U346O,wolfedavid,seanhall@example.org,(T4hY(dGGlq2,Leslie,Miranda,True,organization_member,41.0,False,,2024-06-24 15:32:27
P346S,gregg62,carly86@example.org,$sw$YdBl1t^6,Stephanie,Elliott,False,user_professional,,False,,2024-03-08 23:22:41
U347F,amanda63,david97@example.org,^I85RuhD1AKm,Maria,Ross,False,nacb_staff,18.0,True,Non-payment of subscription fees,2024-03-05 12:11:49
P347N,huynhelizabeth,littlebryan@example.org,Kg#ufL8Me%7H,Meghan,Santos,False,organization_member,73.0,False,,2024-06-22 06:12:17
U348Z,cynthiahernandez,casey21@example.com,KM2#gTXC&&9D,Sara,Rodriguez,False,user_professional,,True,Multiple failed login attempts,2024-05-19 13:03:46
P348T,kaitlynayala,pauldavis@example.com,6tVXt$6$^8oF,Cindy,Barnes,True,user_professional,,False,,2024-06-01 02:35:27
U349S,sperkins,steven73@example.org,N1wY3Had)+0M,Cindy,Garrett,False,nacb_admin,,False,,2024-01-05 15:56:44
P349H,kempdonald,whaley@example.net,+6qLktq$(##+,Wayne,Fletcher,False,nacb_staff,,True,Fraudulent transactions detected,2024-06-19 06:19:15
U350E,anthony75,fschroeder@example.net,4m%+8S3Sy5Nl,Rebecca,Scott,True,organization_member,,False,,2024-05-29 23:04:32
P350I,barberryan,dalefrazier@example.org,7n^1H6Pcn(R_,Jenna,Sanders,False,user_professional,,False,,2024-06-08 20:36:41
U351I,juliadavis,gcasey@example.net,#f6%Vc2^H!FO,Kimberly,Morales,True,nacb_staff,,False,,2024-03-16 07:32:03
P351K,rjackson,harrisoncheryl@example.com,^0m5xVJueg$R,Michael,David,False,organization_member,45.0,False,,2024-04-10 00:16:57
U352X,melissabecker,lmaldonado@example.net,9#_0aZgU#kT8,Amy,Olson,False,organization_admin,100.0,False,,2024-05-01 18:55:07
P352H,alexis67,paige42@example.com,^zK4Pr$o%O%f,Katelyn,Gallagher,True,organization_member,11.0,False,,2024-04-26 06:33:11
U353Z,alexander40,craigjohnson@example.net,z4tSV5jT$R)R,Theresa,Walker,True,organization_member,3.0,False,,2024-04-26 01:57:03
P353T,cheryl36,anthonyharper@example.org,t+Bx$kLkXk$2,Kim,Armstrong,True,user_professional,71.0,False,,2024-06-01 03:36:25
U354L,sharris,jamie76@example.com,$($SeTOz8V91,Larry,Miller,True,nacb_staff,,False,,2024-06-20 09:36:57
P354W,xgriffin,cody38@example.org,_1m)vf5D^iVh,Chelsea,Wright,True,nacb_staff,,False,,2024-01-02 14:56:04
U355O,gprice,xdavis@example.org,W*0dOky@g%3S,Donald,Harvey,True,organization_admin,41.0,True,Multiple failed login attempts,2024-01-05 07:59:22
P355P,igonzalez,ygonzalez@example.com,iWrE74mj#7)y,Sheri,Jordan,False,user_professional,,False,,2024-02-02 05:52:58
U356T,julian80,bryanjacobs@example.com,yeo+pKQg$sN8,Lisa,Knox,True,organization_member,,False,,2024-02-05 19:31:23
P356P,walkerjuan,michelle73@example.com,*rkbVSQB@8US,Kristen,Kelly,False,user_professional,68.0,False,,2024-01-20 13:12:51
U357L,williamcampbell,philipgood@example.org,lB_K(Ynr)h1v,Katie,Gay,True,organization_admin,23.0,False,,2024-02-06 09:13:05
P357P,rjohnson,perezrenee@example.com,*bZu@sPq!Jb1,Thomas,Norton,False,system_admin,,False,,2024-04-24 09:55:41
U358P,masseyfrank,eheath@example.com,x2LWB6%S_y(Z,Ashley,Hernandez,True,organization_admin,70.0,False,,2024-06-16 20:11:23
P358G,david70,rachaelray@example.org,^pujr4i8(4AW,Carol,Mendez,True,organization_member,97.0,False,,2024-01-23 12:08:30
U359U,chloe93,onoble@example.net,(KRuDhxnr@3$,Samantha,Chang,False,organization_admin,36.0,False,,2024-05-25 03:59:21
P359X,michele62,carterdaisy@example.net,1%@Ms0xUze1G,Justin,Johnson,False,organization_admin,,False,,2024-05-11 02:33:24
U360I,george07,chawkins@example.com,0FCQLka++88M,Joe,Brown,True,nacb_staff,,False,,2024-01-04 02:08:22
P360L,jameswilkins,cameronwilliams@example.net,(H57Kb)t+&rW,Melissa,Allen,True,organization_admin,,False,,2024-01-28 08:53:39
U361Y,elizabethbuck,tuckernatalie@example.org,v+JUmps4&9xG,Tammy,Chavez,True,user_professional,33.0,False,,2024-01-17 07:55:24
P361T,vsmith,harrisjeremy@example.org,vdnjr$x4r3J(,Julia,Brown,True,user_professional,,False,,2024-03-10 18:23:02
U362D,amandaperez,ashley74@example.com,Z*Hwn+lu#9aC,Alexis,Carroll,True,organization_member,,False,,2024-05-29 00:59:08
P362U,feliciamartinez,ysmith@example.com,r5PtKMgJH^#5,Frank,Lutz,True,nacb_staff,,False,,2024-03-01 23:13:56
U363A,rjones,xleonard@example.com,qb3uxaLeJ&x!,Adam,Davis,False,organization_admin,61.0,False,,2024-06-16 13:19:39
P363T,kathy45,wray@example.org,V8qSwu_eEQ#_,Benjamin,Mahoney,False,nacb_staff,,False,,2024-03-15 07:38:45
U364H,ywest,maykenneth@example.com,i#B7RCnUY(cc,Destiny,Green,False,nacb_admin,,False,,2024-07-03 11:08:11
P364S,gsmith,jimwalker@example.net,i5)Z9B7S!n&),Greg,Allison,True,nacb_admin,17.0,False,,2024-07-13 07:37:00
U365X,tylerrosales,johnsonbeth@example.com,wM9pC3JwV!j7,Rachel,Jones,True,user_professional,9.0,False,,2024-02-14 01:39:20
P365L,crystal56,walshamanda@example.com,Rsu0ROP$E&Vu,Hannah,Lawrence,True,organization_member,,False,,2024-06-08 01:05:22
U366S,liunicholas,josephtravis@example.com,(gqvuIo#$m22,Jeffery,Quinn,True,organization_member,,False,,2024-02-22 02:54:51
P366Z,walterstacy,revans@example.net,9r66H!Ph&(9x,Austin,Duarte,True,nacb_admin,69.0,False,,2024-06-21 07:27:04
U367Q,gardnervanessa,michael67@example.com,YA$Xw6m6!7^U,Dawn,Wilson,False,system_admin,,False,,2024-03-24 19:55:09
P367I,martinezdiane,craigcollins@example.com,NH3Sl3_hH*yK,Jimmy,Pearson,False,organization_member,,True,Non-compliance with community guidelines,2024-05-15 20:37:20
U368J,priley,deborah43@example.org,DA_Y7Rdx05X*,John,Murphy,True,organization_member,,False,,2024-02-13 14:10:47
P368I,brett40,dgarza@example.net,@5F(lQMqSA@m,Megan,Baker,True,user_professional,,True,Non-compliance with community guidelines,2024-02-10 09:26:57
U369N,christineparker,thomasgary@example.org,+%rfLN88H8PE,Jennifer,Glenn,False,organization_member,80.0,False,,2024-01-29 12:07:14
P369W,brettburke,rcole@example.org,z*CVDCW_Ul2M,Mark,Wells,False,organization_member,44.0,False,,2024-07-19 10:28:44
U370Y,jacquelineanderson,andersonjennifer@example.org,*HLnIjGeem6C,Lisa,Johnson,True,organization_admin,,True,Breaching confidentiality agreements,2024-04-09 21:45:40
P370I,oball,michelle79@example.com,+A)p@lWl3RiE,Ashley,Turner,True,nacb_admin,,False,,2024-03-04 16:37:23
U371K,lhernandez,porterdylan@example.net,_2RAFsU&&kru,Steven,Russo,True,user_professional,,False,,2024-03-30 20:25:53
P371E,erika70,amber24@example.net,N@qR$)h_)F63,Ronald,Wilson,True,organization_admin,,False,,2024-03-13 22:32:19
U372U,hunterjackson,baileyadam@example.net,k1RzMBtq)eLq,Cheryl,Hernandez,False,system_admin,,False,,2024-07-02 10:57:22
P372T,jackielewis,lisastevens@example.org,0o+Z_K6W(DKm,Philip,Gill,True,nacb_staff,,False,,2024-07-03 02:26:12
U373L,frances41,heather78@example.org,1G$*jbe+ET9H,Susan,Martin,True,organization_admin,25.0,False,,2024-04-17 06:09:25
P373L,phillip48,garciakristopher@example.net,a8L*Dxr4(AJR,Michael,Grant,True,organization_member,17.0,False,,2024-02-25 20:31:45
U374S,agarcia,fsnyder@example.net,n+pcCiMTED2(,Megan,Bond,False,system_admin,,False,,2024-03-03 14:06:42
P374M,greenroberta,jonathan32@example.net,OQ$eBob8+_6U,Rebecca,Pope,False,organization_admin,94.0,False,,2024-07-09 00:14:41
U375B,umurphy,ingramcarlos@example.org,0VQf7QKg^@$a,Debbie,Gates,True,nacb_staff,,False,,2024-02-04 09:55:00
P375N,baldwinchristopher,porterjacqueline@example.org,!2d2#%KuwB!j,Adam,Zimmerman,False,user_professional,,True,Account reported by multiple users,2024-01-25 09:46:57
U376B,coxsteven,stricklandzachary@example.org,#1VxtXRb119g,Christian,Garza,False,organization_member,,True,Use of prohibited software or bots,2024-05-12 17:58:34
P376H,trandaniel,fbailey@example.org,*Uwt7VRqvUY^,Julian,Lewis,False,organization_member,,False,,2024-03-10 17:27:22
U377C,odavis,stephenschristina@example.org,h4N_mESD!Ck_,Michelle,Lambert,True,organization_admin,17.0,False,,2024-02-23 17:22:15
P377Y,obrienluis,adamskerri@example.com,$KhMx!Ebk7!b,Larry,Foster,True,user_professional,86.0,True,Suspicious activity detected,2024-04-14 11:31:07
U378E,wlucas,laura82@example.com,Ugq8V26F^VQH,Walter,Reid,True,system_admin,74.0,False,,2024-05-28 03:50:28
P378O,georgeedward,james71@example.com,+J7zlBQmVH@Q,Laurie,Salazar,False,organization_member,75.0,False,,2024-04-16 04:12:54
U379V,piercesherri,mwalter@example.org,A@ZO70X4Eqy&,Jessica,Vargas,True,user_professional,78.0,False,,2024-03-01 13:08:12
P379G,steven03,anthony29@example.org,+vpf6Z+zzbZ6,Krystal,Maynard,True,system_admin,42.0,False,,2024-06-28 03:50:22
U380S,marshjeanette,frank26@example.com,^+O_8H_PczRx,Sherri,Berry,False,user_professional,,False,,2024-02-08 15:10:57
P380C,alexanderstrickland,michaelmoore@example.net,x(oV358Vc4@#,Michael,Sanford,False,nacb_staff,,False,,2024-01-18 06:27:03
U381R,ashleewilliams,steveholmes@example.org,D@6kpSDm(xw9,Kelsey,Smith,True,nacb_admin,,True,Security policy violation,2024-03-27 06:51:48
P381K,danny14,samueltaylor@example.net,*tROnzbBFt1a,Joseph,Holden,True,organization_member,,False,,2024-03-10 06:05:32
U382P,heidi91,vancebeverly@example.net,z_W&w4tWoS7N,James,Garcia,True,organization_member,70.0,False,,2024-02-10 15:12:20
P382M,toddwall,jwilson@example.com,V%1TdTe7hs%W,Benjamin,Moore,True,nacb_admin,,False,,2024-07-22 16:09:47
U383I,martinpeter,xcooper@example.org,%KwqImlyT5)U,John,Grant,True,user_professional,,False,,2024-01-07 08:48:18
P383L,johnsonbarbara,wanda35@example.com,aG%!3RQd0F+F,Suzanne,Larson,False,system_admin,31.0,False,,2024-06-26 19:41:42
U384W,pughtamara,bjacobson@example.org,n9Bgez*7(QBd,Amber,Peterson,False,organization_member,91.0,False,,2024-02-13 21:30:30
P384O,othomas,xsmith@example.org,3ynZPQfrY*@4,Nathan,Davis,True,nacb_staff,,False,,2024-02-03 22:15:41
U385M,tperkins,robinsonjessica@example.org,H#H2bpyXPe4l,Christine,Martinez,False,organization_member,5.0,False,,2024-02-06 14:36:26
P385R,ejensen,adamrich@example.org,7sqs+2fj!6Wi,Joseph,Hicks,True,organization_admin,,False,,2024-03-01 10:55:28
U386O,vmalone,jeremy69@example.net,trVZ6a^P$K9O,Christopher,Bennett,False,organization_member,32.0,False,,2024-04-29 07:53:30
P386C,logancatherine,richardsmelissa@example.org,Q%DS%STpv$51,Richard,Weeks,False,organization_member,,False,,2024-04-07 08:23:54
U387I,kristencaldwell,vwilliams@example.org,*eRFVBe1(Y6o,Michael,Davidson,False,nacb_admin,,False,,2024-06-22 14:01:49
P387I,ihowe,farmersamantha@example.net,^rTju@*l@4f5,Suzanne,Bond,False,organization_member,,False,,2024-01-09 09:36:59
U388H,nicholas56,georgechristopher@example.com,1ytVY7C%2@0l,Brandy,Hart,False,organization_member,95.0,False,,2024-04-22 13:59:06
P388P,welchjulia,rking@example.org,373r)D$cOJ(f,Amber,Ross,True,user_professional,58.0,False,,2024-06-21 08:54:09
U389Q,johncunningham,chase29@example.com,G9CWJWilp_3K,John,Walker,True,organization_admin,72.0,False,,2024-03-31 14:27:13
P389R,joseph32,rodriguezjesus@example.org,qPSe$3RdLlyX,Carl,Harris,True,organization_member,73.0,False,,2024-02-10 06:13:57
U390T,janet63,austin18@example.com,_peZC2+d23(1,Ashley,Harvey,True,system_admin,24.0,False,,2024-02-17 01:40:04
P390T,mooncheryl,jacksonjohn@example.org,e^$@3Czgj!68,Matthew,Potts,False,user_professional,,False,,2024-03-01 20:16:47
U391V,codyhess,jessicamyers@example.com,gQ(l(@6o33VQ,Rebekah,Jones,False,user_professional,53.0,False,,2024-02-06 14:36:06
P391U,yangsamantha,rebecca51@example.com,_1DiwAzA8utP,Tami,Thompson,False,organization_member,,False,,2024-03-22 02:46:05
U392U,qgarcia,ajones@example.org,9YlA0Q$aa)3B,Natasha,Lindsey,False,nacb_staff,,False,,2024-02-01 19:08:55
P392D,mmartin,awarren@example.com,V+oGq8W@en)s,Jennifer,Hurst,True,user_professional,23.0,False,,2024-06-15 13:19:57
U393X,lauraramos,frank68@example.net,Z$P#H(v8XI0F,Norman,Mcdaniel,True,organization_member,57.0,False,,2024-06-24 14:43:15
P393T,avazquez,craigfitzpatrick@example.com,*BnaYUhk5l1y,Brendan,Taylor,True,organization_member,,False,,2024-05-11 04:09:40
U394V,ericaaguilar,larry59@example.org,2yLJp^zs$7vR,Kevin,Graham,True,user_professional,,True,Misrepresentation of identity,2024-06-05 01:34:39
P394X,matthewadams,epalmer@example.org,@tO6U#JiZ*sC,Daniel,Lee,False,organization_admin,21.0,False,,2024-01-11 21:53:03
U395Y,dominicklein,wesleybaxter@example.org,!7_k7MzxVG$Z,Christopher,Wilson,False,organization_member,,True,Suspicious activity detected,2024-01-29 03:35:31
P395B,vmcneil,nsmith@example.org,(N5cGeiz*8QU,Walter,Rhodes,True,organization_member,,False,,2024-01-21 23:22:39
U396V,timothyking,debra56@example.com,F+iBHcgd6v8E,Cassandra,Adams,True,nacb_staff,92.0,False,,2024-02-17 13:40:07
P396M,wrightelizabeth,wknight@example.com,^x9A1S7Ok16K,Antonio,Wang,False,user_professional,77.0,False,,2024-03-24 07:39:26
U397K,parkerdaniel,halllauren@example.net,C#B%$JM%+i2s,Steven,Smith,False,organization_member,23.0,False,,2024-01-15 02:44:08
P397F,cnelson,gbrock@example.org,Fj8Lc5kmP#A0,Wesley,Jackson,False,user_professional,,False,,2024-07-17 22:25:32
U398P,johnny00,vneal@example.com,%b8XZdrbWJPe,Hector,Dean,True,organization_admin,70.0,False,,2024-03-14 02:14:02
P398R,larry65,ryanrowe@example.com,^sGHx9niE_5_,Oscar,Moyer,True,nacb_staff,,False,,2024-02-05 05:17:40
U399P,kellyanne,lorraine51@example.com,K^*!RCKnKK8q,Kevin,Adams,False,nacb_staff,,True,Violation of terms of service,2024-02-10 15:29:28
P399Z,danielhammond,rebeccasmith@example.com,weeu2KVe#5mt,Travis,Wade,False,organization_member,,False,,2024-05-29 11:32:52
U400U,kevin47,mckenzie53@example.com,kGg+&5Nirw5n,Maurice,Logan,False,user_professional,,False,,2024-02-16 02:44:10
P400A,christopherjackson,delgadojessica@example.net,&1Yh^aYtOSu3,Geoffrey,Bell,False,organization_member,,False,,2024-06-16 18:39:23
U401R,adam35,lawrencefranklin@example.org,@@rC$8#l+l0C,Christy,Garcia,False,nacb_staff,36.0,False,,2024-03-10 10:39:14
P401M,akennedy,rachel61@example.com,$@63SrjT#aBq,Spencer,Weeks,False,organization_admin,62.0,False,,2024-04-26 15:21:36
U402S,john80,smithdebra@example.com,!z9ar7Fe$0*l,Valerie,Lambert,True,organization_admin,,False,,2024-04-06 11:09:47
P402A,kari20,nicole69@example.com,#%)kpZ#vSO56,Micheal,White,False,organization_member,,False,,2024-06-18 11:17:42
U403K,cynthialewis,goliver@example.com,*)NZa$RP308u,Lauren,Wilson,False,nacb_staff,41.0,False,,2024-01-28 08:37:01
P403G,reyesamanda,larryferrell@example.org,5%7Oe+Cpvg2q,Todd,Gilmore,False,user_professional,,False,,2024-03-14 09:27:41
U404H,mark38,melanie53@example.org,9fWL8OrRU(!s,Cole,Tran,True,user_professional,17.0,False,,2024-06-18 15:09:38
P404G,william14,ydelgado@example.org,^UOk41OiTGj7,Carol,James,True,organization_admin,,False,,2024-03-22 04:18:34
U405C,heatherwilson,xlittle@example.net,_8OVr$3PFjym,Diane,Gregory,True,nacb_staff,72.0,False,,2024-06-05 03:46:51
P405L,iclements,carolfigueroa@example.com,Ik0!C!Iaj+SU,Jessica,Massey,True,organization_member,25.0,False,,2024-07-02 19:02:33
U406B,pollarddavid,estesjason@example.net,$*E$%5H87hBy,Troy,Garrison,True,nacb_staff,,False,,2024-07-09 21:03:07
P406F,kimberly34,karen98@example.com,0&fDqnxw^n4V,Andrew,Mendez,False,organization_member,14.0,False,,2024-01-07 10:09:24
U407N,dustinlopez,hickspamela@example.net,Lg0XYR6uL(z5,Mary,Garrison,False,nacb_staff,1.0,False,,2024-05-22 07:11:32
P407Q,michael00,maxwelljesse@example.net,kH)7^JSiS#i2,Anthony,Wilson,False,organization_member,,True,Breaching confidentiality agreements,2024-01-03 08:09:59
U408X,dawn27,zwatkins@example.com,y*#_0gLh^7+3,Alan,Mckee,False,nacb_admin,43.0,False,,2024-06-28 14:40:42
P408F,jessica66,lisaodom@example.com,(7DDsqx(Nl6d,Phillip,Roberts,False,nacb_staff,40.0,False,,2024-05-11 07:59:06
U409S,stephenallen,mcleandavid@example.org,vsIlM+ql)7Z5,Ashley,Collins,True,user_professional,,False,,2024-07-06 09:19:52
P409U,ronald40,michael72@example.org,QV2Mrzy)(+A3,Benjamin,Shaw,True,user_professional,78.0,False,,2024-01-20 13:51:25
U410J,obrienjason,zkeith@example.com,#^32KkMqb2lB,Nicole,Jones,False,organization_member,,False,,2024-05-29 11:00:02
P410Q,jenniferthomas,todd42@example.com,)_G)4Fcny)Hq,Thomas,Walters,True,user_professional,16.0,False,,2024-07-23 06:24:47
U411F,davidhull,collinsstacy@example.net,&0DA8ObrNgy_,Olivia,Jimenez,True,user_professional,56.0,True,Inappropriate content posted,2024-06-26 20:05:06
P411J,allenjared,pmay@example.net,f#5w^Tdk!SB*,Amy,Rivas,True,nacb_staff,49.0,False,,2024-03-20 09:09:02
U412X,hwhite,ogarrett@example.net,%5Ing#fT1k4G,Frank,Kerr,False,nacb_admin,96.0,False,,2024-06-05 14:35:46
P412S,kleinsusan,gabrielacosta@example.com,U+zDw$u@_3OF,Jeffery,Wilson,False,nacb_staff,51.0,False,,2024-05-12 04:54:04
U413H,raymondchapman,smills@example.com,2H!KBE#g#BX#,Robin,Wong,False,organization_member,61.0,False,,2024-05-05 09:59:11
P413W,brandon98,melody03@example.com,Jr4XKRfG9^G_,Joshua,Hampton,False,user_professional,21.0,False,,2024-03-14 14:34:07
U414V,justintaylor,robertcastro@example.net,5_OSoDil_28$,Daniel,Owens,False,nacb_staff,90.0,False,,2024-03-26 17:15:14
P414J,brandon66,baileyjustin@example.org,9ZXGqiwc!6wI,Jeffrey,Rowland,False,organization_member,57.0,False,,2024-05-12 01:39:07
U415E,john14,kwarren@example.net,%#5+p#QdPDr_,Kevin,Castro,False,organization_admin,,False,,2024-03-04 05:19:05
P415A,ashleyfranklin,victoria92@example.org,nFyNw46E75j%,Patty,Maxwell,False,nacb_staff,88.0,False,,2024-03-24 16:06:05
U416F,kathleen54,tknox@example.net,7j7cZeda(r1Q,Debra,Wheeler,True,organization_member,80.0,True,Non-payment of subscription fees,2024-05-09 02:46:27
P416C,shannon77,lsmith@example.com,zguv*yYfo*17,David,Herring,True,nacb_staff,39.0,False,,2024-06-09 18:46:48
U417U,jenniferwalls,mikefreeman@example.net,F@y&3Xa4RB+!,Gary,Powell,True,nacb_staff,21.0,False,,2024-07-19 06:15:40
P417H,hicksantonio,jonesmichelle@example.net,)&5IFghaD+8U,Stacy,Mcbride,False,nacb_staff,,False,,2024-07-09 08:43:24
U418P,kelly94,laura02@example.net,!!7AztYrzP!(,Peter,Bauer,True,nacb_admin,21.0,False,,2024-01-31 14:08:45
P418F,stephanieking,ryan14@example.net,9dmpvI*N@MO%,Joseph,Calhoun,True,organization_admin,,False,,2024-01-17 09:23:10
U419F,rachelbaker,masondebra@example.net,eGe2IXdRJ!Fc,Dustin,Singleton,True,user_professional,88.0,False,,2024-06-18 14:14:14
P419C,marquezsara,jamesstephanie@example.org,Q^!3H(UO7uwG,Carolyn,Chaney,True,user_professional,27.0,False,,2024-07-08 18:39:06
U420B,keithlindsey,trevinoeric@example.org,QE8CcMCg&3uq,Todd,Meyers,True,user_professional,62.0,False,,2024-02-12 07:42:56
P420Y,bookernicole,hsmith@example.com,H*Y)dWZw*1Kn,Thomas,Maldonado,True,nacb_staff,,False,,2024-03-23 15:12:38
U421Z,alogan,mosstyler@example.com,e2w1Xa_k!(RS,Evan,Estrada,False,organization_member,,False,,2024-01-23 00:59:24
P421R,andrejordan,moorestephanie@example.net,mg@2Zj(RZ^kE,James,Williamson,True,system_admin,,False,,2024-04-19 09:14:36
U422W,carrsusan,padillatara@example.com,IIGvF%hy$83g,William,Ford,True,nacb_staff,52.0,False,,2024-01-17 02:31:12
P422I,troy99,micheleellis@example.org,uh#38No+z6YS,Paul,Parker,True,organization_member,,False,,2024-06-13 13:16:07
U423X,rfoster,dchristensen@example.net,txW)SGxks6)6,Erika,Harvey,True,user_professional,35.0,False,,2024-04-17 03:45:58
P423Y,stonejason,timothypowell@example.net,r8*X5A04iXEh,John,Williams,True,nacb_admin,27.0,False,,2024-02-26 09:12:04
U424I,teresacampos,dillonadams@example.com,fdU4YScF(^S@,Matthew,Rios,False,user_professional,,False,,2024-05-05 08:05:18
P424V,morrisbrian,robert41@example.org,xq*9Z7fxsS35,Charles,Robertson,True,organization_member,,True,Multiple failed login attempts,2024-05-25 08:20:01
U425Y,nhunter,kaisernorma@example.org,&Q2fEXc@@6oT,Norma,Herrera,True,user_professional,,False,,2024-06-02 15:49:26
P425O,dgreen,brittany63@example.org,@drEIC9c5xl*,Danielle,Stevens,False,nacb_admin,92.0,True,Spamming or abusive behavior,2024-03-07 04:08:27
U426B,betty64,charles63@example.com,JmB%28Lt%JFM,Alicia,Johnson,False,user_professional,61.0,False,,2024-07-22 10:54:21
P426A,annaschmidt,ashley06@example.org,!b0JVHli7KFS,Dalton,Frye,False,nacb_staff,28.0,False,,2024-01-28 03:32:49
U427F,fullerjessica,charles14@example.com,t)Lz0t0bIO1v,Mandy,Reed,False,user_professional,,False,,2024-06-10 07:12:41
P427R,smithkenneth,smallemily@example.org,FCJ1fbUw$9Nl,Jeffrey,Woods,True,user_professional,,True,Fraudulent transactions detected,2024-07-14 18:52:53
U428Q,roytucker,gspencer@example.com,032ORh2k(561,Philip,Howell,False,nacb_admin,,True,Breaching confidentiality agreements,2024-03-19 22:48:41
P428S,juliaarcher,lisafoster@example.net,nl6E&7(l##m8,Sharon,Anderson,False,user_professional,,False,,2024-07-24 14:35:01
U429Y,richard22,moraleszachary@example.com,!#eFV8xi0H1h,John,Green,True,organization_member,80.0,False,,2024-02-23 11:16:50
P429B,upark,ogriffin@example.org,aoxrIA$p5#Q0,Tracy,Klein,True,user_professional,32.0,False,,2024-04-05 16:30:52
U430P,hannahdixon,ann61@example.com,!*9_YArxsy6E,Shelby,Page,True,nacb_admin,36.0,False,,2024-05-30 17:44:56
P430X,tyler68,erica29@example.net,45IY!vil)hVm,Alyssa,Gray,False,user_professional,54.0,False,,2024-07-06 18:20:07
U431P,deanna70,adamduncan@example.net,%6Ge+nye3EH*,Catherine,Coleman,False,user_professional,,True,Unauthorized access attempts,2024-01-17 21:47:00
P431S,perezmichael,nelsonlinda@example.com,0*U)p$!_@3DG,Sarah,Hunt,True,user_professional,,False,,2024-04-18 04:38:45
U432K,harrisonleonard,daisyknight@example.com,&2!2xC)l7gLG,Christopher,Henry,False,organization_member,56.0,False,,2024-01-14 02:11:34
P432A,fross,robinsonjim@example.com,Kf3QeRCM_1#E,Alexander,Anderson,False,user_professional,51.0,False,,2024-01-23 10:26:02
U433D,debra04,gibbsdaniel@example.net,yVs8BLid(%@S,Robert,Gomez,True,nacb_admin,73.0,True,Use of prohibited software or bots,2024-05-28 05:22:44
P433H,brownerik,nsmith@example.com,vR1ELW^c_iLQ,Stephanie,Daniels,True,organization_member,6.0,False,,2024-02-27 20:24:51
U434Y,fcochran,browncarol@example.net,ed91DFzV(jRW,Yvonne,White,False,user_professional,,False,,2024-06-10 05:20:09
P434I,eperry,hillrachel@example.net,X(4ALZtPD8jT,Kimberly,Stephens,True,organization_member,87.0,False,,2024-03-29 09:32:11
U435U,anoble,drussell@example.com,*1Xk#24FDIY4,Chad,Conner,True,user_professional,,False,,2024-01-22 09:42:46
P435A,jessica26,shelley23@example.com,Z_4$sejMSZcH,Alexander,Williams,False,organization_member,,False,,2024-07-15 15:29:55
U436Z,asimmons,stevenschwartz@example.net,h1OqrPW+!5kP,Jason,Sexton,True,user_professional,,True,Unauthorized access attempts,2024-03-10 12:10:13
P436C,zhernandez,jessicamaldonado@example.org,+eHzmKYu8kKo,James,Morris,True,nacb_staff,,False,,2024-04-20 15:01:00
U437R,jimenezsamuel,grant80@example.net,9trEkamfady!,Eric,Walker,False,organization_admin,60.0,False,,2024-07-05 20:02:27
P437E,doylejacqueline,patrick00@example.com,(o3zpl+CmD3J,Robin,Massey,False,user_professional,,False,,2024-05-20 15:02:24
U438R,nataliefernandez,dvelasquez@example.org,@*F2)1cgP4$t,Jason,Ruiz,True,user_professional,85.0,False,,2024-01-23 21:37:29
P438P,fuentesjennifer,bullockbenjamin@example.com,bM65ZTaev_(J,John,Navarro,True,nacb_admin,13.0,False,,2024-04-26 00:08:49
U439H,christopherconner,bwalker@example.org,Mh+4Wwbu!D6Y,Noah,Moon,True,nacb_admin,97.0,False,,2024-06-20 14:15:32
P439Q,christopher57,qgarcia@example.net,)5^d^QBmm0G2,Samantha,Russell,False,user_professional,68.0,False,,2024-01-21 17:53:55
U440P,lauramcdonald,mjones@example.net,4sBlg#9pvd!$,Garrett,Thompson,False,organization_member,,False,,2024-02-12 20:21:01
P440G,eric51,lindafarrell@example.net,+D4TaUcYU#13,Michelle,Hall,False,organization_member,11.0,False,,2024-05-18 04:50:48
U441R,watsonannette,seanmartinez@example.com,^bayowl04_ZF,Gregory,Sanders,True,user_professional,63.0,False,,2024-02-03 09:50:34
P441M,anthonysmith,ryancrawford@example.com,!4JxbuXMHC6$,Teresa,Hunter,True,organization_member,,False,,2024-05-15 10:16:01
U442Q,psantiago,nmurillo@example.org,eFkwtQpiT6Y&,Amy,Frederick,False,organization_member,90.0,False,,2024-01-30 23:21:18
P442X,richard37,nicholsonscott@example.net,+d&O2HFmb4KV,Lisa,Perkins,True,user_professional,,False,,2024-03-25 22:38:05
U443T,erin40,michellepatel@example.org,Q%fjQ*Zc07@7,Logan,Cowan,True,organization_member,,False,,2024-03-02 11:30:54
P443H,aguilarzachary,danamendoza@example.net,!6Q9+deCmO4c,Ashley,Smith,True,organization_admin,97.0,False,,2024-05-05 10:02:07
U444F,tiffany71,vcruz@example.org,!4fMd9wkyLK7,Elizabeth,Martin,False,organization_member,87.0,False,,2024-05-10 11:23:28
P444F,gwheeler,kylekaufman@example.org,RM71XlSLV$g(,Kimberly,Black,True,organization_admin,,False,,2024-05-07 18:32:57
U445W,foleygeorge,keysteven@example.org,3tzZAw^f^8CJ,Jacob,Bell,False,organization_member,97.0,False,,2024-04-13 03:07:12
P445D,hlove,deannacruz@example.com,8FPvF@eBz%5h,Traci,Shepherd,True,system_admin,12.0,True,Use of prohibited software or bots,2024-05-09 03:17:33
U446F,yreid,joanna04@example.org,7N7F8#Nyks_3,Kimberly,Andrews,True,organization_member,30.0,False,,2024-07-19 08:30:38
P446M,jefferymarquez,amygordon@example.com,_+GOTfabg92E,Carrie,Francis,False,nacb_staff,,False,,2024-06-29 15:40:20
U447Q,kristensweeney,michelle00@example.com,^)IITO1i%+0j,Michelle,Riggs,False,organization_member,30.0,False,,2024-02-14 06:59:35
P447P,eric42,virginia62@example.com,hJxO)Df4id%4,Jamie,Harris,False,user_professional,90.0,False,,2024-05-14 09:19:25
U448X,hunterkristina,samanthahoward@example.com,^0M8$nie^zzq,Eric,Atkins,False,organization_member,78.0,False,,2024-01-07 02:15:41
P448C,jroach,sparksjason@example.com,!uGGpbaH5T+(,Wanda,Guzman,False,user_professional,3.0,False,,2024-03-05 00:38:24
U449B,nunezjoseph,natalie48@example.com,)8Z@ZWMU*bOu,Scott,Johnson,False,user_professional,40.0,True,Use of prohibited software or bots,2024-06-24 22:59:09
P449Y,beverly17,tuckerelizabeth@example.net,zUjbnJSB#3GY,Emily,Brown,True,nacb_staff,67.0,False,,2024-02-11 01:32:55
U450C,feliciaadams,meganbarnett@example.org,lY%iO&gwcI27,Timothy,David,True,organization_member,62.0,False,,2024-02-05 21:48:16
P450K,shawnbridges,adavis@example.com,b1X+9(uy(3WA,Whitney,Robinson,False,system_admin,,False,,2024-03-16 06:42:54
U451W,weberalejandra,thompsonchelsea@example.org,B5c#&U9n2ysJ,Melissa,Baker,True,organization_admin,71.0,False,,2024-04-28 04:33:05
P451L,dickersonmelissa,cassandra19@example.net,c20uZnmc@ZaP,Christina,Murray,False,user_professional,59.0,False,,2024-02-11 15:15:06
U452N,reillystephanie,phillipsjames@example.org,Sf5&%YrH($wK,Natalie,David,True,organization_member,98.0,False,,2024-06-05 02:23:02
P452M,mwagner,gmccarthy@example.org,3GKERxWKp(1n,Sabrina,Mills,False,system_admin,37.0,False,,2024-02-26 09:55:47
U453P,lisa01,eking@example.org,%pdvrJErc10t,Lisa,Harris,True,organization_member,,False,,2024-07-13 11:55:53
P453D,jessicalee,caseykatelyn@example.net,48i^VEHmCLjN,Emma,Lam,True,nacb_staff,,True,Harassment of other users,2024-03-20 06:07:23
U454J,smithrebecca,jonesalicia@example.com,No5wQLi2+zbK,James,Chavez,False,nacb_staff,,False,,2024-07-08 08:43:00
P454T,robert54,luis23@example.org,P+6KTfo40^E0,Joseph,Peck,True,organization_member,,False,,2024-01-22 10:31:41
U455K,natalielawson,erichudson@example.net,(VbXZH%xPLj8,Joseph,Gonzales,True,user_professional,,False,,2024-05-16 08:19:35
P455K,bellrobert,krobinson@example.net,QXN5$NdY^1)u,Marcus,Williams,False,user_professional,36.0,False,,2024-01-16 06:13:11
U456N,melissa72,michaelperkins@example.com,#0!)zghjCV4N,Jordan,Conway,False,user_professional,36.0,False,,2024-01-30 18:06:02
P456X,teresamiller,olsenmartin@example.net,x78_+ltwd5KO,Monique,Clark,False,nacb_staff,89.0,False,,2024-07-09 17:46:50
U457W,iwatson,gzamora@example.org,g!1FE4zm5zCb,Monica,Mcdowell,True,user_professional,77.0,True,Misrepresentation of identity,2024-05-06 06:24:05
P457O,smithjoseph,palmerjames@example.net,@23rJWf#GK3L,Kathleen,Rose,False,system_admin,,False,,2024-04-30 09:08:07
U458B,rebeccachavez,justin21@example.org,pECtFw*3)5NL,Richard,Barnett,False,organization_admin,,False,,2024-05-20 22:44:27
P458Y,david50,charlotte83@example.net,A$KVrGChtaK4,Gregory,Hudson,True,nacb_staff,91.0,False,,2024-06-09 04:40:39
U459P,sean04,kimberly37@example.org,s1Q1UDtgZ*Gc,Madison,Cantrell,True,user_professional,,False,,2024-02-19 05:33:01
P459P,clarktiffany,jose76@example.com,10c_9a^w&fhZ,Robert,Smith,True,nacb_staff,,False,,2024-03-28 03:52:27
U460Q,edwardspamela,nelsonmaria@example.com,!oiwAt4LAu3y,Jeffrey,Mccoy,False,nacb_admin,,False,,2024-06-10 16:53:35
P460T,melissahiggins,barberjeffrey@example.com,#zzQy&gv8mFM,Jason,Sandoval,False,organization_admin,3.0,False,,2024-05-01 03:21:59
U461C,maryhoward,mallorynguyen@example.org,+0RyLG%#vhSb,Jesus,Martin,True,user_professional,,False,,2024-01-26 18:48:06
P461F,hayneschristopher,heatherwilliams@example.com,r9kKoK_s*7_^,Marcia,Reyes,True,organization_member,,False,,2024-01-26 03:00:36
U462R,lisawhite,christophersparks@example.net,A3P3HEgp!lKe,Robert,Adams,True,organization_member,,False,,2024-02-09 12:29:17
P462J,michael77,leachlaura@example.net,)v$HjFL#$x2%,Brian,Jones,False,nacb_admin,,False,,2024-06-13 15:55:51
U463O,wmoore,beantara@example.net,sHXPuKjzP)4N,Jessica,Cook,True,nacb_staff,,False,,2024-02-05 02:43:23
P463X,cruzjoyce,josephmata@example.com,)S9XxBXn6Wcf,Marcus,Nicholson,True,user_professional,26.0,False,,2024-05-16 09:50:47
U464A,uharris,rcollier@example.org,!8*7HwCiwwAv,Samantha,Kirby,True,user_professional,13.0,False,,2024-06-02 06:34:30
P464R,timothyross,onealtaylor@example.net,%F)bWuxFJ5sQ,Nancy,Williams,False,user_professional,26.0,False,,2024-07-07 07:13:41
U465D,ohardy,caldwellkevin@example.com,OH8_HSs(k$V+,Sarah,Dalton,False,nacb_staff,34.0,False,,2024-05-23 17:56:52
P465I,robert19,mollymarshall@example.org,WGp(r9E6r9UV,Kevin,Stout,True,user_professional,,False,,2024-05-01 15:12:50
U466E,oliviadixon,jeremiahwillis@example.com,R!FZQTye4!D5,Jessica,Wilson,False,organization_member,11.0,False,,2024-05-18 05:24:14
P466A,nschneider,mary06@example.net,+bnWw_ty2f4f,Amanda,Powell,False,user_professional,,False,,2024-01-23 03:50:42
U467Y,wmccann,hoodchristina@example.com,$Dies5l4k0jI,Robert,Brown,False,organization_member,,False,,2024-04-11 17:26:10
P467D,aaron50,garciafelicia@example.org,%RC73XfmrioM,Megan,Scott,False,user_professional,4.0,False,,2024-02-08 22:28:02
U468Z,jackson03,timothy96@example.org,$7H!TUpK14pV,Ethan,Johnson,False,organization_member,4.0,False,,2024-02-10 03:55:46
P468B,wilsonchristopher,zacharyadams@example.com,FjR6OZ8B)nNu,Emily,Jones,False,user_professional,,False,,2024-06-13 17:27:13
U469F,heather49,millerrichard@example.com,*9YljSHhuOYQ,Erica,Olson,False,organization_member,27.0,False,,2024-01-12 05:41:11
P469Z,davidjones,fallen@example.org,^M+z8AOdAd2Y,Heidi,Williams,False,nacb_admin,81.0,False,,2024-04-16 07:11:38
U470B,elizabethbrown,stephanieanderson@example.net,(dpIE^8BU8US,Crystal,Glover,True,user_professional,,False,,2024-05-22 20:52:57
P470Q,egonzalez,patelrachel@example.net,%J4hyoULJOvB,Diane,Jones,False,organization_admin,33.0,False,,2024-02-18 15:40:56
U471V,john09,davisfrank@example.net,(9@Lt5Z&MOi#,Colin,Hayes,True,nacb_staff,77.0,False,,2024-06-18 16:06:04
P471R,daviscolin,juliebennett@example.net,b12s3DpD#toV,Brian,Kelly,True,user_professional,,False,,2024-07-05 05:15:48
U472P,lisamoyer,jenniferrivera@example.com,&A#97JGwV(tl,Bryan,Bradley,True,organization_member,5.0,True,Non-payment of subscription fees,2024-01-14 07:59:12
P472D,matthew93,plewis@example.org,rdn7K!H0E)Vn,Gregory,Wilson,True,nacb_staff,2.0,False,,2024-06-09 05:13:09
U473D,rhonda72,ofernandez@example.net,*w3(qdIgL@yV,Tracy,Mcmillan,False,organization_member,67.0,False,,2024-01-10 04:47:00
P473X,joshua60,wblanchard@example.net,*L)6OU@vIdEj,Michael,James,True,organization_admin,,False,,2024-01-27 06:16:21
U474V,zachary95,daniellegreen@example.net,Vw)kFx2(bVa8,Frances,Nelson,True,organization_member,,True,Account reported by multiple users,2024-01-26 11:38:28
P474H,gmonroe,justinrobinson@example.net,)W92l85rJ1T(,Andrea,Juarez,True,nacb_admin,,False,,2024-07-05 08:38:40
U475A,tony71,mchavez@example.org,2YA1dZ%a&46g,Eric,Mccarty,True,user_professional,,False,,2024-07-11 21:40:16
P475A,samuel47,kevin12@example.net,!wWEgqNzA2iw,Theresa,Welch,True,user_professional,,False,,2024-02-11 20:39:08
U476Q,bholland,brooksmatthew@example.com,+48JvZh3T4gF,Gina,Moore,False,organization_member,6.0,False,,2024-07-21 20:20:23
P476M,heather03,parkerjasmine@example.com,VS_uGKa03%!8,Andrea,Jennings,False,organization_member,,False,,2024-07-17 22:32:58
U477S,maytravis,kevin65@example.net,9QadP7PB@EIc,Ashley,Sandoval,True,organization_member,,False,,2024-03-06 01:02:38
P477F,ricardofrost,schaeferstephanie@example.org,_h0FS_2mh907,Dawn,Navarro,False,organization_admin,72.0,False,,2024-03-11 09:16:23
U478I,crystalpoole,lisa25@example.org,*a3I_Fnd+u$m,Erica,Murphy,True,nacb_staff,95.0,False,,2024-06-10 09:23:07
P478A,sboyd,patriciacarter@example.com,vJ0@d1ukVakU,Joseph,Weaver,False,organization_admin,,False,,2024-02-14 07:33:51
U479P,jonesbrittany,richardsonsarah@example.com,ixYn8V*o_5U5,Nicholas,Aguirre,False,user_professional,,False,,2024-04-30 03:06:16
P479Z,kathryn85,vwoodard@example.net,!Wxlu!NVF0Xq,Summer,Campbell,False,user_professional,90.0,False,,2024-01-23 16:21:46
U480J,paulgreen,jward@example.com,_4Aq+5e@@4CX,Hannah,Warren,False,user_professional,,False,,2024-02-12 10:20:42
P480A,lindabarr,smithmegan@example.com,A&8Dwomr(JGN,Sara,Rodriguez,True,nacb_staff,,False,,2024-06-01 10:34:52
U481U,ekennedy,garymcdonald@example.net,RoWAQ%gd04j$,Cassandra,Cantrell,False,organization_member,47.0,False,,2024-05-18 08:32:21
P481T,rogerjohnson,luislee@example.org,^0hZ&lem^oSs,Melanie,Freeman,True,organization_member,,True,Inappropriate content posted,2024-02-27 13:55:16
U482U,dillonalvarez,mikelucas@example.net,5GcVHAd!FgY%,Mary,Hicks,True,organization_member,75.0,False,,2024-05-14 08:26:34
P482X,obradshaw,ruizmelissa@example.net,)c0)iNaKCEdB,Stephanie,Alvarez,False,organization_member,,False,,2024-04-25 02:32:32
U483O,megan01,bill53@example.org,_6rOyTqu#*zb,William,Castro,True,organization_member,36.0,False,,2024-06-13 08:08:31
P483I,jonbowen,nsmith@example.org,(*hZsaKtI1r4,Marc,Jones,True,user_professional,22.0,False,,2024-03-17 12:22:24
U484E,whiteadam,tmonroe@example.com,!u39V8fKI%A8,Jose,Davis,True,organization_member,,False,,2024-01-19 11:52:05
P484Z,hmccoy,robert12@example.com,q&TGdL^mg79L,Benjamin,Horton,False,organization_member,12.0,False,,2024-03-18 06:19:59
U485B,nunezdanielle,zachary27@example.org,65Cg8o5h%Xf3,Elizabeth,Wilson,False,nacb_admin,1.0,False,,2024-05-06 03:39:01
P485T,lambertsummer,wallacemegan@example.com,Ll6qcGYk(0PT,Shelby,Francis,True,nacb_staff,93.0,False,,2024-01-10 00:04:25
U486R,michael27,justinsavage@example.net,05Z!STYjV6SG,Barbara,Brown,False,user_professional,,False,,2024-03-30 18:10:04
P486X,sjordan,shutchinson@example.com,jL)R&9Wa%0$+,John,Rodriguez,False,nacb_admin,43.0,False,,2024-03-03 05:22:39
U487W,shawnsmith,royburns@example.org,5cPVIIM6(6Kl,Sandra,Sanford,True,user_professional,81.0,False,,2024-03-10 13:32:56
P487F,shawnwest,iunderwood@example.net,@j0bBiiu%D1K,Sandra,Carrillo,False,organization_member,23.0,False,,2024-04-27 14:40:31
U488K,lmartin,judithsolis@example.com,DClKk5aB*K1(,Alexis,Hill,False,user_professional,27.0,True,Inappropriate content posted,2024-06-10 11:07:49
P488C,nathan08,lpatterson@example.org,H+7PkOH!tfN(,Donald,Walker,True,user_professional,75.0,False,,2024-07-22 13:10:51
U489T,kari66,tylerkathleen@example.org,)oR(b0F8g&7a,Amy,Jordan,True,user_professional,,False,,2024-07-03 23:54:41
P489I,awright,zmartinez@example.com,F%N_gBn@ib4F,Alfred,Morales,True,organization_member,53.0,False,,2024-02-24 01:29:51
U490P,clarkdavid,andre49@example.org,R3j0+Nur$z8w,Katrina,Graves,True,nacb_admin,17.0,False,,2024-04-04 18:40:23
P490N,mchurch,donaldhansen@example.net,*U)tX1BxPp!6,Patrick,Martin,False,organization_admin,,False,,2024-01-13 20:51:53
U491G,jenniferfigueroa,donnalee@example.net,cXH8LnmT*Iz!,Michelle,Davis,True,organization_admin,32.0,False,,2024-07-11 01:30:40
P491W,priscillamelton,sarah86@example.net,(g_4cvGmFK3V,James,Paul,True,organization_admin,,False,,2024-07-09 07:46:44
U492U,ndaniel,hperry@example.net,_z2_RC^*8XHS,Leroy,Anderson,False,organization_member,66.0,False,,2024-03-05 20:33:44
P492S,juliedickerson,wbowers@example.com,D_0dh8fg_^IX,Wanda,Sanchez,False,user_professional,41.0,False,,2024-05-25 11:16:51
U493Q,vthompson,michelle73@example.com,Rv01mP^%)3Dv,Heather,Herman,False,organization_member,45.0,False,,2024-07-13 03:55:34
P493X,richardcruz,ramseyadam@example.org,_J9GXdivr9VS,Gregory,Davis,True,user_professional,,False,,2024-06-21 07:29:42
U494D,devinsoto,millersydney@example.com,)V6zvTzu%$^R,Rachel,Cameron,True,organization_admin,,False,,2024-01-15 00:08:41
P494A,jacobscorey,douglashamilton@example.org,l%RqY5Ir@O&2,David,Ward,True,organization_member,,False,,2024-02-03 05:55:59
U495W,careyscott,kayla22@example.org,SK7*qMq9R%cU,Sheri,Lucas,False,user_professional,,False,,2024-05-10 11:19:02
P495Z,duffykenneth,davidvillanueva@example.org,_4WYN!S@xiRx,Amanda,Murray,True,nacb_staff,,True,Non-compliance with community guidelines,2024-05-04 20:33:39
U496Z,bonnievaughn,bradley47@example.org,#GB3JurPISj8,Regina,Lee,False,organization_admin,,False,,2024-05-16 04:19:14
P496H,hensleyamanda,brettfox@example.net,&2l#N6(co6QG,Valerie,Ruiz,False,organization_member,78.0,False,,2024-07-07 14:10:50
U497G,hmay,dyerpatricia@example.com,%4Xy&ug7@G*n,Pamela,Bass,True,organization_member,,False,,2024-06-16 17:38:33
P497C,caseyrobert,abaker@example.net,g)8eL(V7xfer,Lisa,Giles,True,nacb_staff,9.0,False,,2024-06-16 17:23:36
U498S,patrickmiller,glenn80@example.com,U10Uv7Kt!K*j,Ashley,Melton,False,nacb_staff,5.0,True,Fraudulent transactions detected,2024-02-23 07:15:08
P498U,martinezmonica,cobbandrew@example.com,D#1*20TiBsp1,Robert,Rubio,True,user_professional,,False,,2024-07-23 22:16:08
U499D,awhite,kevin18@example.net,AjaVoKlbK#u6,Ryan,Aguilar,False,nacb_admin,20.0,False,,2024-05-05 02:53:57
P499L,elizabethaustin,kristin51@example.org,@h3b!zLie7PP,Andre,Fox,True,user_professional,18.0,False,,2024-07-15 20:08:54
U500Z,estradachristine,jamesmendez@example.net,4vKAPqlC*48Z,Anthony,Bailey,True,organization_member,,False,,2024-04-15 02:35:32
P500M,jamesmiller,timothymedina@example.org,jHeTba%b^l36,Jamie,Pacheco,True,nacb_staff,90.0,True,Fraudulent transactions detected,2024-02-15 08:27:16
U501P,michaelmarshall,alexandra04@example.net,Ls#2pQlbdlVV,Todd,Orozco,False,organization_admin,,False,,2024-03-19 23:16:32
P501Z,ngarrett,spencerkristin@example.org,%7$1GxaWVx6g,Kristy,Ross,True,organization_admin,17.0,True,Suspicious activity detected,2024-06-15 03:27:17
U502B,cgraham,karen88@example.org,s#p2Yhj@mI@H,Robert,Santana,True,organization_member,44.0,False,,2024-05-10 03:02:06
P502V,greed,ialexander@example.com,Y%9NG3tp&_1F,Marissa,Farrell,False,nacb_admin,68.0,False,,2024-01-03 08:08:49
U503B,tara43,jennifer99@example.net,^r74XqwVo(s0,Patricia,Cherry,False,organization_member,41.0,False,,2024-01-30 06:15:34
P503F,mistydiaz,moseszachary@example.com,fDsv$2Dk_WH7,Rachel,Gibson,False,user_professional,,False,,2024-02-03 11:48:37
U504E,lbrooks,goldensarah@example.org,%W5Zr+t$#2Y4,Emily,Moore,True,organization_member,,False,,2024-01-26 18:27:47
P504X,nixonraven,heathernoble@example.org,^9I3&7iyRJEs,Rebecca,Long,False,user_professional,,False,,2024-02-22 23:40:43
U505E,jason40,catherinestephens@example.com,J+5M(uDirch*,Crystal,Long,False,system_admin,79.0,False,,2024-06-25 18:27:48
P505E,scott46,nicole02@example.org,#H&JwBvt954t,Jillian,Hoffman,False,nacb_staff,,False,,2024-07-16 16:14:02
U506Q,lorijones,nfranco@example.net,x_1K^eraTs5T,Jeremy,Miller,False,organization_admin,,False,,2024-07-12 06:37:26
P506S,amymorrison,christine74@example.com,f04Ll8xy@#gg,Suzanne,Morris,False,nacb_admin,,False,,2024-04-29 17:13:07
U507Z,vhawkins,kimberly56@example.net,#fWth0I+2$p3,Darlene,Rowland,False,nacb_staff,80.0,False,,2024-05-15 16:15:27
P507K,tyleralexander,denisepadilla@example.com,*a)31tBsX@@D,Thomas,Thompson,True,nacb_admin,,True,Non-compliance with community guidelines,2024-06-15 00:55:36
U508E,meghan10,mario21@example.com,&7x54MiVNhY0,Justin,Cook,False,nacb_staff,67.0,False,,2024-05-12 20:44:03
P508H,erickennedy,hurstamy@example.org,DI_g9Ict67v*,Hannah,Williams,True,organization_member,58.0,False,,2024-03-25 18:43:26
U509M,tina73,donna02@example.com,*m#nAoPrA2wu,Courtney,Peterson,False,system_admin,12.0,False,,2024-04-18 04:05:45
P509U,catherine40,natashabarker@example.org,)8mB)v86WwQG,Debra,Ortiz,False,user_professional,,False,,2024-01-07 17:17:13
U510V,ncohen,ehughes@example.net,f&1O9Oqg#WAH,Christopher,Young,True,organization_member,,False,,2024-05-03 22:49:43
P510R,brian53,ibarajas@example.net,!G2ZyhrwUOA_,Mckenzie,Conner,False,user_professional,,False,,2024-05-07 02:20:24
U511S,joseph15,peter02@example.org,!v0#KxIuxgKU,Steven,Lopez,False,organization_admin,,True,Violation of terms of service,2024-05-10 04:08:53
P511H,vanessabowen,mgood@example.org,c@0yzMfB$D)V,Richard,Gillespie,False,user_professional,87.0,False,,2024-01-05 05:39:42
U512G,parkerpeggy,gcalhoun@example.net,8OpRa1VmQ&1H,Amanda,Patterson,True,user_professional,,False,,2024-06-02 13:30:24
P512G,leblanckevin,jason18@example.org,ZABGfzwb*2b2,Kathleen,Mathis,True,system_admin,,False,,2024-03-26 20:01:31
U513V,luishenry,michelle39@example.org,pJyYCCzS^w67,Madeline,Knight,True,nacb_admin,51.0,False,,2024-05-17 12:28:30
P513Z,fduke,donaldlopez@example.com,0w3SBbfyB+4p,Stephanie,Evans,False,nacb_admin,,False,,2024-02-26 09:47:52
U514J,aalvarez,kathrynbates@example.com,v6F^DOUFeyHO,Joseph,Miller,False,organization_member,95.0,False,,2024-02-03 02:22:33
P514B,leslie95,perrysheila@example.org,&8jpd0Tvr7E5,Anthony,Hernandez,True,user_professional,,False,,2024-04-18 20:58:48
U515B,samantharobinson,victoria97@example.com,DY@0O@aQ*JDG,Mary,Vasquez,False,nacb_admin,,False,,2024-04-23 23:18:12
P515E,shaheric,johnsonmichael@example.net,%R#6KDc6_*cM,Amanda,Fleming,True,user_professional,69.0,False,,2024-07-23 12:07:04
U516D,jessica22,brooke63@example.org,m_y)xGfi3S3k,Stephanie,Costa,True,organization_admin,42.0,True,Misrepresentation of identity,2024-06-20 00:30:09
P516O,cdavis,kathrynbrown@example.org,t^1+SoDuTREO,Michael,Robinson,False,user_professional,,False,,2024-03-21 14:32:12
U517M,april65,christophersmith@example.com,ET@OsRKR!9cG,Katherine,Willis,False,organization_member,,False,,2024-05-10 23:48:54
P517U,jonespaul,katherine83@example.com,8e+0$FlCZ2WN,Leslie,Powell,False,organization_admin,80.0,False,,2024-02-22 02:42:52
U518S,kramerrobert,robertawilliamson@example.com,+p4PhiWrJ(Lo,Sharon,Jones,True,organization_member,,False,,2024-04-19 03:52:47
P518R,egarza,kmayo@example.org,^$$$NKOlY*04,Julie,Jenkins,False,nacb_admin,,False,,2024-03-06 17:02:41
U519H,beverly62,michael51@example.net,g_1vd6@tO!^A,Adam,Fleming,False,user_professional,49.0,False,,2024-01-15 11:57:07
P519G,bharris,cwilson@example.com,3fRjTpji@BgO,Michael,Neal,False,nacb_admin,,False,,2024-07-05 12:31:36
U520B,jenniferbowman,twong@example.org,$oDM)tOXON4N,Lisa,Williams,False,organization_member,27.0,False,,2024-03-07 15:50:09
P520A,grossbrian,taralynn@example.net,)5TqJ$$tfk3b,Brandy,Jimenez,True,user_professional,,False,,2024-03-10 18:26:54
U521R,rvance,shawaaron@example.com,O34qYKdt()d2,Brian,Moreno,False,system_admin,92.0,False,,2024-02-29 17:56:19
P521V,bellbrent,hernandezsean@example.com,1)8nYRV(%aKx,Jessica,Marshall,True,organization_member,89.0,True,Violation of terms of service,2024-05-20 23:04:46
U522L,williamsfernando,barrettsabrina@example.com,!#KMgr**7E8c,Chelsea,Vaughn,True,user_professional,84.0,False,,2024-07-04 23:23:24
P522T,phelpstina,tmurphy@example.org,k!sFLOl8SWA4,Dakota,Gardner,False,nacb_admin,,False,,2024-06-07 16:00:49
U523U,bennettamy,munozkathleen@example.org,!UCb%CZqd))1,Justin,Mccall,True,organization_admin,,False,,2024-02-25 18:08:04
P523L,warejohn,bbaxter@example.org,@+%0SHif*EL2,Karen,Young,True,organization_member,21.0,False,,2024-07-04 09:17:46
U524N,oolsen,stewartrobin@example.com,JSO^kJue+%6d,Randy,Martin,False,user_professional,,False,,2024-02-24 20:08:18
P524O,elizabethlong,stoutjennifer@example.com,%5TsWEvq!4Mf,Melody,Dominguez,True,organization_member,84.0,False,,2024-02-05 11:18:13
U525Z,slindsey,cody50@example.org,)hKK6koKV1GE,Felicia,Freeman,False,organization_member,74.0,True,Unauthorized access attempts,2024-06-10 08:48:09
P525O,greermark,adrianclarke@example.net,kMw6mFvb(_Rw,Barbara,Fletcher,False,organization_member,42.0,False,,2024-06-18 20:20:24
U526K,dharrington,vgallegos@example.com,Zd2@QELo@GPk,Jason,Austin,False,nacb_admin,88.0,True,Non-payment of subscription fees,2024-05-27 23:35:41
P526S,warrenlisa,rojascharles@example.net,LBxcP8tm_z95,Thomas,Thomas,False,organization_member,64.0,False,,2024-01-20 03:23:58
U527O,cunninghamdavid,ashleyflores@example.com,^PCb0pUvtYA8,Edward,Pearson,False,nacb_staff,,False,,2024-03-30 21:20:08
P527O,scott96,arthur26@example.net,N4C2ei+%_4NA,Patricia,Garrett,False,organization_member,,False,,2024-06-16 17:04:28
U528T,smithjordan,tyler05@example.org,)r$guO#nto6A,Debbie,Davis,False,nacb_admin,57.0,False,,2024-06-19 03:53:04
P528S,stephen77,darryl37@example.net,+NT33PSnV*dr,Holly,Burke,False,organization_member,,False,,2024-06-10 07:52:05
U529P,dkim,savannahkennedy@example.net,#Lkl8NZz(y1e,Luis,Sandoval,True,user_professional,11.0,False,,2024-01-06 05:35:21
P529H,christophersanders,chenstephanie@example.net,33#jECd#SeIm,Christopher,Williams,False,user_professional,18.0,False,,2024-05-09 16:22:29
U530W,kaylagarcia,tdelacruz@example.com,f)P*sMUiTP6M,Tara,Hill,False,user_professional,,False,,2024-01-21 10:05:44
P530Q,qsmith,angelashah@example.com,$VPzzM8rd4Jn,Kevin,Chandler,False,user_professional,35.0,False,,2024-03-03 07:45:21
U531J,wesleyreeves,andrea27@example.com,sDQXd3Ok^0zj,Peggy,Wiley,True,user_professional,65.0,True,Security policy violation,2024-02-15 20:14:13
P531C,madelinedavis,reedethan@example.com,ukh22Xvio%)s,Jennifer,Sutton,False,nacb_staff,,False,,2024-04-14 11:30:29
U532M,kfuller,teresaedwards@example.net,@M2xGxJ00eCD,Diana,Gonzalez,False,user_professional,87.0,False,,2024-02-13 03:36:17
P532H,timothynavarro,brandtalexis@example.net,K6r*Uo8aC_12,Natalie,Serrano,True,user_professional,68.0,False,,2024-07-13 03:27:43
U533J,mathew01,denisemartin@example.net,ROzm!Hny_938,Melissa,Silva,False,organization_member,27.0,False,,2024-06-18 08:19:45
P533S,pricericardo,amanda21@example.org,aM6$jQFoS^h1,Colin,Thomas,False,organization_member,95.0,False,,2024-01-07 03:14:44
U534G,rhonda18,jweiss@example.org,x)J!2UShCQR7,Robert,Booker,False,user_professional,70.0,False,,2024-01-16 05:59:22
P534K,lindseybell,gracerogers@example.com,_7VUmebx@r8B,Steven,Barton,False,organization_member,,False,,2024-04-13 07:06:49
U535I,nmiller,pauljohnson@example.net,!Iih4aw%9(lR,Crystal,Murphy,True,user_professional,24.0,False,,2024-03-12 06:54:00
P535H,vanessawilliams,wendy16@example.net,3+@3JxlF&Ozc,Justin,Williams,True,organization_member,87.0,True,Unauthorized access attempts,2024-01-24 14:47:35
U536Q,johnstuart,brookecarpenter@example.com,#1!q8PhdoE2l,Jenna,Erickson,False,nacb_staff,18.0,False,,2024-03-18 10:01:15
P536U,qgarcia,billygreene@example.net,U*FVUCjc_j3t,Tonya,Petersen,False,user_professional,10.0,False,,2024-03-27 13:13:24
U537V,gfernandez,denise92@example.org,^14obE*yTePc,Lisa,Yang,False,nacb_staff,,False,,2024-01-14 20:57:54
P537V,brookschristina,cmiller@example.com,ie6QfuDc7^Z@,Emily,Richards,False,user_professional,,False,,2024-02-06 17:03:35
U538W,tammywarner,imartin@example.net,w+X1WFiR_Y0C,Susan,Carr,True,nacb_staff,94.0,False,,2024-04-12 21:58:46
P538B,kevin33,gchapman@example.net,%LN$#8DaVG)$,Roger,Love,False,organization_member,,False,,2024-04-26 04:22:11
U539R,cathydiaz,pyoung@example.com,K4yPV(hZ%cqs,Bryan,Nelson,False,organization_member,97.0,False,,2024-06-25 02:45:01
P539H,alyssa60,benjamin29@example.org,bx7PuwiXlzb*,Kayla,Lopez,True,user_professional,,False,,2024-02-02 22:22:44
U540X,meghanharrison,vcarter@example.com,r28YZ9&gwZZ+,Michelle,Villanueva,False,user_professional,,False,,2024-04-22 16:49:19
P540B,sandyblevins,cbenjamin@example.com,3E!*Gj*w9%1m,Angela,Hogan,False,nacb_admin,,False,,2024-03-27 13:38:06
U541G,michaelanguyen,sarah60@example.net,HCJG*DCvg)91,Kyle,White,True,user_professional,7.0,False,,2024-05-13 11:17:47
P541W,davidsmith,rachaellopez@example.com,(Kf84iI55VSX,Mark,Wilson,False,nacb_staff,44.0,True,Use of prohibited software or bots,2024-02-23 08:26:42
U542X,richard72,virginiajames@example.org,Ou1uWSdn*8ui,Bryan,Collins,True,user_professional,6.0,True,Harassment of other users,2024-06-04 10:31:26
P542J,thomasanthony,williamtodd@example.net,y_$4(wValTe%,Joseph,Sanchez,True,nacb_admin,73.0,False,,2024-01-26 02:04:49
U543S,sanchezbrian,xduarte@example.org,_+yy#bcf6A9K,Brett,Potter,True,nacb_staff,57.0,False,,2024-02-02 00:35:50
P543N,eholland,hilladam@example.org,0k!T69Nnk)^n,Andrea,Moran,False,nacb_staff,23.0,False,,2024-06-17 07:28:56
U544T,mscott,cardenasjenny@example.net,@1r!Dj4l+)3Z,Lynn,Juarez,True,organization_member,98.0,False,,2024-05-06 06:00:08
P544J,jeremy78,robinkim@example.com,$H0LqW7(p8AK,Jacob,Quinn,True,user_professional,90.0,False,,2024-06-28 21:02:39
U545P,davenportpatricia,marybrock@example.net,mI+TILqlBS_8,Paul,Gray,False,organization_member,63.0,False,,2024-01-18 12:18:55
P545O,cherylperkins,jasonwalker@example.com,x81zVLdQJ4D&,Charles,Travis,False,organization_member,6.0,False,,2024-05-13 20:39:57
U546L,christina72,zreed@example.org,j)t*lIkY*50P,Jonathan,Sanders,True,user_professional,77.0,True,Multiple failed login attempts,2024-06-02 01:54:00
P546A,kimberlylopez,lisa56@example.net,hy#u3Rr9OhF#,Lori,Kidd,False,nacb_staff,,False,,2024-05-18 07:08:20
U547F,carpenterdavid,hendrixcynthia@example.net,rw1KPu5@nl&8,Stanley,Richards,False,nacb_staff,,False,,2024-07-06 05:37:46
P547Y,cindy64,beardraymond@example.com,D(*9VWqDy!T^,Renee,Hardy,True,user_professional,57.0,False,,2024-03-20 03:52:11
U548A,louis49,cruzjames@example.net,5lZ*PIrR!$&S,Ricardo,Robinson,True,organization_member,,False,,2024-07-10 09:42:08
P548P,tateanne,yhenderson@example.net,z2f&TBywq+zH,Dawn,Thomas,True,user_professional,,False,,2024-02-03 23:10:00
U549E,victorbrown,zachary88@example.net,B(8V8SuZ+9Lp,Shawn,Lam,True,organization_member,,False,,2024-06-27 10:43:59
P549F,vjones,lunasarah@example.org,%(9dN0AdtspE,Dana,Manning,False,nacb_admin,,False,,2024-04-28 11:57:36
U550A,lithomas,maynardshawna@example.net,B%3dfcPsAg5s,Susan,Campos,True,organization_member,,False,,2024-01-07 04:19:15
P550S,whitecatherine,greenlinda@example.net,+BDx)TxH16DL,David,Floyd,False,user_professional,40.0,False,,2024-05-13 03:49:41
U551R,robbinsadam,zrobertson@example.com,Y0FkF)3!(NJ8,Joseph,Taylor,True,system_admin,,False,,2024-01-25 11:53:33
P551C,cruzchristopher,kaufmanmichele@example.com,4L5aQGhzr$9T,Christopher,Robles,False,organization_admin,52.0,False,,2024-04-22 04:41:06
U552B,barryjenkins,angel55@example.org,x+2A8L)zt2u3,Pam,Wells,False,organization_member,22.0,False,,2024-01-10 09:55:11
P552P,timothyrobinson,xkeith@example.org,d8w$7PrN$^bN,Bonnie,Green,False,organization_member,,False,,2024-06-14 12:44:33
U553I,jonathan54,fwells@example.org,&T0$H)otdt+%,Melissa,Smith,False,organization_member,84.0,True,Breaching confidentiality agreements,2024-05-06 19:58:30
P553E,joekelley,xhernandez@example.com,vfL%dGP!4p^C,Lawrence,Juarez,False,organization_member,,False,,2024-07-09 04:20:26
U554Y,peterreed,adamgarcia@example.com,!Rb#z2jeBJ1Q,Randall,Bradley,False,system_admin,,False,,2024-03-08 00:58:11
P554N,gatesdavid,robin19@example.net,ZM6BZWaa$KUo,Connie,Frost,False,user_professional,55.0,False,,2024-02-22 08:22:46
U555F,vwatts,millsmary@example.com,^Wz_JTxJd0jY,Brittany,Jones,False,organization_admin,98.0,False,,2024-01-26 13:04:51
P555C,jasmine53,dunnjohn@example.net,!T^#wKkl1TeL,David,James,False,organization_admin,28.0,False,,2024-05-13 15:50:41
U556Q,dawn08,melissaobrien@example.org,8BNRCWnp!N53,Charles,Moore,False,organization_member,1.0,False,,2024-04-27 00:17:27
P556B,shawnstanley,dorseyjulia@example.org,$v071i6Z%HFH,Christopher,Hull,True,organization_member,,False,,2024-03-13 10:14:16
U557S,elizabeth02,tabitha64@example.net,eFoDukV5$4gT,Daniel,Estrada,False,nacb_admin,17.0,False,,2024-06-22 16:13:50
P557R,meyervernon,lori20@example.net,#2dBKKiBm#vB,Nicholas,Perez,True,organization_admin,24.0,False,,2024-03-16 04:52:27
U558Q,nolandana,smichael@example.org,_Ug6RT(c$ivY,Dana,Quinn,True,nacb_staff,,False,,2024-02-25 08:17:56
P558L,christopher14,copelanddavid@example.net,lWbF&6DdFu)V,Laura,Shields,False,organization_member,,False,,2024-01-24 16:12:22
U559W,joseph99,jonesanna@example.org,i*2sMz$Ks@xQ,Richard,Roberts,False,nacb_staff,50.0,False,,2024-05-08 23:29:06
P559A,osanders,jane34@example.org,n)1Lyed9LhgZ,Patricia,Johnson,False,user_professional,76.0,False,,2024-04-13 23:23:31
U560P,qscott,stevenspedro@example.com,!5pM!@MhotT0,Timothy,Aguirre,True,user_professional,,False,,2024-06-02 09:54:52
P560O,andersonphilip,vincent30@example.org,(@VAdpKUA4d9,Jeffrey,Smith,True,organization_member,,False,,2024-03-02 11:53:33
U561V,angela21,davidbutler@example.org,Pj1RFfLjh^B7,Dawn,Cameron,True,organization_member,,False,,2024-02-29 23:57:46
P561E,ricardo24,koconnor@example.com,&*7B7!ciM+dl,Michael,Terry,True,organization_member,32.0,False,,2024-04-05 17:38:49
U562I,xholt,rodriguezmiguel@example.net,jd8NsfW5!E_3,Traci,Davies,True,organization_member,87.0,False,,2024-05-31 11:04:46
P562M,jared71,michelle64@example.org,_+1#N5fB6lcK,Francisco,Johnson,False,user_professional,35.0,True,Use of prohibited software or bots,2024-01-21 11:23:42
U563U,kellimoore,wendy79@example.com,wa!5Lx5h7E4%,Connor,Phillips,False,organization_admin,14.0,False,,2024-05-28 20:22:27
P563S,gutierrezjerome,julianriggs@example.org,++2pZbKiwWB9,Nicole,Snow,False,nacb_staff,36.0,False,,2024-04-10 09:03:17
U564E,seanwilliams,brian94@example.org,tutJXlrdl@2F,Donald,Walker,True,organization_member,21.0,True,Multiple failed login attempts,2024-05-09 14:32:55
P564S,daviesbryan,gcox@example.com,l6J)FfM$@_EZ,Katherine,Jackson,True,organization_member,,False,,2024-06-17 09:07:36
U565X,loganjohnson,taylorwood@example.org,dxRqo*q*!6gL,Jesse,King,True,nacb_staff,,False,,2024-04-13 17:43:49
P565D,katrinagarza,pmiller@example.org,Bg*7E(NxZ$a&,Misty,Moore,True,nacb_staff,,False,,2024-01-29 06:07:55
U566N,rblair,wthompson@example.org,QV89BQjxWc(Y,Wendy,Castro,False,organization_member,59.0,False,,2024-07-24 01:26:35
P566F,pmoran,pguerra@example.net,*dEuZq@JSi7S,Julie,Paul,True,organization_member,,False,,2024-02-13 17:03:11
U567R,kevin01,laurenbennett@example.org,*_#kqDejCz2g,Victoria,Perkins,False,nacb_staff,34.0,False,,2024-07-23 22:41:34
P567Q,rachaelwilliams,pbruce@example.com,2e6s(ay5f#2M,Robert,Barton,True,organization_member,94.0,False,,2024-03-22 11:55:39
U568P,christopherpalmer,volson@example.com,Y$!D411x4QyP,Gabriel,Maldonado,False,user_professional,,True,Breaching confidentiality agreements,2024-02-08 12:04:38
P568D,adammorales,joannebutler@example.org,co6YJ@cD8&&J,Thomas,Hernandez,True,user_professional,43.0,False,,2024-06-14 11:21:38
U569U,kristinwilliams,rivasjeffery@example.com,56B$YAEPZ3Nm,Hannah,Evans,True,organization_member,15.0,False,,2024-04-10 11:09:10
P569B,copelandmarilyn,schroederconnie@example.com,e2*P9eWpzDr!,Timothy,Murray,False,nacb_staff,,False,,2024-06-21 04:48:47
U570J,isabellopez,liwendy@example.net,X84MWQoi_8L0,Ralph,Schultz,False,organization_member,95.0,False,,2024-06-06 14:12:36
P570Q,josephleblanc,spencerdustin@example.com,$aet32*Y3ZPH,John,Vasquez,False,nacb_staff,,False,,2024-05-19 02:21:16
U571V,blakeannette,kandrews@example.net,^v3Ec+6Q$84g,Matthew,Soto,True,user_professional,,False,,2024-05-07 10:00:20
P571S,fcoleman,xavier27@example.com,^E2XAONk6zCH,Melissa,Anderson,True,organization_admin,28.0,False,,2024-07-14 19:42:17
U572L,donna41,mitchellvictoria@example.net,_4GgvGY6X+W),Randy,Weber,True,organization_member,62.0,False,,2024-07-11 17:12:07
P572J,utrujillo,gjuarez@example.org,8)wzwpWx$N7(,Joshua,Brown,True,nacb_staff,7.0,False,,2024-07-13 07:56:18
U573O,knoxmichael,howard49@example.net,v10(BXIr(y78,Douglas,Nguyen,True,organization_member,,False,,2024-04-11 14:45:41
P573J,gregorybell,willievasquez@example.org,on8I88hpU+&&,Samantha,Richards,False,organization_member,67.0,False,,2024-07-15 22:45:57
U574R,fishersara,nathaniel13@example.org,J$u2(EezN+@4,Dylan,Todd,True,nacb_staff,18.0,False,,2024-02-06 04:58:54
P574T,kevin59,brandismith@example.org,d9YmjqWS%@0U,Jeffrey,Robinson,False,nacb_staff,26.0,False,,2024-06-20 20:08:48
U575B,lisa29,barnessandra@example.org,T%k5GS(l9DRf,Jeremiah,Guerra,True,organization_admin,26.0,False,,2024-05-02 17:05:12
P575S,heatherlarson,michellewood@example.net,$QntHj_g7j19,Robert,Wilson,False,user_professional,50.0,False,,2024-05-16 01:23:23
U576B,udavis,davidsmith@example.net,&a(*_RLnh2!n,Christina,Cunningham,False,organization_member,19.0,False,,2024-03-07 15:02:10
P576W,jessicagonzalez,elizabeth41@example.net,$qAwfXvoY73w,Christina,Castillo,False,user_professional,,False,,2024-02-24 18:35:23
U577C,jenny59,mccoylisa@example.net,wm1L+tZ2*!Cw,Jeremy,Nguyen,False,organization_admin,,False,,2024-01-31 12:18:04
P577M,fbutler,tbell@example.com,4!W%feopnxJQ,Mary,Powers,True,organization_member,,False,,2024-01-06 17:19:46
U578L,cmedina,torresdennis@example.com,C(RoAmh78)3B,Sandra,Yates,False,organization_member,13.0,False,,2024-05-01 00:15:20
P578D,umartin,williamsphilip@example.org,0WH0+s!c&jfa,Julie,Wheeler,False,user_professional,,False,,2024-06-03 17:22:10
U579F,mooreemily,jasonthompson@example.net,n*MtWpuD@Q$7,Stephen,Bennett,False,user_professional,,False,,2024-02-05 01:44:24
P579J,smithdeanna,jrandolph@example.com,*t$M$Osyo84K,Chelsea,Flowers,False,nacb_admin,29.0,True,Non-compliance with community guidelines,2024-01-24 04:04:38
U580Q,michaelblankenship,amy68@example.org,w(9YIFDSJvOF,Angela,Peters,False,organization_member,,False,,2024-02-05 12:17:36
P580F,ashley68,sriley@example.org,T59Fg7Vxq)2*,Brianna,Cain,False,organization_member,,True,Use of prohibited software or bots,2024-02-22 17:34:10
U581G,ogallegos,lbrown@example.com,0MhHmMly+Rq9,Susan,Williams,False,organization_admin,81.0,True,Account reported by multiple users,2024-04-27 21:02:40
P581S,thomas21,ocompton@example.com,11QnUlxAg*m7,Alexandria,Porter,True,system_admin,78.0,False,,2024-03-09 15:46:34
U582Q,louisrobertson,patriciasmith@example.org,(2w8X#r_uUEM,Daniel,Stanley,True,organization_admin,65.0,False,,2024-02-21 22:25:58
P582R,gordonjoseph,kellercrystal@example.com,o%bP1PXh%LFF,Robert,Fuller,False,organization_admin,75.0,False,,2024-06-28 21:48:19
U583Q,christine93,samuel56@example.net,j5Y5)znq*W8h,Bradley,Phillips,True,system_admin,,False,,2024-05-08 09:37:33
P583D,scotttyler,liukimberly@example.net,IjC05SlXo_3!,Joshua,Turner,True,nacb_staff,,False,,2024-01-10 21:14:15
U584A,hharris,yscott@example.org,$36S1(&z)y0F,Brandi,Taylor,True,nacb_staff,,False,,2024-05-28 03:40:26
P584X,gregory41,chelsea69@example.net,8@0nmX4!D^FF,Rhonda,Smith,True,organization_admin,,False,,2024-03-13 08:44:28
U585Y,shannonallen,uedwards@example.net,d2Cdc(H)+SYW,Andrew,Morgan,False,organization_member,,False,,2024-03-18 08:44:05
P585E,yolanda23,qpitts@example.com,@f(DC+g0XH6F,Bonnie,Cook,True,organization_member,,False,,2024-02-25 16:48:03
U586O,sabrina14,lhansen@example.org,(&Z%wjuyuN8I,Kathryn,Hampton,True,user_professional,20.0,False,,2024-06-05 22:55:00
P586N,drodriguez,brian23@example.net,CT@87EAryfi_,Madeline,Anderson,True,organization_member,41.0,False,,2024-01-21 08:46:46
U587A,iwilson,watsonvickie@example.org,h9UrZG&5^v^t,Austin,Donaldson,True,user_professional,16.0,False,,2024-05-14 07:42:14
P587D,ronald91,raymond06@example.com,1(UAbH)5*fot,Alyssa,Harris,True,user_professional,,True,Account reported by multiple users,2024-01-21 08:41:46
U588F,jesuscollins,lmacdonald@example.net,*^r8$HbCk6HO,Cassandra,Jones,False,organization_member,,False,,2024-04-19 00:42:20
P588V,wcarrillo,williamchapman@example.com,@y1qlUtVCm+Q,Mary,Morrison,False,organization_member,,False,,2024-06-14 03:20:34
U589L,waltersantonio,sancheznathan@example.com,^07Lpu+1BW#$,Dominic,Monroe,True,nacb_staff,,False,,2024-06-28 16:43:08
P589L,elizabeth27,kellysoto@example.org,U1O76vIy!yre,Elizabeth,Martinez,True,user_professional,76.0,False,,2024-04-28 18:25:29
U590P,christophershaw,brenda58@example.com,%wQxI(lCB5FD,Matthew,Johnson,False,user_professional,39.0,False,,2024-04-10 05:43:32
P590D,heatherwilliams,jasonnelson@example.net,FtWmHnuc!M8J,Denise,Russell,False,nacb_staff,,False,,2024-05-26 19:30:13
U591H,ecarrillo,conradpeter@example.com,(@P$MGnan%I3,Steven,Kane,False,nacb_admin,,False,,2024-03-02 12:43:42
P591X,dmaxwell,djensen@example.net,&3EA4GlG_SO1,Deanna,Scott,False,organization_member,,False,,2024-02-21 08:15:31
U592E,amygreen,austin87@example.org,Y^4QewpC(TRi,Paul,Valdez,True,organization_member,37.0,False,,2024-02-23 18:58:04
P592U,katherinewalters,paulerickson@example.net,*dQ_W9Gl*0TR,Donald,Johnson,False,user_professional,83.0,False,,2024-03-23 03:34:50
U593J,christopher40,gloria26@example.org,^9egN&DpE8SU,Andre,Barr,False,organization_member,42.0,False,,2024-05-13 23:53:20
P593O,dannysmith,oscar16@example.com,*n_tGcwf3XQg,Patricia,Miller,True,organization_admin,84.0,False,,2024-07-20 04:31:51
U594O,krystalcastro,nicole14@example.org,s4Hv*W+H!m!c,Kayla,Stewart,False,nacb_admin,,False,,2024-04-24 12:06:29
P594P,dwilson,michaelvaughan@example.org,NIXk5MTp*+G8,Jessica,Vazquez,False,user_professional,,False,,2024-07-06 07:02:34
U595N,emilywatson,jackson72@example.org,!4vp4Vebn^S1,Kevin,Whitney,False,nacb_admin,15.0,False,,2024-03-08 11:04:26
P595Y,jamesrandall,timothystanley@example.com,_6@hzlT2BZPY,Justin,George,False,user_professional,,False,,2024-05-06 06:26:54
U596F,matthew78,fergusonsarah@example.net,J*+_AKyU_E6n,Angela,Dawson,True,nacb_staff,,True,Suspicious activity detected,2024-03-24 00:49:18
P596S,susanwang,gfisher@example.com,Tid8CPZY)5Kw,Amy,Noble,True,user_professional,,False,,2024-05-09 16:14:21
U597P,wsimmons,pstrickland@example.com,co7zt4kr^DhA,Richard,Bass,True,user_professional,11.0,False,,2024-02-03 14:48:39
P597C,samanthatodd,ryanreyes@example.com,QG#u_Gx*r%0%,Stephen,Nichols,True,system_admin,17.0,False,,2024-03-12 12:27:02
U598C,jacqueline98,melissa91@example.org,!MAQ)0bd9N6e,Susan,Walters,True,nacb_admin,70.0,False,,2024-02-13 01:37:23
P598J,uroberts,teresa46@example.net,J^@*ZkSv*2%E,Cassie,Singleton,False,nacb_admin,2.0,False,,2024-07-07 11:49:32
U599I,deboraheverett,carrollshane@example.org,oACIe$Qg$l7I,Jennifer,Carter,False,user_professional,,False,,2024-01-30 01:41:03
P599N,kfoster,elizabeth62@example.org,#FlW@8Qt9d$p,Jeanne,Cook,False,nacb_staff,,False,,2024-03-26 23:40:48
U600I,dgonzalez,kimberlyhenderson@example.net,pvR!6q4K%R2Z,Daniel,Gray,True,organization_member,74.0,False,,2024-06-02 04:11:06
P600Z,pjackson,lopezamanda@example.net,a)%9kZvcdQ_j,Jean,Powell,False,nacb_staff,55.0,True,Non-payment of subscription fees,2024-05-23 06:11:07
U601W,ericksonstephanie,margaret25@example.com,Hn9ejUun2&@o,Susan,Velazquez,True,user_professional,15.0,False,,2024-01-11 01:00:51
P601N,lparks,derekreynolds@example.net,$71vhXhvPDKY,Tyler,Ramirez,False,user_professional,69.0,False,,2024-02-06 17:27:06
U602A,rubiopamela,hernandezbruce@example.org,z7rn@TLeS#2j,Dean,Harper,True,organization_member,7.0,False,,2024-03-22 21:56:19
P602R,dsmith,morrisrebecca@example.org,1aNXiNZl^JsI,Jeffrey,Greene,False,nacb_admin,70.0,False,,2024-01-02 14:55:53
U603P,rrussell,jessepalmer@example.org,kXj#OTf_!)w3,Melanie,Fowler,False,organization_admin,,False,,2024-07-03 05:01:37
P603C,qholland,matthew34@example.com,vQ2BIj+4q^DZ,John,French,False,user_professional,83.0,False,,2024-03-14 08:36:54
U604H,qthompson,xpollard@example.net,KyNMy)N4&4yv,Melanie,Murphy,False,organization_member,45.0,True,Non-payment of subscription fees,2024-04-28 14:21:57
P604O,webbdiana,msmith@example.org,Q^xs2KoY8&cV,Casey,Sawyer,False,organization_member,,False,,2024-01-23 01:41:39
U605R,bjames,hudsonraymond@example.org,)Q3AWai3)Lp9,William,Gonzalez,True,user_professional,,False,,2024-05-31 11:52:00
P605B,ichapman,simmonskevin@example.net,VKtL2Al4qa)^,Eric,Alexander,True,user_professional,,False,,2024-05-02 23:01:23
U606F,julie46,klewis@example.com,7UM86ioZ&^9F,Tina,Rogers,False,organization_member,,False,,2024-05-17 19:46:52
P606Q,gutierrezchristina,jerome49@example.net,)(267Wciihff,Daryl,Mason,False,organization_member,,False,,2024-01-26 06:09:42
U607E,jramsey,laurenhess@example.net,hh_c1QUe_Pb0,Cheryl,Coleman,True,organization_admin,,False,,2024-01-25 01:49:21
P607V,michael49,sarahjohnson@example.org,za8!%K2h#pe4,Roberto,Duran,False,user_professional,,False,,2024-03-28 15:19:16
U608T,sheltonmark,stevenwilliams@example.com,(OQxej8s_7jS,Traci,Watts,True,nacb_staff,,False,,2024-04-30 20:16:17
P608U,sandra02,peter05@example.com,&9grFLDk9SJh,Sara,Morse,False,nacb_admin,47.0,False,,2024-06-30 15:56:57
U609H,jamesbarry,christinecannon@example.net,%n1gUSv0GfD@,Margaret,Gonzalez,True,nacb_staff,7.0,False,,2024-02-22 15:31:31
P609A,frazierjeffrey,mwilliams@example.org,ADz#Oou4eMM9,Brett,West,False,user_professional,14.0,False,,2024-03-12 02:44:05
U610B,daniel52,nelsonsteven@example.org,g5RS0F&a+ySm,Malik,Foster,False,nacb_staff,97.0,False,,2024-07-20 10:08:16
P610F,matthew23,xpatel@example.com,M!65ZyXa35by,Jeremiah,Tran,False,nacb_staff,,False,,2024-01-24 23:51:12
U611Z,kaylascott,martinezsamantha@example.com,n!!krMKb9hF8,Duane,Best,False,organization_member,,False,,2024-03-30 19:35:46
P611P,haileymoss,jknox@example.org,H1PQ@MPx&8&k,Stephanie,Hall,False,user_professional,90.0,False,,2024-06-12 07:37:30
U612L,qwhite,sethwilliams@example.com,^kP#ew#y6%Q6,Charles,Lee,False,user_professional,59.0,False,,2024-05-24 21:56:23
P612P,grimesashley,tracy21@example.com,!6Shay2@(+B$,Allison,Ford,False,organization_member,3.0,False,,2024-02-11 10:11:05
U613C,kennethcurry,jonesbrandon@example.org,s3)Jtn7I)XHz,Debra,Davidson,True,nacb_admin,,False,,2024-05-12 13:17:39
P613E,fmoran,ftrujillo@example.org,@W4*z4oI$pAW,Robert,Thomas,False,nacb_staff,72.0,False,,2024-07-09 14:10:23
U614T,gsimpson,jasonellis@example.net,2AEU86Ix^new,Erica,Lambert,True,user_professional,79.0,False,,2024-02-27 09:26:50
P614W,paul71,marciaalexander@example.org,lS7MoSr)_l1i,Kyle,Gardner,True,organization_member,,False,,2024-07-22 09:22:19
U615H,ywagner,charles43@example.com,l$6BvQ7rdw&@,Christy,Carr,True,nacb_admin,5.0,False,,2024-05-21 01:17:53
P615X,cwaller,joshuaelliott@example.com,FMelObKT#043,Colleen,Villanueva,False,organization_member,,False,,2024-04-21 01:12:22
U616N,patriciagreen,james71@example.net,&_(0TWf3eMeY,Donald,Nunez,False,organization_admin,43.0,False,,2024-07-06 11:44:30
P616H,charleschavez,jacksonrobin@example.org,@H)WjgUga1A9,John,Lee,False,nacb_staff,,False,,2024-01-11 20:40:31
U617A,esmith,georgeschroeder@example.org,x)fa1qQP@7IT,Cynthia,Bernard,True,organization_member,43.0,False,,2024-02-11 16:14:17
P617B,jasonhayes,qchandler@example.org,7*B2@eXt6bIK,Joseph,Oliver,True,nacb_staff,,False,,2024-02-01 12:45:01
U618X,petersenmatthew,qryan@example.net,!d3BcpGoR$TY,Barbara,Stanley,False,organization_member,,False,,2024-04-02 06:47:18
P618J,elizabethmcdonald,matthewstevenson@example.org,(nwamnX(a3AA,John,Le,False,organization_member,30.0,True,Fraudulent transactions detected,2024-04-14 11:21:20
U619U,rrichardson,brianclark@example.net,_ByV8D^s91+H,Daniel,Pearson,True,user_professional,,False,,2024-05-10 08:43:28
P619Y,alicia61,pinedadennis@example.org,^%)&Rmx+3sp3,Erin,Curry,False,nacb_staff,,False,,2024-05-31 00:11:47
U620Z,garciabrian,kingcarrie@example.com,$rA9UsamoS39,Carolyn,Delacruz,False,nacb_admin,,False,,2024-03-30 20:28:01
P620D,vcampbell,victorialopez@example.net,$CPO(X8yo_7R,Brandy,Lamb,False,user_professional,,False,,2024-03-21 05:17:13
U621R,david70,robertdoyle@example.net,gWAJnhcW((8q,Emily,Mcmillan,False,organization_member,76.0,False,,2024-04-30 01:28:19
P621E,znguyen,cindy56@example.org,8)4pz$p&1^E2,Cindy,Bradley,False,organization_member,,False,,2024-01-16 00:16:34
U622L,kwatson,eyang@example.org,hxd!4!ZuC!gO,Morgan,Short,True,nacb_staff,50.0,False,,2024-06-05 02:44:52
P622G,diazdarrell,erinfitzgerald@example.com,*4V#YYhONI^3,Clifford,Hamilton,True,organization_member,100.0,True,Breaching confidentiality agreements,2024-02-18 23:01:21
U623K,anthony38,hughesjackie@example.com,Sa_Evo4D842d,Michael,Smith,False,organization_member,83.0,False,,2024-03-15 10:49:52
P623R,paulamorgan,robert24@example.org,4wv15MvaCCl(,Samantha,Brown,False,organization_member,,False,,2024-07-11 11:18:09
U624K,hernandezgrant,barretteric@example.org,xGa2AeVty9(2,Daniel,Cross,True,organization_member,,False,,2024-01-15 16:59:29
P624R,baxterhunter,longmichael@example.org,uxqbjqhK&@1U,Susan,Escobar,True,nacb_staff,,False,,2024-01-28 07:12:57
U625S,stephanie93,gravesvincent@example.com,a&x1MXoC(Rz3,Holly,Lewis,False,organization_member,82.0,False,,2024-07-06 21:35:31
P625B,heatherthompson,monicapeters@example.org,&13ol+YusaCB,Linda,Smith,False,organization_admin,35.0,False,,2024-06-28 09:48:40
U626L,greenetracy,aaronhodge@example.net,(Fq32WRhr5eC,Ricardo,Houston,False,nacb_staff,,False,,2024-06-11 13:12:51
P626V,claudiabrown,michaelmartin@example.org,U$Q(qoE!c%1+,Jason,Decker,False,system_admin,,False,,2024-05-19 14:00:07
U627X,lpatrick,kyliesalazar@example.org,1eAlPik4+4rC,Sean,Martin,True,user_professional,,False,,2024-03-23 13:30:14
P627N,pthomas,travis74@example.com,fK3FLDoPK+)C,Joseph,Ruiz,True,organization_member,,False,,2024-03-05 16:50:51
U628U,melissasoto,brian64@example.com,^p7VoNkz%iH4,Richard,Fernandez,False,organization_member,51.0,False,,2024-07-02 14:57:40
P628N,amandaberry,bellsusan@example.org,g&d0A@rc_dBa,Adriana,Mccoy,True,organization_member,,False,,2024-05-29 05:00:57
U629U,qmccullough,patrickdennis@example.org,%*Q+se@gy97Z,Joseph,Walter,True,user_professional,19.0,False,,2024-07-16 00:26:55
P629S,solisdominic,alexrose@example.com,&@FDwybQ1Zv2,Larry,Mendoza,False,user_professional,64.0,False,,2024-03-04 20:55:10
U630A,nicoleanderson,elizabeth85@example.net,E23$SEw%^(BV,Jocelyn,Scott,True,user_professional,,False,,2024-01-01 20:50:26
P630O,pdavis,baileymallory@example.com,Ed*4nGjJpZBD,Russell,Cox,True,user_professional,80.0,False,,2024-06-22 02:04:21
U631X,xgardner,lydia38@example.com,iU!)v6Ck6#wv,Veronica,Blake,True,organization_member,74.0,False,,2024-01-12 17:00:48
P631L,selenaking,kellyveronica@example.com,1t8ZMrlsz$31,Deborah,Jensen,True,user_professional,32.0,False,,2024-06-28 18:58:57
U632O,smithangela,georgeanderson@example.net,vqtyUXs9n(t9,Michael,Levy,True,organization_member,,True,Inappropriate content posted,2024-07-16 06:28:32
P632F,joyce57,christopher92@example.com,YV4PA9gu#dx7,Troy,Alvarez,False,nacb_admin,,False,,2024-01-30 02:41:25
U633T,crystal00,cameronpatel@example.com,0oA$AvCh@RxB,Gary,Long,True,nacb_staff,9.0,False,,2024-06-19 13:40:54
P633H,craigwilson,jamesrangel@example.net,4usJ&BKk$byH,Leah,Ho,False,organization_admin,,True,Security policy violation,2024-04-17 03:11:01
U634D,josephgilbert,michael51@example.net,#C08y92Fc$2K,Elizabeth,Austin,False,organization_admin,23.0,False,,2024-06-16 01:49:46
P634S,corey49,bdiaz@example.net,U(5XC+b5ZbSR,Sarah,Lewis,True,user_professional,,False,,2024-01-13 09:25:08
U635N,miguel69,dayjared@example.com,$7)yKdta8*0r,Dominic,Medina,False,user_professional,,False,,2024-01-09 22:23:39
P635T,dawn03,vsteele@example.com,UY^0LLt&@j(3,Daniel,Spencer,True,organization_member,,False,,2024-03-24 17:30:47
U636B,jameswhite,ubender@example.com,5eNhJ5Gx@AN$,Trevor,Stone,True,organization_member,,False,,2024-03-02 23:33:33
P636B,chasebrown,kelly95@example.org,j3paXP)3@vVi,Sarah,Sutton,True,nacb_admin,10.0,False,,2024-05-13 19:05:28
U637G,ortizjoseph,zallen@example.net,nsQ*GOltw2xO,Carolyn,Johnson,True,organization_member,50.0,False,,2024-07-15 01:23:16
P637V,michelleford,kjacobs@example.net,#4Sgb4yhd2k!,Alexander,Woods,True,user_professional,69.0,False,,2024-06-26 21:20:16
U638Y,chavezmelanie,brookssteven@example.net,4%tVhCi&(*px,Julie,Wright,True,organization_admin,,False,,2024-05-26 05:22:56
P638H,nadams,sarachavez@example.org,E7gSsj^N^pIw,Amber,Dean,True,nacb_admin,,False,,2024-05-23 20:46:37
U639E,jacquelinefleming,valerieharrison@example.com,7H0iC094%wYW,Larry,Clark,False,user_professional,,False,,2024-03-29 12:56:38
P639U,kellyhale,feliciakelly@example.org,)U4uLXdo9an8,Michelle,Andrews,True,nacb_staff,15.0,True,Use of prohibited software or bots,2024-06-11 09:33:19
U640L,chrisrodriguez,philip47@example.net,_r6zWpEiJ(Rt,Christopher,Shepherd,False,nacb_staff,,False,,2024-06-01 14:20:49
P640N,robertbaker,brownpaula@example.org,&K7JwTJp183m,John,Miller,False,nacb_staff,72.0,False,,2024-05-28 05:08:35
U641V,beth16,jody25@example.com,jlF3%0s8_ARu,Jorge,Murillo,True,user_professional,19.0,False,,2024-03-03 23:22:21
P641N,abarron,alanhughes@example.com,6$QCCzv&sHY9,Brandon,Gordon,False,organization_member,7.0,False,,2024-03-20 04:29:12
U642U,carladavies,christian00@example.org,#LwyKL8h)0CY,Karen,Simpson,False,nacb_staff,98.0,True,Security policy violation,2024-04-19 04:41:31
P642L,claudiapratt,griffincynthia@example.org,8hH%5Ny_WpL4,Michelle,Diaz,False,user_professional,,False,,2024-03-26 00:09:41
U643D,lisa25,micheal26@example.org,%g2GzC8pPH@%,Chad,Clark,True,organization_admin,,False,,2024-07-15 00:05:54
P643T,kwilcox,wcarter@example.net,(3iqC^W44XT^,Robert,Kelley,False,organization_member,46.0,False,,2024-04-20 05:38:42
U644V,terry78,pamelajohnson@example.com,+FZ61OsU#_B4,Jeffrey,Gregory,False,user_professional,,False,,2024-02-10 11:49:47
P644M,grimeselizabeth,davisjuan@example.com,^s(IYdas#5!1,John,White,False,user_professional,69.0,False,,2024-07-03 01:12:02
U645M,richardshort,dandrade@example.org,s@aZa!u1TP7S,Scott,Murphy,True,organization_admin,67.0,False,,2024-01-12 10:48:21
P645V,ggutierrez,morrowheather@example.org,t_7LX(OnLS3f,Christina,Jackson,False,user_professional,52.0,False,,2024-01-23 01:53:24
U646G,eric82,amontgomery@example.org,Te1FTcdU^zJF,Dennis,Stevenson,True,organization_member,57.0,False,,2024-07-09 21:02:18
P646T,sara53,contrerasbrian@example.net,+)Vhcwom8c2D,Brent,Meyer,True,user_professional,,False,,2024-05-02 17:36:47
U647G,henryderrick,arichards@example.net,p$8ymB@dKAyF,Jennifer,Coleman,True,organization_member,75.0,False,,2024-01-25 10:35:18
P647C,sanchezkristin,banderson@example.com,%s6BKm&CK+42,Jason,Wolf,True,nacb_staff,,False,,2024-06-17 07:38:46
U648U,dakota68,parrisholivia@example.org,B8E57RCcl1_&,Sheila,Cox,False,organization_member,27.0,False,,2024-05-17 06:58:16
P648J,robinsonmelissa,hollandanna@example.org,$8SaUTxlSiB7,William,Sloan,False,user_professional,,False,,2024-04-14 20:15:15
U649N,brandon58,hansoncathy@example.com,7!lF&ht#xB3A,Philip,Hicks,True,organization_member,,False,,2024-03-16 07:41:27
P649V,alexanderfarmer,melissa59@example.com,_2yBTGIUwDQc,Kevin,Parker,False,nacb_admin,,False,,2024-06-16 05:13:47
U650H,qgilbert,jsanchez@example.net,)L9qcUGW@rvR,Aaron,Lewis,True,nacb_admin,,False,,2024-06-11 20:58:17
P650X,dylandavid,erivers@example.com,zhVs2Jtu_oY_,Danielle,Choi,False,user_professional,,False,,2024-03-21 21:18:43
U651I,kelly08,elizabethwarner@example.net,o0PnwXsL#iZ2,Brandy,Roberson,True,nacb_staff,,False,,2024-03-28 13:53:15
P651G,morandaniel,ernestlutz@example.com,$aH7nSdmx9YW,Charles,House,True,user_professional,57.0,False,,2024-05-31 16:21:24
U652G,dillonlopez,ggibson@example.com,)dT*RfTb!6xF,Anthony,Potter,True,organization_member,,False,,2024-03-14 01:43:24
P652X,ashley14,mpeterson@example.org,I1X%Bkuk6K!U,James,Rodriguez,False,nacb_admin,,False,,2024-03-20 09:24:16
U653G,jamestracey,cjackson@example.com,(^F1VzxaxHKB,Michelle,Mccoy,False,user_professional,92.0,False,,2024-02-03 11:57:09
P653G,luke51,rodneymatthews@example.org,%8ki%6au!5fU,Cindy,Harding,True,nacb_staff,,False,,2024-02-09 16:26:00
U654M,johnsondouglas,hollowayshannon@example.net,)r#7Kg**8m3Y,Tammy,Lara,True,nacb_staff,,False,,2024-01-30 08:49:39
P654C,reyesjeremy,johnsonsamantha@example.net,$d*n7GoSYtX@,Robert,Walsh,False,user_professional,97.0,True,Use of prohibited software or bots,2024-01-13 08:13:43
U655O,cody71,victoriagray@example.com,5x&vMryvmfR2,James,Chavez,False,organization_member,92.0,False,,2024-04-27 12:04:51
P655X,mark82,calvin46@example.org,bMji%Njm_6f8,Brett,Tucker,True,organization_member,65.0,False,,2024-04-02 10:02:53
U656Q,hebertlauren,latashasolis@example.com,#_9SDoNaa4LO,John,Sanders,True,organization_member,73.0,False,,2024-04-18 14:55:32
P656P,lisastewart,frank98@example.com,s66@Bi)%%zvo,Lisa,Bowen,True,nacb_staff,89.0,False,,2024-01-20 21:07:43
U657H,knoxmatthew,meganvargas@example.org,#x#+Mum!1bPa,Kristin,Woodward,True,organization_admin,34.0,False,,2024-05-03 23:42:11
P657R,stevensnyder,erinsmith@example.org,#8wCNbiy3CEE,Donald,Anderson,False,nacb_admin,28.0,True,Inappropriate content posted,2024-02-08 10:33:54
U658D,garrettmanuel,gregorybailey@example.com,s&NCTTm3%C2B,Wanda,Miranda,False,organization_member,,True,Non-payment of subscription fees,2024-06-22 05:16:42
P658G,coxthomas,erika50@example.com,^6GQtElWg9H0,Andrew,White,False,nacb_admin,,False,,2024-06-22 03:57:30
U659G,wayne42,adriana69@example.org,uF4PwXMaQG)V,Kenneth,Gentry,False,nacb_staff,12.0,False,,2024-05-05 13:32:18
P659M,jenniferrivera,johnsonkristen@example.com,VLF)7IKfTFD!,Catherine,Anderson,True,organization_member,,False,,2024-01-06 06:07:03
U660K,asmith,angelacarter@example.org,dM8h2LNQ^bU8,James,Williams,True,organization_admin,12.0,False,,2024-02-11 09:13:38
P660Q,karadowns,qcoleman@example.org,^38MWIddg%(E,John,Jones,True,nacb_staff,,False,,2024-01-02 11:50:11
U661N,mroberts,lisa93@example.net,T3E)4nuj(S7H,Kristin,Stewart,False,user_professional,,False,,2024-01-03 06:29:42
P661B,jason12,melissa39@example.org,rFW6qY0x%%H),David,Allen,False,organization_admin,,True,Misrepresentation of identity,2024-04-05 15:12:53
U662E,youngelizabeth,donnalynn@example.net,xcf!(Q)ucB8M,Charles,Henderson,True,user_professional,58.0,False,,2024-02-09 07:38:41
P662O,jamesturner,jameskane@example.com,e+Qrt@Vg0p6B,Jenny,Lewis,True,user_professional,,False,,2024-04-02 10:54:27
U663B,dlester,christopher33@example.com,*O+4DRJtd&mC,Darren,Hicks,False,user_professional,,False,,2024-05-18 16:53:01
P663I,amystevens,dsmith@example.net,vmcTl3Po8_0W,Bruce,Mcpherson,True,organization_member,25.0,False,,2024-02-20 13:20:37
U664Z,iwright,garciabrittany@example.net,*EaEDZZ70nwU,Craig,Johnson,True,nacb_admin,,False,,2024-03-02 07:08:02
P664X,foxwilliam,whitekatherine@example.com,r+3SG6vyWQeF,Michelle,Ramirez,False,nacb_staff,9.0,True,Non-payment of subscription fees,2024-06-16 11:57:20
U665B,wross,hunterpatel@example.com,c(9T$XUfYR^^,Jose,Washington,False,user_professional,,False,,2024-01-01 15:52:09
P665N,jennifer80,robinmason@example.net,pwJ%dVcj1(C0,Tamara,Lopez,False,system_admin,17.0,False,,2024-04-08 20:22:39
U666W,laurenfisher,barkeramanda@example.org,8p%SHyNV*MLL,Gregory,Riddle,False,organization_admin,,False,,2024-01-25 06:36:37
P666P,qwilliams,lfigueroa@example.net,^wmZotrj+6oJ,Kristine,Briggs,True,user_professional,55.0,False,,2024-01-02 12:52:00
U667J,lreid,katherinechavez@example.com,41jLisr*#G8N,Lee,Johnson,False,user_professional,,False,,2024-06-05 17:55:52
P667E,jonlynch,kwagner@example.net,&Nn_zPXP5XHk,Christine,Hopkins,False,organization_member,25.0,False,,2024-02-18 20:43:15
U668O,ggutierrez,martindaniel@example.net,*247ZjoSx))N,Tiffany,Fisher,False,nacb_admin,66.0,True,Violation of terms of service,2024-07-15 10:26:45
P668E,qfranklin,uzimmerman@example.com,J(_wY&roYNH6,Theresa,Carter,False,nacb_staff,55.0,False,,2024-04-28 22:04:03
U669R,maryellis,ryancharles@example.net,4D+V0Ieu!3Fn,Kathleen,Berry,False,organization_member,,False,,2024-04-04 05:09:48
P669N,umiller,nicolestevenson@example.com,e0h@hczg!qB#,Heather,Johnson,True,user_professional,94.0,False,,2024-01-12 14:22:22
U670X,jbrown,jameskeller@example.com,&hE_Sbqe86!U,Erika,Ellis,True,user_professional,,True,Use of prohibited software or bots,2024-04-07 18:41:57
P670O,bobbyfoster,kennethswanson@example.net,#XK!HxklUh1%,Rebecca,Turner,False,nacb_admin,84.0,False,,2024-01-06 23:20:36
U671J,yangbrianna,fullerwilliam@example.com,M1T2HvoG4_1_,Matthew,Bowman,False,user_professional,,False,,2024-04-28 08:16:17
P671K,nhill,justinford@example.org,d6HOK0Iw_ppu,Lisa,Rogers,True,organization_member,,False,,2024-06-09 18:39:22
U672V,ryanbeasley,kimkristi@example.org,e^01MpbW8jv8,Jose,Harris,False,organization_member,,False,,2024-07-16 02:55:21
P672X,contrerassteven,kylelucas@example.net,W@LU@P^++1ww,Roberto,Mercer,False,organization_admin,,False,,2024-07-16 21:00:26
U673Z,janice83,hornangela@example.net,&k4vlKJN!3UD,Karen,Johnson,True,user_professional,,False,,2024-03-05 22:35:02
P673S,karendavila,jordanjones@example.com,E!fn07McJ_A#,Carlos,Rosario,False,organization_member,,False,,2024-07-03 13:18:59
U674J,pjackson,maxbaker@example.org,V%L626TdolEy,Nicole,Herrera,False,nacb_staff,,False,,2024-07-11 18:34:19
P674X,lmarshall,hannahgibbs@example.org,!1QkCu&pxJ1z,Jeffrey,Henry,True,system_admin,98.0,False,,2024-03-30 20:04:29
U675F,hhernandez,charles34@example.org,40uOqYhF@+$A,Patrick,Mitchell,True,organization_member,,False,,2024-03-29 02:52:37
P675J,matthew32,sarahreed@example.com,$e&x@OlC4ES@,William,Fuller,False,user_professional,,False,,2024-05-02 14:38:09
U676R,angela68,efarrell@example.net,w$c#1RgZU@LL,Hailey,Mckenzie,True,user_professional,32.0,False,,2024-07-13 13:50:45
P676F,smithjacqueline,davislaura@example.com,x%3GIqnjwd37,Alyssa,Reyes,False,user_professional,18.0,False,,2024-07-02 08:04:01
U677E,gnicholson,jamesstewart@example.net,)2Paj^m0*hQF,Jonathan,Nelson,False,user_professional,52.0,False,,2024-01-02 04:59:18
P677S,briancastro,danielrich@example.com,my!GoodK%16g,Charles,Williams,False,organization_member,40.0,False,,2024-04-30 03:05:12
U678E,vincentlee,adamowens@example.net,C@PF4RTwPKp9,Zachary,Martinez,True,organization_member,71.0,False,,2024-06-07 22:49:47
P678N,courtney23,keithkeith@example.net,@ij^7cdz1hIS,Kenneth,Smith,True,organization_admin,,False,,2024-07-20 06:25:16
U679K,mwright,sjohnson@example.com,$8V9w_@*$7gG,Kevin,Fleming,True,nacb_staff,22.0,False,,2024-05-27 05:33:15
P679W,misty53,eedwards@example.net,iwG5!Jjq)vc1,Sara,Jones,True,user_professional,,False,,2024-07-11 14:00:27
U680V,ana88,michelleramsey@example.org,U6)7uWvu%oYO,Michael,Tucker,False,user_professional,,False,,2024-07-23 23:40:27
P680B,cunninghamjustin,stonenathan@example.com,MmGXS*eeNr+0,Alice,Anderson,False,nacb_staff,29.0,False,,2024-05-12 14:35:31
U681P,stephaniewilliams,elizabethadams@example.org,2xPI$Oj&(7qs,Ernest,Strickland,True,nacb_staff,,False,,2024-03-31 20:12:11
P681F,jonesangelica,davisrachel@example.org,P5G!Fj(Z+LQg,Adam,Martin,True,organization_member,19.0,True,Misrepresentation of identity,2024-03-04 00:16:39
U682D,aweaver,ssmith@example.com,^4Ga4a4m*Ymv,Alan,Miller,True,nacb_staff,,False,,2024-03-31 00:36:21
P682B,amanda41,davidsteele@example.com,D8*JAC^o3oq%,Karen,Knox,False,nacb_staff,,False,,2024-07-04 23:42:13
U683V,riveramatthew,gibsonkatrina@example.net,!0d$_YDkcwP6,Kenneth,Alexander,True,system_admin,,False,,2024-07-07 06:23:50
P683C,shenderson,ehudson@example.com,!JgJRct50ySJ,Richard,White,True,nacb_staff,25.0,False,,2024-01-18 17:43:31
U684D,dmorgan,georgemiranda@example.net,aKMc8jBe8p^S,Aaron,Taylor,True,organization_admin,5.0,False,,2024-02-20 11:36:12
P684X,dflynn,jessica52@example.org,_P2l78KnFy*f,Brittany,Turner,False,nacb_admin,25.0,False,,2024-04-28 09:57:22
U685K,patriciaherring,joy25@example.org,%4PH5deuyoAs,Casey,Miller,True,user_professional,,False,,2024-02-25 02:27:58
P685T,erica47,william36@example.net,j!OFlf0y(6jE,Michael,Hall,True,organization_admin,43.0,False,,2024-03-06 14:11:51
U686N,ashley41,jessica41@example.net,a*oIZft06(8A,Sarah,Hartman,False,organization_member,81.0,False,,2024-06-19 07:15:52
P686T,emily92,wyattrobert@example.net,@51ke@pSXJJ9,Robert,Wolf,False,user_professional,98.0,False,,2024-04-09 22:47:47
U687A,shawkevin,mariayoung@example.net,0v(3LXiknb4G,Melinda,Wilcox,False,user_professional,,False,,2024-02-14 05:13:15
P687T,imullen,tdiaz@example.com,iu9@nucO%H0C,Kristina,Cummings,False,system_admin,,False,,2024-07-20 03:43:48
U688J,lisacross,bryantaaron@example.net,y5Qym0!q_8l9,Amy,Livingston,True,nacb_staff,63.0,False,,2024-01-16 05:44:21
P688D,williamsdorothy,vperkins@example.net,+8F3RdbpDw)^,Sheila,Moreno,False,user_professional,72.0,False,,2024-07-03 11:00:11
U689J,williamknight,jason27@example.org,Z+*MAIuh%B5n,Leslie,Phillips,True,user_professional,,False,,2024-07-12 14:42:30
P689V,susan40,jzimmerman@example.org,3x8^2G%hIOE2,Gregory,Webster,False,user_professional,85.0,False,,2024-05-31 01:15:54
U690P,justincampbell,jgreen@example.net,*7A$g6bW9GkS,Theresa,Cross,False,user_professional,,False,,2024-06-23 18:20:14
P690Y,jared52,codylee@example.org,LgDwkPSV)9xb,Nathaniel,Martinez,False,organization_member,,False,,2024-02-23 16:30:14
U691F,reyeswhitney,salazarrhonda@example.net,ad65eaESd&ZA,Lauren,Adams,False,user_professional,69.0,False,,2024-03-20 10:25:20
P691C,sextonmarie,danasmith@example.org,u33@hllc70nB,Anthony,Smith,False,user_professional,38.0,False,,2024-05-29 20:06:11
U692S,rebecca01,shannonperkins@example.com,$$ojFoGRy5w(,Ryan,Kelley,True,user_professional,7.0,False,,2024-05-31 11:04:56
P692Q,hendrixdavid,ispears@example.org,x@*GUUk*MmH1,Susan,Fisher,True,user_professional,7.0,False,,2024-06-27 11:38:07
U693G,jameshouse,robert55@example.org,*0NdkQQetmkC,Kimberly,Browning,False,user_professional,56.0,True,Use of prohibited software or bots,2024-05-29 15:51:50
P693F,michellemcgrath,wilsonnathan@example.org,_SR%S3St#x#7,Brianna,Tapia,True,nacb_admin,,False,,2024-07-22 03:00:50
U694W,brandtscott,teresa88@example.net,o3rzXKxp@dJ+,Anthony,Horn,False,user_professional,,False,,2024-02-23 17:59:23
P694A,alexanderford,hamptonamanda@example.net,Aoxxag%bm(4M,Bethany,Chambers,True,user_professional,,False,,2024-07-08 01:45:19
U695S,dwright,qatkins@example.com,&Qi9IMPqaucd,William,Cole,True,user_professional,,False,,2024-02-03 01:41:39
P695R,jessica87,barbara34@example.org,f#p7S4jXrR%L,Mark,Smith,False,organization_admin,39.0,False,,2024-04-15 17:07:47
U696F,kevin68,icampbell@example.com,4v#1wuG9#!it,Christy,Wolfe,True,user_professional,,False,,2024-02-12 08:28:48
P696H,wsharp,davisjames@example.org,%+7)2ZnCsESG,Elizabeth,Kim,False,user_professional,36.0,False,,2024-01-19 17:47:11
U697O,anthony27,friedmanadam@example.org,e(G)J)ejez4M,Jacob,Hall,False,nacb_admin,,False,,2024-06-20 19:05:20
P697P,leonard38,scott24@example.org,M4jMFacl$h(z,William,Monroe,False,nacb_staff,,False,,2024-06-16 04:22:25
U698K,mitchellrichard,kschwartz@example.net,y5P7vzR__ez^,Richard,Gonzalez,True,organization_member,6.0,True,Fraudulent transactions detected,2024-02-23 05:17:22
P698M,daniel02,davidsondawn@example.com,@34q8SupDiBJ,Sean,Gray,True,user_professional,,False,,2024-04-23 19:19:07
U699Y,denise18,simmonsjeffrey@example.com,Mh(UoCiaM%y7,Douglas,Taylor,True,organization_member,21.0,False,,2024-05-29 20:19:44
P699U,williamsonsteven,lori24@example.net,(nUB3iN%1ltZ,Kelly,Williamson,False,organization_admin,81.0,False,,2024-03-15 20:05:31
U700G,gacosta,jeanlester@example.org,%sf*1Hdlk4XW,Jose,Peters,True,user_professional,,False,,2024-05-07 14:56:52
P700M,laurieochoa,wwalker@example.net,e**ZT3jgS%#0,Robert,Thornton,False,nacb_admin,35.0,False,,2024-01-26 18:42:39
U701B,smithpaul,weaverkristy@example.org,!3lDgLEhH@4y,Eduardo,Perez,False,system_admin,,False,,2024-04-11 04:12:15
P701Q,vwebb,kimberly70@example.org,&pSyi(e3147I,Brooke,Wu,True,user_professional,38.0,False,,2024-04-11 19:30:09
U702G,douglashodges,adam43@example.org,$Ukp!9Qbv5tc,George,Wise,True,nacb_staff,,False,,2024-01-18 05:36:07
P702F,ehudson,uevans@example.com,HS)5dXss)uwI,Victor,Moore,False,user_professional,,False,,2024-01-23 09:34:14
U703S,holdenkristina,dalehall@example.org,5se!7lfYgpTT,Kyle,Clark,False,nacb_staff,,True,Security policy violation,2024-02-12 22:09:23
P703X,crystalwagner,douglasadams@example.net,%1Xmd+ekkT)B,Jason,Woods,False,organization_member,27.0,False,,2024-04-09 13:25:10
U704N,courtneybaldwin,david62@example.org,Jn(huR4U&5H2,Teresa,Rodriguez,False,user_professional,12.0,False,,2024-03-11 04:02:38
P704M,johnlopez,travis69@example.com,@Fnu_4DnM@2*,Jason,Garcia,True,organization_member,,False,,2024-01-14 22:14:48
U705D,seansimmons,rebekah73@example.com,K2E49VPk@PkR,Andrea,Russo,False,organization_admin,,False,,2024-02-06 18:23:38
P705P,ibarrawilliam,jilldavis@example.org,N(9O3h(vj!Lc,Michelle,Rhodes,True,nacb_admin,14.0,False,,2024-07-03 15:05:39
U706O,timothyshort,michael46@example.net,#E9UjjUGB027,Bryan,Davidson,True,nacb_staff,,True,Harassment of other users,2024-02-21 04:43:39
P706W,barryamy,amy88@example.org,wN9LTPYj&!tG,Ronald,White,False,user_professional,43.0,False,,2024-01-06 21:09:26
U707P,lopezchristopher,andreaguzman@example.net,U*0oIg@JmY^m,Timothy,Larson,False,organization_member,19.0,False,,2024-04-06 09:25:32
P707M,karidouglas,michelle56@example.org,&)x3K4TlN0W_,Jason,Delacruz,True,user_professional,,False,,2024-03-15 05:07:16
U708N,daniellefrancis,michealcolon@example.org,&2&C26uiAeW9,Hannah,Fields,False,organization_admin,6.0,False,,2024-01-26 07:14:43
P708I,qthompson,gardnerdarren@example.org,!WO4I8hMk9yp,Derek,Sawyer,False,system_admin,,False,,2024-01-02 08:36:38
U709L,alan00,price@example.net,1$1Yqko&o)5e,Christopher,Sullivan,False,user_professional,5.0,False,,2024-04-27 21:12:46
P709C,stephanie94,kim16@example.net,u5sICMx%*ptU,Christine,Terry,False,organization_admin,,False,,2024-04-13 00:19:56
U710L,erikamartinez,coopernatalie@example.com,j_O+#R%k&2Wt,Ricky,Collins,True,organization_member,,False,,2024-07-01 10:26:28
P710Z,carrsteve,robertsanthony@example.org,7dZjo*ku%v(h,Lauren,Terry,True,user_professional,,False,,2024-03-30 20:42:29
U711O,jarmstrong,greendenise@example.org,CX2p#LbS)giP,Marisa,Garcia,False,nacb_staff,41.0,False,,2024-05-03 04:26:21
P711U,angelafrancis,jessica38@example.com,@kXVOOEx)8KE,Scott,Cunningham,True,user_professional,21.0,False,,2024-03-09 13:00:42
U712Y,meredithowens,rsharp@example.net,#KGS+LAv)0@S,Sara,Dunn,False,nacb_admin,95.0,False,,2024-05-30 02:22:01
P712N,john88,award@example.org,#TVa$eyp0uWT,Thomas,Harvey,False,user_professional,,False,,2024-04-14 05:21:47
U713N,andrewturner,rbowen@example.org,%2mWR4Yt96*_,Michele,Burton,True,nacb_admin,,False,,2024-05-26 17:33:33
P713W,shane01,ahouston@example.com,xzZC&8tD^51n,Anita,Harper,False,organization_member,68.0,False,,2024-01-25 00:08:30
U714E,franciscowhite,richard57@example.org,wETGSAWB$5_*,Jacob,Cortez,True,organization_admin,51.0,False,,2024-06-02 16:05:58
P714C,adamquinn,ajohnson@example.net,kH#wUr3Menk2,Kristin,Mcmahon,False,organization_member,,False,,2024-03-16 15:56:33
U715G,marcus83,mbrewer@example.com,@4HeE2usjsfI,Keith,Avery,False,user_professional,12.0,False,,2024-06-02 21:01:46
P715M,younganna,nancyjones@example.net,HwTiYFhzc*9I,Miranda,Aguilar,False,nacb_staff,66.0,False,,2024-07-19 01:36:09
U716Y,nwilkerson,larabrandon@example.com,FvrYNjj*_S4G,Jennifer,Clark,False,organization_member,65.0,False,,2024-03-22 00:18:58
P716Q,richardschristopher,phillip39@example.org,^y$ZSLyiZ8#9,Marvin,Powell,False,system_admin,35.0,False,,2024-03-25 07:41:30
U717J,ronald25,walkerconnie@example.com,p$s0DRv*ja$2,Eric,Smith,False,organization_member,,False,,2024-06-11 07:27:44
P717A,rortiz,michaelmccormick@example.com,V3RrJo)N&**0,Shawn,Aguirre,True,user_professional,,False,,2024-04-08 11:26:02
U718R,julia67,kberger@example.net,4mirWMx(%1ls,Laurie,Chang,True,nacb_staff,70.0,False,,2024-05-29 21:23:28
P718W,christopherschwartz,lbender@example.org,GI#Jf$z+k#2R,Jennifer,Olson,True,user_professional,,False,,2024-03-11 19:11:57
U719E,teresaellis,seanthomas@example.net,Ik+tAziw%86J,Lance,Chapman,False,user_professional,,False,,2024-05-02 04:57:58
P719W,michaelherrera,brian25@example.net,G1IVjHOs!4@B,Ariana,Hobbs,True,user_professional,,False,,2024-04-02 01:55:11
U720N,susancohen,walter59@example.org,$9Xn$xxTzDT!,Wanda,Brown,False,organization_member,,False,,2024-06-25 02:23:00
P720Q,campbelldenise,dawnallen@example.org,1o7Rz@Xqf&2w,Theodore,Parks,True,organization_admin,78.0,False,,2024-07-12 06:10:19
U721F,nicolewright,dmiller@example.net,&sYvjk0st16t,Amanda,Herman,True,organization_member,30.0,False,,2024-07-05 13:58:37
P721W,tony98,stephen81@example.org,Ewv0c734#mKI,Mary,Bishop,True,nacb_admin,92.0,False,,2024-03-01 13:38:53
U722A,twyatt,brewerkara@example.com,c3hsXCm9u^(7,Paul,Reeves,False,user_professional,79.0,True,Security policy violation,2024-01-16 16:52:34
P722E,fischerveronica,lrussell@example.org,j&xI+dHlQD2J,Stephen,Jenkins,True,organization_admin,21.0,False,,2024-03-13 05:03:15
U723T,robinjimenez,harrischarles@example.com,)6A1yhkzs5mE,Debra,Gallegos,True,user_professional,,False,,2024-03-18 04:49:41
P723D,bmurphy,alexander35@example.net,Yxv3WAws%PLn,Justin,Flowers,True,nacb_staff,38.0,False,,2024-01-28 20:45:05
U724J,pbuck,dwarren@example.net,$Z^3MW8mh+iX,Sandra,Sanchez,False,nacb_admin,43.0,True,Violation of terms of service,2024-02-09 11:32:46
P724O,rsullivan,ruizjessica@example.com,v5pXsQpm(KKC,Lorraine,Young,False,organization_admin,,False,,2024-05-23 14:49:12
U725V,kaiservincent,josephallison@example.com,ntRS1Q%jFeU@,Shelby,Mccarty,True,user_professional,,False,,2024-07-19 21:41:46
P725U,brandi70,fgomez@example.net,*BBVM#qQm457,Robin,Patel,False,organization_admin,15.0,False,,2024-02-04 14:47:11
U726Q,james09,jason17@example.net,$lK)A45tG9^b,Bridget,Donovan,False,user_professional,99.0,False,,2024-04-02 04:31:25
P726R,mariaturner,iwright@example.com,%L&3GEreZzwV,Daniel,Perez,False,user_professional,,True,Violation of terms of service,2024-07-04 05:24:49
U727Y,donnahall,hughesmichael@example.com,rV_M6&Fvb#O1,Angela,Evans,False,user_professional,52.0,True,Fraudulent transactions detected,2024-04-15 02:06:22
P727N,robert43,jamie05@example.com,HX&3Mp4C&CL^,Henry,Lee,True,nacb_admin,,True,Unauthorized access attempts,2024-06-27 18:55:45
U728A,castillosandra,burnscasey@example.com,Y1j*B&+z+B4v,Elizabeth,Griffith,False,system_admin,,False,,2024-05-09 10:57:36
P728W,poolejulie,waynetucker@example.com,x$l9bQbGl3aj,Kayla,Perez,False,organization_admin,26.0,False,,2024-06-06 05:36:57
U729F,xshah,alicia59@example.com,79%4G!Y5+VXi,Carolyn,Mueller,False,user_professional,,False,,2024-06-14 22:49:22
P729S,johnnyruiz,millerdaniel@example.org,%g)a_NtcH3(O,Scott,Harrison,True,organization_member,,False,,2024-04-01 20:00:04
U730Z,nicholas69,tony50@example.com,5%3eJR$s)xLS,Emily,Roman,True,nacb_staff,,False,,2024-06-22 09:21:42
P730R,ishannon,nowens@example.com,(67SpqPbteKf,Ronald,Adams,False,organization_member,5.0,False,,2024-04-13 01:19:44
U731T,lee56,holly03@example.net,#9!V&4xq$+(P,Rebecca,Phillips,True,user_professional,,False,,2024-03-24 03:29:42
P731B,thomasdiaz,jennifer14@example.org,_aV!ngjAWB5y,Jacob,Turner,True,user_professional,84.0,False,,2024-05-29 15:16:08
U732Q,katherine46,yrivera@example.org,(4*tTj&b^mVY,Margaret,Martinez,True,organization_member,,False,,2024-07-23 23:26:32
P732Q,sroberts,michael02@example.org,S5N8dF3H&xLT,Lori,Smith,True,organization_member,,False,,2024-02-17 00:42:01
U733Y,carol97,christinawilliams@example.net,98slBm+n^a8F,Justin,Lyons,False,nacb_staff,,False,,2024-05-16 19:30:44
P733Q,sarahchan,jessicarogers@example.com,FK6NTuX2o*yr,John,Powers,False,organization_member,,False,,2024-02-11 22:45:04
U734K,davidsonmatthew,mark65@example.net,73Ph2M3b$5NU,Beverly,Scott,True,user_professional,,False,,2024-06-29 18:48:36
P734M,jacob13,fhansen@example.com,#^M_4VNyX&$a,Andrew,Cohen,True,user_professional,,True,Security policy violation,2024-04-12 10:54:45
U735J,popejessica,igraham@example.com,B(A5C*Cvt++7,James,Parsons,True,user_professional,26.0,False,,2024-06-27 11:46:37
P735S,chadpacheco,donaldnewman@example.org,%Z4_4KjN+4D6,Brenda,Kramer,True,user_professional,,False,,2024-03-26 20:19:07
U736K,kristen74,josephrussell@example.net,E2Ijjd(j8t+x,Michael,Lyons,False,user_professional,85.0,False,,2024-01-29 15:25:52
P736S,kstewart,johnsontiffany@example.net,Q*oOz1orEu06,Sandra,Donaldson,False,organization_member,,False,,2024-07-14 03:05:27
U737A,vgarcia,davidpark@example.net,P(QxGCd2)o5Y,Julia,Gonzalez,True,user_professional,74.0,False,,2024-07-07 07:32:03
P737B,alexanderchapman,hendersonmelanie@example.net,*5Fw%AoDcgAk,Paula,Parks,True,system_admin,,False,,2024-07-15 01:34:04
U738D,joycesheila,lisajones@example.com,lW12oZHD_DfU,Jeremy,Wright,True,organization_member,,False,,2024-07-10 23:11:51
P738K,joyanderson,russell33@example.net,)77D!wC+uwyp,John,Cruz,True,organization_admin,51.0,False,,2024-03-24 17:16:37
U739F,hallen,sally83@example.org,%8e0GgYGNflN,Michael,Hanson,True,user_professional,71.0,False,,2024-03-26 20:54:20
P739A,nweaver,sherry70@example.org,W1l_k1Je!8E&,Erica,Smith,True,organization_admin,15.0,False,,2024-06-17 06:51:27
U740X,lauren01,nancy72@example.com,G_c)8tIm0t2a,James,Bolton,False,organization_member,,False,,2024-03-18 00:39:28
P740D,jermaine70,christine59@example.org,yk$!0JPf*7F),Deborah,White,False,organization_member,76.0,False,,2024-05-12 20:23:43
U741W,greeneleon,michaelwhite@example.com,%eAY6CLS4jQI,Gregory,Rubio,False,system_admin,,False,,2024-06-17 00:59:14
P741L,kingryan,snyderjames@example.net,VZ0)AZsc%NYe,Erica,Contreras,False,organization_admin,6.0,False,,2024-07-21 01:06:31
U742N,martha53,nortonloretta@example.org,H4oyErs!$U8e,Tina,Peters,False,organization_admin,,True,Security policy violation,2024-05-20 13:44:59
P742J,kvargas,chelsea57@example.org,!2O5sv@xd5tt,Daniel,Beltran,True,user_professional,5.0,False,,2024-07-21 04:31:29
U743I,donna52,fitzgeraldlisa@example.net,J$+0*yFvimi9,Hannah,Jones,True,organization_member,,False,,2024-02-08 11:22:42
P743K,maria79,baileyjonathan@example.com,8N!8Z7KoFMaJ,Kiara,David,True,user_professional,,False,,2024-01-25 06:40:21
U744F,xjohnson,anthonygarcia@example.org,!Z7T^qeJtX78,Brian,Wilkinson,True,user_professional,56.0,False,,2024-06-07 07:18:33
P744L,cheyenne85,oliverryan@example.com,g+FQVIC!%8u),Kathy,Webb,False,organization_member,,False,,2024-07-21 00:27:30
U745T,morsenicole,william81@example.org,8kr@4H!i1Jg6,Roberto,Taylor,False,nacb_staff,,False,,2024-06-28 04:52:21
P745V,wyattmanuel,clinton77@example.com,n8M+)H@y&qE4,Heather,Gray,False,organization_member,28.0,False,,2024-05-29 15:19:57
U746X,rachel80,joelhunt@example.net,$5#jyeiW7QLB,Ashley,Wright,False,user_professional,,False,,2024-04-11 11:05:04
P746Z,deborahbrooks,jensenhannah@example.com,$4fZzA+keSuc,Robert,Gallagher,False,organization_admin,,True,Non-compliance with community guidelines,2024-06-23 00:42:12
U747Y,oosborne,lanejoseph@example.net,oV3(yet($1^K,Keith,Barker,True,organization_member,,False,,2024-05-21 23:02:57
P747O,tammy00,lisa52@example.org,*ZT1IYIrJ4nz,Shannon,Walls,True,organization_member,98.0,False,,2024-03-16 08:08:06
U748S,sharondavies,ujenkins@example.org,M@kF3&StNnl(,Gregory,Ross,False,nacb_staff,,True,Harassment of other users,2024-05-16 15:24:59
P748M,christopher69,fhancock@example.org,#5IflRV!ksZ4,Jason,Sanders,False,nacb_staff,,False,,2024-02-11 08:27:18
U749S,sylviashaw,rebecca81@example.net,n_hCcUdemh5),Samantha,Ali,False,organization_member,,False,,2024-03-16 19:51:18
P749Y,christopher32,michael58@example.com,y8yC(N!c%MA4,Drew,Davis,True,nacb_staff,94.0,False,,2024-07-10 09:07:55
U750P,joseph41,daniel93@example.com,cmB6)Z_b(q2J,Charles,Kramer,True,organization_member,,False,,2024-07-08 18:26:26
P750R,teresa50,hernandezapril@example.com,uST)7FrwA)Iq,Jessica,Robinson,True,organization_member,,False,,2024-01-08 11:55:54
U751D,hillerica,devon19@example.com,KLkBZ1bm#B5R,Christopher,Brown,False,user_professional,93.0,False,,2024-06-02 00:02:14
P751O,michael56,woliver@example.net,&lHJGy2MtI8z,Austin,Hooper,True,organization_member,,False,,2024-07-02 10:38:47
U752A,mooretheresa,julialambert@example.net,#)lF1d+DsN4c,Rebecca,Potter,False,organization_member,,False,,2024-04-12 22:03:20
P752M,rstewart,melissachavez@example.net,)Ku3n4Ku%C*o,Eric,Snyder,True,user_professional,64.0,False,,2024-03-01 10:53:12
U753O,dana41,zmcpherson@example.net,ZV4PtOp*(!Zj,Russell,Williams,True,system_admin,33.0,False,,2024-03-15 21:29:26
P753K,shawnavila,bgarcia@example.org,pbe5UZU__3p$,Nathan,Schmitt,True,organization_member,,False,,2024-04-28 13:28:10
U754U,peterrich,kevin34@example.org,%0(MtksLP8s1,Victor,Mcmahon,True,organization_member,,False,,2024-06-09 17:56:06
P754H,mruiz,michael36@example.com,f$Ti$rv36S8J,Ashley,Harris,True,user_professional,37.0,False,,2024-06-05 18:24:22
U755Y,morgansandra,andrademark@example.com,*_ZQuvp%*1Dl,Jennifer,Salazar,True,nacb_staff,,False,,2024-05-10 19:40:31
P755T,williswilliam,katherine38@example.net,G33yO_0ur$SG,Andrea,Schaefer,False,organization_member,61.0,False,,2024-04-30 18:34:25
U756K,baileyrobert,justinvillanueva@example.org,@RA!UUbknx+7,William,Rowe,False,organization_member,12.0,False,,2024-01-31 19:41:48
P756R,natalie87,brownkatherine@example.com,)y*1Q!bPXmXh,Matthew,Campbell,False,nacb_admin,,True,Harassment of other users,2024-03-13 10:47:18
U757V,kgonzalez,hodgescatherine@example.net,C(6my!tdHQO4,Erin,Francis,False,user_professional,19.0,False,,2024-07-15 23:59:21
P757W,brandonmiller,david72@example.org,#)ZwRfYo83Hf,Heather,Mullins,True,organization_admin,,False,,2024-05-03 07:31:08
U758E,jjones,walkerpamela@example.org,p+X)IvIue@2E,Shannon,Best,False,organization_member,,False,,2024-01-02 22:51:27
P758A,danielsmiranda,scott94@example.net,(99BP1orx)Je,Carla,Frey,True,nacb_staff,,False,,2024-05-06 11:23:18
U759H,debraalexander,langtodd@example.net,f07xKmKxzb@D,James,Cline,True,organization_admin,23.0,False,,2024-04-08 13:14:11
P759S,nathaniel55,john97@example.net,%jCe%Lo8)J3I,Michael,Johnson,False,user_professional,20.0,False,,2024-02-14 19:06:48
U760K,njohnson,jonesthomas@example.net,e8@K6sEd^PIj,Harry,Jennings,False,organization_admin,,False,,2024-06-12 18:06:36
P760S,bbrown,francis63@example.com,i%5$wOsEC43Q,Thomas,Odom,True,organization_member,,False,,2024-01-22 08:03:21
U761B,myerssandra,williamswillie@example.net,+4g+*iAkgHJl,Chad,Horne,True,organization_admin,,False,,2024-02-17 15:17:20
P761C,khayes,wendy86@example.org,*^7yRgpyh+P$,Brandon,Martin,True,organization_member,93.0,False,,2024-05-08 04:43:37
U762U,waltersanne,heidi32@example.org,+%fqSs*Aa(04,Daniel,Jenkins,True,nacb_staff,45.0,False,,2024-07-07 05:09:19
P762K,louisgoodman,steven88@example.org,Z0lSxb5z+ZBH,Tracy,Patel,False,nacb_staff,,False,,2024-01-15 17:30:29
U763V,jacobhughes,ybryant@example.net,*%U&BytdlP4N,Kim,Neal,False,nacb_staff,,False,,2024-02-08 10:59:20
P763A,paige73,mhansen@example.net,eZEU7SuUCHt+,Jessica,Lloyd,True,organization_member,66.0,False,,2024-07-17 14:04:40
U764E,tyrone12,gabrielarios@example.org,Sy3T6EWu)eW9,Sarah,Ballard,True,nacb_staff,,False,,2024-03-04 16:18:02
P764K,joel32,millersheila@example.com,G)0aOE(c0A@v,Victoria,Benitez,False,user_professional,,False,,2024-07-24 06:01:39
U765C,conradanna,hannah66@example.com,3!i9Ue(qctnF,Ashley,Smith,True,organization_member,38.0,False,,2024-02-04 04:05:10
P765Y,marykim,myersdaniel@example.com,H9U2nf&k(wSC,Matthew,Love,True,organization_member,58.0,False,,2024-03-24 07:44:18
U766B,jose76,tflores@example.org,w8f2HV_mUY*#,Steven,Morris,False,organization_member,69.0,False,,2024-01-20 09:21:51
P766K,jessicastewart,vanessawolf@example.net,2MD3Iu^l@XGx,Nicholas,Mcdaniel,True,system_admin,14.0,False,,2024-05-29 19:11:33
U767B,francojennifer,tylerowens@example.org,oIa0laMq)4@g,Terrance,Williams,True,user_professional,87.0,True,Security policy violation,2024-07-01 20:29:21
P767K,annmoore,carpentergeorge@example.org,8#8SGg0x)f87,Melissa,Henry,False,organization_member,,False,,2024-01-29 02:44:27
U768G,mcmillanstephen,colton40@example.org,20Yk#Lf+$trD,Charles,Cain,False,organization_member,,False,,2024-04-17 01:51:33
P768A,pmyers,rebeccakeith@example.net,v9GCJSPw(^!4,Veronica,Ramirez,False,organization_admin,,False,,2024-01-05 19:09:18
U769Z,jacksonangela,fwilliamson@example.net,zWjro#F(_1Wp,Kevin,Thomas,True,user_professional,62.0,False,,2024-02-12 16:24:39
P769G,kevincook,greenconnie@example.net,V*3t82lu^d8J,Samuel,Lee,True,user_professional,,False,,2024-07-11 05:49:32
U770W,raymond38,estradashannon@example.net,D(aSL4pDt)7r,Tony,Bridges,False,organization_member,61.0,False,,2024-07-04 08:17:00
P770O,lbryan,fphillips@example.org,^wDdwkdPD7#@,David,Johnson,False,organization_member,,False,,2024-05-28 13:19:36
U771N,ashleyyang,terrellzachary@example.net,v2UTi4HF@z_Z,Michael,Stephenson,True,user_professional,,False,,2024-04-08 15:24:54
P771U,laurie44,henry64@example.net,fU_EQ%7rf4J4,Isaiah,Blackburn,False,organization_member,52.0,False,,2024-03-25 04:59:52
U772M,walshjames,ilowe@example.net,H%c3f^X43U2J,Shane,Evans,False,nacb_admin,57.0,False,,2024-02-08 07:07:22
P772H,amy30,kenneth01@example.net,V&5tEUtC%)O&,Garrett,Snow,False,user_professional,15.0,False,,2024-04-27 13:15:21
U773I,rturner,jerry92@example.org,APJ$TpCwt%s4,Cynthia,Brown,True,organization_member,,False,,2024-07-08 17:18:26
P773J,jessegarrison,hnelson@example.com,W&1aEKgk_xn$,Ashley,Fritz,False,organization_member,11.0,False,,2024-02-25 05:58:29
U774E,daniel40,heather20@example.net,@*0^Cb6k0@tS,Susan,Kent,False,organization_admin,,False,,2024-03-03 05:29:47
P774F,william99,mcdonaldjoyce@example.com,6%zCmrAo)4Mq,Steven,West,False,nacb_staff,16.0,False,,2024-04-15 17:52:36
U775F,ohopkins,payneeric@example.com,cYCfC5Ah$6*q,Anthony,Evans,False,user_professional,,False,,2024-04-01 06:04:59
P775A,isaaccurry,kevingriffin@example.org,6T4DvaM%&XV^,Amber,Torres,False,nacb_staff,,False,,2024-03-27 05:21:39
U776V,joseph00,brian92@example.com,%hD@br70^K4y,David,Vargas,False,user_professional,,False,,2024-03-08 11:54:59
P776H,ymiller,tprice@example.com,5*Y5(E_k#9Ac,Alicia,Fisher,False,user_professional,,False,,2024-04-02 23:06:55
U777X,nicole97,rebecca78@example.net,*l)Z9+b6k%7Z,Linda,Obrien,True,organization_admin,1.0,False,,2024-05-15 22:03:43
P777O,jacksonrobert,zrivera@example.org,qFN1DdtRB%o3,Zachary,Baker,False,organization_member,44.0,False,,2024-04-24 15:12:28
U778I,melissa75,adkinsmatthew@example.com,yq0ZlEUlE$IF,Joseph,Salas,True,organization_admin,,False,,2024-01-02 03:30:39
P778X,garrettadam,mayochristina@example.net,F6EVNqplU!k0,Michele,Fernandez,True,organization_admin,,False,,2024-05-14 14:11:31
U779E,ppeters,wendyhughes@example.net,)bZSpv)YeN8j,Richard,Marshall,True,organization_admin,,False,,2024-02-12 06:04:50
P779E,kristen20,christopherbrown@example.org,vb*lMkqQvtX3,Todd,Bernard,True,organization_admin,,False,,2024-06-16 06:06:17
U780N,kennedyadam,jonescarla@example.com,!Wu8Db482+VN,Thomas,Williams,True,nacb_admin,,True,Misrepresentation of identity,2024-02-19 02:41:59
P780W,franciscowarner,tlucero@example.com,23V3PQe!^rDV,Kelsey,Bell,True,system_admin,,False,,2024-05-05 12:43:02
U781J,jennifer58,jerry36@example.net,%7$qH$KFIcZL,Justin,Morales,False,nacb_staff,60.0,True,Breaching confidentiality agreements,2024-06-12 18:31:27
P781U,melissamontoya,alexander41@example.com,&noKr1xOzle2,Zachary,Parsons,False,organization_member,,True,Security policy violation,2024-05-07 02:41:26
U782K,sarah44,denise42@example.net,$LicQM6r66At,Kimberly,Manning,True,user_professional,81.0,False,,2024-03-28 18:01:00
P782K,agonzales,patricia22@example.com,Bcj08sCk%5Js,Samantha,Brown,True,user_professional,68.0,False,,2024-01-06 08:32:07
U783G,bethany67,carmen28@example.net,)4zQinOn&i&j,Emma,Peterson,True,organization_member,,False,,2024-03-24 01:39:14
P783I,elizabethmarshall,qcarlson@example.net,QEf*IkFW$7_O,David,Chavez,True,organization_admin,,False,,2024-02-19 09:37:36
U784A,rioskelsey,devin95@example.org,+H@2UxxyX1wB,Suzanne,Herrera,True,organization_member,70.0,False,,2024-01-19 04:45:23
P784O,hwilson,frychristopher@example.net,(b7GQvRkq&TH,Toni,Pugh,False,user_professional,64.0,True,Breaching confidentiality agreements,2024-04-26 13:18:12
U785G,xrodriguez,erinporter@example.org,3n9EQsrI^+1j,Shane,Hawkins,True,organization_member,,False,,2024-01-07 09:09:48
P785Z,julie36,ronnieayers@example.org,@e(A5jbGr0O(,Joseph,Davis,False,user_professional,32.0,False,,2024-03-13 05:08:05
U786H,manuelrogers,mrichardson@example.net,@3&cM0HlF3P^,Erin,Moore,False,organization_member,,False,,2024-01-04 20:02:26
P786O,ybond,williesheppard@example.org,&5QS9Ahaz_dF,Michael,Glass,False,organization_member,,False,,2024-03-29 08:18:26
U787J,ysmith,umckee@example.org,^$TLg+Bw77^Q,Gary,Cook,False,nacb_admin,54.0,False,,2024-04-23 11:03:26
P787W,heathersmith,zdavidson@example.com,+^Ma&Dm8h7$i,Lisa,Montgomery,True,nacb_staff,29.0,False,,2024-07-22 00:30:45
U788T,royrogers,wattsjeffrey@example.org,HkLLQbtu*0k^,Heather,Werner,False,organization_member,,True,Inappropriate content posted,2024-02-10 18:39:02
P788X,zanderson,ymooney@example.com,0m&csCdlj4O6,Shannon,Sanchez,False,nacb_admin,,False,,2024-04-25 02:12:29
U789G,timothydominguez,zmays@example.org,0iS^tf8BS%7B,Darin,Brown,False,organization_admin,93.0,False,,2024-02-08 17:25:48
P789T,brendan40,rachelcollins@example.com,J^O2MQB7%tQc,Jacob,Green,True,organization_member,7.0,False,,2024-04-25 11:59:52
U790N,eosborne,wheelerkevin@example.com,_vuYAUlYaK2Y,Kari,Perez,True,organization_admin,95.0,False,,2024-05-30 07:47:51
P790N,donna72,jillian53@example.com,30s8O4Uf*qm5,Ross,Hutchinson,False,user_professional,2.0,False,,2024-07-15 20:59:43
U791O,kaylaescobar,klawrence@example.com,%9B_CfKj8+vf,Shelia,Sanders,False,organization_admin,32.0,False,,2024-04-10 18:23:56
P791F,george15,svaughn@example.net,1#xZCOMhpQ15,Charles,Bass,False,user_professional,,False,,2024-04-21 07:38:08
U792C,stephaniebailey,bondmichael@example.net,8nUBv*_I*9zp,Cody,Cunningham,False,organization_member,37.0,False,,2024-05-24 10:50:37
P792S,jennifercasey,james82@example.org,xE$bRwvrTQ8f,Steven,Brown,True,nacb_admin,64.0,False,,2024-02-17 08:03:49
U793Z,morganolivia,sharpdavid@example.net,wU1beeJ+@5mP,Ian,Obrien,True,nacb_admin,,False,,2024-05-28 07:05:12
P793L,wle,ihouston@example.com,ja42IFij*XcX,Anna,Leon,False,nacb_admin,,False,,2024-07-12 21:00:12
U794B,eramirez,megan66@example.org,+12vQMlv5)Ca,Julie,White,False,nacb_staff,70.0,False,,2024-05-16 21:43:32
P794R,paul41,fishercasey@example.net,XZE9^wrN(q2v,Vanessa,Richardson,False,organization_member,,False,,2024-04-16 17:51:08
U795Q,taylorbrittany,jhill@example.com,Lve7Q^xTP*32,Rick,Sparks,False,user_professional,,True,Unauthorized access attempts,2024-05-24 08:14:01
P795O,jonesjames,mdiaz@example.com,X)VA4JXjwBYm,Jasmine,Carlson,True,system_admin,38.0,False,,2024-01-30 08:02:12
U796G,kevinbrewer,tinareed@example.org,#+wPTtb4rC2o,Jenna,Perry,False,nacb_staff,,False,,2024-03-02 09:38:01
P796V,sandy22,patricknathaniel@example.net,^51L8!mc6dWs,Jamie,Mills,False,nacb_staff,86.0,False,,2024-02-22 16:21:45
U797K,hicksmichael,trevorhughes@example.org,rwV6TRh#*$0z,Sara,Green,False,nacb_staff,,False,,2024-05-06 10:48:54
P797F,leslie00,alexanderjonathan@example.org,k&%2uQfu_$Dx,Eric,Holloway,True,organization_admin,70.0,False,,2024-06-29 18:55:43
U798Y,nancycannon,manuel04@example.net,m1hu3rMA%RZ8,Anthony,Hill,False,nacb_staff,,False,,2024-02-10 23:12:17
P798S,quinnjennifer,hortonlaura@example.net,D7ys8yW2%m7I,Martha,Pierce,True,organization_member,,False,,2024-02-15 21:44:03
U799F,tara28,whitemichael@example.net,JQ9%It9!_+95,Elizabeth,Boyd,False,user_professional,,False,,2024-05-15 18:48:37
P799S,hmcdaniel,khansusan@example.net,ihoFNnk6X*7#,Ruth,Ortiz,True,nacb_admin,72.0,False,,2024-05-31 12:04:40
U800A,jessevillegas,uellis@example.org,(bGUyZYUjh8P,Patrick,Sullivan,True,nacb_staff,,False,,2024-04-13 17:35:48
P800M,peter39,cassandra38@example.net,s*M8o1IsUGAy,Vincent,Jackson,False,user_professional,,False,,2024-03-27 18:33:19
U801H,jeffreybennett,nwilliams@example.org,e%d^D4eLK3m8,Amy,Bowers,False,organization_member,38.0,False,,2024-04-12 20:12:44
P801A,matthew48,richard85@example.org,j(1O1!Qcz(UD,Cameron,Collins,False,nacb_staff,,False,,2024-02-01 15:51:29
U802S,ncox,leahcruz@example.org,q*A6+BcIwo_^,Erin,Anderson,False,user_professional,28.0,False,,2024-05-25 02:00:08
P802H,tammy66,brownsarah@example.net,F@4^PVpolwAb,Paul,Wilson,False,organization_member,,False,,2024-04-08 00:18:08
U803B,parkerruben,sbrown@example.net,p@i4%JXxrd&h,Jacqueline,Green,False,nacb_admin,,False,,2024-04-17 13:28:29
P803P,kelly46,robinsonkyle@example.net,zi7!JT!nNR$I,Benjamin,Mckee,True,user_professional,22.0,False,,2024-03-28 17:43:24
U804K,theresahansen,jamie42@example.com,@Y_l8Ox&90ZB,Jacob,Miranda,False,nacb_staff,,False,,2024-03-17 23:48:18
P804M,karawelch,jasongraham@example.com,O+1phg&bXOtW,Charles,Moore,False,organization_admin,,False,,2024-02-15 18:03:05
U805N,gregory51,robertcampbell@example.net,%aFSIAwf4cGg,Brandon,Waters,True,nacb_staff,63.0,True,Multiple failed login attempts,2024-01-29 01:13:40
P805M,tiffany33,robert51@example.com,@7iPttJco)Ep,Jeffrey,Riley,False,organization_admin,,False,,2024-05-01 07:29:09
U806Y,kimberlybishop,mmclean@example.com,+76AI1_m@#x3,Christopher,Lopez,False,user_professional,,True,Violation of terms of service,2024-01-05 23:01:15
P806I,vjohnson,robert70@example.com,87BdbFgiu9($,Edward,Davidson,True,organization_member,14.0,False,,2024-05-20 07:17:48
U807K,laurenmata,vanessa08@example.net,z5c7dR2f)2Jm,Daniel,Wilson,False,organization_admin,,True,Security policy violation,2024-03-25 17:59:41
P807R,timothybrown,justin95@example.com,N8DX1+Da*UrC,Laura,Parker,True,user_professional,21.0,True,Non-compliance with community guidelines,2024-01-18 15:03:32
U808G,griffinrodney,eugenemay@example.org,%lUmw@AlM(7G,Cheryl,Krause,False,nacb_staff,22.0,False,,2024-04-03 12:25:04
P808E,abrown,briangray@example.org,!5fehmYg_PzV,Laura,Martinez,True,organization_admin,,False,,2024-01-28 19:41:52
U809V,cjohnson,lmiller@example.net,%ta#UXym3U9E,Caroline,Hunt,False,organization_member,72.0,False,,2024-06-20 13:26:16
P809Z,kbarnett,jerry86@example.com,#qQvhSNA9N7N,Amy,Bridges,True,user_professional,80.0,False,,2024-01-16 03:02:17
U810U,gonzalezkimberly,gkane@example.org,(2GMbkW!CZDb,Glen,Miles,False,user_professional,,False,,2024-01-31 20:16:02
P810K,lisa60,ncarpenter@example.org,%9R0GWjf19tJ,James,White,False,nacb_admin,20.0,False,,2024-01-29 14:50:14
U811X,heatherrush,biancahale@example.com,O)$l2TgLE6!C,Barbara,Barr,True,nacb_staff,,False,,2024-02-03 07:53:38
P811A,manuelreynolds,samanthacoleman@example.net,wA+OpBltg*+5,Matthew,Combs,False,user_professional,,False,,2024-02-11 20:43:01
U812M,cheryl52,jessicarush@example.net,)8F4jAtl(s8c,Whitney,Robles,True,user_professional,,False,,2024-07-06 06:52:59
P812F,harrischarles,mark04@example.com,T7h5QWuMj#yR,Tanya,Wolfe,False,user_professional,,False,,2024-01-29 04:17:15
U813M,michelle79,christopherreyes@example.com,hrEuKBDG&4MQ,Hunter,Richmond,True,organization_member,,False,,2024-05-19 00:11:17
P813O,melissajones,brian71@example.net,vU8btrKpV(!M,Jerry,Short,True,user_professional,,False,,2024-02-06 20:32:51
U814F,jefferywilliams,cherylgriffin@example.org,3%8ONldVM4pE,Christopher,Adams,True,user_professional,100.0,True,Multiple failed login attempts,2024-06-15 13:17:37
P814I,marvin46,linda76@example.com,d+vBDcgN)bZ2,Grant,Dominguez,True,organization_member,14.0,True,Breaching confidentiality agreements,2024-04-18 00:13:12
U815Y,khale,johnsonjason@example.net,OH!5fJFt()&c,Lauren,Cardenas,False,nacb_staff,,False,,2024-07-20 08:54:29
P815R,princeeric,angela06@example.org,+0%aecfsuBkh,Becky,Edwards,False,nacb_staff,,False,,2024-05-30 14:12:14
U816G,fvaldez,christopher71@example.org,IB1dDAds5w!J,Eric,Khan,False,user_professional,,False,,2024-02-22 19:29:36
P816W,proctorroger,vanessa75@example.com,o2f5R1kD#ZAV,Robert,Lloyd,False,nacb_staff,57.0,False,,2024-07-03 11:54:20
U817I,munozstephen,jerrybaxter@example.net,)Y)aKmzx03Ww,Sean,Carey,False,nacb_staff,20.0,True,Fraudulent transactions detected,2024-03-09 05:45:57
P817L,mark28,cadkins@example.net,G$axeKsJ!a0n,Chris,Gilbert,True,organization_member,92.0,False,,2024-05-22 23:12:04
U818Y,pamsmith,wangmark@example.com,c%6YHVp8j95H,Maurice,Smith,False,user_professional,25.0,False,,2024-05-25 10:33:20
P818B,yvonnesantiago,qduncan@example.net,n9ljc9Hp)Amp,Wendy,Alvarado,True,system_admin,,False,,2024-04-27 07:14:58
U819H,lisadowns,antoniogriffin@example.org,36Td5Kc*7RD&,Victor,Burke,True,user_professional,96.0,False,,2024-07-10 09:52:13
P819W,ericksonkristy,johnstonjared@example.com,wLIh6mTzO_!!,Stacy,Flores,False,user_professional,59.0,False,,2024-05-26 00:40:03
U820R,karen51,torreslisa@example.net,4#I9Druy)+yI,Patrick,Rogers,True,user_professional,,True,Breaching confidentiality agreements,2024-07-21 02:32:20
P820V,brandigutierrez,brittany83@example.com,6#X5BklcTIb),Robin,Gordon,True,organization_member,,False,,2024-01-04 19:17:56
U821P,charlescooper,john71@example.net,1cQd1HrwsPE#,Heather,Ramirez,False,system_admin,63.0,False,,2024-06-21 10:18:18
P821M,mmiller,marcwilson@example.com,N*OfQYn$*9zZ,Ellen,Taylor,True,user_professional,,False,,2024-06-21 08:50:46
U822G,cherylhayes,whitejessica@example.net,u09INaCMX_a5,Cody,Johnson,True,user_professional,12.0,False,,2024-01-28 12:31:22
P822J,bmartinez,danielhernandez@example.com,_K&Zl5dFI$75,Patrick,Houston,False,nacb_admin,59.0,False,,2024-04-09 00:36:45
U823R,myersannette,vwhite@example.org,)7O+IAJbeP2e,Kevin,Johnston,True,system_admin,54.0,False,,2024-02-10 01:36:32
P823T,cruzamy,bthornton@example.com,j4DUX4Vj%^Me,Michael,Garner,False,organization_admin,,False,,2024-06-01 20:34:34
U824W,shawnstephens,kimberly02@example.net,$VieL1SbgVt0,Emily,Davis,True,organization_admin,,False,,2024-06-25 07:44:36
P824S,pclark,mgonzalez@example.com,PjgPDSq+(25j,Jamie,Lang,True,user_professional,23.0,False,,2024-03-18 13:15:10
U825B,hardinbrianna,hendersonmandy@example.org,C5$QAu^t)6qJ,Timothy,Maynard,False,organization_member,,False,,2024-07-12 08:17:24
P825V,ustewart,spencer54@example.com,KtFgT0dt&1iM,Matthew,Turner,False,organization_member,,False,,2024-04-28 18:59:59
U826D,sheila17,lauren29@example.com,&p9+#NdtS$4K,Antonio,Howard,False,user_professional,,False,,2024-04-13 00:30:20
P826N,donald44,ddavis@example.net,Q+edhz2YAW9H,Jessica,Hernandez,True,nacb_admin,,False,,2024-07-24 01:34:49
U827P,dannylee,michael30@example.com,)iJdcViDV7nQ,Julie,Jenkins,True,user_professional,,False,,2024-04-09 14:34:15
P827W,zacharykeith,ywatson@example.net,^*Q1ZVBj!9O5,James,Wagner,True,system_admin,81.0,False,,2024-02-27 05:42:09
U828K,rboyer,iprince@example.org,I@0nBrc7j*_0,Jenny,Berger,False,organization_admin,,False,,2024-01-24 12:22:24
P828I,andrewbenson,amandamacias@example.net,4!&*Rrn75X0$,Randy,Walter,False,user_professional,,False,,2024-06-20 07:48:22
U829W,markbright,morrowbecky@example.com,hHaaWodxq)v1,James,Bryant,False,nacb_staff,,True,Unauthorized access attempts,2024-03-11 14:49:05
P829G,michael97,joseph06@example.org,4@Uqg+pFl7L&,Paula,Aguilar,True,organization_member,64.0,False,,2024-01-05 01:41:03
U830R,colleencampbell,william23@example.net,8xG+&1Ns9FVW,David,Greene,True,user_professional,80.0,False,,2024-04-07 16:41:08
P830K,hamptonanthony,jackmccormick@example.org,de#s5EKhUl+O,David,Owens,True,user_professional,53.0,False,,2024-03-23 03:28:07
U831U,pherman,pottsdavid@example.net,&@1Ay^WpE5Kr,Michael,Bowman,True,organization_member,80.0,False,,2024-02-04 06:56:52
P831L,kathryn62,iwoodward@example.net,NjI11SpET%3%,Crystal,Hernandez,True,organization_member,70.0,True,Inappropriate content posted,2024-02-12 02:54:00
U832C,xross,sara77@example.org,*9YPR!b*bYNk,Stephen,Johnson,False,organization_member,40.0,False,,2024-06-30 09:31:28
P832F,alex96,danielsmichael@example.org,K$+8W@n3uhgZ,Daniel,Moore,True,user_professional,69.0,False,,2024-07-22 18:09:06
U833D,kayla04,zsmith@example.com,3I1lG8v__)d^,Jenny,Sanchez,False,system_admin,88.0,False,,2024-04-16 03:44:06
P833E,julie95,carloswalker@example.org,MuB$o4W(*%6j,Peter,Arellano,False,organization_member,,False,,2024-01-21 03:24:34
U834W,tylernguyen,ruth16@example.net,a77XNm&C*ZOB,Katherine,Randall,False,user_professional,,False,,2024-06-07 06:14:43
P834P,lisa17,lauramontgomery@example.com,vj24qWCpx&^&,Joe,Davis,True,user_professional,9.0,False,,2024-03-05 22:05:16
U835Q,janet58,cperkins@example.org,(I^R9LNa@u0U,Matthew,Miller,True,nacb_staff,,False,,2024-06-04 17:53:05
P835D,danieltaylor,amandalarson@example.net,3Qb%MI7b&1Gc,Norma,Smith,True,organization_admin,,False,,2024-05-01 23:37:48
U836T,eric89,kimberlybeltran@example.com,UiXKR0Jmd@*6,Amanda,Mitchell,False,organization_admin,72.0,False,,2024-06-22 21:04:58
P836Z,jcampbell,curtis76@example.net,Myc!!6NlU3eo,Robert,Olson,True,user_professional,,False,,2024-07-15 17:32:27
U837T,krystalpatterson,hweaver@example.org,a!8fDmrGe@#Q,Cassandra,Barnes,False,nacb_admin,,False,,2024-05-07 07:40:50
P837G,lisathomas,santiagobrandon@example.net,&HY1!DTg4!Qm,Kathryn,Kelly,False,system_admin,38.0,False,,2024-03-18 09:41:20
U838K,jamie18,kaufmanmathew@example.org,lE42SGqQ_hci,Joe,Harris,False,nacb_staff,,False,,2024-06-18 08:24:00
P838U,beantara,mitchelljudith@example.org,n@A3GMbd7gui,Max,Cook,True,nacb_admin,,False,,2024-01-23 11:04:17
U839W,traceythomas,fkaufman@example.com,w15bwa5s^J9Z,Karen,Pierce,True,organization_member,88.0,True,Non-payment of subscription fees,2024-02-27 09:43:56
P839Z,colemansheila,andrew60@example.org,^8MWflySOx)I,Brandy,Hill,False,user_professional,85.0,False,,2024-05-04 23:39:03
U840Q,davischristopher,davisjamie@example.com,YNgbHFBy@9%8,Andrew,Henson,True,organization_member,47.0,True,Unauthorized access attempts,2024-03-12 07:50:02
P840C,keith10,garciajason@example.org,q2X$Kpfed$dm,Tony,Patrick,True,organization_member,,False,,2024-05-29 12:27:26
U841C,jasonpineda,victoriasingh@example.org,nf3_Wmde%(CX,Howard,Griffith,True,user_professional,,False,,2024-07-02 21:28:27
P841H,nolangregory,robincochran@example.net,by80vbv2)YfK,Larry,Taylor,True,nacb_staff,,False,,2024-03-14 17:03:38
U842Q,tperez,gouldjoyce@example.org,_)_HBRwxoZc0,Austin,Wood,False,user_professional,,False,,2024-03-01 01:07:44
P842A,greenbobby,kaitlynsantiago@example.org,F$XKQIBnHw%5,Robert,Strickland,True,organization_member,56.0,False,,2024-05-10 02:01:58
U843I,mullinsandrea,wroberts@example.com,TUFPXDpp@CB0,Brian,Cole,False,nacb_staff,,False,,2024-01-12 04:40:43
P843V,stevenhuang,mmiller@example.com,$!OHisp&t8@Q,Sean,Thompson,False,organization_member,,False,,2024-06-07 02:41:40
U844G,catherine70,williamweber@example.org,T*75tZpnFFD),Scott,Benton,False,organization_member,95.0,False,,2024-01-28 20:51:14
P844O,kendrabailey,vwatson@example.com,Y&z5gHHk^C3H,Robert,Carpenter,True,organization_member,47.0,False,,2024-06-04 23:53:57
U845B,greensarah,joy82@example.com,140_qVvk#erF,Robin,Stewart,True,nacb_admin,,False,,2024-05-29 00:45:57
P845L,stephensonwilliam,jharding@example.com,Ow(N7HNAM^NS,Roger,Caldwell,False,nacb_staff,30.0,False,,2024-03-04 12:15:32
U846P,francissteven,smithjared@example.com,j+2Yu@$eO)+Q,Danny,Rodgers,False,nacb_staff,,False,,2024-04-13 15:00:18
P846S,smithamber,elong@example.net,v@K2L(BbMrI1,Jodi,Hess,False,organization_member,66.0,False,,2024-06-04 23:29:14
U847T,jamieperez,yellis@example.net,%r(GHhbuez2D,Cheryl,Gates,False,organization_admin,74.0,False,,2024-03-06 09:59:36
P847N,hensleynancy,timothysparks@example.net,+rtV@R@*1rVW,Blake,Lawrence,True,user_professional,,False,,2024-04-29 19:59:28
U848S,jill77,vanessa05@example.org,0!2LRbPby*6a,John,Hall,True,user_professional,27.0,False,,2024-02-19 23:53:47
P848A,conwaybrian,powersrandall@example.com,@zMtYC%y^7C9,Cole,Pace,False,user_professional,,False,,2024-06-30 00:46:04
U849K,jonesjulie,thompsondanielle@example.net,(48)s$TdfjCg,William,Thompson,True,organization_member,,False,,2024-03-11 18:44:35
P849W,tdoyle,olivianguyen@example.org,(60O(92xP9Cj,Emily,Cooper,False,organization_member,7.0,False,,2024-07-11 15:35:06
U850A,sandersmonica,gregory60@example.org,oyAvLZDr$4hV,Patricia,Carroll,True,user_professional,,False,,2024-05-06 03:00:35
P850B,vboyd,arnoldvictoria@example.org,%pNFwjyE4kh+,Joshua,Gentry,False,nacb_staff,,False,,2024-02-22 19:01:29
U851A,campbellchristian,shelly40@example.com,t$9Zn#PdpYL#,Lori,Carpenter,True,system_admin,,False,,2024-01-13 01:21:07
P851P,russellcarrillo,ejones@example.com,A3_Y(A^hh(@+,Brooke,Taylor,False,nacb_staff,48.0,False,,2024-03-14 11:47:51
U852L,elizabethphillips,frazierjudy@example.com,%!s36#Lj77vM,David,Acevedo,True,organization_member,,False,,2024-02-05 09:46:39
P852P,ureyes,kevinrodriguez@example.org,%)*Z7PffO$^3,James,Mitchell,False,organization_member,45.0,False,,2024-04-13 06:01:54
U853H,rosenicholas,phillipsamy@example.net,3C1r)ac5!!NI,Jessica,Taylor,False,organization_member,,False,,2024-07-06 01:11:24
P853B,ryanhunt,ygreen@example.org,R3!K08UOGDBe,Matthew,Rivers,True,user_professional,3.0,False,,2024-01-09 07:01:39
U854C,richard43,erinromero@example.com,y2bm2Oh%*Y&K,Christopher,Gray,True,organization_member,,False,,2024-02-09 11:59:16
P854Y,emarks,ywelch@example.com,Ad&oSdJ_B+3B,Allison,Navarro,False,nacb_staff,76.0,False,,2024-06-27 22:59:56
U855S,david38,dpeterson@example.com,2diQs6Pg^ny7,Travis,Newman,False,user_professional,,False,,2024-01-23 16:13:35
P855H,brittney46,kbishop@example.net,#3Nnd5uYjKa@,Steven,Arroyo,True,user_professional,,False,,2024-05-06 15:18:59
U856H,gonzalesdennis,melissacunningham@example.net,04mOX3sv+K@V,Michael,Maynard,True,user_professional,,False,,2024-05-18 07:24:30
P856D,anthony77,robertmack@example.com,rt2*4NgeF!sr,Nancy,Diaz,False,organization_admin,,False,,2024-03-17 07:00:14
U857K,dvillanueva,shelleyandrews@example.net,%&)1oGh3hiGv,Peggy,Stevenson,False,nacb_admin,100.0,True,Account reported by multiple users,2024-04-19 02:49:12
P857K,mitchellwatson,taraharris@example.org,T_A32Bs_#0hW,Brandon,Jones,False,user_professional,29.0,False,,2024-01-17 21:02:32
U858T,davidblackwell,oguzman@example.com,jD9#0oXmauB@,Miranda,Gonzalez,True,nacb_staff,98.0,False,,2024-05-30 17:43:48
P858K,colelawrence,qbrooks@example.net,b@22cpzwbbjA,Patricia,Evans,False,nacb_staff,,False,,2024-06-08 02:26:37
U859J,christophertaylor,robinsonjohn@example.net,OGAvp91F@9oE,Vanessa,Francis,True,nacb_admin,47.0,False,,2024-04-30 00:21:52
P859B,eric56,brownrenee@example.org,*OVSDt$tg6!c,William,Berry,True,user_professional,81.0,False,,2024-07-23 23:15:19
U860N,erivera,wferguson@example.net,6CQ&iKyr@oFA,Brian,Nelson,True,organization_member,,False,,2024-06-04 14:49:04
P860E,kristy23,linda53@example.org,(@RMFVk1@84z,Andrea,Kennedy,True,user_professional,33.0,False,,2024-01-06 00:01:29
U861C,mosleyjoseph,ocarson@example.com,T@U5qWEPXtI#,Lisa,Campbell,True,organization_admin,25.0,False,,2024-07-03 23:07:08
P861X,amanda76,kenneth75@example.org,!ho_*Ylx7Drc,Judith,Williams,True,organization_member,5.0,False,,2024-06-05 04:12:24
U862N,nellis,nathaniel74@example.com,$ih82At6627v,Ann,Herrera,True,organization_member,12.0,False,,2024-04-01 18:30:22
P862Z,kgarcia,crodriguez@example.net,^u!&5S8nNjmu,Susan,Malone,True,organization_member,42.0,False,,2024-07-04 08:51:24
U863I,garciacandice,autumnfrey@example.org,%_TS$IpLql9q,Taylor,Wallace,False,user_professional,11.0,False,,2024-06-25 23:28:52
P863N,mahoneydanielle,nortonjason@example.net,&2ubHuJHh4PA,Elaine,King,True,organization_member,,True,Security policy violation,2024-02-04 06:50:35
U864U,michaellopez,sharonwilliams@example.com,7q7#1QNqFexd,Gloria,Brock,False,organization_member,,False,,2024-07-06 22:32:55
P864R,eadkins,qbuchanan@example.net,Zx6SS(@w%Z%8,Jeffrey,Roberts,False,organization_admin,20.0,False,,2024-06-07 01:08:23
U865I,tcohen,combsantonio@example.org,#5kOwtCx$CA(,Lauren,Malone,False,user_professional,87.0,False,,2024-03-12 10:36:04
P865A,clarkrodney,crystalmalone@example.net,)*#77iQdg#nX,Shannon,Brooks,False,nacb_admin,,True,Security policy violation,2024-04-21 20:07:19
U866A,kathryn74,hrichards@example.com,_8I)H9GHVt8i,Samantha,Farrell,False,system_admin,,True,Non-compliance with community guidelines,2024-05-20 02:10:56
P866Q,cmoore,timothy24@example.com,(KY1yTCoU8Ve,Nathan,Wagner,False,organization_member,49.0,False,,2024-01-20 23:00:45
U867X,fgarcia,cristianmccullough@example.net,Nk01(UlX)out,Julie,Vargas,True,user_professional,,False,,2024-02-29 12:44:59
P867H,summerstiffany,kanemarissa@example.com,d+RgMwhlNI9i,Erin,Rodriguez,False,organization_admin,,False,,2024-01-09 22:35:40
U868F,michelehamilton,ygibson@example.com,b3qQI7)l+kGZ,Gary,Davis,False,user_professional,,False,,2024-02-24 22:34:59
P868R,robertjones,francodawn@example.org,Ri51I!Mk^00f,David,Dean,True,organization_member,63.0,False,,2024-02-22 00:58:06
U869I,lwilliams,warnerjoyce@example.com,_9ekSGCFrIXj,Robert,Wagner,False,nacb_staff,92.0,True,Non-compliance with community guidelines,2024-05-24 13:18:41
P869E,youngjames,aprilmacias@example.org,Q2jD$MzP&1Tp,Monica,Miller,False,user_professional,9.0,False,,2024-07-06 22:00:43
U870B,haneyjennifer,james59@example.net,RU3nYritA!B%,Tamara,Cox,False,nacb_staff,,False,,2024-07-13 12:26:27
P870P,jenniferbrewer,riveramark@example.net,1P0Uvaw)%xEK,Shannon,Hall,False,nacb_staff,16.0,False,,2024-04-28 23:35:15
U871H,john29,jamesvargas@example.net,K0ytiDmx*v58,Jason,Williams,False,nacb_admin,,False,,2024-02-07 20:17:46
P871W,znguyen,weaverbrian@example.net,yu3vDSgeZ+5o,Sharon,Summers,True,nacb_admin,,False,,2024-05-08 17:56:07
U872L,mooremichael,rachel90@example.org,gZ7bQnzP(mP5,Cassandra,Ochoa,True,organization_admin,,False,,2024-07-14 20:15:06
P872G,xmercer,todd05@example.net,%dZB6SMn81ct,James,Robinson,True,nacb_staff,90.0,False,,2024-06-07 08:51:24
U873E,aparker,halechristina@example.net,_#flEaz7G+3P,Donald,Olsen,False,nacb_admin,39.0,False,,2024-05-24 19:59:18
P873C,barnessarah,vmclaughlin@example.net,+MPhcD5hx9U$,Thomas,Roy,False,user_professional,74.0,False,,2024-05-14 22:09:59
U874X,usmith,hicksjennifer@example.net,^W8tXH(i+GxB,Linda,Rivera,True,user_professional,,False,,2024-07-01 20:37:03
P874T,richardsonleslie,kyle99@example.com,GswZbEdg1u^8,Robert,Gonzales,False,nacb_admin,,False,,2024-02-29 06:44:26
U875M,chungmichael,cjones@example.com,mt4Bvq8c@whe,Thomas,Johnson,False,organization_member,29.0,False,,2024-05-13 06:45:57
P875G,hollyritter,mary02@example.org,s0)*1hyOS@)N,Connie,Miller,False,organization_member,,False,,2024-02-10 13:25:54
U876D,sandraflores,dcarpenter@example.com,(SS)X7Pk43T_,Patty,Barnes,False,user_professional,65.0,False,,2024-01-10 09:49:26
P876W,ghenson,cindypena@example.net,G7T^63E5M#On,Lisa,White,True,user_professional,88.0,False,,2024-02-19 15:32:41
U877N,earljoseph,rlowe@example.org,h!*Kp9StrOv%,Lisa,Campbell,False,organization_member,,False,,2024-03-13 12:24:04
P877S,christopher59,stephanie86@example.org,mKzi6Zmyk_+a,George,Collins,True,user_professional,13.0,False,,2024-03-19 04:57:32
U878M,shannon12,paul07@example.net,*QGb&ZpooYB9,Justin,Ramos,True,organization_admin,,False,,2024-04-17 12:29:25
P878W,davidhiggins,rachael01@example.net,0hQ$dm(%8u0P,Karen,Parker,True,system_admin,5.0,True,Use of prohibited software or bots,2024-01-23 04:59:15
U879Q,martinezdawn,keithzhang@example.com,%pO1YhbF@)Vl,Ryan,Padilla,True,organization_member,85.0,False,,2024-04-28 10:19:22
P879R,cherylsnyder,millerrichard@example.com,M@1fCrpHj)Uy,Nathan,Smith,True,user_professional,,False,,2024-04-04 10:52:29
U880G,jeffrey37,ericrichardson@example.org,x0G@4*0x!OJg,Garrett,Kim,False,organization_member,,True,Fraudulent transactions detected,2024-05-12 02:23:48
P880T,vlee,qmiller@example.com,@i67J($!6^b0,Mark,Smith,True,organization_member,,False,,2024-01-08 01:21:07
U881O,reesejacob,boydnancy@example.com,c78auNQm@K#P,Charles,Mitchell,False,organization_admin,18.0,False,,2024-02-10 22:34:48
P881Q,xgutierrez,wrightjason@example.com,H@Df4JbnC!%V,Jonathan,Lee,False,organization_member,,False,,2024-01-18 12:36:19
U882X,patrickjackson,anthonybryant@example.net,@R4DXxOvp8Y@,Mario,Gibbs,False,user_professional,41.0,False,,2024-07-17 19:20:37
P882U,simsvirginia,robert66@example.com,qQ@1DMoez+q2,Sean,Marsh,False,user_professional,,False,,2024-05-30 16:49:45
U883D,grantbrett,yprice@example.org,xz%o3PjjalF7,Joanna,Hernandez,True,organization_admin,36.0,False,,2024-04-04 12:10:12
P883Z,ianderson,sheilabuckley@example.org,He43xoDX&^#a,Yvonne,Hill,False,nacb_staff,,False,,2024-01-21 01:16:17
U884S,amandadavis,fmorris@example.com,46xfRLV7HhW%,Kerri,Campbell,True,user_professional,,False,,2024-05-09 05:34:08
P884S,acostajoseph,mario11@example.com,^7Szwf)v2OL4,Donna,Hall,False,organization_member,22.0,False,,2024-04-10 03:49:12
U885V,james90,sheila96@example.org,V$gMEj&jJ_25,Matthew,Cook,True,nacb_staff,59.0,True,Suspicious activity detected,2024-04-21 14:45:32
P885X,okim,sosakimberly@example.com,4ihO+y#j(b5^,Emily,Miller,False,organization_member,,False,,2024-03-04 08:52:48
U886E,whiteruben,aryan@example.com,vf_&Ow1YGi2Q,Eric,Butler,True,organization_member,,False,,2024-06-03 13:45:13
P886T,scott34,katherine23@example.com,*zxaBs2o56NX,Sydney,Williams,True,user_professional,,False,,2024-04-26 09:31:13
U887Y,lisawarner,claire06@example.net,K)n%0ShG_dVH,Joseph,Rivera,True,nacb_staff,,False,,2024-07-20 06:23:25
P887F,martinezvictoria,jessicaking@example.net,&C@B!$kj%0QT,Katherine,Miller,True,organization_member,,False,,2024-04-14 11:51:30
U888M,donaldbernard,jamielopez@example.com,L!6WZFxx7lTt,Aaron,Moore,True,nacb_staff,47.0,False,,2024-07-17 16:57:24
P888Q,staceyvaldez,jpatrick@example.net,p(X^sds3&5AP,Nicholas,Brown,True,organization_admin,100.0,False,,2024-04-07 16:12:24
U889A,steven59,jeremiahjohnson@example.net,z)F0h#R2(B9+,Matthew,Andrews,False,user_professional,,False,,2024-04-01 16:54:42
P889P,thompsonjason,usmith@example.com,A8PxthES%8JE,Brianna,Lawrence,False,organization_member,73.0,False,,2024-02-04 22:04:03
U890L,christinacook,jackson26@example.com,lJCr14f+9Yo(,Paul,Hartman,False,user_professional,,False,,2024-05-24 02:44:00
P890U,elizabeth99,richardsonangela@example.net,Hh0g5MAqQM%v,Thomas,Coleman,True,nacb_staff,,False,,2024-02-17 19:59:00
U891N,amanda74,kylehaas@example.net,nm2U)aTct*qS,Nathan,Perez,False,user_professional,1.0,False,,2024-03-06 12:30:28
P891F,qvargas,wsmith@example.org,jV3gQwCaf&d9,David,Roach,True,nacb_admin,1.0,False,,2024-06-06 01:44:31
U892A,carlosthompson,stephanie04@example.org,)V7%5pqmK@@Q,John,Greer,False,organization_member,,False,,2024-06-27 18:13:45
P892E,davidwilson,ryanrose@example.org,g2zVjI*e+rlZ,Daniel,Buchanan,False,user_professional,,True,Security policy violation,2024-05-08 09:35:17
U893V,cruzjennifer,obauer@example.net,S%9C)3@z#hSW,Lisa,Hahn,True,nacb_staff,,False,,2024-06-18 15:44:52
P893Q,brettpeterson,brianjohnson@example.net,T&3mmm74o4QI,Jennifer,Brooks,True,nacb_staff,68.0,False,,2024-05-06 15:24:49
U894K,adamhamilton,dzhang@example.net,9RG90FFmG%NA,William,Brennan,False,organization_member,7.0,True,Unauthorized access attempts,2024-04-30 15:54:10
P894A,davidsanchez,cindy37@example.net,KmXjr%9W)^7P,Eric,Smith,True,organization_member,95.0,False,,2024-06-20 12:51:22
U895Q,stephanie27,nicholsdean@example.com,!@4A(&7w^GnI,Heather,Garcia,True,organization_member,61.0,False,,2024-05-22 18:55:12
P895F,heather98,jenny68@example.net,d&2)qUek(rpA,Andrew,Yates,False,nacb_admin,,False,,2024-03-11 08:39:05
U896A,thomasthornton,melissa27@example.com,!So9Rnxi$$pr,Tanner,Morrow,True,organization_admin,,False,,2024-01-24 05:15:13
P896V,ngraham,etrujillo@example.com,&2zDUidA+t5G,Brent,Booth,False,user_professional,,False,,2024-02-11 08:06:42
U897R,shannon19,wileymatthew@example.net,eM(w(zvy_4Bj,Natalie,Ellison,False,organization_member,34.0,False,,2024-04-01 09:00:47
P897K,kimberlycummings,stephanie95@example.net,Ci66Pp_#!4yU,Paul,Palmer,False,organization_member,29.0,True,Non-payment of subscription fees,2024-04-29 17:26:40
U898B,laurie21,jonesannette@example.com,z7&aAP+MRPLC,Matthew,Smith,True,nacb_admin,65.0,False,,2024-03-16 20:44:34
P898K,derek80,watsoncalvin@example.com,nbX40XqM$OaH,Beth,Harris,True,nacb_admin,,False,,2024-06-01 07:26:10
U899M,yoconnor,yclark@example.net,TQ(Z8CdT)W@(,Elizabeth,Cook,True,user_professional,,False,,2024-04-27 19:07:21
P899S,john22,schultzgerald@example.com,bp6L8lBYw%M^,Jason,Schmidt,True,system_admin,46.0,False,,2024-03-06 03:21:14
U900Y,darlene13,robinrobinson@example.org,M+47Bodj_*9f,Annette,Myers,True,user_professional,17.0,False,,2024-07-10 15:53:45
P900E,ryanrodriguez,harrisdavid@example.com,5*zWE9ui2d9H,Erica,Patrick,False,user_professional,,False,,2024-01-11 07:59:46
U901P,william99,audrey38@example.org,_pxz9FW0h7E8,Peter,Palmer,True,organization_member,,True,Violation of terms of service,2024-01-16 05:35:01
P901W,alejandramcdaniel,markjohnson@example.org,QtC*CjhXD!0M,Kyle,Mcbride,False,organization_admin,2.0,False,,2024-06-21 15:06:30
U902X,dnelson,shelley45@example.com,9M9Pq*%v0Yf@,Ryan,Rogers,True,nacb_staff,,False,,2024-04-19 11:54:00
P902Y,christophersmith,longfranklin@example.org,M$U+zGe)*j8h,Joshua,Miller,True,nacb_staff,,False,,2024-01-03 06:16:53
U903Q,maria12,brodriguez@example.com,HXEW5D3zO)%s,Lori,Williams,False,organization_member,98.0,False,,2024-01-07 06:37:31
P903W,lynn44,bellglenn@example.org,^#_Cu$g8o1Hb,Tamara,Lopez,False,user_professional,82.0,True,Unauthorized access attempts,2024-07-22 10:58:55
U904O,denise31,ashleesullivan@example.net,I7j&Odqs)Q9J,Corey,Pham,True,user_professional,,False,,2024-03-06 22:38:30
P904K,alisha30,guzmanjames@example.net,@4SMXu5hK73q,Justin,Dean,False,user_professional,16.0,False,,2024-02-25 00:27:50
U905W,michael79,bryan84@example.com,Ea**Tu3w*94V,Dennis,Obrien,True,user_professional,96.0,False,,2024-05-19 16:31:35
P905T,waltermegan,hmaldonado@example.com,KXEz!0vR$4(s,Melinda,Curtis,True,nacb_staff,66.0,False,,2024-04-02 04:09:21
U906W,qfitzpatrick,estescheyenne@example.net,dYXrh*v_n2)I,Jane,Kelly,True,user_professional,31.0,False,,2024-03-23 16:56:31
P906B,dudleykenneth,omckay@example.com,WaJLalS)@8!V,Justin,Nguyen,False,user_professional,57.0,True,Unauthorized access attempts,2024-03-22 03:50:18
U907E,jbanks,jessica35@example.net,)(0Vm6Ke$)AB,Gordon,Bailey,False,organization_member,,True,Breaching confidentiality agreements,2024-05-04 14:42:16
P907H,ehurley,sarahhoover@example.net,#!2BNHIyamZc,Charles,Hale,True,nacb_staff,,False,,2024-07-04 08:59:41
U908V,andrewmoore,christopherjohnson@example.org,5a+(h*Y**R4X,Paul,White,True,nacb_staff,60.0,False,,2024-06-16 02:28:05
P908W,jamesdalton,alexis57@example.org,Z2y!h4xPue3S,Ronald,Diaz,False,user_professional,71.0,True,Breaching confidentiality agreements,2024-03-02 07:57:40
U909H,pamela40,destiny46@example.org,O)K9(BaZmEE1,Michael,Paul,True,organization_member,40.0,False,,2024-05-20 06:32:53
P909P,dhudson,seanmoses@example.org,zVy27%y1*6IE,Alexis,Mills,True,system_admin,,False,,2024-02-21 03:57:33
U910R,caitlinmartinez,williamfitzpatrick@example.org,V3Nb1lOGlep(,Chase,Ayers,True,user_professional,,False,,2024-03-21 23:54:21
P910L,samantha73,david62@example.net,Tu_0ECWkkiv5,Keith,Miller,False,organization_member,,False,,2024-01-20 11:50:25
U911W,gfranco,scott36@example.org,^goOw!s$mg2C,Matthew,Robertson,True,organization_member,,False,,2024-05-05 10:26:38
P911I,courtneyperry,scottgentry@example.com,^1&Ju#^zUx9X,Tara,Lang,True,user_professional,,True,Violation of terms of service,2024-07-08 23:07:00
U912N,paul55,sandra52@example.net,24b%Nb!tHzWE,Ashley,Harris,True,user_professional,10.0,False,,2024-01-08 13:05:58
P912D,jjohnson,ronniepierce@example.com,_9goiDHAztKQ,Christopher,Chan,True,user_professional,48.0,False,,2024-02-03 03:44:40
U913O,gamblekimberly,jennifercook@example.org,QW!HzCfbj36R,Christian,Mcgee,False,nacb_admin,,True,Account reported by multiple users,2024-07-21 02:38:52
P913M,chris39,jeffreygalvan@example.org,)0cT^p5wb9AA,Holly,Miller,True,nacb_staff,,False,,2024-03-01 00:29:42
U914F,natashadominguez,alicia75@example.org,yvS+Zf0bPyL0,Kevin,Armstrong,True,nacb_admin,36.0,True,Violation of terms of service,2024-02-20 17:05:01
P914Q,andersonjamie,awilliams@example.net,@ljb*2Uk_hHn,Shelby,Phillips,True,nacb_staff,,False,,2024-03-03 07:28:13
U915G,ufarmer,porteramanda@example.com,65%Oc42h_Zg^,Amy,Kelly,True,nacb_staff,31.0,False,,2024-03-10 12:05:51
P915V,palmerelizabeth,johnsonstephen@example.org,IBb3LjIE)8r6,Ryan,Hill,False,nacb_staff,8.0,False,,2024-05-25 14:16:05
U916Y,fletcherbryan,rhondasnyder@example.net,$6Qehe5TM1za,Sarah,Martinez,False,nacb_staff,43.0,False,,2024-02-24 10:09:15
P916F,lmitchell,tinapadilla@example.com,qX^ZM5t83b25,Travis,Shaw,True,user_professional,,True,Harassment of other users,2024-02-29 11:03:03
U917U,agreen,kristiehamilton@example.net,Az3()wwzJ9PS,Dana,Medina,True,organization_member,,False,,2024-02-01 15:20:18
P917G,hendersonantonio,cbarrett@example.org,Ix9C@Woonv^V,Cindy,Lee,False,organization_member,,False,,2024-03-30 09:59:34
U918N,qmccall,karen59@example.net,+9Fhw6Pf+T$q,Richard,Smith,True,organization_admin,30.0,False,,2024-03-18 21:35:34
P918W,vboyd,heather84@example.com,b88XRrs1#f7b,Jennifer,Watson,True,organization_admin,,False,,2024-03-09 02:00:12
U919M,gutierrezsusan,rmoon@example.net,_%U*Bl!iXD7Z,Kelsey,Collins,True,system_admin,,False,,2024-04-23 06:20:03
P919V,rebecca93,paulpowell@example.com,#FBBg39W1PWO,Joel,Rice,False,nacb_staff,95.0,False,,2024-03-23 15:19:20
U920R,vmartin,danieljohnson@example.org,TW^6N*JzC4e(,Jorge,Fuller,True,nacb_admin,,False,,2024-01-10 09:39:39
P920E,mullenkevin,blevinssteven@example.org,E*0*O7u$@xUY,Jose,Stone,False,organization_member,96.0,False,,2024-05-19 14:09:53
U921P,russellriley,tramos@example.com,p&@7qLba%KR_,Sean,Mclean,True,user_professional,87.0,False,,2024-07-11 21:40:00
P921W,nvaughn,sherri27@example.net,rTN&$@ZabR3A,Kimberly,Wolfe,False,organization_admin,,False,,2024-05-02 10:28:47
U922H,stevengarcia,estesmisty@example.net,oS!6)*tQ@A7D,Krystal,Irwin,False,user_professional,,False,,2024-03-09 13:42:31
P922Y,robertgarza,leeroy@example.net,^&rJTh*$VN9H,Tyler,Rose,True,user_professional,77.0,False,,2024-05-15 13:41:51
U923G,crawfordcourtney,amy61@example.com,j4LV6mHT97_$,Zachary,Martin,True,organization_admin,70.0,False,,2024-02-17 04:10:29
P923T,wheeleralyssa,sarahcontreras@example.com,L_dD0DlGXtnC,Brad,Sparks,False,user_professional,,True,Multiple failed login attempts,2024-06-21 09:41:41
U924Z,markdalton,erin17@example.com,W$9Lx_vMFq_h,Dean,Cook,False,user_professional,49.0,False,,2024-03-27 01:42:37
P924Z,edgar51,barkerlisa@example.net,6%8#)9ioF@AN,Larry,Lee,True,user_professional,,False,,2024-01-30 05:53:22
U925W,rick03,danielsmith@example.org,nM(0AOx9ivza,Sheila,Silva,False,organization_member,72.0,False,,2024-03-12 23:32:27
P925J,watkinsjill,amberbrown@example.org,#P$5@Xew7Ls9,David,Evans,True,organization_admin,,False,,2024-03-07 02:34:31
U926J,moragregory,michele20@example.org,@MjEW28y04M!,Kristi,Chaney,True,user_professional,,False,,2024-01-22 12:07:18
P926X,sherrihenry,jjohnson@example.org,qS_Brjbc(8LV,Jorge,Gamble,False,nacb_admin,,False,,2024-06-23 12:20:26
U927U,uadams,angelamassey@example.com,_c!tcWHe708f,Jonathan,Hull,False,user_professional,,False,,2024-04-07 23:52:42
P927T,thomasbeth,toddevans@example.net,!_+6ziBiNL@8,Lee,Bennett,True,user_professional,25.0,False,,2024-01-29 15:06:45
U928W,gadkins,tylermcpherson@example.net,Ozy)@(gp$6JX,Vanessa,Schmidt,True,organization_member,50.0,False,,2024-01-30 01:57:38
P928B,weberbrittany,wvilla@example.com,&W4&0EEz)zDi,Sarah,Massey,False,organization_member,,False,,2024-02-22 22:05:22
U929W,eanthony,leahphillips@example.com,F%G4iL)iUXUd,Sydney,Black,True,organization_member,,False,,2024-05-24 01:15:37
P929H,oschultz,prusso@example.com,p19ZhTqf@TTO,Jessica,Scott,True,user_professional,54.0,True,Breaching confidentiality agreements,2024-04-09 12:00:28
U930V,mariawright,ewalker@example.com,^%+Y42KfEgG6,Gerald,Mckee,False,user_professional,16.0,False,,2024-03-28 15:25:00
P930B,jamescarter,tashley@example.org,aW8uAxzU%$1W,Nathan,Webb,False,organization_member,,False,,2024-05-25 19:17:39
U931F,veronica52,michael63@example.org,&xI4sUf!I^Jr,Karen,Cox,True,organization_member,,False,,2024-02-27 04:17:56
P931B,gerald34,wardjon@example.com,ji22aUAlo#)I,Jimmy,Zamora,False,organization_member,,False,,2024-02-29 21:19:30
U932W,bensondale,harttravis@example.org,N*7RUm&uA+4G,Keith,Christensen,True,nacb_staff,46.0,False,,2024-05-28 13:08:30
P932D,wanda38,jennifer52@example.com,v+vJWrkhRK2V,Megan,Alvarez,True,organization_admin,72.0,False,,2024-05-29 12:23:14
U933S,caitlinbailey,wscott@example.org,I^46AqJs6JN7,Helen,Henry,False,organization_member,37.0,False,,2024-06-20 15:16:10
P933O,jesus33,gonzalesmaria@example.net,)2Y(Nm*rCy6M,Wesley,Williams,True,system_admin,97.0,True,Spamming or abusive behavior,2024-05-11 13:27:22
U934O,brandonaguirre,ywalker@example.net,PtPO^^yh+9HC,April,Brown,False,nacb_staff,,True,Breaching confidentiality agreements,2024-07-23 15:18:10
P934G,houstonelizabeth,vwilson@example.org,Exn6R_zYZ*+9,Brandon,Chapman,True,user_professional,,False,,2024-05-23 23:43:42
U935Z,megan24,ambermartinez@example.net,ew24)Qgtx&E(,Samuel,Nguyen,False,organization_member,57.0,False,,2024-06-22 09:42:23
P935R,fgarcia,marymora@example.net,J+5GoBnjK423,Stephanie,Miller,True,user_professional,,False,,2024-04-03 22:59:58
U936N,shaneraymond,shirley11@example.net,pv72t1EC)2zC,Angela,Cross,False,user_professional,,False,,2024-03-03 07:36:16
P936Z,kathyglover,lisawashington@example.org,#HRMa^Seu%4X,Erik,Blankenship,False,user_professional,94.0,False,,2024-07-18 05:50:56
U937O,erikahawkins,rebecca78@example.com,BQ_V2Xny*P!c,Melissa,Sutton,False,user_professional,17.0,False,,2024-04-23 07:41:25
P937M,lisapatterson,watsondeborah@example.org,Ff8GTUrvJ(gI,Justin,Atkins,False,nacb_staff,,False,,2024-02-17 10:06:14
U938Z,phillip54,elizabethkoch@example.org,gG4GfWtqH)Wq,Jessica,Hernandez,True,nacb_staff,78.0,False,,2024-02-04 22:35:31
P938M,sanchezanna,lambkristen@example.org,!3FoGu&W$7Bk,John,Johnson,True,nacb_staff,,False,,2024-05-12 09:38:54
U939O,kathleen15,ucox@example.com,x3BgczPg#e!h,Matthew,Powell,False,nacb_admin,,False,,2024-04-13 05:02:54
P939O,hartmanbrandi,michaelsmith@example.com,N+Qz^4lrMJ1D,Julia,Johnson,True,user_professional,97.0,False,,2024-05-02 05:29:00
U940Z,sdonovan,bcross@example.com,_h3gKA7At5Yu,Jessica,Kennedy,False,user_professional,,False,,2024-02-13 08:26:38
P940U,lynnadams,fcannon@example.net,&8Y@giCtn)iy,Thomas,Johnson,False,nacb_staff,29.0,False,,2024-05-05 11:32:05
U941H,qreyes,tcarter@example.net,gXWlYPse_060,Timothy,Cook,True,user_professional,28.0,False,,2024-03-05 05:01:57
P941J,dcoleman,adampreston@example.com,)$3kYKMv)D5$,Christine,Clark,False,organization_member,,False,,2024-04-17 16:03:12
U942P,teresaellis,joseph50@example.com,bm5%e3Yb^bXe,Darlene,Dean,False,organization_admin,9.0,False,,2024-05-19 18:32:46
P942L,laurie10,troybaker@example.org,&+gMxcr&73CJ,Annette,Weeks,True,user_professional,,False,,2024-02-08 09:36:05
U943C,ashley04,michellenguyen@example.org,Kk*UP^fggv6L,Shannon,Morris,False,nacb_admin,20.0,False,,2024-05-17 09:11:46
P943M,joel93,timothy41@example.net,e&ew2RlZYUZi,Brent,Wilson,False,user_professional,,False,,2024-02-17 13:35:11
U944G,ewiley,kbrewer@example.com,^35%Ojzon44e,Ethan,Jordan,False,organization_member,,False,,2024-04-22 23:31:37
P944A,katelynsullivan,ibarnes@example.net,2O&sCx1f%!v@,John,Mcguire,True,organization_member,,False,,2024-02-07 16:36:51
U945P,danielcharles,dwood@example.com,N!U7D^&sNA+B,Sean,Jackson,False,user_professional,82.0,False,,2024-06-24 08:19:16
P945S,hillmichele,matthewwalton@example.com,*K%PhmQxC+3J,Carrie,Freeman,False,user_professional,18.0,False,,2024-04-08 21:52:33
U946O,johnsonaaron,hannahjohnson@example.com,kv7a6qv9T@*R,Kristen,Mason,True,user_professional,35.0,False,,2024-07-05 21:53:29
P946V,mariah65,lisaberry@example.net,#hCcg8^hA8Cq,Kaylee,King,False,user_professional,,False,,2024-03-06 22:46:36
U947W,cowanmiranda,andersonkatherine@example.net,C(yn1ObSoL%X,Robert,Baker,True,organization_member,,False,,2024-02-05 23:34:32
P947J,pcasey,adrian92@example.org,(mQct&CX72HP,Angela,Elliott,False,organization_member,,False,,2024-07-03 08:41:33
U948H,anthonyhoward,sarazimmerman@example.com,5JEV8VCp*m#f,David,Ray,False,user_professional,,False,,2024-03-21 05:12:28
P948D,darlene68,douglas57@example.com,0coQe+Rq#$2B,Tammy,Shaw,False,system_admin,61.0,False,,2024-05-14 09:58:14
U949F,suzanne75,aaronwhite@example.org,@zfERxIg$8)B,Maria,Burton,False,organization_member,40.0,False,,2024-06-30 00:13:56
P949N,blin,jeffrey40@example.net,N@19zs$7^nWA,Johnny,Lawrence,True,organization_admin,,False,,2024-05-26 10:33:23
U950V,juan25,reyeskenneth@example.net,#rL5JFb4UX^Q,Christine,Chapman,True,user_professional,,False,,2024-06-14 04:35:34
P950N,millerisabella,aprilsmith@example.com,+15KpbxEguWT,Roberto,Cisneros,True,organization_member,96.0,False,,2024-02-22 13:51:48
U951I,frank82,valeriejimenez@example.com,_!2Z5Hlnqy55,Michele,Peck,True,nacb_staff,,False,,2024-05-10 06:31:13
P951A,brendaguzman,john13@example.com,_wjtO!6t!2xn,Cheryl,Davis,False,user_professional,,True,Non-compliance with community guidelines,2024-07-11 23:21:17
U952L,mary85,mariafrancis@example.com,^nSGzyut7srJ,Joanne,Pineda,True,nacb_admin,,False,,2024-02-23 01:22:33
P952H,martinezbrittany,willisolivia@example.org,g^HrM+YC&6!a,Michael,West,False,organization_member,,False,,2024-01-30 22:47:39
U953B,taylorbrent,tkelly@example.org,Qw6Z@cOk*3Eg,Keith,Alexander,True,system_admin,94.0,False,,2024-03-20 18:08:53
P953Y,margaretstephens,idavis@example.net,vmO9JPqX(A49,John,Mclaughlin,False,nacb_admin,,False,,2024-02-20 20:31:10
U954T,fsutton,kathryndoyle@example.org,&g0pGfax#fFu,Mary,Bell,True,organization_member,,False,,2024-01-26 01:30:33
P954I,rachelsweeney,lewisjennifer@example.org,f#2rYH%sMZ9U,Tiffany,Evans,False,nacb_admin,8.0,False,,2024-01-02 10:23:22
U955C,wschultz,stefaniehernandez@example.net,2G6LBZw1^Z+R,Kathryn,Miller,True,organization_admin,,False,,2024-05-08 01:09:50
P955Q,nancynelson,kfitzpatrick@example.net,yhV^l9Os3QSo,John,Novak,True,user_professional,,False,,2024-06-04 22:46:35
U956Y,rojascindy,cisnerosjerry@example.net,bdl_YgP5n7lW,Robin,Solomon,False,nacb_staff,,False,,2024-03-28 21:25:42
P956K,jay74,castillonicholas@example.org,N+KwHnKXI(9V,Jennifer,Joseph,True,user_professional,71.0,False,,2024-06-15 20:41:32
U957J,monicadecker,pbrandt@example.net,OsT@wm!8JY3j,Amber,Richards,False,organization_member,,False,,2024-06-15 09:03:51
P957E,rodneyobrien,deanerin@example.net,!fU1bNg%w8J4,Jennifer,Evans,False,user_professional,,False,,2024-05-25 21:32:57
U958N,lramirez,fthomas@example.org,^zi*P0Vv_e60,Renee,Maynard,True,nacb_staff,,False,,2024-03-31 08:57:18
P958Z,asmith,gbarnes@example.com,sB3hcK#gl(&L,Andrea,Cook,False,nacb_staff,,False,,2024-03-29 00:16:11
U959S,stephen52,william43@example.com,s+o^zpd7XYmj,Angela,Neal,False,organization_admin,18.0,False,,2024-05-09 03:34:28
P959G,loristanley,robertmay@example.com,_@+J6cZz&22A,David,Warren,True,system_admin,81.0,True,Use of prohibited software or bots,2024-06-18 15:00:29
U960Y,jlong,deborahharrell@example.net,jHIB(xSG+)0b,Thomas,Evans,False,nacb_staff,85.0,False,,2024-02-05 13:49:48
P960U,mortonmartin,imorris@example.net,W8W#XsXifB97,Gary,Reid,False,user_professional,24.0,False,,2024-07-17 15:03:33
U961T,daniellepage,davisjeffrey@example.org,90Ye1$7D!TKo,Elizabeth,Bradley,True,organization_member,87.0,False,,2024-07-12 21:57:07
P961Q,penningtonnicole,hhernandez@example.org,)P%7LZh!c42x,Larry,Burton,False,organization_admin,6.0,False,,2024-01-21 02:32:10
U962H,flowerstiffany,jmelton@example.com,(4(fXp%wt5DH,William,Brown,True,organization_member,,False,,2024-02-06 20:45:51
P962Z,martin13,nicholascampbell@example.org,AtD+9STvv1U!,Timothy,Matthews,False,nacb_staff,,False,,2024-06-23 02:46:35
U963F,petersonmelissa,arnoldjared@example.com,#Amz4peum5Tz,Lacey,Hale,False,organization_admin,94.0,False,,2024-04-08 20:12:33
P963X,zachary85,qanderson@example.org,^72(%VCp2kSB,Troy,Ross,True,organization_member,14.0,False,,2024-07-09 21:06:52
U964B,jevans,wadenicholas@example.org,yYG)f4BsKQ5u,William,Boyd,True,organization_admin,26.0,False,,2024-04-18 11:48:18
P964B,melissa25,jeffrey31@example.org,q4u@BBAp@OQa,James,Sims,True,user_professional,70.0,False,,2024-07-09 21:45:46
U965C,smorales,iadams@example.com,l+4wi)p#h!UN,Stephanie,Griffith,True,organization_member,,True,Account reported by multiple users,2024-02-19 01:34:21
P965Z,perezstephanie,fflores@example.org,l^4F)jWz*Ikl,George,Castaneda,False,nacb_admin,,False,,2024-05-16 22:49:11
U966J,lhill,mirandavelazquez@example.net,X94Cq%Rx+jA&,Timothy,Walker,False,nacb_staff,5.0,True,Suspicious activity detected,2024-05-03 20:30:46
P966H,ojordan,matthewkemp@example.org,mcNMh1Q1Q0N+,Brittany,Smith,True,nacb_staff,60.0,False,,2024-03-13 14:51:26
U967F,prestonrobert,wellsruth@example.org,NB5!0df$^#MA,John,Friedman,False,nacb_staff,40.0,False,,2024-03-04 00:22:11
P967T,nichole90,laura15@example.org,W+6bQswU6*lZ,Sandra,Kim,False,user_professional,93.0,False,,2024-03-11 15:00:34
U968C,jose00,saraberry@example.org,mm5U9auyfwT),Paul,Vega,True,user_professional,,False,,2024-03-28 08:38:50
P968M,roykathy,kayla54@example.com,WdDtpH5R#5xa,Lisa,Sanchez,False,organization_member,98.0,False,,2024-07-17 14:34:56
U969U,laura38,wesleyedwards@example.net,0*oDH5lW_CQ2,Alicia,Reyes,True,organization_member,5.0,False,,2024-07-20 20:10:23
P969C,iwatson,traviswilliam@example.com,1Aw#1lp*%NsO,Michelle,Mcdonald,False,organization_member,46.0,False,,2024-07-15 23:08:11
U970K,joshuahiggins,steven42@example.com,e28dsVsre)FG,David,Gonzalez,True,nacb_staff,,False,,2024-04-24 20:24:01
P970M,william37,jennifer25@example.org,Dl95tEr*2$XO,Brett,Harrell,False,user_professional,,True,Suspicious activity detected,2024-02-18 02:56:44
U971S,vpeters,dianesimon@example.com,*)gD3Iyd00F#,Brandy,Washington,False,user_professional,6.0,False,,2024-07-24 09:28:14
P971F,kathryn35,phillip59@example.net,2c1!qN#7IGhJ,Caroline,Fernandez,False,organization_member,94.0,False,,2024-05-19 06:17:25
U972N,michaelrogers,pgarrett@example.org,*_2yycqsXWeH,Brandon,Gilmore,True,nacb_staff,58.0,False,,2024-06-02 22:10:44
P972Y,florestammy,alejandrogreene@example.net,+H4_eGpFH!SP,Olivia,Howell,True,user_professional,,False,,2024-02-03 08:20:40
U973W,vmurray,morgan96@example.net,$(9POoQA+(&Z,John,Mclean,True,organization_member,56.0,False,,2024-04-18 00:38:33
P973H,stevensbrian,anthonybauer@example.org,(7qxOVl1P7bT,Destiny,Ortiz,True,organization_admin,,True,Non-payment of subscription fees,2024-04-05 11:00:19
U974W,lindsey47,mitchelldavid@example.org,0MG0JoNPQBf_,Justin,Hamilton,False,organization_member,,False,,2024-03-19 02:46:31
P974H,vjohnson,brittany77@example.org,&x8wQ_Cp&4Gl,Patricia,Morgan,True,organization_member,,False,,2024-02-10 16:14:24
U975M,lori82,hensleyjessica@example.com,%4CUdzp+8pOu,Brendan,Barnett,True,nacb_admin,11.0,False,,2024-04-19 15:36:17
P975H,amanda38,martinezsarah@example.com,^JhcWivahJ8r,Austin,Wilkerson,False,nacb_admin,,False,,2024-04-06 16:00:38
U976S,porterlaura,huntmatthew@example.com,&i6Y(g_Ei_Yj,Amber,Williams,False,organization_member,,False,,2024-06-13 14:50:58
P976H,jacob08,adam28@example.net,EsTBfwlrs!8W,Brenda,Delgado,True,nacb_admin,,False,,2024-06-25 10:26:11
U977J,erica82,sfreeman@example.net,q1yxYHMr+&A0,Dale,Anderson,True,organization_member,,False,,2024-05-20 11:32:51
P977Y,gbaker,elizabethrose@example.net,e8L1$cLN(OBU,Dana,Reed,True,organization_member,,False,,2024-03-24 16:34:44
U978V,smithwilliam,pmartinez@example.org,4aZ3UaKf%08p,Paul,Nelson,True,user_professional,52.0,False,,2024-05-22 01:10:38
P978N,ginabanks,david02@example.net,!3rR^Fii^vGS,Hannah,Bonilla,True,user_professional,31.0,False,,2024-05-16 06:13:16
U979N,amyday,jamesortega@example.com,f&0BeasCq&qM,Anna,Luna,True,system_admin,5.0,False,,2024-06-12 05:55:13
P979A,sanchezdebra,costarachel@example.com,m#^PTxgiu4!^,Crystal,Sanchez,True,organization_member,16.0,True,Breaching confidentiality agreements,2024-02-02 09:01:34
U980N,jeffhamilton,wheelerbrittney@example.net,C7u@AuWQTyvI,Brian,Tran,True,user_professional,8.0,False,,2024-03-11 03:20:24
P980O,graveszachary,ygarcia@example.org,(6koGz3POmgZ,Lisa,Long,True,organization_admin,68.0,False,,2024-03-16 04:03:29
U981Q,sara10,christopher69@example.com,(7iKkSpVM938,Ronnie,Byrd,True,user_professional,,False,,2024-01-05 19:04:44
P981Q,dominguezkaren,brian10@example.com,lX%9O1Du+*8a,Heather,Love,False,organization_member,84.0,False,,2024-01-04 20:57:02
U982A,kyle03,aschmidt@example.net,A*lIMPm&is*5,Mario,Miranda,True,user_professional,57.0,False,,2024-01-29 17:49:16
P982T,cabrerabrian,heather56@example.net,n%(!Wd72@$E1,John,Yoder,False,nacb_staff,,False,,2024-05-19 13:12:54
U983V,anthonyraymond,tyoung@example.net,+&5Z7*TfN!nw,Peter,Richard,True,user_professional,78.0,False,,2024-01-19 15:07:58
P983Z,gonzalezkenneth,ashleyramos@example.com,^GAu(Lbp5R^r,Kevin,Young,True,organization_member,,False,,2024-06-16 16:46:13
U984B,tkrueger,dylansullivan@example.com,N+Eg3QwO$r4K,Aaron,Moreno,True,organization_member,,False,,2024-05-28 06:03:12
P984H,marcramos,taylorryan@example.com,#Y3OblJn15xL,Deborah,Baker,True,user_professional,20.0,False,,2024-04-03 18:49:28
U985J,lloydvictor,lynn90@example.org,qg8NElhO@2fr,Breanna,Anderson,False,organization_admin,,True,Security policy violation,2024-07-06 07:09:52
P985A,ricesusan,jamesduncan@example.org,t9ZVz6Rg#p8V,Brian,Cook,True,system_admin,,False,,2024-02-14 12:13:12
U986O,robert06,michael34@example.org,_9X(o@Gb4jWa,Kayla,Jones,True,organization_member,62.0,False,,2024-06-29 16:26:26
P986N,nancy15,laurenbrown@example.com,$i2yVeE7)f50,Steven,Wells,True,user_professional,,True,Fraudulent transactions detected,2024-06-02 18:03:23
U987N,williamsjennifer,tracy03@example.com,gq8nD!WnDa*%,Jonathan,Thompson,True,user_professional,34.0,False,,2024-06-04 19:38:57
P987W,hilljeremy,gmedina@example.net,XNv5yBkP$K&j,Hayden,Reeves,False,user_professional,7.0,False,,2024-05-25 22:20:41
U988H,clarkmelissa,hlee@example.org,#2+9Y+qpkjdS,Brittney,Jordan,True,nacb_admin,87.0,False,,2024-06-28 21:49:58
P988H,martinalicia,yujohn@example.org,f8P@BybmC8XS,Donald,Rivas,False,user_professional,11.0,False,,2024-05-18 12:56:44
U989L,haroldking,turnerwilliam@example.net,R3n(y%WgbF^X,Melissa,Townsend,False,system_admin,,False,,2024-02-28 17:27:47
P989F,james91,dcrane@example.com,O2&!TEOgdP2p,Susan,King,True,nacb_admin,89.0,False,,2024-02-04 02:27:20
U990W,amy13,tapiarobert@example.com,6KC_B*cf#Bcl,Cynthia,Anderson,True,user_professional,60.0,True,Non-compliance with community guidelines,2024-04-16 15:04:20
P990P,msolomon,jay05@example.net,#r(%2YiGqIoo,Kathleen,Kelley,False,organization_member,,True,Use of prohibited software or bots,2024-04-15 22:39:36
U991N,mark26,ldickson@example.org,3TYhk$i0^M4L,Nicole,Gomez,False,user_professional,82.0,False,,2024-05-12 14:15:40
P991Z,dennishess,iowen@example.com,scC7rvI*0@@r,Heather,Roth,True,organization_member,,False,,2024-06-19 00:55:03
U992T,bennetttimothy,robert32@example.org,u2NKUgFz@!69,Cynthia,Alvarado,False,user_professional,51.0,False,,2024-04-25 19:54:38
P992C,riceamanda,logandavid@example.org,X)3n@hmmlyAQ,James,Collins,True,nacb_staff,27.0,False,,2024-05-25 09:38:28
U993C,reevesadam,qallen@example.org,_3J$E9uTbNMh,Joshua,Medina,True,nacb_staff,,False,,2024-04-20 00:46:10
P993G,xochoa,xwilkinson@example.org,N_2+t13WI7zN,Laura,Smith,True,organization_member,51.0,False,,2024-01-10 20:20:54
U994M,crawfordyvonne,preston53@example.net,(A7Iys61w33q,Brian,Frey,True,user_professional,16.0,False,,2024-04-04 06:55:40
P994B,amber30,monroemichael@example.org,20(uYl8hE61S,Samantha,Church,False,organization_member,,False,,2024-06-27 01:18:38
U995R,cherylwilson,yfaulkner@example.net,$n6dBDxmLm!Y,Lisa,Morales,False,user_professional,94.0,False,,2024-02-10 22:23:30
P995Y,mccannjake,elijahclark@example.com,(1YL@UBhn_jx,Kari,Figueroa,False,organization_member,,False,,2024-03-25 20:19:41
U996G,rachelhebert,bjohnson@example.com,UZh0SNmq7z)%,Alex,Jordan,True,nacb_staff,,False,,2024-02-14 06:27:40
P996P,robert67,dennis77@example.org,(iMXGmz5+2y),Timothy,Villanueva,False,organization_admin,82.0,True,Breaching confidentiality agreements,2024-04-08 21:27:10
U997G,alison74,stanleyjessica@example.org,9kZ#M&oW&o3%,Kristin,Roy,False,user_professional,,False,,2024-06-02 16:42:57
P997O,ashley71,kimsimpson@example.net,W$J2wsEwO)96,Dana,Stanton,False,user_professional,37.0,False,,2024-03-12 06:50:07
U998X,levi07,shane89@example.net,gGa!WsLU_6dY,Mackenzie,Cooper,True,user_professional,,False,,2024-04-07 23:44:26
P998I,andreaking,sstone@example.com,l_*k2kEt^1x9,Wendy,Krause,True,user_professional,,False,,2024-07-21 05:12:57
U999H,michael81,ericbarrett@example.net,VY(R2UwjKcSP,Anthony,Reilly,False,organization_member,16.0,False,,2024-01-07 09:56:50
P999F,sgrant,farrellrobert@example.org,90h24Njq&FTn,Brandon,Smith,False,user_professional,,True,Non-payment of subscription fees,2024-06-14 19:16:43
U1000F,phillipsrebekah,lisa89@example.org,#11FtCc2$Pog,Elizabeth,Hinton,True,system_admin,53.0,False,,2024-01-30 17:55:27
P1000E,steventurner,millerzachary@example.org,(91X2r48p2WW,Tiffany,Fleming,False,nacb_admin,39.0,False,,2024-02-29 20:53:06
U1001D,jonescatherine,jennifer24@example.org,I8t@YkdX$Hk6,Ryan,Pierce,False,user_professional,,False,,2024-07-07 18:13:47
P1001Z,cody02,ssmith@example.org,zRoHvxEv%6W!,Michael,Garcia,False,user_professional,,False,,2024-03-18 12:15:08
U1002C,dawn66,mendozaheidi@example.net,!iLZ1Yq3_L9L,Scott,Church,False,user_professional,,False,,2024-04-11 07:46:34
P1002N,mccoytodd,gcompton@example.net,NjPzLaut)TC3,Stephanie,Morton,True,user_professional,,False,,2024-02-21 12:00:50
U1003L,kristenwilliams,trevor93@example.org,b2vUfx_z&SzX,Brandon,Skinner,True,organization_member,,False,,2024-01-23 14:56:04
P1003C,aaron33,kathrynkeller@example.net,hclpkQWE_+8N,Jared,Jennings,True,nacb_admin,65.0,False,,2024-04-21 09:41:12
U1004T,davidcox,timothylong@example.com,+4mBM!m)oZOt,Andrea,Murphy,True,nacb_admin,,False,,2024-03-09 12:47:31
P1004U,cainnicole,fernandezanne@example.com,bW%5jRtmByMa,Rebecca,Green,False,nacb_staff,,True,Suspicious activity detected,2024-04-18 08:16:45
U1005E,aprilpace,owenswalter@example.com,d%e(A3Yi(jY^,Mary,Love,False,user_professional,35.0,False,,2024-04-19 01:26:55
P1005Z,sarah71,daniel77@example.net,%pJex_pjQ1^R,Christopher,Lopez,False,user_professional,73.0,False,,2024-07-12 14:25:54
U1006A,gkeller,andersonmichael@example.org,Q3Au7%Ze*91p,Cindy,Perez,True,organization_member,89.0,False,,2024-01-06 20:06:00
P1006Z,sroy,palmeradam@example.com,&%vzxuEsR+0c,Ellen,Foster,True,user_professional,,False,,2024-03-28 16:52:13
U1007Y,hmcdaniel,jaredkent@example.net,$G2F2moPN4cD,Kimberly,Hall,False,user_professional,94.0,False,,2024-04-14 06:24:38
P1007W,ggarcia,mschneider@example.org,BH2S^%d4@^mq,Rachel,Thornton,True,user_professional,,False,,2024-02-12 00:31:17
U1008P,stephensmichael,courtney22@example.com,6MYxv(tB)awD,Brittany,Griffith,False,user_professional,,False,,2024-05-15 15:57:15
P1008J,theresa03,guerrerojessica@example.org,%&80iZtri%8u,Ann,Patton,False,user_professional,39.0,False,,2024-06-18 23:24:47
U1009N,caldwelldavid,stacywilliams@example.org,+rrI#FDq@0g@,Amanda,Whitehead,True,organization_member,,False,,2024-05-02 13:04:11
P1009O,sean61,lisa00@example.com,9dJI$s^s*IUi,Ryan,Alvarez,False,organization_member,25.0,False,,2024-04-14 17:33:57
U1010Y,samuel45,tcarpenter@example.org,!A)ghJ&lI8tT,Matthew,Meyer,True,organization_member,73.0,False,,2024-07-19 06:05:42
P1010A,keithkelley,williamsdavid@example.com,&2z8)pKhVEym,Carrie,Mayer,False,organization_member,,False,,2024-02-04 10:53:16
U1011Z,ycortez,xphillips@example.com,@z@RHow*nq6I,Jeanne,Barnes,False,user_professional,38.0,False,,2024-07-07 15:33:13
P1011G,devinwilkerson,douglas99@example.net,Z_5n4*Vq#X%R,Lindsay,Green,True,nacb_staff,,False,,2024-02-13 16:37:26
U1012N,wcobb,brownashley@example.com,a_&PvKpw$1V9,Kathy,Hughes,False,nacb_staff,,False,,2024-02-05 04:48:02
P1012G,wreed,gabrielsnyder@example.org,5u8_X0%kb@NU,Joshua,Robinson,True,nacb_staff,33.0,False,,2024-02-18 22:56:26
U1013F,jberry,eric93@example.org,69(AT@*a!MPV,Paul,Morris,False,user_professional,39.0,False,,2024-04-12 09:22:52
P1013Q,gonzalezleonard,nicolelawrence@example.com,BVH4YiVV!g_t,Omar,Cooper,False,user_professional,30.0,False,,2024-04-27 03:45:36
U1014K,brett18,rebeccarichards@example.com,TdB#(%W_D2Jz,Melissa,Rollins,True,user_professional,,False,,2024-03-10 02:13:14
P1014U,regina62,patriciasanchez@example.org,((4C9q7bB#G9,Joseph,Rowland,True,organization_admin,,False,,2024-06-10 02:41:11
U1015C,reesebrett,frederickrichardson@example.net,o9OujySh%nh_,Maria,Brooks,True,organization_member,41.0,False,,2024-05-17 17:07:36
P1015G,wardjames,alvinhall@example.org,S7k7HjDD$)Hx,Amber,Simmons,False,nacb_staff,,False,,2024-03-03 00:27:50
U1016C,novakmelissa,megan51@example.net,)WU1W8Hwom$I,Kendra,Patel,True,organization_member,,False,,2024-03-22 14:15:02
P1016C,nguyenchristopher,reginald16@example.net,3Zd9cVw6$I2X,Michele,Lopez,False,nacb_admin,,False,,2024-04-02 22:53:50
U1017S,zhangmicheal,andersonangela@example.net,K_8X1n^+kQ2I,Brianna,Wright,True,nacb_admin,,False,,2024-04-16 04:55:06
P1017H,wwilson,huntmadeline@example.com,E8OsfeWh_$i+,Dennis,Black,True,organization_member,,True,Violation of terms of service,2024-04-01 20:15:34
U1018Z,hoffmancatherine,mindy75@example.org,jk5CgknV*VN%,Brandi,Berry,True,organization_member,93.0,True,Non-compliance with community guidelines,2024-05-16 22:44:34
P1018C,marymoore,matthew05@example.org,GnD(vPnK7AIK,Colton,Espinoza,False,user_professional,29.0,False,,2024-01-09 03:11:19
U1019Y,michaelwhite,hhughes@example.org,@9d(JjcON&^L,Brittany,Gray,False,organization_member,,False,,2024-04-16 04:57:19
P1019Z,brenda84,hailey18@example.net,JpMimPGj%q02,Tyler,Walker,True,user_professional,,False,,2024-04-28 07:13:03
U1020F,tammy21,ocox@example.com,5_VgOTxs_hl2,Andrew,Moreno,True,organization_member,,False,,2024-01-12 14:20:03
P1020I,robinperry,hurstvanessa@example.net,&66hJ9dCw0MD,Samantha,Hill,True,nacb_staff,46.0,False,,2024-03-07 14:11:29
U1021W,kellypierce,kyle57@example.net,O($i95g3QOqp,Christopher,Adams,False,user_professional,2.0,False,,2024-01-30 17:01:25
P1021Z,melissastephens,sean86@example.net,@*eJaD*FG0Md,Taylor,White,True,user_professional,,False,,2024-05-23 06:16:48
U1022S,perezlauren,jmartin@example.org,net^Fzkqj@2O,Kathryn,Chan,False,user_professional,,False,,2024-04-05 10:42:46
P1022N,vhall,msimmons@example.org,&Eq9VWuiVvOZ,Austin,Patterson,False,nacb_admin,,False,,2024-01-05 22:32:10
U1023E,tapiarobert,vjones@example.org,9+I3ymOa+T+m,Donna,Rogers,False,user_professional,,False,,2024-01-26 10:57:05
P1023W,tony75,trevinocaleb@example.org,^#27T)YY0abE,Kenneth,Hawkins,False,nacb_staff,,False,,2024-01-14 04:59:16
U1024G,morrisonmanuel,smiththomas@example.com,$HtM+Gyq1aEr,Michael,Cherry,True,organization_admin,33.0,False,,2024-05-23 14:12:21
P1024K,jasminevillarreal,keithgarrett@example.org,3+e8odQF&YwV,Jacqueline,Cruz,True,user_professional,,False,,2024-03-24 19:14:07
U1025C,johnkennedy,anguyen@example.com,P2_*%Cdl%hX1,Jason,James,False,system_admin,,False,,2024-04-19 01:36:01
P1025B,joshuamurphy,matthewperkins@example.net,r2o&%kDh$qxk,Juan,Hansen,False,organization_member,48.0,False,,2024-05-23 06:08:08
U1026T,tmorris,dylanhall@example.org,xc$3Rw4U!Qq7,David,Holt,False,user_professional,,False,,2024-04-01 03:12:04
P1026B,lewismichael,vmartinez@example.com,F4y*9rTcx$iL,Mary,Williams,False,system_admin,74.0,False,,2024-06-22 10:32:40
U1027H,hansenfrank,lhoward@example.com,^0kC)tsTuc7b,Timothy,Jones,True,organization_member,,False,,2024-07-12 19:47:10
P1027N,arnoldcaleb,cohenvalerie@example.net,#t#z&MypR40o,Matthew,Hall,True,nacb_admin,,False,,2024-03-22 00:40:17
U1028R,asingh,johnsonmatthew@example.net,)W3&USpO4!$_,Thomas,Oneill,False,nacb_staff,21.0,True,Fraudulent transactions detected,2024-03-17 04:45:23
P1028R,robertrodgers,perezjulie@example.net,4y0RH7lp9#02,Sydney,Porter,True,organization_member,,False,,2024-01-14 18:02:18
U1029W,paulpetty,fsmith@example.org,_1+zqPJApscE,Adrian,Parker,True,user_professional,54.0,False,,2024-03-01 14:32:43
P1029Z,marycole,mullinsapril@example.com,$LkDg0ev7!f#,Melissa,Adkins,False,user_professional,,False,,2024-02-07 19:28:26
U1030N,mikeryan,xyoung@example.com,8%NGl7V2%5cD,Jeffrey,Hill,False,organization_admin,81.0,False,,2024-02-26 21:42:51
P1030V,markgilmore,jwilliams@example.com,7g2qbx$r_RBB,Catherine,Hunt,False,nacb_admin,,False,,2024-01-14 04:38:07
U1031E,frich,torreskelsey@example.com,@gekaM(l_15M,Elizabeth,Martin,False,organization_member,84.0,True,Breaching confidentiality agreements,2024-02-29 07:21:28
P1031X,bgonzalez,higginsdonald@example.org,(4UMwOutmkSI,Shawn,Drake,False,nacb_staff,,False,,2024-06-18 23:52:12
U1032S,angie04,seanwright@example.com,7SFMHu3U(HUD,Jane,Sandoval,True,user_professional,91.0,False,,2024-07-13 17:13:12
P1032J,mallory28,eric22@example.net,lia#i9VBC%oR,Angela,Perez,True,system_admin,,False,,2024-01-20 18:16:44
U1033E,wklein,michael55@example.org,_Y$v5fXCM9Im,Ruben,Phillips,True,organization_member,75.0,False,,2024-03-24 10:45:28
P1033H,ronald90,stephanie55@example.net,039Z3Nfn5HI&,Stacey,Brooks,True,nacb_admin,,False,,2024-02-04 01:05:49
U1034G,tanner38,gmartin@example.net,yiQ6gLf!)6Li,James,Hudson,True,user_professional,45.0,True,Inappropriate content posted,2024-02-12 17:40:46
P1034G,roycowan,patrick36@example.org,C#3NqG4t$X&9,Lawrence,Moore,False,organization_member,51.0,True,Account reported by multiple users,2024-06-04 22:07:34
U1035D,dianamartinez,powersanthony@example.net,B(9XSY*jY)H^,Haley,Mullins,True,user_professional,,False,,2024-05-06 06:45:05
P1035C,danielbrown,aneal@example.org,!t4j(w&F1!TT,Jessica,Merritt,True,nacb_staff,,False,,2024-03-14 15:53:46
U1036N,grahammichelle,martinmolly@example.com,80NtKyog_yjR,William,Jones,False,organization_member,,False,,2024-04-06 07:03:47
P1036T,kylebarton,taguilar@example.com,ol7OkG1Qh%u6,Melissa,Vargas,False,nacb_admin,94.0,False,,2024-06-16 21:13:58
U1037X,lisajohnson,nelsonjames@example.org,$6dUP0LcCldr,Nicholas,Lee,True,nacb_staff,12.0,False,,2024-03-11 04:45:53
P1037G,isummers,jessicarhodes@example.com,7tU@&M@X#VSm,Stephanie,Norton,True,nacb_staff,,True,Security policy violation,2024-05-22 11:53:36
U1038G,jlittle,josephemma@example.org,0*98zcgmew9C,Maria,Stein,False,system_admin,,False,,2024-03-02 04:39:33
P1038W,taylorsarah,malonescott@example.org,7+TcoJl)#e5#,Susan,Delgado,True,organization_member,18.0,False,,2024-04-24 06:20:28
U1039O,ryan18,briangreene@example.org,P*3X)hUW#J3K,Edward,Thompson,True,organization_member,,False,,2024-06-01 21:19:18
P1039B,jonesjeffrey,amanda65@example.com,@vC3&CYez1ST,Samantha,Nichols,False,organization_member,18.0,False,,2024-04-26 02:39:37
U1040N,travis80,tricia29@example.org,EC8z1*wf#(dK,Mary,Barry,False,nacb_staff,,False,,2024-06-19 11:43:01
P1040W,ocurtis,melissa40@example.net,ePM1Ile@+5xN,Eric,Madden,False,organization_admin,,False,,2024-07-18 05:47:49
U1041U,qstrickland,idaniels@example.net,O@0PC3L&$9Bw,Tina,Johnson,False,system_admin,47.0,False,,2024-07-11 06:15:57
P1041I,oscar94,scottwilliams@example.com,o8FZkkgl_U41,Lonnie,Foley,False,system_admin,75.0,False,,2024-04-22 09:52:22
U1042J,tgarcia,gcaldwell@example.org,#GrLbCli2e6J,Colleen,Williams,False,organization_member,12.0,True,Violation of terms of service,2024-04-12 03:09:36
P1042G,buckteresa,jorgehogan@example.com,z72zxlDm(jjJ,Thomas,Brown,True,user_professional,,False,,2024-06-15 04:27:22
U1043F,stephanie81,robert64@example.com,l5%QjY0A@tF7,Ethan,Rodriguez,False,user_professional,8.0,False,,2024-04-09 20:28:28
P1043V,jschneider,tprice@example.org,jVsWq)23*4j$,Matthew,Aguilar,False,nacb_staff,,False,,2024-05-14 20:49:46
U1044Y,wiseroger,scottjordan@example.org,^5eU0dFt+AaW,Kevin,Torres,False,nacb_staff,24.0,False,,2024-02-15 11:17:07
P1044B,taylorbutler,rebecca53@example.net,RlM6xM#v%t0b,Jessica,Delgado,False,organization_admin,,False,,2024-02-01 01:35:23
U1045Q,smithernest,charles63@example.com,+6pyG^sWZCXq,Dustin,Sullivan,True,organization_member,,False,,2024-06-03 19:29:58
P1045Y,jamesbeck,jennifer66@example.org,J8KdIZzw8%98,Jessica,Robinson,True,nacb_admin,,True,Fraudulent transactions detected,2024-01-06 08:21:34
U1046N,probinson,bautistachristopher@example.com,wb+eIc_z$87A,Susan,Palmer,True,user_professional,40.0,True,Security policy violation,2024-07-10 02:55:32
P1046G,kristabennett,houstondean@example.com,JZPaMP1tk$V5,Christopher,Davis,False,organization_member,,False,,2024-03-17 18:04:53
U1047E,melissa46,wparker@example.net,yfQaD(c_g#5q,Kevin,Stephens,False,nacb_admin,,False,,2024-06-04 07:29:37
P1047R,wesley28,hallsara@example.net,+2a39yDox5G5,Travis,Pierce,True,user_professional,,False,,2024-06-06 02:49:42
U1048M,weeksstephen,eorr@example.org,q)9RWcr5znOa,Amy,Price,True,nacb_admin,79.0,False,,2024-07-18 13:28:32
P1048B,mendezkaren,watsonjames@example.com,#B64EOWwD&qR,Peter,Hull,False,organization_admin,59.0,False,,2024-05-29 04:31:06
U1049A,aprilmcconnell,jamiegarrett@example.org,&7K+OZt22FVX,Shannon,Snow,False,organization_member,,True,Harassment of other users,2024-01-23 03:00:42
P1049X,ksmith,dustinallen@example.net,u4V+L+ts_GOB,Timothy,Odom,True,nacb_staff,,False,,2024-02-06 09:21:09
U1050Y,emily50,jenna18@example.net,_75KL1Tth2YU,Jessica,Rangel,False,organization_member,,False,,2024-01-28 13:44:54
P1050E,simpsonmark,pwilliams@example.org,qSB2)dyK8+34,Brandon,Sherman,True,organization_admin,,False,,2024-01-03 11:14:58
U1051D,nataliesmith,brownandrea@example.org,#JUBd)sg5vWW,Robert,Brown,False,organization_member,88.0,False,,2024-03-11 03:11:36
P1051P,brooksevan,zboyd@example.com,w_1SPgANLQ%U,Denise,Garcia,False,user_professional,22.0,False,,2024-02-10 09:53:20
U1052H,pwinters,tmadden@example.org,6#+3VhvalEy!,Joseph,Newman,False,nacb_staff,76.0,False,,2024-07-04 20:34:44
P1052Y,talexander,pricearthur@example.net,(V17h_Qv*3d7,Ronald,Murphy,True,system_admin,12.0,False,,2024-02-09 10:37:01
U1053M,nancy45,rodriguezpenny@example.com,y*5jZ0nd3eHk,Emily,Miller,True,nacb_staff,63.0,True,Multiple failed login attempts,2024-04-01 13:08:43
P1053O,jordanjoshua,leahjames@example.org,3rmDED+_%VD5,Holly,Wilson,False,organization_member,30.0,False,,2024-07-14 23:31:15
U1054M,melindamccoy,russellsarah@example.net,H6MxLip5%RoC,Elizabeth,Gonzales,False,organization_member,,True,Non-compliance with community guidelines,2024-06-17 05:44:47
P1054B,zbryant,haydenchristine@example.net,ukmKEueX+ym6,Sarah,Le,False,nacb_staff,,False,,2024-03-09 01:32:40
U1055T,carol69,dgarner@example.org,xoT7uqdx&@7z,Marc,Coleman,True,user_professional,99.0,False,,2024-01-14 12:37:03
P1055Q,thompsonivan,dhawkins@example.com,$h!DTRgmQlM8,James,Rocha,False,organization_admin,,False,,2024-03-09 20:32:34
U1056E,qwalton,meyersvictoria@example.com,7S0BV8Bo&hxd,Eddie,Crosby,True,organization_member,33.0,False,,2024-03-23 04:11:20
P1056W,harrisjacob,susan46@example.net,*30UdB5v&Z6m,Jeanne,Gonzalez,False,user_professional,36.0,False,,2024-02-08 14:30:26
U1057G,rebeccapadilla,whitejohn@example.com,0c3)dSALu@tG,Peter,Barron,False,nacb_staff,,False,,2024-07-12 05:37:19
P1057K,amandasaunders,matapatricia@example.org,c1v%MS0x&*34,Daniel,Kim,False,nacb_staff,,True,Inappropriate content posted,2024-04-23 12:49:12
U1058Z,lisagreene,cbrady@example.com,9%1Q%l3rg6&N,Matthew,Flores,False,organization_member,,False,,2024-02-18 23:04:06
P1058V,robertwallace,cynthiamedina@example.net,Q29F1LTn*fsP,Julie,Bryan,False,nacb_staff,73.0,True,Breaching confidentiality agreements,2024-05-31 11:41:49
U1059W,melissasmith,timothygentry@example.net,!6tE$z@9QkZi,Julie,Daniels,True,organization_member,61.0,False,,2024-02-27 09:08:30
P1059M,agilbert,harrisonjennifer@example.org,d6G2o3GeI&8_,Sonya,Brown,False,organization_member,,False,,2024-01-10 03:39:56
U1060G,barnesnicole,bankskathleen@example.org,!$1O)!0phHpH,Joshua,Ramirez,True,organization_member,,False,,2024-05-26 13:26:31
P1060N,ychavez,tony51@example.com,^e3OraNC(f2X,Bryan,Mccoy,False,user_professional,,True,Security policy violation,2024-06-06 04:37:45
U1061M,phillip57,mconrad@example.org,5lp!vLo1!S+Q,Jeffery,Joyce,False,user_professional,33.0,False,,2024-06-03 01:31:10
P1061I,bgutierrez,kevinhernandez@example.com,S3e7IlVffyJ@,Timothy,Delgado,False,organization_member,74.0,False,,2024-03-17 13:06:43
U1062C,nthomas,travis83@example.net,18$B*lez$Wpx,Marcus,Collins,True,organization_member,,False,,2024-02-04 16:00:02
P1062B,reedrobyn,stephaniejones@example.net,z^#XDAoYMn75,Kenneth,Clark,False,organization_member,10.0,False,,2024-05-24 10:20:36
U1063L,zacharycurtis,timothy60@example.net,2(8_VoO3OY(E,John,Morris,False,nacb_staff,9.0,False,,2024-06-28 13:56:08
P1063P,littlemichael,javier70@example.net,niSKUBkxV2%b,Sarah,Good,True,organization_member,73.0,False,,2024-03-24 22:20:10
U1064V,gingram,shaunmoore@example.org,SD4LBTij+M4I,Aimee,Velasquez,False,system_admin,4.0,False,,2024-05-10 10:44:21
P1064Y,rossmichael,sullivanwendy@example.org,Gbf9OMlPKX_x,Holly,Cabrera,False,organization_member,67.0,False,,2024-06-06 19:53:00
U1065G,daniel93,stephanie23@example.net,*Rwz%rAw&0Cu,David,Anderson,False,organization_admin,,False,,2024-01-09 10:49:35
P1065I,paulfitzgerald,danielmitchell@example.net,U*1v&ZX##p_M,John,Contreras,True,organization_member,9.0,False,,2024-05-05 12:24:11
U1066V,kelly75,jhouston@example.net,E#ZGNBXs_2_8,Ann,Garcia,False,organization_member,,False,,2024-02-23 06:41:13
P1066T,heather74,roberto20@example.org,L_#^*Rfb8j05,Alicia,Martinez,False,organization_member,,False,,2024-06-07 13:21:55
U1067Y,anthony26,angela01@example.org,(1FLEmpP!q^R,Frank,Gibson,True,organization_member,,False,,2024-03-19 21:23:19
P1067L,michaelbishop,allenerica@example.net,(C6Cw*!^A$jb,Lynn,Walker,True,organization_admin,,False,,2024-03-26 05:24:58
U1068G,martinrebekah,jeffreyarmstrong@example.com,&)3UtqATTp3T,Joseph,Wagner,False,organization_member,,False,,2024-01-29 17:17:06
P1068W,aarroyo,jamesrichards@example.net,%7Vt#TzlK+A#,Arthur,Fields,True,nacb_staff,61.0,False,,2024-03-31 14:30:50
U1069U,catherine57,michele73@example.net,)Y1vNv*kvf5!,Austin,Sullivan,True,organization_member,,False,,2024-01-28 01:06:20
P1069K,stefanie94,stephen72@example.org,@)31m^W7*7RC,Andrew,Gallagher,True,user_professional,,False,,2024-01-03 03:59:36
U1070P,nguyenryan,bcontreras@example.org,6t0Ut#pV1*av,Jared,Wise,False,user_professional,,False,,2024-02-18 12:19:51
P1070M,blairjorge,evansrobert@example.org,P(1OWrp*BqE1,Christopher,Beard,False,organization_member,71.0,False,,2024-05-06 17:33:04
U1071E,shernandez,amy06@example.org,)EYUuqe+2Hrl,Scott,Fowler,False,nacb_admin,44.0,False,,2024-05-06 06:45:53
P1071Q,cgutierrez,ronaldkaufman@example.org,8_ziTlH(Da3Y,April,Peterson,False,nacb_staff,100.0,False,,2024-07-21 02:27:26
U1072T,xthomas,garciajeff@example.net,!HEL$7Wb(3bX,Susan,Henry,False,nacb_staff,,True,Unauthorized access attempts,2024-03-26 19:41:17
P1072N,camposrandy,donnaweber@example.com,q5ePiB#V#aHv,Philip,Johnson,False,nacb_admin,,False,,2024-04-29 12:22:37
U1073G,charles32,philip76@example.org,2ch#IEk3@haZ,Dawn,Gray,True,user_professional,16.0,False,,2024-01-14 14:31:21
P1073K,dawn20,goodnicole@example.com,i433Wm&@(RWO,Danielle,Holland,False,system_admin,,False,,2024-01-15 20:16:16
U1074B,awilliams,david96@example.org,%Fjzd@KzY361,Eric,Kelly,True,user_professional,58.0,False,,2024-03-15 09:53:46
P1074P,amandamadden,sarah60@example.org,T@dq%gBd)Nc2,Daniel,Vasquez,True,user_professional,41.0,False,,2024-01-25 19:03:54
U1075Y,vallison,ebell@example.net,&rAOXzdRe9MP,Bruce,Fischer,True,nacb_admin,,True,Misrepresentation of identity,2024-07-18 23:00:17
P1075Y,brian20,michelle78@example.net,T3v705bU(*8Y,Laura,Randolph,False,organization_member,39.0,False,,2024-01-16 09:42:07
U1076S,sanchezmorgan,jennifer90@example.org,Vl5X@Abq+@zf,Heather,Shepherd,True,organization_admin,76.0,False,,2024-06-22 17:57:32
P1076W,stevemccullough,veronicaponce@example.net,%dQEVbew9)S%,Alexandra,Garcia,True,user_professional,56.0,False,,2024-04-12 03:28:56
U1077A,coxjane,guerraadriana@example.org,#ekvFANulq3x,Brandon,Brown,False,user_professional,,False,,2024-01-03 19:33:31
P1077A,tyler12,wspence@example.com,+40EMhSfG!21,Joshua,Huffman,False,nacb_staff,,False,,2024-05-06 15:41:54
U1078M,edward55,christopherthompson@example.net,*5E!jIV34mlq,Michelle,Abbott,True,organization_admin,,False,,2024-06-07 02:05:35
P1078F,carlosfarrell,morenoheather@example.org,o9L*%b7@5ts@,Ronald,Randall,False,nacb_admin,,False,,2024-01-19 21:25:36
U1079I,aaronwalker,rickywolfe@example.com,%2YK+Cnv2fFH,Harold,Johnson,True,organization_admin,,False,,2024-02-02 16:39:33
P1079N,cibarra,hlawson@example.net,+4^k&X!j@nWE,Richard,Washington,True,nacb_staff,87.0,False,,2024-06-26 15:32:12
U1080L,warrenjohn,swright@example.org,3%$7QJboClb3,Tanya,Gonzalez,False,organization_member,,False,,2024-02-14 10:15:21
P1080X,xjones,wgay@example.com,v6zBQgtdK+M$,Tyler,Martinez,True,organization_member,90.0,False,,2024-04-09 11:34:27
U1081P,zstone,mccarthycameron@example.com,M+&D)ps4dg8&,Alexis,Holt,True,nacb_staff,43.0,False,,2024-05-02 06:22:08
P1081R,michael31,melinda36@example.net,#yxu2Nf0C)Jz,Jessica,Gonzalez,False,nacb_admin,16.0,False,,2024-03-19 10:00:36
U1082I,handerson,yrojas@example.com,(r&M_(GS38WV,Lisa,Reynolds,False,nacb_admin,,True,Violation of terms of service,2024-05-18 00:54:42
P1082O,gbrown,normanjonathan@example.org,3ZQ6HKyx*al9,Edward,Berg,False,organization_admin,48.0,False,,2024-01-23 05:25:47
U1083X,lisa90,danielle55@example.org,ea%4yWebwrea,Mary,Harding,True,user_professional,17.0,False,,2024-02-25 17:29:41
P1083O,rreid,njones@example.net,$5iFrThbqkvK,Tony,Peterson,True,user_professional,,False,,2024-04-06 00:20:47
U1084I,kgonzalez,jamesgarcia@example.com,n$s)Ggtk&h6Z,Amy,Hunter,True,organization_member,,False,,2024-04-03 20:28:19
P1084X,guerramichael,stanleystewart@example.net,jkc9Sifqp_08,Antonio,Hughes,True,organization_admin,76.0,True,Fraudulent transactions detected,2024-03-17 05:26:29
U1085A,hardyjason,saraparker@example.com,S$e&3M#azaP_,Heather,Beasley,False,user_professional,,False,,2024-02-13 19:38:34
P1085C,migueljackson,mbrowning@example.net,t!7Gc6dDY!_7,Shawn,Lyons,True,nacb_admin,,False,,2024-07-13 00:46:45
U1086F,ralph48,rcollins@example.org,)(15yQS00PkX,Craig,Vazquez,True,organization_member,52.0,False,,2024-06-30 05:09:50
P1086E,erica57,yday@example.org,$#75h&)577Wd,Isaiah,Sharp,True,user_professional,,False,,2024-04-24 05:46:16
U1087W,smithgeorge,lisalowe@example.com,)+6%QH%bD)rq,Joshua,Flowers,True,nacb_staff,,False,,2024-05-16 23:44:10
P1087Y,jacktaylor,thompsonblake@example.net,Dfn8+SEwb8U@,Timothy,Stewart,False,user_professional,,False,,2024-02-24 00:03:39
U1088R,catherinejones,carrollkevin@example.org,@2*oQ1JRr3Jo,Laurie,Crawford,True,organization_member,,False,,2024-04-15 16:13:20
P1088X,baileykayla,dwall@example.net,(0#VAstz++of,Holly,Cruz,False,user_professional,,False,,2024-03-31 16:47:08
U1089Z,rodgerswhitney,christopher68@example.org,B%nVpXhxAx_8,Tammy,Park,False,user_professional,,False,,2024-06-19 07:21:28
P1089K,tracymartinez,hansonerin@example.net,kg4aNFrm+PmA,Brian,Jones,False,nacb_admin,7.0,False,,2024-07-06 03:32:10
U1090G,madisonfranklin,tshah@example.org,!4uk$YD4HFVS,Lawrence,Singh,True,nacb_admin,,False,,2024-03-17 19:19:17
P1090N,fernandohamilton,jodicarey@example.com,&3E$IE9xKYUm,Rachel,Cross,False,user_professional,,False,,2024-03-05 03:44:01
U1091K,christine44,mlane@example.org,+AQiYL4piUM4,Matthew,Johnson,False,user_professional,35.0,True,Security policy violation,2024-01-20 08:56:17
P1091N,anthonymarquez,leonardking@example.net,9+wnYUfe$k8c,Paul,Thomas,True,organization_member,92.0,False,,2024-05-02 13:45:02
U1092S,robinriley,coxbeth@example.org,*CPe6Edp&S_8,Adam,Pierce,True,system_admin,63.0,False,,2024-03-09 04:40:56
P1092P,wmarshall,alexanderbutler@example.net,pvr7MDbMwku%,Benjamin,Wallace,True,organization_member,,False,,2024-06-26 19:19:38
U1093H,kdouglas,stephenjames@example.com,#z2_FfgeO0^8,Jeffrey,Brewer,True,user_professional,49.0,False,,2024-06-14 23:15:09
P1093Y,denisewilliams,nicholas64@example.org,)@J6kGRysRjn,Douglas,Mueller,True,system_admin,,False,,2024-01-24 23:54:01
U1094P,mberry,patriciamiller@example.com,HcsDux6v_8Lz,Paul,Holder,True,nacb_admin,,False,,2024-06-27 13:18:07
P1094R,xdean,saunderslori@example.org,arjGdEv&Z6I),Matthew,Johnson,False,nacb_staff,44.0,False,,2024-03-28 15:09:54
U1095B,hcollins,liumichelle@example.org,)an6E@rvIap@,Barbara,Baker,True,nacb_admin,,False,,2024-02-01 18:37:31
P1095E,lopezsabrina,rodriguezmary@example.com,@jf&fOv18)d9,Glenda,Pena,True,organization_member,19.0,False,,2024-04-29 20:18:12
U1096S,kelly42,james59@example.net,rf7vGrRm&kFG,Antonio,Page,False,organization_member,,False,,2024-02-05 06:51:08
P1096C,gregory54,williammcdonald@example.org,+B6fZItor_3^,John,Vaughn,False,nacb_staff,13.0,True,Fraudulent transactions detected,2024-07-12 10:41:10
U1097X,brittany39,anthony22@example.net,o3%0uQAb9&9d,William,Barber,True,user_professional,,False,,2024-05-09 23:31:22
P1097X,dgordon,richardsjohn@example.com,ey^!2Sty1&X4,Aaron,Simon,True,user_professional,27.0,False,,2024-01-04 17:48:10
U1098G,samantha51,thomas83@example.com,KClyh0Jn1$+9,Joseph,Myers,True,nacb_staff,,True,Fraudulent transactions detected,2024-06-26 13:46:44
P1098V,mistyharris,jmunoz@example.org,+0^h)97P^dRq,Steven,Rogers,True,organization_admin,,True,Suspicious activity detected,2024-05-14 05:26:12
U1099B,greenleslie,gutierrezheather@example.com,5HrHKl4u&2y%,Yvonne,Reynolds,True,nacb_admin,85.0,False,,2024-05-11 03:09:43
P1099U,davidking,russellmargaret@example.com,_2Vv0!oX$rJ!,Gary,Davis,False,nacb_staff,,True,Breaching confidentiality agreements,2024-07-13 11:05:08
U1100P,thomas53,edward28@example.net,^6q2_L8o(3CW,Stacey,Escobar,False,organization_admin,,False,,2024-06-28 21:43:33
P1100M,sfoster,collinsaustin@example.net,!)3uuxKzEBBL,Timothy,Williams,True,organization_member,,False,,2024-01-05 20:16:42
U1101Y,karenjackson,courtney14@example.org,_24J9cysw4%l,Barbara,Frost,True,user_professional,,False,,2024-07-10 02:09:02
P1101A,oscar39,vbrown@example.net,ACT6Mizm^m6h,Amber,Rodriguez,True,user_professional,,False,,2024-03-02 14:06:52
U1102F,amiller,corr@example.org,NlD!gCKd^5x8,Kevin,Miller,False,organization_member,,False,,2024-07-05 03:46:00
P1102J,elizabeth69,michaelwhite@example.com,%jAE2%Fvi(^_,Melissa,Martin,False,nacb_admin,36.0,True,Violation of terms of service,2024-04-21 11:34:07
U1103H,mitchelltom,penamegan@example.net,#uDzJY4Hd88w,Crystal,Moreno,True,organization_member,59.0,False,,2024-06-26 23:39:15
P1103B,eruiz,blakeandrew@example.net,C$6B)Gotoc5i,Megan,Rodriguez,True,user_professional,2.0,False,,2024-07-01 23:34:48
U1104V,andrew09,nicolereed@example.com,!G+LdY0Sn8KB,Jonathan,Perez,True,nacb_staff,,False,,2024-06-20 18:19:25
P1104R,carrie22,vegachristy@example.net,B(kQZQdl!80#,Margaret,Lee,True,user_professional,,False,,2024-03-26 23:47:40
U1105B,mstewart,steven69@example.com,@Z&@CjMmyzO1,Kathleen,Ballard,True,nacb_admin,5.0,False,,2024-03-11 23:53:38
P1105P,craig20,vjones@example.org,OT6pLuz(2^cV,Lisa,Byrd,False,system_admin,,True,Multiple failed login attempts,2024-02-12 06:04:03
U1106F,morrischristina,heather12@example.org,72e!flTrPBLS,Vickie,Landry,True,organization_member,,False,,2024-01-26 14:11:13
P1106W,matthewcox,gregoryrobinson@example.net,^UQyaclI!W7W,Trevor,Jackson,False,user_professional,32.0,True,Multiple failed login attempts,2024-04-18 17:54:01
U1107G,geoffreyhopkins,lauren08@example.net,k!inioKLq(9I,David,Sawyer,False,user_professional,33.0,False,,2024-03-02 11:20:07
P1107X,maria37,zgarcia@example.com,_dj0TiHN8lRw,David,Day,True,nacb_admin,,False,,2024-02-08 20:36:34
U1108G,francisco06,kimberlymitchell@example.org,rGI)U2Od5mLw,Joseph,Garcia,True,user_professional,81.0,False,,2024-04-20 14:49:08
P1108A,sjohnson,ewarner@example.net,&1tA3LNm(aIR,Lisa,Willis,True,nacb_staff,,True,Suspicious activity detected,2024-03-15 01:26:47
U1109C,hellison,davisangela@example.com,+)eBcWqqf5YA,Mary,White,False,nacb_staff,,False,,2024-03-20 13:08:10
P1109Q,reedtimothy,amandaparsons@example.com,)4$eNgPRD@MN,Brandon,Berry,False,user_professional,35.0,False,,2024-03-14 19:28:35
U1110K,charles18,figueroaadam@example.net,++KSMId@z8X$,Ryan,Love,True,system_admin,90.0,False,,2024-02-27 12:35:53
P1110R,gjohnson,stonebilly@example.com,_PmmltpM7rHh,Leonard,Davidson,False,organization_member,,False,,2024-05-30 22:50:13
U1111Q,kristopher97,ronald89@example.org,^64$m+Az3e_F,Connie,Howard,False,user_professional,92.0,False,,2024-02-28 11:14:19
P1111B,ztorres,jvalenzuela@example.net,+a(H9RSmC2Z#,Melody,Decker,True,user_professional,37.0,False,,2024-01-08 16:48:49
U1112L,lmcbride,kjohnson@example.net,^XY6HvI7%88),Jerry,Peterson,False,user_professional,74.0,False,,2024-04-23 07:43:17
P1112M,kristen49,mweber@example.net,^7u1^Ybm(j1k,Dawn,Thomas,True,organization_member,17.0,False,,2024-05-04 17:43:50
U1113H,annettesalazar,debrahill@example.org,y0L*cZ^Cs)7%,Pamela,Snow,True,organization_member,56.0,True,Unauthorized access attempts,2024-01-02 09:47:23
P1113J,tsoto,lindseyjohnston@example.net,rMysMFDl$853,Michelle,Trujillo,False,organization_admin,,False,,2024-04-12 02:06:44
U1114U,qchan,vasquezcrystal@example.com,v3W@zS7!oA8!,Manuel,Burnett,False,user_professional,,False,,2024-01-14 05:08:01
P1114M,pfox,nicole55@example.net,kU66R$rk%H2C,Jenny,Ferguson,True,organization_member,,False,,2024-01-15 09:34:10
U1115G,timothygomez,kevinmorales@example.net,HSHR3!d2^9tN,Amanda,Rivera,True,nacb_staff,,False,,2024-05-19 20:41:40
P1115S,toddmartinez,esparzaalex@example.net,!nUqfaI1z6d0,Aaron,Rowland,True,organization_admin,,False,,2024-02-12 13:15:58
U1116D,brownandrew,qmccarthy@example.com,h%&m9WlnW*b1,Christy,Porter,True,user_professional,,False,,2024-04-13 05:49:36
P1116N,wyatt19,reidjack@example.org,uE8EqJrp!(Qx,Tommy,Walker,True,nacb_staff,1.0,False,,2024-05-31 02:13:15
U1117I,cookmaria,gmoore@example.com,96Hp+b&A*cYz,Stephanie,Fernandez,False,nacb_admin,39.0,False,,2024-02-25 21:42:05
P1117S,harrisadam,bakerfrances@example.net,v#c)Z2qDc@!6,Gabriel,Rodriguez,True,organization_admin,35.0,False,,2024-01-14 05:45:57
U1118I,oscar94,briangriffin@example.org,&3%0OaCcb&TE,Leonard,Reyes,False,user_professional,,False,,2024-04-11 00:42:46
P1118I,cowanjoseph,rodriguezkevin@example.net,^rlwRDos2Hk!,Chad,Meyer,False,nacb_admin,70.0,False,,2024-05-21 04:25:13
U1119W,jacobshenry,boliver@example.net,#br2HPfki@i3,Steven,Butler,True,organization_member,,False,,2024-04-22 08:32:29
P1119G,mmcclain,oshea@example.com,30dS_CiC+v*A,Andrew,Johnson,True,nacb_staff,12.0,False,,2024-06-22 04:58:35
U1120T,gnelson,karen29@example.net,@jHnngRTF3(x,James,Conner,False,organization_admin,,False,,2024-03-22 22:45:06
P1120E,boydtodd,qtorres@example.com,^4RueS@wnDU7,Cassandra,Kramer,False,organization_admin,,True,Breaching confidentiality agreements,2024-06-13 23:25:25
U1121F,annarivera,brennanpaul@example.org,p2LW@wy1*qV&,Tracy,Stokes,False,organization_admin,,False,,2024-04-12 16:46:12
P1121C,fryebarry,william12@example.com,12STgOlb!2(Q,Kara,Navarro,True,organization_member,85.0,False,,2024-01-21 15:27:46
U1122F,matthew42,ryan54@example.org,a0gyJdhB*tMS,Gina,Gallagher,True,user_professional,95.0,False,,2024-04-01 05:04:03
P1122O,ewingdonald,troyjohnson@example.org,9NI(rD5V6GJc,Benjamin,Boyd,False,user_professional,,False,,2024-06-28 03:32:47
U1123P,arthur49,austinbyrd@example.com,)9$CKtr6ikw0,Sarah,Austin,False,organization_member,,False,,2024-02-24 05:44:53
P1123W,mitchelldenise,derrick14@example.com,K)84GD3lkBgu,Matthew,Hooper,True,organization_member,39.0,False,,2024-01-31 22:21:06
U1124B,eroberson,eduncan@example.net,5!U0!jMqxHU6,Jesse,Romero,True,user_professional,,False,,2024-03-27 13:38:23
P1124Q,ashley99,deanna65@example.org,pZw!yYLx^X7W,Maureen,Lynch,True,nacb_staff,,False,,2024-03-14 22:14:30
U1125T,ksmith,paul51@example.net,0*88bp$2C^2K,Christopher,Potts,False,user_professional,51.0,False,,2024-03-14 11:54:10
P1125O,keithwalters,scottwilkinson@example.com,f+q@1Gtx+jI3,Andrew,Young,False,organization_member,67.0,False,,2024-03-06 10:37:20
U1126M,john97,juancastro@example.com,)bKGJQnezl68,Michele,Martin,False,nacb_staff,,False,,2024-01-07 12:59:52
P1126H,ystevens,owilson@example.net,%3G$r$+hCNpp,Sheryl,Hunt,False,organization_member,47.0,False,,2024-06-22 09:32:30
U1127R,ereed,vargasmichael@example.net,eT*iFXzIQLb0,Sharon,Petersen,True,user_professional,48.0,False,,2024-02-11 14:44:26
P1127M,nturner,williamsongregory@example.net,_7W9lA$C!n5h,John,Wright,True,user_professional,,False,,2024-05-27 01:05:17
U1128S,garyortega,taylormargaret@example.org,w9xCM+KtD%19,Carlos,White,True,user_professional,,False,,2024-01-20 18:28:10
P1128V,knightemma,carol47@example.net,+&K&c3^c0q0O,Andrew,Simmons,False,nacb_staff,,False,,2024-04-03 09:35:13
U1129P,moralesmartin,qterrell@example.org,9)l_T4Kv1DMs,Evan,Washington,True,system_admin,12.0,False,,2024-01-18 09:29:18
P1129C,hansengeorge,clinedavid@example.com,MHNEaV6dn@)0,Elizabeth,Carr,True,organization_admin,,False,,2024-03-22 21:50:05
U1130K,pdavis,hooverjacob@example.org,vg&fKV1z(n6v,Christopher,Lee,False,nacb_staff,,True,Violation of terms of service,2024-05-30 07:56:45
P1130G,jodiclark,darrellcannon@example.net,#G0CGe29%YwR,Brenda,Marshall,True,nacb_admin,,False,,2024-04-14 08:26:12
U1131B,thompsonjulie,campbelltanner@example.net,)bXTTay)5xgi,Bob,Harmon,False,organization_admin,,False,,2024-05-09 13:24:42
P1131K,tellis,melissa16@example.org,!8(QvR98&$Dy,Amy,Garner,False,organization_member,5.0,False,,2024-04-14 12:02:35
U1132H,meganhoffman,erin44@example.org,$LEVXdnKd%5S,Christina,Rose,False,system_admin,11.0,False,,2024-04-09 11:04:48
P1132Z,patrick95,jgomez@example.net,^+SJ6ym1L28h,Christopher,David,False,nacb_staff,,False,,2024-01-16 13:58:45
U1133N,joseph18,debrafrey@example.net,t*3XR7h9tyJZ,Brittany,Lewis,False,nacb_admin,86.0,False,,2024-03-29 21:39:47
P1133P,johnsonelizabeth,ewest@example.net,e01w!ZzY#DM8,Manuel,Price,False,nacb_admin,,False,,2024-04-04 19:37:54
U1134F,carol15,amy29@example.net,Ge%NoKQaQr6^,Tyler,Valencia,True,organization_admin,,False,,2024-04-04 07:28:15
P1134Q,bchapman,johnjensen@example.com,!kMp$TFjO4Ds,Dustin,Jackson,True,system_admin,35.0,True,Unauthorized access attempts,2024-03-13 04:08:20
U1135R,burgesstaylor,jacqueline64@example.com,u0JJ)dxo(0wh,Philip,Harrell,True,user_professional,,False,,2024-06-16 07:02:24
P1135T,brendasimon,denisemckee@example.net,@P%C$Mtigc05,Andrew,Williams,False,organization_member,54.0,False,,2024-07-16 14:20:21
U1136M,lynn94,kellymurillo@example.org,!SxHrFSoT1H^,Carla,Washington,True,nacb_admin,,False,,2024-01-05 01:47:53
P1136W,danielmoses,zflynn@example.org,N!&YY2j85a8y,Anthony,Carrillo,True,nacb_staff,,False,,2024-01-10 09:56:16
U1137Q,fergusonphilip,pblack@example.net,5+2Z6h)e+0GR,Juan,Allen,True,organization_member,69.0,False,,2024-05-02 23:39:08
P1137C,rrobinson,kathy89@example.net,*bgKlFz4L^i8,Wayne,Wright,True,organization_admin,,False,,2024-05-30 00:24:53
U1138G,wheelercrystal,moonvalerie@example.org,%DS5_qwr+)Bp,Jennifer,Lee,True,user_professional,,False,,2024-04-04 18:08:23
P1138T,kristen01,tina40@example.com,S7^@8ELhDeFA,Brian,Friedman,True,organization_member,,False,,2024-03-05 14:04:49
U1139O,zking,paguilar@example.net,CP8Z2Df6(9h%,Gabrielle,Scott,False,nacb_staff,88.0,False,,2024-02-14 04:24:10
P1139A,christopher70,kimberlyfoster@example.net,*25#xymW31sP,Clifford,Ingram,False,user_professional,,False,,2024-04-22 21:03:46
U1140Q,tsellers,adamsimmons@example.org,&vGjWIXhf2SK,Tyler,Moss,True,organization_member,58.0,False,,2024-01-13 01:10:03
P1140K,umarquez,dennisalexander@example.org,Yzb^IxDic^4v,Michael,Wilson,False,system_admin,62.0,False,,2024-01-08 10:05:52
U1141K,toni78,jamessolis@example.com,Q05ZCyl1$^ou,Joseph,Trujillo,False,organization_member,19.0,False,,2024-03-30 00:49:47
P1141C,nancyharris,ggarcia@example.net,sNC1LhqCD!&v,Mark,Flores,True,organization_admin,2.0,False,,2024-04-09 05:30:42
U1142U,carolinehouston,michelle57@example.com,02j!D_Pa^PKW,Sylvia,Morgan,False,user_professional,86.0,True,Account reported by multiple users,2024-06-06 06:35:32
P1142X,diana04,bjordan@example.net,M%ld3NVM9aC5,David,Wong,False,user_professional,,False,,2024-04-11 04:29:08
U1143D,xanderson,donna13@example.com,VolB4LnpRt1(,Miguel,Roberson,False,organization_member,18.0,True,Inappropriate content posted,2024-03-22 16:02:08
P1143L,perezkristen,davidgoodman@example.net,c5FXu&8v(X2a,Alyssa,Shelton,True,user_professional,,False,,2024-06-21 19:26:48
U1144E,mccannmark,ukey@example.org,p8EoDMg6$uC^,Nicole,Gentry,True,user_professional,,False,,2024-04-09 01:59:21
P1144L,boltonkimberly,carlosthompson@example.com,1bC%XhQn$991,Lindsay,Campbell,True,organization_member,,False,,2024-03-23 14:55:12
U1145S,amanda72,joseph33@example.net,zS*!lSPtMaE7,Laura,Wood,False,user_professional,51.0,False,,2024-07-24 02:25:16
P1145K,stewartlisa,porr@example.com,#5C5FUOsv&BP,Anthony,Nichols,False,user_professional,94.0,False,,2024-02-12 21:54:48
U1146T,zward,emilycollins@example.com,)L0tPpen@OVU,Mark,Ingram,True,nacb_admin,,False,,2024-06-11 21:54:30
P1146J,micheal84,dixonbarry@example.com,A$*7fAq_UbH9,Jamie,Collins,False,user_professional,46.0,False,,2024-06-14 11:23:08
U1147H,garciaeileen,chenmichael@example.net,$WrjXvtQ@9cD,Lindsay,Turner,True,user_professional,2.0,False,,2024-06-29 16:39:03
P1147F,kyle51,melaniesims@example.com,J)UyuppZ)3rx,Toni,Mcdaniel,False,nacb_admin,,False,,2024-05-11 07:24:53
U1148T,austindylan,joseph63@example.org,*5sdMt(2%2tQ,Jack,Sosa,True,organization_member,,False,,2024-05-15 07:55:09
P1148T,duncanjenna,brownronald@example.org,V0B*GEc)_*o%,Dana,Lawrence,True,user_professional,,False,,2024-04-21 05:56:01
U1149J,tara95,bishopshane@example.com,7^1KG$PvSHQI,Anna,Harper,False,nacb_admin,49.0,True,Non-compliance with community guidelines,2024-04-06 04:25:12
P1149B,roy77,williamslauren@example.net,#)1nAe3m@0re,Matthew,Martinez,False,organization_member,,False,,2024-06-15 12:17:07
U1150W,fgibson,elizabethholloway@example.com,%8GSxthx$pCC,Karina,Colon,False,organization_member,45.0,False,,2024-07-07 08:15:20
P1150U,mwhitney,glennsolomon@example.net,4#b7Yy+ZWDuz,Patrick,Snyder,False,organization_member,,False,,2024-03-17 23:36:54
U1151K,jgordon,stephanie91@example.org,)loj5rOfL4FU,Alexis,Gilbert,False,nacb_staff,,False,,2024-06-28 03:54:34
P1151V,griffingary,yryan@example.org,@K8HOodeAXI0,Dana,Pearson,True,organization_member,47.0,False,,2024-04-24 10:48:30
U1152L,charleswilliams,jennifer64@example.net,qt9*Dma30#VP,Cody,Brock,False,user_professional,91.0,False,,2024-01-16 09:59:27
P1152H,hernandezterri,marissayoung@example.net,&zASh(0Kt1II,Miranda,Montes,True,organization_admin,90.0,True,Suspicious activity detected,2024-05-26 16:14:57
U1153A,pamelagilmore,clarkstacey@example.net,a#qUlgl$)4La,Valerie,Jones,False,nacb_staff,31.0,False,,2024-06-27 23:18:07
P1153S,anthonydudley,edward84@example.net,H97rxf0q!ObF,Nina,Fuller,True,organization_member,,False,,2024-03-01 18:47:43
U1154D,vbest,mhatfield@example.org,xGu3g(Wk)6Ms,Jose,Thompson,True,nacb_staff,,False,,2024-01-15 01:04:21
P1154K,stephen83,atkinssamuel@example.com,Eg3kgf5p_4AT,Michelle,Johnson,False,user_professional,,False,,2024-01-22 01:01:43
U1155Y,kimberlysmith,chancheyenne@example.com,!Jr)LkM)FCs4,Nancy,Berg,True,nacb_admin,,False,,2024-06-17 10:50:06
P1155W,joshuaburke,nparker@example.net,s5Kw+M+L$tVr,Andrew,Patel,True,organization_admin,54.0,True,Multiple failed login attempts,2024-05-30 00:00:58
U1156W,craigbaker,dbrewer@example.com,_!2R+XfWzE6*,Brittany,Coleman,True,nacb_admin,84.0,False,,2024-04-11 07:06:16
P1156V,parrishmichelle,andrewcarroll@example.com,(z5DVzZI^8ru,Joseph,Francis,False,organization_member,4.0,False,,2024-02-27 13:05:15
U1157O,vegahector,lharper@example.org,8^V#)Y4PilYK,Curtis,Noble,True,organization_member,62.0,False,,2024-07-21 05:50:15
P1157K,margaret49,brittneyjohnson@example.com,qd5Kq2PVL@Ha,Kevin,Herrera,False,user_professional,72.0,False,,2024-04-06 03:20:40
U1158D,zacharybennett,marvinwilliams@example.org,C6R0aFsf#na+,David,Russell,False,organization_member,,False,,2024-04-25 03:43:07
P1158N,elizabethdalton,jessica49@example.net,_vnx)pwfv0J8,Jonathan,Johnson,True,organization_member,83.0,False,,2024-01-18 13:45:50
U1159A,stevencampbell,imarshall@example.net,W8J_vg0q72jI,Jonathan,Long,False,nacb_staff,,False,,2024-03-23 02:21:15
P1159V,atkinsonnicholas,watsonmatthew@example.com,x%Ay(u4dQ2^H,Michelle,Larson,True,nacb_staff,,True,Security policy violation,2024-04-30 19:17:42
U1160O,thomasklein,yking@example.org,+64tBP0iPhmk,Justin,Baker,False,nacb_staff,16.0,False,,2024-01-13 07:29:59
P1160R,aprilmartin,jamie93@example.org,r(Tp9TRgUz@c,Dale,Young,False,organization_admin,,False,,2024-07-13 19:40:19
U1161J,paigefletcher,anthonyjohnson@example.com,%8wIY$@kDED1,Danielle,Neal,False,nacb_admin,96.0,False,,2024-01-19 13:15:37
P1161T,elliseric,stephanie03@example.com,GH)0kJo9b07_,Charles,Gonzalez,False,organization_member,,False,,2024-02-29 07:30:46
U1162T,emiller,gregoryponce@example.com,5x6()x3m#EIQ,Donald,Morrison,True,user_professional,99.0,False,,2024-06-21 12:17:12
P1162U,sean24,lisa08@example.net,)3tW1UwXgNRH,Jennifer,Gutierrez,True,organization_member,54.0,False,,2024-02-20 19:06:09
U1163P,acordova,erica02@example.net,lLlObt0@^(0G,Adam,Willis,False,organization_member,99.0,False,,2024-07-10 16:20:50
P1163G,amanda39,devincarroll@example.com,#soal16Ct2E0,James,Montoya,False,nacb_staff,17.0,True,Non-payment of subscription fees,2024-05-06 14:37:11
U1164E,kristinabrown,stephenodom@example.com,W+0Nm#0wsj7d,William,Howard,True,user_professional,,False,,2024-06-26 09:13:41
P1164R,fhancock,rachel02@example.com,(K1YTJutD@mf,Randall,White,False,user_professional,80.0,False,,2024-06-18 15:57:29
U1165K,david28,preese@example.com,koMU&Iow+4kb,Susan,Jones,False,nacb_staff,40.0,False,,2024-03-02 19:06:46
P1165B,boydmatthew,amymcfarland@example.org,Qp7^9FuazXCo,Lee,Norman,False,user_professional,28.0,False,,2024-04-16 03:37:45
U1166Z,rhamilton,whitecasey@example.net,$2bVWshE+Tt7,Kenneth,Porter,False,organization_member,,False,,2024-05-17 20:39:13
P1166R,ilindsey,reeddeborah@example.com,VSU6oNqz@2NI,William,Rich,False,user_professional,67.0,False,,2024-04-28 00:06:07
U1167S,dmiller,graykathleen@example.com,*x8wRuBy*bWR,Ricky,Hernandez,False,organization_member,20.0,False,,2024-03-06 23:23:52
P1167R,jacob50,brittanycruz@example.net,3%FO0ZOtWH@s,Roger,Thompson,True,user_professional,39.0,False,,2024-07-08 15:14:29
U1168L,holmesjacqueline,wwhite@example.org,6B+$C9lgdTc3,Catherine,Clark,True,user_professional,,False,,2024-07-02 04:49:32
P1168X,mercerbrent,blackeric@example.org,4S886VxV!ILL,Timothy,Ramirez,True,organization_member,64.0,False,,2024-01-10 17:17:01
U1169L,rebecca29,juliemorgan@example.com,(ihg+b1iT9TU,Daniel,Lewis,False,nacb_staff,,False,,2024-06-16 10:23:03
P1169L,cmarsh,klinehunter@example.org,g0@Y6IwF&sE5,Jessica,Williams,False,organization_member,,False,,2024-06-02 09:18:42
U1170T,patriciacervantes,thomas46@example.com,@rRD*Shx&1cA,Robert,Allen,True,organization_member,,False,,2024-02-26 02:24:41
P1170I,torresashley,mark15@example.org,ekLYNr84^9W),Nicole,Atkins,False,organization_member,81.0,False,,2024-01-29 14:37:42
U1171I,samuelbarron,zlee@example.com,#nJ*EhRs!+(8,Felicia,Hall,True,nacb_admin,,False,,2024-06-11 01:55:48
P1171I,petersondavid,linda48@example.com,eU1Hd*M9+%%o,Caleb,Smith,True,user_professional,33.0,False,,2024-01-22 21:22:19
U1172V,olsonbrian,stephenbarnett@example.org,LXiKNt#+@an6,Katie,Cook,False,nacb_admin,36.0,True,Misrepresentation of identity,2024-03-12 09:06:32
P1172C,patrickclark,nicholas96@example.net,Ml6pPR0j!+23,Michelle,Deleon,True,nacb_staff,4.0,False,,2024-05-22 18:09:52
U1173S,kathleenedwards,ndennis@example.net,1E1lt$Yoc_8E,Christopher,Pierce,True,user_professional,67.0,False,,2024-04-12 21:40:33
P1173V,caguirre,mtaylor@example.org,(euM2sC84!Uc,William,Johnson,False,nacb_admin,,False,,2024-04-01 15:12:06
U1174V,cheryl97,jordanpeters@example.org,^v9fFv4jyrI2,Christopher,Armstrong,True,organization_member,39.0,False,,2024-01-21 15:44:45
P1174T,lwatson,susan31@example.com,RS9EVnZ$*pDC,Daniel,Mitchell,False,user_professional,8.0,False,,2024-06-11 20:49:35
U1175P,melinda71,bgonzales@example.com,a%1NhHabNI9N,Richard,Sanchez,True,user_professional,91.0,False,,2024-01-15 15:55:04
P1175P,alejandrobrady,marissa17@example.net,_0w+CZ3vlZIC,Danielle,Dougherty,False,organization_admin,,False,,2024-02-14 02:51:50
U1176L,turnerjessica,tara89@example.com,!7r+Uf9s^8)H,Heather,Roberts,True,nacb_admin,,False,,2024-06-25 03:46:25
P1176P,greenbrooke,robertsontravis@example.org,tp#&0F3c6*vW,Amanda,Anderson,False,user_professional,,False,,2024-06-20 17:54:53
U1177N,holtpriscilla,timothyhiggins@example.org,Oe(41KIok1Nt,Jason,Randall,True,organization_member,50.0,False,,2024-01-04 18:32:47
P1177S,davisjohn,kevin71@example.com,^yxIZCta0Hd6,Wanda,Myers,True,nacb_admin,98.0,False,,2024-02-10 15:17:42
U1178S,ryancook,joshuapalmer@example.org,T30FNGa(*2YJ,Angela,Larson,False,organization_member,,True,Misrepresentation of identity,2024-01-29 00:53:16
P1178Z,frios,fernandezkyle@example.org,%%J_tK1PBi6V,Jay,Johnson,False,nacb_admin,,False,,2024-03-28 09:10:24
U1179A,jamesmathis,zmoss@example.net,mw1#UWb!o#T5,Joseph,Martinez,True,user_professional,73.0,False,,2024-04-24 01:16:36
P1179Y,toddbrown,melissahughes@example.org,3EX)X3$JNoBt,Jamie,Beard,False,organization_member,83.0,False,,2024-01-22 03:42:20
U1180Y,allenvanessa,williamscynthia@example.net,Vub36Ncsq#w6,Jeremy,Young,True,organization_member,,False,,2024-01-12 19:00:01
P1180N,katrina27,robert14@example.org,P4*x3JPbd$X1,Emily,Wagner,False,user_professional,,True,Inappropriate content posted,2024-02-07 18:21:14
U1181H,angelaadams,theresa24@example.org,75I!2pfK(@%C,Robert,Silva,False,organization_member,99.0,False,,2024-01-10 13:11:00
P1181A,shelly45,christopher92@example.org,f3BcIG3)+rJ3,Jennifer,Lopez,True,user_professional,84.0,False,,2024-03-04 00:55:51
U1182Z,jonathan91,vbrooks@example.com,w0Bq7$xr&D9_,John,Young,True,user_professional,,False,,2024-03-04 04:10:23
P1182M,jeffreyvazquez,aaron32@example.net,#MwCeaZjIfz1,Tonya,Simmons,True,user_professional,,True,Non-compliance with community guidelines,2024-01-17 18:09:55
U1183M,laurie17,slucas@example.com,)qML4gOy^3qi,Dennis,Ruiz,True,organization_member,17.0,False,,2024-02-12 16:24:52
P1183E,annasmith,derek74@example.com,*!%X7rmx^4cv,Danielle,Medina,True,user_professional,,False,,2024-07-21 12:17:47
U1184B,perryamy,longmichael@example.org,4lxr1O(D*rTa,Carl,Buckley,False,user_professional,,False,,2024-06-14 22:00:46
P1184P,dominguezmichael,zruiz@example.net,^Q(8#AxT8lx0,Christopher,Davis,False,system_admin,,False,,2024-03-29 12:52:02
U1185H,thomas52,isummers@example.net,AuZ*lLklfn!5,Katherine,Garcia,True,user_professional,,True,Suspicious activity detected,2024-03-19 23:19:32
P1185A,benjamin44,smithdarryl@example.net,5#6S_zVtE+1Q,Katherine,Mejia,True,organization_member,82.0,False,,2024-03-15 12:43:30
U1186E,meltonricky,charlesfischer@example.net,)2l22dXt02DN,Alexander,Hart,True,user_professional,34.0,False,,2024-06-18 15:10:54
P1186C,montgomeryalison,stephen71@example.com,*IfihFrs!A2J,Yvonne,Salas,False,organization_member,70.0,False,,2024-02-23 10:13:02
U1187R,petersenvalerie,marcus00@example.com,yMn+3T1opkNA,Karen,Evans,True,organization_member,,False,,2024-06-26 00:01:11
P1187O,mark34,peterseneric@example.org,k&#lzSOzqH*5,Paul,Galloway,True,system_admin,57.0,False,,2024-06-17 14:21:48
U1188C,ecampos,devin64@example.org,*D8EZTnrkkeI,Lisa,Harris,True,nacb_staff,,True,Non-payment of subscription fees,2024-01-13 15:26:47
P1188C,lesliekent,curtishaley@example.com,aMqT1oZpD@F(,Suzanne,Deleon,False,organization_member,29.0,False,,2024-01-01 07:08:50
U1189T,tzimmerman,rzimmerman@example.org,y1g6AasE$7(p,Whitney,Smith,False,nacb_admin,,False,,2024-05-16 20:52:07
P1189M,contreraspaula,alexanderkevin@example.org,f&Mh3MR%^t^9,Michelle,Watson,True,organization_member,,False,,2024-06-13 13:15:54
U1190C,hunterchristine,garrett13@example.org,)(zhZBx^e8dH,Sophia,Bauer,False,user_professional,65.0,True,Harassment of other users,2024-05-27 17:06:05
P1190N,diane30,alansmith@example.net,M%aJkrScQs0Y,Allison,Reynolds,False,user_professional,83.0,False,,2024-03-02 06:09:26
U1191E,sandra80,karen63@example.net,F)RBc4Cg3Y%n,Jennifer,Jackson,True,organization_admin,3.0,False,,2024-01-10 20:05:03
P1191P,cassandra51,johnathan97@example.net,j7VGZ8gF%)^(,Timothy,Castillo,True,organization_member,60.0,False,,2024-07-12 12:24:56
U1192H,john60,linrobert@example.net,_64Lv%3JZqXh,Jill,Taylor,False,organization_member,83.0,False,,2024-01-21 21:46:17
P1192N,william80,todd42@example.com,s9DJbkkmw!6F,Sabrina,Snyder,True,nacb_staff,,False,,2024-06-27 17:52:42
U1193K,wthornton,colemanroberta@example.org,2#m9M%iXMz1Y,Brenda,Garrett,False,user_professional,14.0,True,Unauthorized access attempts,2024-01-17 02:11:06
P1193C,jose82,robertsmichael@example.net,*p343uVc48+I,Sarah,May,False,user_professional,,False,,2024-07-23 23:42:46
U1194E,idavila,zwagner@example.net,)bsPsdmi(y8a,Robert,Long,True,organization_member,,False,,2024-04-28 02:13:16
P1194H,lauren07,kylejones@example.com,24wKyMT3$tq),Stephanie,Sellers,False,user_professional,12.0,False,,2024-02-21 05:58:11
U1195P,omiller,johnsonbrandon@example.net,*5bYYOU5yr+g,Lisa,Mendoza,True,user_professional,,False,,2024-05-08 16:48:45
P1195J,heather29,benjamin63@example.org,V11%V&kj_2M!,Joshua,Aguilar,True,system_admin,42.0,False,,2024-07-07 02:51:25
U1196T,sandybrooks,xgray@example.org,+OE0RIaODs&z,Jonathan,Allen,False,organization_member,26.0,True,Harassment of other users,2024-04-04 06:43:05
P1196Q,sanchezwilliam,hayleytrujillo@example.com,!@$1LSPhXalD,Christopher,Delgado,True,organization_member,,False,,2024-04-08 21:55:47
U1197H,veronica50,loganmartinez@example.com,f6JZ$wT_!R5$,Amber,Wolf,False,system_admin,,False,,2024-02-12 07:05:56
P1197J,jason11,jefferygeorge@example.net,Yw@Z17JpWaL2,Ashley,Collins,False,user_professional,23.0,False,,2024-07-02 09:11:32
U1198D,kathleenzimmerman,thompsoncheryl@example.net,+$p7j*PuHB88,Chase,Cummings,False,organization_admin,96.0,False,,2024-03-16 08:54:43
P1198S,vbrooks,jennifer15@example.org,^XUifKCo(0_E,Susan,Duncan,True,organization_member,,True,Non-payment of subscription fees,2024-07-12 15:22:31
U1199L,riveraryan,uprice@example.com,*x2yVd&1#Jwp,Kari,Stanley,True,user_professional,,False,,2024-05-15 02:46:16
P1199A,jcrosby,emily13@example.net,$3DLAqhGJ#o&,Rebecca,Morrison,False,nacb_staff,79.0,False,,2024-02-04 22:21:41
U1200Q,emilylopez,bakercharles@example.com,M)$8TCzH$^(U,Henry,Hunter,False,organization_member,,False,,2024-03-21 03:08:01
P1200E,jason50,kholt@example.com,h7bOYqzq^+6B,Christine,Johnson,True,system_admin,,False,,2024-06-21 07:51:37
U1201G,samantha05,jasmine01@example.net,(m9NiZzY0*)h,Alexander,Davis,False,user_professional,61.0,False,,2024-06-16 21:32:29
P1201T,foxcolleen,usullivan@example.net,2RkMUCyux(4T,Amy,Navarro,True,nacb_staff,,False,,2024-05-10 05:15:15
U1202R,njones,lewiselizabeth@example.net,dT_8q0j&^tEj,Jacqueline,James,True,user_professional,,False,,2024-05-16 03:33:59
P1202Z,melindawest,lkirk@example.com,#2hI_Ljx)AF%,Donna,Glass,False,user_professional,,True,Non-payment of subscription fees,2024-03-18 04:33:32
U1203Q,whitedakota,johnjohnson@example.org,hEKPdlvJ7d#(,Julia,Wright,False,nacb_admin,,False,,2024-07-05 09:55:43
P1203M,erik13,phardin@example.org,T*5tpTq(^@68,Anita,Leach,True,user_professional,98.0,False,,2024-03-21 15:31:37
U1204P,lovejonathan,jameswalters@example.org,Y6u7ZnwP&lG),Morgan,Doyle,True,organization_member,,False,,2024-04-27 08:41:43
P1204R,coxshirley,khanjanet@example.com,Hi)ktY6!(1sX,Jessica,Davis,True,nacb_staff,52.0,True,Account reported by multiple users,2024-06-04 11:04:46
U1205C,james78,cohenthomas@example.com,^*4l2J_luXhh,Derrick,Valencia,False,organization_member,,False,,2024-06-30 13:21:06
P1205E,jdean,paulmartin@example.net,%2o0nsH@_HJd,Jerry,Davis,True,user_professional,,False,,2024-02-18 14:48:24
U1206O,josephford,elizabeth46@example.com,8a!NIiCc!KX9,Juan,Cook,False,organization_member,,False,,2024-01-16 03:17:05
P1206S,rebecca98,hughesdouglas@example.com,w*YPEkMyzb6x,James,Montoya,False,user_professional,38.0,False,,2024-02-26 12:50:53
U1207J,johnfisher,elizabeth57@example.net,wy7CHzh_%tuG,Sabrina,Wiley,True,user_professional,,False,,2024-07-01 17:51:09
P1207B,paula61,fwalters@example.com,4FD^nY5k*v0b,Matthew,Mckay,False,nacb_admin,76.0,False,,2024-01-19 01:45:27
U1208X,mcclurebrian,laurawalker@example.org,8Q6NUBl@r+Dr,Mary,Watson,False,user_professional,2.0,False,,2024-03-04 08:59:54
P1208Q,danieldouglas,bradley98@example.net,#nRNhZ8vs#6D,Travis,Brown,False,user_professional,,False,,2024-01-09 16:17:08
U1209U,bcamacho,jonesjenny@example.org,_491JClwFfPU,Ashley,Michael,True,user_professional,,False,,2024-01-06 07:38:44
P1209K,zzuniga,dreed@example.net,!TOfM4$yb@8x,Heidi,Knight,True,organization_member,27.0,False,,2024-05-28 14:14:07
U1210O,lukeharris,thomaspamela@example.com,@_qikG*v(9Yp,Susan,Jordan,False,nacb_admin,,False,,2024-05-06 07:57:34
P1210X,yguerrero,heather12@example.net,#6kNe!G*&$RQ,Kimberly,Castillo,True,nacb_admin,,False,,2024-07-11 23:28:13
U1211Y,qcalderon,matthew48@example.net,#2RQFbsnL0Pz,Scott,Knight,True,organization_member,,False,,2024-01-09 15:15:52
P1211Q,huangryan,terrijohnson@example.org,+^yKr0zmSz33,Gina,Hernandez,False,user_professional,,False,,2024-06-18 02:09:36
U1212F,tiffanyramsey,bkerr@example.net,$s9NZVDg1P8v,Aaron,Morales,False,nacb_staff,,True,Non-payment of subscription fees,2024-02-12 08:20:49
P1212W,michael75,jshepherd@example.net,g^#5P)7cc$G*,Suzanne,Wagner,True,organization_member,71.0,False,,2024-04-28 23:50:16
U1213Q,ibarramartha,msmith@example.org,FeI3Qi#7fx#1,David,Henderson,True,user_professional,,True,Breaching confidentiality agreements,2024-04-23 10:10:34
P1213R,rachelgalvan,jenkinsmelissa@example.org,C+8c70Tsi%@#,Michael,Smith,True,nacb_staff,76.0,False,,2024-07-09 04:29:20
U1214R,nboyd,growe@example.net,*6s2KPyogb)@,Sherry,Thompson,False,nacb_admin,,False,,2024-07-17 03:00:01
P1214X,trevor07,christinajohnson@example.org,+6QGotL(@mLt,Jonathan,Hodges,True,nacb_staff,,False,,2024-05-02 02:26:25
U1215E,gward,sawyerchristopher@example.org,9bxUaO_U*2#i,John,Johnson,False,user_professional,17.0,False,,2024-05-08 14:18:21
P1215N,parkerhamilton,rosescott@example.com,0jbnKn3P^J82,Stephanie,Winters,False,organization_admin,,False,,2024-07-18 13:25:55
U1216A,austinmartin,lesliefinley@example.org,@2(Y(8#b$uDZ,Victoria,Rios,False,nacb_admin,,False,,2024-03-06 16:13:11
P1216T,enash,chavezjessica@example.com,npW(qb*X$74P,Elizabeth,Clark,False,nacb_staff,,False,,2024-04-13 09:55:46
U1217S,isimpson,tcase@example.com,8_2s)$Rn%JJF,Stephen,Humphrey,False,organization_member,62.0,False,,2024-02-29 00:15:33
P1217X,sfernandez,melissa82@example.net,pUE^%v$+!2IM,Mark,Brown,True,nacb_admin,,False,,2024-01-31 01:06:49
U1218T,emilymckenzie,wlopez@example.com,S7cvvSznF&9P,Destiny,Fry,False,nacb_staff,1.0,False,,2024-01-20 13:27:48
P1218V,ajohnson,phillipsoto@example.org,P1KSapvM_0wK,Leah,Bell,False,nacb_staff,,True,Inappropriate content posted,2024-05-22 15:19:07
U1219U,mbarker,warrenanthony@example.org,ams$qVWeW+30,David,Haynes,True,nacb_admin,,False,,2024-03-23 14:58:03
P1219P,laurenolson,austin82@example.com,^0BtVD7o)pZG,Jay,Bryant,False,nacb_admin,12.0,False,,2024-05-16 08:35:46
U1220K,bbrown,nicholasshannon@example.com,1+5MZBb5Zae$,Jason,Parker,False,nacb_admin,,False,,2024-06-23 16:38:28
P1220T,lisawelch,brandonford@example.com,h5jG@@2$+8oI,Christopher,Mullins,False,organization_member,,False,,2024-04-28 01:11:13
U1221Q,swilliams,wjames@example.net,%zmBX3YnT8NH,Kimberly,Thomas,True,organization_member,47.0,False,,2024-01-13 21:35:38
P1221I,adamsmatthew,kevinflowers@example.net,i)8LE&Rd@miP,Michael,Herring,True,nacb_admin,33.0,True,Harassment of other users,2024-01-06 19:11:28
U1222B,clarkelizabeth,ydominguez@example.org,C$1!Xf0@Y$qP,Candace,Henderson,False,nacb_staff,48.0,False,,2024-02-12 20:45:46
P1222R,andreaadkins,timothywebb@example.com,%RamT*hj$#0J,Kevin,Chambers,True,organization_member,,True,Use of prohibited software or bots,2024-01-03 10:58:57
U1223W,silvatheresa,nmarks@example.net,P0KJ8Av4^29d,Jeremy,Shah,True,organization_member,39.0,False,,2024-02-19 06:57:40
P1223E,moorediana,wilsonmatthew@example.net,M#tlL$Zuwc78,Richard,Jones,True,nacb_admin,,False,,2024-04-19 14:31:53
U1224L,lopezannette,garciagregory@example.net,JxQ5N+fG%#)F,Jason,Mccarthy,False,organization_member,52.0,True,Use of prohibited software or bots,2024-04-01 16:51:36
P1224H,andrea82,swansonsamuel@example.com,WI0dWc%u#_vm,Joe,Petersen,True,organization_member,63.0,False,,2024-02-19 13:43:44
U1225L,enicholson,joanna04@example.net,2_V8GmBY_f&a,John,Andersen,True,organization_admin,,False,,2024-01-03 05:48:15
P1225D,james03,linda48@example.com,ew@IvFavW(8%,Elizabeth,Khan,True,organization_member,81.0,False,,2024-07-13 19:00:13
U1226W,mmurray,miranda79@example.org,VoQHVM75j*H6,Eric,Fox,True,system_admin,,False,,2024-03-25 06:58:47
P1226I,ruizdawn,sfrench@example.net,Y9UBNYkT#s%F,Diana,Schmidt,False,nacb_admin,,False,,2024-04-09 20:52:22
U1227R,amymullen,clementskerry@example.org,S08W2jzj+EUz,Ryan,Carter,False,user_professional,93.0,False,,2024-01-19 08:02:07
P1227O,dcruz,knappcourtney@example.com,vTY9Mgb#!_0M,Clayton,Anderson,True,organization_member,92.0,False,,2024-01-20 09:32:29
U1228I,padillakarl,montoyacynthia@example.com,0lIxA&Jd7#8E,Robert,Mcdonald,True,nacb_staff,,False,,2024-02-03 12:15:46
P1228S,bweber,brownbrittany@example.org,J)Yl8Nnsd&Y(,Ashley,Warren,True,organization_admin,1.0,False,,2024-07-05 07:28:39
U1229F,webbdebbie,brad36@example.net,%4UY3Vp&UP2I,Danielle,Berger,False,user_professional,49.0,False,,2024-02-26 04:21:14
P1229I,mooremichelle,rebeccahill@example.com,*ioFXkUQ4wGP,Kristen,Daniels,False,organization_member,65.0,False,,2024-01-21 12:27:31
U1230S,bradleyfrench,keith31@example.net,E%87vF4cFpgL,Thomas,Green,False,organization_member,7.0,False,,2024-07-02 20:44:06
P1230G,emcconnell,georgewells@example.org,Slp2jSHj&%#a,Andrew,Roberts,True,nacb_staff,4.0,False,,2024-05-17 14:53:19
U1231K,michael55,john63@example.org,(35u7Nz^$$ta,Leslie,Lawrence,False,organization_member,24.0,False,,2024-01-29 18:32:23
P1231U,stephensvanessa,stevensryan@example.net,(51julafQ3Wr,Kristi,Barry,False,nacb_staff,,True,Harassment of other users,2024-05-25 10:00:18
U1232D,sabrinarhodes,tlawson@example.net,$*(XsvpY8%Dj,Beth,Williams,False,nacb_staff,49.0,False,,2024-02-27 15:28:26
P1232X,christopherthompson,todddickson@example.org,B)4JzvcaUxKG,Jessica,Davis,False,organization_admin,86.0,False,,2024-04-10 06:38:39
U1233T,kshields,millerjeremy@example.net,Dg^sBZuoJa^2,Anna,Freeman,False,user_professional,62.0,False,,2024-05-04 03:20:36
P1233J,uward,dayedward@example.net,7CUCg@%k%0R(,Denise,White,True,user_professional,51.0,False,,2024-04-13 23:43:31
U1234E,sandybarnes,erikastewart@example.org,#89KN4t^rdKa,Natalie,Stone,True,user_professional,34.0,False,,2024-06-30 03:08:13
P1234F,trevorsantos,eberry@example.com,L101GthP$C(5,Susan,Yang,True,organization_member,90.0,False,,2024-02-25 19:33:42
U1235F,michaelrandall,fuentesdominique@example.com,4wT$UAKa$%(a,Lori,Trujillo,True,system_admin,81.0,False,,2024-06-20 20:17:40
P1235O,hroberts,mrodriguez@example.net,l&H$)OXie9ZX,Sean,Jennings,False,user_professional,92.0,False,,2024-06-05 07:59:13
U1236B,pamela17,choijennifer@example.net,9A*GsCw1@+7r,Lori,Roberson,True,organization_member,82.0,False,,2024-01-22 15:09:26
P1236E,thomasgriffin,kennethhorne@example.org,2ZSA2u54%7G&,Terri,Stevenson,True,organization_member,,False,,2024-03-25 05:11:55
U1237V,swoodard,davidscott@example.org,NBo($fxn%81L,Caleb,Becker,True,organization_admin,,False,,2024-04-07 04:28:03
P1237T,cindysalinas,pjames@example.com,($2HuIVD(EL9,James,Howard,True,nacb_staff,96.0,False,,2024-01-10 14:24:37
U1238B,sarah96,nicholas01@example.com,yytTWw@&t*6M,Heather,Davis,False,organization_member,11.0,False,,2024-02-08 01:07:02
P1238S,thomasrandy,tcalhoun@example.com,%3d0lW3xc6J@,Angela,Maldonado,False,user_professional,,False,,2024-02-29 16:03:29
U1239T,thomasbrown,simpsoncolleen@example.com,@!N1s+xdb99W,Kelly,Martin,False,nacb_staff,,False,,2024-06-21 08:16:11
P1239O,cruzalison,williamsrichard@example.com,v39$zluW%MfY,Julie,Mathis,True,organization_admin,,False,,2024-07-23 18:50:09
U1240J,edwardsamy,andre88@example.net,gwcLe$n!%AZ6,Andrea,Ayala,False,user_professional,,False,,2024-03-06 05:04:37
P1240E,nchristensen,nrivera@example.com,_H4)8NGk&&!z,Matthew,Johnson,False,system_admin,21.0,False,,2024-01-05 05:21:14
U1241H,debra36,ashley04@example.net,p0WiaLh+(5xO,Jeffery,Kirk,False,user_professional,94.0,False,,2024-05-06 00:52:27
P1241O,tammyyoung,austinjodi@example.net,KkUW5Kmq#2r7,Patricia,Vaughn,True,user_professional,99.0,False,,2024-05-27 05:44:18
U1242I,laura08,juan94@example.org,&xa6axfcS7yD,Sandra,Palmer,True,organization_member,,False,,2024-02-05 03:06:13
P1242B,ricky63,kimmark@example.org,b8GYUnhR*VeH,Chad,Cortez,True,organization_admin,,False,,2024-07-06 01:48:30
U1243P,nunderwood,welchjennifer@example.org,z8$dlpb1(!Kb,Mitchell,Parrish,False,organization_member,,True,Account reported by multiple users,2024-02-07 13:56:11
P1243Y,joebrown,qrodriguez@example.org,^1S6FeIpTh@J,Daniel,Booth,False,organization_admin,48.0,False,,2024-04-16 05:51:25
U1244N,bradshawjennifer,taylor45@example.com,*4LXtXLkdcS2,Linda,Stuart,False,nacb_admin,,False,,2024-04-16 20:35:05
P1244S,cory17,jerry73@example.net,_)7deAFjqUO@,Carl,Mullen,False,organization_member,82.0,False,,2024-04-06 13:52:00
U1245V,martinchristine,ramseystephanie@example.org,9@N83qR@!s5q,Donald,Moreno,True,nacb_admin,,False,,2024-01-13 01:44:16
P1245T,rebeccaadams,traciward@example.net,S_C$z^RXUg7$,Diana,Collins,True,user_professional,,True,Fraudulent transactions detected,2024-01-11 04:17:07
U1246U,linda72,ryork@example.com,NtNZ0Zq&*Q+9,Margaret,Watkins,True,nacb_staff,,False,,2024-05-24 10:10:11
P1246G,shelby83,hsanders@example.net,Y$(FUj!r+4Mt,Andrea,Hodges,True,nacb_staff,,False,,2024-07-04 04:45:35
U1247R,wbrown,robinsonthomas@example.com,@wl6hXLrR+%3,David,Mejia,True,user_professional,50.0,False,,2024-03-14 16:16:56
P1247S,alexandrataylor,kaitlyn96@example.org,%U4nZAlA*4Q(,Shirley,Collins,False,user_professional,45.0,False,,2024-05-03 15:32:19
U1248C,ballen,grantvictoria@example.org,!M@_fTRMv8aY,Samantha,White,True,organization_member,55.0,False,,2024-06-10 14:53:12
P1248T,michaelmiles,jameswilliams@example.com,8v48YJWo1&3K,Matthew,Lopez,True,nacb_staff,59.0,False,,2024-05-18 21:52:55
U1249G,catherine97,leonard08@example.org,_DwPx7qMF2vy,Brandy,Obrien,False,organization_admin,,True,Account reported by multiple users,2024-03-21 11:56:35
P1249A,coreypitts,smithmary@example.org,c9bDoKRL*a@f,Amy,Bennett,True,organization_member,,False,,2024-01-03 15:22:58
U1250D,thomasjulia,susanmoore@example.com,Um2Q$YNb+f4f,Julie,Foster,False,nacb_admin,64.0,False,,2024-07-18 17:02:51
P1250M,adkinsbrent,john28@example.org,wSCqs^cz$5Bc,Kaitlyn,Abbott,False,organization_member,,False,,2024-01-15 00:01:11
U1251U,dianewilliams,pgonzales@example.net,Z$u48!Db22ai,Eric,Greene,True,nacb_staff,47.0,False,,2024-04-23 08:53:38
P1251P,pattonvanessa,douglasnelson@example.com,^^+)hFj5Zv6V,Bruce,Fleming,True,nacb_admin,64.0,False,,2024-01-08 08:09:32
U1252F,fsmith,lindseycameron@example.com,Ci%1Djt6&nhU,Erin,Mcdonald,True,nacb_admin,,False,,2024-03-07 23:56:51
P1252N,willistiffany,skinnertiffany@example.org,LcT2LAe#l)&b,Robin,Hall,True,organization_member,61.0,False,,2024-07-07 23:57:21
U1253K,patrick10,brianna00@example.com,*fCR9BlZL9CZ,Allison,Baker,False,user_professional,,False,,2024-01-16 05:21:00
P1253C,bradfordlisa,wpatrick@example.org,&2Ssw!cZD94P,Robert,Espinoza,False,organization_member,86.0,False,,2024-07-22 06:29:36
U1254F,johnstonbetty,carpenterspencer@example.net,p1xF!ayQVNY@,Jeffrey,Brown,True,system_admin,92.0,False,,2024-06-08 10:39:24
P1254G,bradley08,gsantiago@example.net,$$JKhSte&0Bd,Phillip,Nguyen,True,nacb_staff,,False,,2024-03-06 07:06:28
U1255F,dyerrobert,hpayne@example.net,qh4W#&WCa)vc,Margaret,Perez,True,nacb_staff,,False,,2024-04-07 03:07:03
P1255X,lkelly,richardszachary@example.org,Tja5CeYz++Op,Emily,Smith,True,organization_admin,52.0,False,,2024-06-18 19:41:04
U1256N,morganrebecca,kevinmartin@example.org,$zCVoCQK96W_,Stephanie,Campos,False,organization_member,,False,,2024-04-15 20:41:42
P1256N,brian12,garrisondebbie@example.org,N5#q7$Da$b7F,Heather,Collins,True,user_professional,66.0,False,,2024-06-12 23:20:45
U1257R,kfriedman,plee@example.com,+1wWQoo*H4uM,James,Johns,True,nacb_admin,95.0,False,,2024-07-13 02:15:03
P1257M,wendy88,bmartinez@example.com,@XCHT8zY#M49,Christian,Chan,False,user_professional,,False,,2024-01-15 05:45:00
U1258G,elizabethjohnson,johnedwards@example.net,fum5xVddKp$),Heather,Simmons,False,nacb_admin,33.0,False,,2024-07-19 11:06:00
P1258O,joshuasandoval,ccarpenter@example.org,5rhCufkx*1vx,Jeffrey,Figueroa,False,organization_member,18.0,False,,2024-04-22 15:46:59
U1259X,ksingleton,brianna53@example.net,Y%+erTyM9L9J,Kathy,Holland,False,nacb_staff,48.0,True,Fraudulent transactions detected,2024-01-29 18:03:12
P1259C,molly09,ndavis@example.com,(KHIyaCRj54M,Jason,Thompson,True,nacb_admin,88.0,False,,2024-06-25 04:26:16
U1260E,iescobar,hhughes@example.org,x7B1Qkgvdu)J,Melvin,Zimmerman,False,user_professional,,False,,2024-02-26 03:51:35
P1260L,pamela92,michelleingram@example.com,kI5cNKe7vz!8,Sheri,Hanson,False,organization_member,83.0,False,,2024-03-22 17:04:21
U1261C,beckernathan,matthew06@example.org,7+B7GzwUtny*,Jason,Lester,False,nacb_admin,,False,,2024-03-25 22:46:02
P1261Z,williamchavez,olsonjonathan@example.com,1jGQ1p74&2OK,Natasha,King,False,organization_member,38.0,False,,2024-03-24 09:48:54
U1262R,evannash,devon49@example.org,_$W9wStlj2MM,Jennifer,Estrada,True,nacb_staff,35.0,False,,2024-05-02 20:43:32
P1262T,loretta17,hfowler@example.net,)6Z4fGCLrPvi,Terry,Hines,False,system_admin,,False,,2024-07-07 22:45:38
U1263I,walkerrebecca,lisajordan@example.com,Gy*3NtrnqX6(,Darlene,Franklin,True,organization_admin,,False,,2024-03-17 06:26:33
P1263Z,bradleyruiz,pamela97@example.org,y&uDszBB5K7u,Christine,Rodriguez,False,organization_admin,,False,,2024-03-17 03:39:25
U1264B,allenlisa,mbush@example.org,+f)EkwfN1_CR,Kevin,Rogers,True,nacb_staff,80.0,False,,2024-04-27 23:09:22
P1264C,greenjessica,campbelljennifer@example.net,w1d&&36^TxEY,Kelly,Johnson,True,organization_member,,False,,2024-03-25 23:21:58
U1265M,tylergomez,joshua78@example.net,#H+8YPlF#8Dc,Nicole,Parrish,True,nacb_staff,,False,,2024-05-16 22:29:52
P1265N,lisadouglas,hlee@example.com,009A9mkQ@dK8,Patrick,Freeman,False,user_professional,,False,,2024-01-13 09:38:22
U1266J,dpayne,kleinryan@example.net,M11&WH2i*ODi,Cynthia,Stafford,True,user_professional,92.0,False,,2024-03-07 04:03:03
P1266M,henry58,kathleenbauer@example.org,rU69Cdc@z&^B,Gerald,Sims,True,nacb_staff,,False,,2024-03-18 05:05:02
U1267U,cathynielsen,castillolaura@example.com,6mgla8(p!0PS,Christina,King,False,organization_member,29.0,False,,2024-03-18 02:23:42
P1267P,ashley69,mcguirevictoria@example.net,W$4WBb13FLOf,Heather,Riddle,True,nacb_admin,,False,,2024-07-04 22:30:45
U1268I,brichards,warren21@example.org,)Y&5B%Ht839j,Craig,Graham,True,organization_admin,7.0,False,,2024-01-01 02:12:05
P1268K,ingramchase,roy07@example.com,x)Z@_$Awn167,Jeremy,Smith,False,organization_member,68.0,False,,2024-01-13 20:29:47
U1269D,richard89,qthompson@example.com,!gs9#pIRWJ7O,Robert,Schaefer,True,nacb_staff,,False,,2024-02-09 13:37:40
P1269P,hwise,vmiller@example.org,58Wq2oWs_7ZO,David,Bowman,False,user_professional,,False,,2024-06-08 13:31:58
U1270V,thompsonbenjamin,wadkins@example.com,)h%@KWvA()68,Christina,Kramer,True,user_professional,,False,,2024-03-28 16:34:03
P1270E,mooredeanna,benjamin19@example.org,FJ2Zfn%y)tzX,Lisa,Flores,False,nacb_staff,,False,,2024-06-09 06:03:03
U1271Z,amy10,erinwallace@example.org,Yi0q^Hu^#bSI,Kenneth,Henderson,False,organization_member,98.0,False,,2024-04-13 22:08:10
P1271X,frostscott,alison83@example.com,!TEh!15u0BgL,Kristopher,Anderson,False,organization_member,,False,,2024-02-28 16:56:56
U1272Q,cmay,joseph98@example.net,$Wj8VRe7z3*0,Brenda,Gonzalez,True,organization_member,,False,,2024-07-21 00:46:18
P1272Q,jermaine74,lclark@example.org,E!H!&2ZoN*7N,Virginia,Cross,True,organization_member,,False,,2024-01-23 08:34:02
U1273G,nathanielsmith,rarias@example.org,TG$#vyqS8+iM,Melissa,Clay,False,nacb_admin,,False,,2024-04-14 04:00:34
P1273A,zwright,lbaxter@example.com,H3mohGei%d6F,Cindy,Flores,True,user_professional,,False,,2024-05-05 08:55:46
U1274S,gary19,christopher28@example.net,9nO1XSTz%z3q,Angela,Wiggins,True,user_professional,,True,Non-payment of subscription fees,2024-06-27 21:07:31
P1274C,icook,charles41@example.net,fnq+r&Ua(7XY,David,Austin,True,user_professional,15.0,False,,2024-05-26 20:35:06
U1275A,macdonaldandrew,ricemichelle@example.net,@^44Y9m3CC0b,Christina,Wang,True,user_professional,47.0,True,Breaching confidentiality agreements,2024-06-23 10:15:54
P1275C,kevin65,kent45@example.net,l8g40gQX(HHR,Michelle,Adkins,False,nacb_admin,35.0,True,Inappropriate content posted,2024-01-01 21:37:25
U1276W,shannon91,allen31@example.org,%o(LLcCR)f85,Lisa,Bell,True,user_professional,,False,,2024-05-30 06:57:19
P1276U,calderonlaura,ariley@example.net,*OuvSAe7(7EQ,Laura,Sanders,True,user_professional,2.0,False,,2024-02-03 10:07:10
U1277L,rhonda77,andrea97@example.org,$vu6HBSB3@Kt,Tony,Wright,True,user_professional,,False,,2024-02-21 07:01:23
P1277B,jimenezlinda,bolson@example.com,%buZ83pc7HXv,Allen,Wilkinson,True,organization_member,,False,,2024-02-21 14:59:27
U1278Z,brownheidi,jacob48@example.com,3i7Gkk3J)_!v,Eric,Stewart,True,organization_member,,False,,2024-01-19 04:06:20
P1278D,cathy75,marcus49@example.org,EsOTkJpN5y5),Melissa,Massey,True,nacb_admin,,False,,2024-02-05 02:08:07
U1279A,joseph40,jeffrey74@example.com,5o@&4+lN(6Jz,Antonio,Myers,False,user_professional,,False,,2024-05-01 09:07:08
P1279N,jonathansmith,courtneybaker@example.com,Znr5DTWs+dcR,Ashley,Jacobs,True,system_admin,65.0,False,,2024-04-21 12:53:51
U1280I,wmiller,mendezlawrence@example.com,^fO+kNpYO5Jd,Luis,Bennett,True,system_admin,6.0,True,Violation of terms of service,2024-06-16 16:45:13
P1280M,boyertimothy,jim30@example.com,S(3GsK0j(qOi,Kenneth,Lopez,True,organization_member,,False,,2024-01-24 06:52:24
U1281Z,jennifer50,tyler93@example.net,_k6rrbU_*5Te,Rose,Sandoval,False,system_admin,28.0,True,Security policy violation,2024-02-21 19:52:42
P1281V,wbrown,raymond76@example.com,5*Ur1TEjpRk+,Lauren,Oconnor,False,user_professional,25.0,False,,2024-06-18 03:59:54
U1282X,jerry09,morgan93@example.net,o_4wUMwGUid1,Michael,King,True,organization_member,3.0,False,,2024-01-22 15:58:50
P1282D,estanley,nancyhartman@example.net,_^1QcJKvfgi6,Michael,Combs,True,organization_admin,,False,,2024-02-19 06:12:03
U1283V,michael97,palmerwilliam@example.com,$wn9cOB)@9fY,Michael,Benjamin,False,nacb_staff,97.0,False,,2024-04-19 12:30:16
P1283Z,megan60,kevin76@example.org,btxg$Alk!4D6,Marcus,Parrish,True,nacb_admin,18.0,False,,2024-04-10 01:53:40
U1284G,amills,carrillomichael@example.org,)8V5hWzHOuJw,Tiffany,Davis,False,nacb_admin,,False,,2024-04-28 06:24:06
P1284T,whitejessica,davissamantha@example.net,CX@a$y)Ep3Bp,Stephanie,Jennings,True,user_professional,73.0,False,,2024-05-19 13:49:58
U1285D,bowenchristine,brooksdouglas@example.net,LiO27up%#p3V,Joshua,Pace,False,organization_member,59.0,False,,2024-06-29 20:46:35
P1285S,jennifer36,rodney33@example.org,ba5B8Tk8)4w+,Peter,Gibson,True,nacb_admin,,True,Use of prohibited software or bots,2024-03-16 08:07:33
U1286Z,robertlarson,davilajohn@example.com,J&^njY63b9Mx,Kristopher,Dorsey,False,organization_member,,False,,2024-02-13 20:05:19
P1286M,angel80,benitezscott@example.com,#SQSfF$tZ3Zq,David,Anderson,True,nacb_admin,93.0,False,,2024-01-06 16:36:06
U1287M,mwong,valenciasharon@example.net,(1F0iYp4#5ql,John,Velasquez,True,organization_member,51.0,False,,2024-01-29 20:05:46
P1287I,jessefoster,morrisadam@example.net,hto58L$V%+q@,Cassandra,Parker,True,user_professional,,True,Account reported by multiple users,2024-02-19 04:00:35
U1288S,iarias,tpayne@example.com,9D4@$oXqe@_5,Megan,Cox,True,nacb_staff,50.0,False,,2024-03-20 11:47:00
P1288H,robertsonlisa,lambertdarren@example.com,%4@Nhu+xpT@H,Nicole,Watts,True,nacb_staff,90.0,True,Multiple failed login attempts,2024-01-22 19:58:04
U1289E,rachelsmith,robert72@example.org,0$4RYHllM4iT,Gary,White,False,user_professional,,True,Multiple failed login attempts,2024-04-06 22:06:18
P1289F,zarnold,christopherreed@example.com,D@uyLDmS*4X(,Scott,Vazquez,True,user_professional,,False,,2024-03-22 18:22:54
U1290Z,romeroangel,muellerdenise@example.net,d+25QJ0wrx10,Benjamin,Smith,True,user_professional,76.0,False,,2024-06-15 15:42:31
P1290Y,thomas15,jason56@example.org,%Bn@touuJ2W*,Angela,Jimenez,True,user_professional,58.0,False,,2024-05-06 14:50:21
U1291F,howardphillip,johnsonmaria@example.com,%B8wd34ZT6Cx,Thomas,Barrera,False,nacb_staff,,False,,2024-04-23 21:05:21
P1291B,jennifer01,hmiller@example.net,^D0Wghc)L4V&,Mary,Crawford,True,organization_member,3.0,False,,2024-04-10 06:21:47
U1292B,julie40,peggyholmes@example.net,lECNq6Iz@*cX,Douglas,White,False,nacb_staff,64.0,False,,2024-03-24 10:56:40
P1292S,owarren,stephanie96@example.com,6w8$V88yk@0c,Joanne,Everett,True,organization_member,91.0,False,,2024-07-02 15:50:02
U1293A,martinrachel,sanchezbradley@example.net,#P%AbGAi#9us,Christina,Marquez,False,nacb_staff,5.0,False,,2024-02-16 20:33:31
P1293Z,kimharris,mckenziewalter@example.com,5sAG3p^zWX3^,Barbara,Smith,True,organization_member,,False,,2024-01-08 02:25:21
U1294J,nphillips,tayloramy@example.net,##$l1LtqE)AQ,Carly,Thompson,True,user_professional,,False,,2024-04-23 10:00:38
P1294C,sanchezjesse,mariabruce@example.org,&l7#LTNf&$(v,Monica,Potts,True,nacb_staff,,False,,2024-03-21 05:21:41
U1295N,stephen94,cunninghamhannah@example.net,+3#8x5XcIRUE,Ryan,Holt,False,nacb_admin,,False,,2024-03-09 14:36:16
P1295Q,vjackson,rachel55@example.net,Z*1Qb0UazK$0,William,Santos,True,nacb_staff,,False,,2024-02-14 23:21:17
U1296V,mcummings,alittle@example.com,S3AgFg+p_&^B,Alicia,Miller,False,nacb_admin,75.0,False,,2024-04-06 23:23:58
P1296B,kleinlaurie,sjohnson@example.com,&r1jHuivJUrl,Erica,Gardner,False,organization_member,17.0,False,,2024-03-15 11:05:00
U1297V,austinrubio,gblair@example.net,Rt9I6nLsG#KF,Anita,Pham,False,user_professional,60.0,False,,2024-07-02 16:10:21
P1297Z,tara20,jessicalarson@example.org,C!@c2EHn$#hN,Andre,Powell,False,nacb_admin,,False,,2024-06-23 19:15:35
U1298E,sheilaramirez,johnsonrichard@example.org,p30aKF%c^UfJ,Holly,Huff,False,organization_admin,49.0,False,,2024-07-21 00:39:41
P1298Z,yfranklin,rwatts@example.com,W0Q)od9^_uDE,Christopher,Lester,False,organization_member,85.0,False,,2024-03-25 15:48:53
U1299L,jade45,masonbrittany@example.com,p44!Ci3m)M4t,Joseph,Bean,True,nacb_admin,43.0,False,,2024-06-01 17:24:04
P1299M,richard22,tgomez@example.net,_v1T3qdh*)sG,Willie,Skinner,False,organization_member,,False,,2024-06-10 15:16:06
U1300V,melissa28,ashleytucker@example.org,%@2*6Ef@mw)2,Krystal,Thomas,False,user_professional,78.0,True,Non-compliance with community guidelines,2024-07-15 22:36:20
P1300M,kevinwhite,yspencer@example.org,&5S1icYbMHbX,Diana,Stephens,False,user_professional,2.0,False,,2024-07-18 06:32:17
U1301L,chadrodriguez,briannadean@example.net,T^5J_8Ku#%61,Joseph,Vaughn,True,nacb_staff,1.0,False,,2024-06-10 05:33:34
P1301P,johnsondon,keithjason@example.com,RjG8VXv0&^i8,Mark,Kelley,False,organization_admin,,False,,2024-07-09 00:09:38
U1302Q,joshuasutton,michaelrobbins@example.net,sCA4jV5X&+1f,Robert,Bowman,False,nacb_staff,5.0,False,,2024-03-12 09:18:15
P1302A,aclark,stevenosborne@example.org,*FGpIlFA0l6J,Alexis,Gutierrez,True,user_professional,,False,,2024-04-25 19:46:43
U1303Z,changrebekah,njones@example.com,91WLxkxD@@li,Nicole,Thomas,True,organization_member,,False,,2024-05-01 12:02:18
P1303L,asaunders,frank50@example.net,Nz2$bzrbN0jS,Edward,Bryan,False,organization_admin,51.0,False,,2024-07-10 01:36:38
U1304C,barmstrong,frodriguez@example.com,c$jtHgImw&m9,Laura,Mueller,True,organization_member,93.0,True,Misrepresentation of identity,2024-01-14 15:36:18
P1304C,leslie89,andrew05@example.net,6A#r7TIidBE8,Monica,Patel,False,organization_admin,44.0,False,,2024-04-07 07:41:01
U1305U,erodriguez,christopher57@example.com,Cmi3Un#ry(xT,Kelly,Wood,False,user_professional,,False,,2024-01-29 04:59:13
P1305P,dawn90,luke80@example.com,693!_3)bUQJd,Brian,Dixon,False,organization_member,,False,,2024-02-15 17:10:12
U1306J,amanda09,uking@example.net,A%0Qczd!OWDH,Eric,Hughes,False,nacb_admin,,False,,2024-06-20 13:18:18
P1306X,lcharles,reneestanley@example.com,M5E5Jp2KfJN(,Nancy,Lopez,False,nacb_staff,,False,,2024-07-08 01:02:18
U1307C,williamfowler,ronald51@example.org,@8)b7JZsphCP,Jeffrey,Wallace,True,nacb_admin,55.0,False,,2024-05-07 10:28:49
P1307G,cindyanthony,myersmark@example.org,!jgLjdU4+36$,Alexis,Mcdaniel,False,nacb_staff,,False,,2024-07-06 17:24:20
U1308L,ojacobson,stephanie82@example.com,*7V0*oI3u%th,James,Myers,False,user_professional,,False,,2024-06-12 03:41:17
P1308P,matthewstevens,reginahoward@example.org,w9I_RKzx)ozm,Andrew,Sellers,False,organization_member,,False,,2024-03-10 18:41:44
U1309S,clayton13,ryan52@example.net,iy4btS5nQ^(d,Shelley,Austin,True,organization_member,99.0,False,,2024-06-20 17:16:39
P1309A,jacob36,jacksonjason@example.com,0ONfOwFu^*4U,Molly,Perry,False,organization_admin,41.0,False,,2024-07-17 23:24:16
U1310Y,mallorydavis,donaldhansen@example.com,Y*mz30Is%B#E,Christine,Kelly,False,user_professional,,False,,2024-05-09 12:56:31
P1310E,kelly24,ofigueroa@example.net,(4A@zhF%C@6G,Matthew,Dillon,True,organization_member,,False,,2024-02-23 22:39:37
U1311R,alexischan,rnguyen@example.com,wcR^PChe&9z5,Mark,Silva,True,organization_member,,False,,2024-01-20 13:35:10
P1311C,joshua47,justinowens@example.net,vZ4rZ@da@EI_,Ian,Kaufman,False,organization_member,,False,,2024-01-21 16:29:45
U1312C,gjohnson,xstokes@example.org,fmr04X)kN2H#,Jonathan,Wolf,True,organization_admin,29.0,False,,2024-02-26 00:00:34
P1312O,caitlin38,sarahnelson@example.net,J0z%5PLwZzDn,Jessica,Parks,True,nacb_admin,,False,,2024-04-13 14:40:13
U1313Z,ayoder,peterssara@example.com,3NwJBZpY#)7M,Jennifer,Vega,False,organization_member,84.0,False,,2024-06-18 10:07:09
P1313D,heather03,daniel57@example.net,u4kKSLrS^Pty,Gerald,Hernandez,False,system_admin,35.0,False,,2024-07-23 12:56:06
U1314V,nicholasconway,lisa67@example.com,&ko!xVBt)0#Z,Jessica,Humphrey,True,nacb_admin,30.0,True,Multiple failed login attempts,2024-01-01 11:14:19
P1314I,kimberly66,justinarmstrong@example.net,k#I3Cx$y+E3K,Elizabeth,Robinson,False,nacb_staff,,False,,2024-04-19 20:15:41
U1315D,iangriffith,lwilliams@example.net,h8JwGfpu(S%%,Steven,Jones,True,nacb_admin,,False,,2024-01-06 15:28:15
P1315K,nhahn,wchoi@example.net,XL*7SVjz%xPm,Kathryn,Dunn,False,nacb_admin,25.0,False,,2024-04-05 01:17:43
U1316I,jenniferfowler,joshua35@example.com,F4NaM(z^#04T,Zachary,Chandler,False,organization_member,,False,,2024-07-06 16:25:40
P1316H,pshaffer,clarence88@example.com,g27wzha$y&yQ,Lisa,Conway,True,user_professional,,False,,2024-02-14 04:45:30
U1317Z,felicia60,jessica22@example.org,k294fSzTSp*h,Kara,Rodriguez,False,nacb_admin,26.0,False,,2024-04-02 00:39:25
P1317X,phughes,ekelly@example.com,q1XVYy9y^le&,Nathan,Edwards,True,organization_member,,False,,2024-06-29 16:20:46
U1318Z,mario92,brownedward@example.org,iGU5ZcXS(6nV,Jodi,Haynes,False,organization_admin,23.0,False,,2024-03-06 13:59:26
P1318K,kennedymartha,rodriguezapril@example.org,60QnrYx0*Ihu,Bryan,Erickson,False,organization_member,31.0,False,,2024-02-10 14:26:05
U1319I,sara29,lawsonangela@example.net,2nF+lL2jB$46,Jason,Lamb,True,nacb_staff,15.0,False,,2024-01-11 11:56:31
P1319Z,williamsrobert,kevans@example.org,+8Cy(X5(Lfl5,Angela,Murray,False,user_professional,,False,,2024-04-26 17:41:03
U1320Y,kennethwagner,matthewswilliam@example.net,9k(B9N+ct%cq,Stephen,Pruitt,True,user_professional,17.0,False,,2024-01-10 13:34:14
P1320B,iwhitney,ahinton@example.org,H)2VHn4zFhDK,Seth,Mccarty,False,organization_member,97.0,False,,2024-03-13 21:20:17
U1321L,myerskimberly,paige40@example.com,%r4IlNE$pJWp,Angela,Wilson,False,nacb_staff,,False,,2024-01-11 18:48:45
P1321P,evanbishop,loganleon@example.com,Iwr5xCt)@4z),Jeffrey,Liu,True,organization_member,,False,,2024-05-27 16:05:17
U1322Z,rasmussentimothy,gwelch@example.com,ZqjEQT8NG$5*,James,Austin,False,nacb_staff,,False,,2024-02-27 17:41:01
P1322A,campbellshane,kevin88@example.net,Nh__cQobj0$I,Brittany,Roberts,False,nacb_admin,,False,,2024-06-06 00:24:40
U1323N,sanderssteven,frodriguez@example.com,)e7MMOXuC4E4,Jamie,Clark,True,organization_member,5.0,False,,2024-06-21 07:54:12
P1323R,nicolele,waynecollins@example.net,)nE#Tq1N3xKu,Jason,Johnson,False,nacb_staff,93.0,True,Suspicious activity detected,2024-02-13 23:25:22
U1324B,fmiller,williamsashlee@example.net,pH7fImaC*kwr,Debbie,Taylor,True,organization_admin,,False,,2024-07-21 03:33:39
P1324P,abrown,tonyjackson@example.com,$0VjF9sySm3o,Rebekah,Smith,True,system_admin,,False,,2024-07-21 09:49:33
U1325V,barbara74,qabbott@example.com,4^6Tx$XlJxXI,Shelley,Ford,False,user_professional,61.0,False,,2024-06-30 14:22:39
P1325M,rcline,whitneyclark@example.org,+SyVtG%9#+38,Justin,Merritt,True,nacb_staff,,False,,2024-05-05 06:17:54
U1326T,bjordan,bmartinez@example.com,@V*PZq1yjP5*,Jeffrey,Guzman,False,organization_admin,,False,,2024-03-19 13:36:58
P1326R,brittanypineda,cmoore@example.org,!aMitht#y3VT,Kyle,Evans,False,user_professional,,False,,2024-01-02 05:07:10
U1327B,simonwilliam,davewright@example.org,M4i5Hrxw_egx,Jack,Lindsey,False,system_admin,,False,,2024-07-03 16:53:48
P1327E,lauramaxwell,kimbriggs@example.net,_1GU$Lw@#3Lg,Emily,Underwood,True,organization_member,,False,,2024-01-24 23:23:30
U1328U,manuel21,mcmillanelizabeth@example.org,$zqPskktN2!n,Stephanie,Valencia,True,organization_member,,False,,2024-02-13 16:52:43
P1328R,wattsdavid,amanda74@example.org,_3KjUyumr01A,Dana,Moore,False,nacb_staff,52.0,False,,2024-06-21 09:34:00
U1329E,guzmanstephanie,robertedwards@example.net,_5f&GFkP_&S$,Matthew,Hart,False,user_professional,,False,,2024-03-13 08:55:09
P1329Q,fromero,cramirez@example.org,x2f@d+Oy!B1U,Casey,Duncan,False,user_professional,,False,,2024-01-29 12:57:23
U1330W,wwalker,brianhudson@example.org,m$31pQuj!#Wr,Michelle,Carter,True,nacb_staff,,False,,2024-02-13 19:05:25
P1330Z,lstewart,davisangela@example.net,r*xWnCcB%o1h,Jonathan,Gonzalez,False,nacb_admin,43.0,False,,2024-01-06 21:31:32
U1331K,cassandraglover,carl92@example.org,)+vC85OgTG*1,Christopher,Smith,False,system_admin,,True,Suspicious activity detected,2024-02-10 11:32:39
P1331Y,james89,qrobinson@example.org,k*KSEtRF+y0l,Hannah,Sawyer,True,organization_member,,False,,2024-03-19 13:22:31
U1332U,dunnlynn,gregorysarah@example.org,I&4o4Itf^G71,Harold,Johnson,True,organization_member,,False,,2024-05-14 18:00:10
P1332Q,russellchristine,randy14@example.net,(n!I6PMp#62G,Peter,Carroll,True,nacb_admin,,False,,2024-04-19 22:51:04
U1333Q,allenmonique,scottpeterson@example.com,(^N8S0HkZJS6,Brooke,Warren,True,organization_member,55.0,False,,2024-07-19 03:19:59
P1333K,michael65,yolanda09@example.org,R+@2AQRy)L4M,Rodney,Bryant,True,organization_member,,True,Use of prohibited software or bots,2024-06-29 17:53:50
U1334H,feliciaharris,amywatts@example.com,H!0$D5zk6+43,Benjamin,Glover,True,nacb_admin,,False,,2024-03-28 04:03:12
P1334I,kevinallen,kdiaz@example.com,ME^f2vVeBo%+,Daniel,Hunter,True,user_professional,,False,,2024-04-10 19:53:26
U1335T,danielleoconnor,erin29@example.net,TfBhJ8uw$5om,Travis,Todd,True,user_professional,85.0,False,,2024-01-05 06:25:47
P1335F,carterwilliam,brittany60@example.net,(!iAqe+nlc6S,Julie,Young,False,organization_member,46.0,False,,2024-05-07 19:38:42
U1336Z,crystalortiz,nicole86@example.org,$e1G&W!y8)aB,Michael,Molina,False,user_professional,,False,,2024-03-31 16:28:41
P1336Q,heather55,dickersonlynn@example.net,h+Bh8g5D@2LM,Thomas,Brock,True,user_professional,61.0,False,,2024-05-30 22:48:09
U1337P,ywright,scottpatel@example.net,!a1BXCr36mWO,Kristin,Garcia,False,organization_admin,,False,,2024-03-02 21:24:48
P1337V,johnsonrhonda,leonardjoseph@example.com,(^5L(dGy5PRH,Christina,Griffin,True,nacb_staff,,True,Fraudulent transactions detected,2024-06-22 18:56:44
U1338O,bakerlee,wmartinez@example.net,NZZUVSmEx(8e,Kimberly,Nguyen,False,organization_admin,85.0,False,,2024-05-31 13:25:16
P1338K,ann90,laurenfranklin@example.com,(08OgPa*+if*,Zachary,Norris,True,organization_member,29.0,True,Breaching confidentiality agreements,2024-05-14 04:09:24
U1339Z,bridget51,sherry17@example.com,839e^i89*2Zt,Lisa,Robinson,False,organization_member,,False,,2024-05-04 02:33:15
P1339D,karen40,sferguson@example.net,+S&V9jzL42Pq,Stephen,Hernandez,True,organization_member,18.0,True,Fraudulent transactions detected,2024-05-23 10:45:51
U1340V,jhouse,ihall@example.net,n0FRkfki!iVh,Yvonne,Cameron,False,user_professional,18.0,False,,2024-07-21 15:08:10
P1340N,robertjohnston,howardmary@example.com,Bg26rObxz&iP,Aaron,Brown,False,user_professional,,False,,2024-01-25 03:50:35
U1341V,mlogan,lmyers@example.org,B32$wgBbl0!X,Gregory,Mejia,False,organization_admin,6.0,False,,2024-06-10 08:13:39
P1341B,wendy17,uhopkins@example.org,pm%eGaLdfa0x,Kelsey,Roth,True,organization_member,,True,Use of prohibited software or bots,2024-03-20 23:07:09
U1342L,bauermartin,ochoaamanda@example.net,)q5REKs+SHmz,Stacy,Johnson,True,organization_admin,50.0,False,,2024-06-17 23:33:38
P1342M,paul18,brettreed@example.com,7%74W%aa(x3l,Lisa,Wolfe,True,nacb_admin,99.0,False,,2024-04-03 18:58:41
U1343N,devinwoodard,justin58@example.com,356k6Dux%qv2,Amy,Graham,False,user_professional,69.0,False,,2024-05-26 04:29:29
P1343P,christinewashington,jonessean@example.com,%6PQMz+8i(!H,Kathryn,Weaver,True,organization_member,11.0,False,,2024-05-15 19:13:16
U1344H,mariah21,wbarton@example.org,w$%4EavG&cGZ,John,Phillips,True,organization_admin,77.0,True,Breaching confidentiality agreements,2024-01-20 08:20:25
P1344K,jessicalewis,johnsondeanna@example.com,i1IbQ+Vd(Rsm,Victoria,Parker,False,organization_member,,False,,2024-06-18 00:34:09
U1345F,julieking,russellangela@example.net,(8HyEoU0o3PS,Sharon,Gonzalez,False,user_professional,15.0,False,,2024-01-07 08:03:07
P1345D,greerjennifer,qortega@example.com,s*C$@odso1Uc,Joshua,Jackson,False,user_professional,,False,,2024-07-13 14:51:50
U1346X,jennylewis,iharding@example.net,)%t6Q4bcocrz,David,Perez,True,nacb_staff,,False,,2024-02-23 02:51:21
P1346G,russomanuel,sgardner@example.net,*1_@GwP0rvFz,Donald,Craig,False,organization_member,,False,,2024-07-23 12:30:53
U1347K,tanderson,idavidson@example.net,j_a2bueoY#6B,Jeffery,Smith,True,user_professional,,False,,2024-07-15 02:50:47
P1347E,brianlloyd,brewerbrooke@example.com,@0CwpfiVMkKU,Jacob,Gibson,True,nacb_admin,,False,,2024-03-21 08:17:57
U1348X,christopherford,ishelton@example.net,+03Qfan^dzZL,Aaron,Anderson,True,organization_member,,False,,2024-01-09 15:17:58
P1348Z,sweeneyangelica,kimberly27@example.org,Y^Rbf^ZEs5A$,Dale,Moreno,True,nacb_admin,,True,Violation of terms of service,2024-03-07 06:57:32
U1349P,schneiderbarry,katrina56@example.com,H&5Wn&R*Ik@g,Nancy,Beck,True,organization_member,67.0,False,,2024-06-10 01:23:11
P1349E,garciakyle,ogonzalez@example.net,31FIQyHb&dB7,Karen,Smith,False,nacb_admin,33.0,False,,2024-03-17 07:11:20
U1350D,garciakyle,pauldowns@example.org,ksVUiE6uz!39,Corey,Davis,False,organization_member,29.0,True,Security policy violation,2024-07-16 20:36:08
P1350I,oliviasimpson,harringtonangela@example.net,VDwICqmq@6HF,Cathy,Roberts,True,nacb_staff,73.0,False,,2024-05-06 13:11:36
U1351G,kgolden,hamiltonkevin@example.com,#7N89xgA37pj,Mario,Haney,False,nacb_staff,,False,,2024-05-17 17:52:46
P1351S,petersonjose,karen50@example.org,*&$Os_t1FQ5i,Amy,Brooks,False,organization_member,23.0,False,,2024-01-25 19:45:14
U1352E,sarathomas,aliciajohnson@example.org,^Ow3V7Thk0V(,Michael,Johnson,True,user_professional,11.0,False,,2024-01-03 13:56:23
P1352D,garrisondeborah,russellnatalie@example.org,5w)P&AQuKs%2,Shelby,Goodman,False,organization_member,42.0,False,,2024-01-18 07:45:55
U1353O,ethanzhang,cynthia04@example.com,)n1PvZme+Fug,Ryan,Pena,True,organization_member,28.0,False,,2024-02-26 20:19:22
P1353X,michael88,xmiller@example.net,@JVRWYii4c$9,Rose,Jensen,False,organization_member,,False,,2024-03-27 14:14:39
U1354J,grantkevin,nmarshall@example.net,n%*9BBThx&Yt,Andrew,Johnson,True,user_professional,82.0,True,Violation of terms of service,2024-01-24 21:24:16
P1354Q,justin21,wjohnson@example.com,f@8$ZNajh0!Z,Christy,Silva,False,nacb_admin,81.0,False,,2024-05-13 20:30:44
U1355F,howelldavid,joseph40@example.com,e6@&bwvQyL9D,Matthew,Moran,True,user_professional,,False,,2024-01-16 07:13:44
P1355Y,tuckereric,bsmith@example.net,(5Z_LM(IsFEm,Christopher,Kirk,True,organization_member,29.0,False,,2024-05-03 13:07:39
U1356V,xrice,pinedaadrian@example.org,nygAYlo4#9M7,Heather,Jenkins,False,organization_admin,,False,,2024-03-13 04:54:42
P1356C,cassandra16,kanepeter@example.net,JC4B3n0u#37D,Jason,Merritt,False,user_professional,,False,,2024-02-05 17:29:19
U1357Q,mejiajody,jay55@example.org,l742JZvz%haq,Robert,Hughes,True,user_professional,,False,,2024-03-31 07:58:33
P1357Q,milestara,rkelley@example.net,ML&%I5ZvRfa8,Bianca,Mckay,False,organization_member,32.0,False,,2024-02-09 02:16:26
U1358P,nburgess,robertsonsean@example.com,#)IYjI$LJ60I,Leon,Sexton,False,user_professional,64.0,False,,2024-07-16 04:46:53
P1358K,anita25,alan83@example.org,+4M$04yQG3LB,Eduardo,Andrews,True,user_professional,,False,,2024-07-21 14:13:58
U1359N,brandy37,stanleyalvarez@example.net,#1aYuq)Xp&1r,Dawn,Fuller,True,nacb_admin,,False,,2024-03-30 07:57:23
P1359A,bryankennedy,alexisperkins@example.org,41Yc6WSF^egb,Sarah,Velez,False,user_professional,23.0,False,,2024-02-01 11:10:44
U1360W,kimberly24,patriciaowens@example.org,62Qynu$i$+3s,Daniel,Bates,False,organization_admin,10.0,False,,2024-07-10 10:00:03
P1360Q,pwilliams,hmeyers@example.net,5oRIs)xh&0*%,Douglas,Jackson,False,nacb_staff,,False,,2024-02-21 00:55:05
U1361J,claire77,john99@example.net,F$p9EsofZo)0,Cheryl,Thompson,True,organization_member,67.0,False,,2024-03-20 10:16:14
P1361L,doylejohn,nancy93@example.com,)R!*XB2eh2%C,Teresa,Ward,False,user_professional,,False,,2024-05-09 15:19:46
U1362I,hoganjeffrey,michelle58@example.com,^BjDwepmQT2@,Erin,Mcdonald,True,user_professional,,False,,2024-04-02 19:10:05
P1362W,ycarpenter,baustin@example.net,v+6QRzIGPkO7,Christopher,Leach,True,organization_member,,False,,2024-02-25 02:10:35
U1363I,kimberlynichols,gedwards@example.org,^IIxc0#qJ67&,Charles,Christian,False,organization_member,,False,,2024-05-02 07:29:19
P1363G,emilyturner,carterdaniel@example.com,#+W+2RzB*@3U,Stephanie,Jackson,False,organization_member,,False,,2024-05-09 09:04:18
U1364M,francodavid,mirandacarr@example.net,rtIIAVIz$#l6,Anthony,Anderson,True,organization_member,,False,,2024-01-22 07:20:57
P1364N,jason64,albert06@example.com,#p+1Hovt@c(v,James,Hughes,True,user_professional,72.0,True,Non-compliance with community guidelines,2024-01-24 09:38:11
U1365S,vkemp,matthew17@example.com,KZ5FhP(m((8j,Sarah,Jones,False,organization_admin,,False,,2024-03-04 12:58:29
P1365R,lopezdiana,trevor40@example.org,I*6W*Yo0EN6%,Michael,Stewart,False,user_professional,82.0,False,,2024-06-16 02:22:05
U1366H,dalethompson,hbaker@example.com,^tTkfaPPO86),Brad,Martinez,True,nacb_staff,,False,,2024-02-01 16:33:26
P1366S,antonio65,zmeyer@example.org,JqhGfVVc(B44,Jeffrey,Weber,True,organization_admin,33.0,False,,2024-02-13 08:10:08
U1367T,jamesjeanne,david50@example.org,UY%pHAlNf3GH,Kathy,Rogers,False,system_admin,,False,,2024-05-14 06:13:37
P1367Q,fhayes,martinezannette@example.org,z_P%mKCm$N09,Anthony,Holmes,False,user_professional,45.0,False,,2024-03-09 03:58:27
U1368Q,michael49,shieldscatherine@example.com,#vmOE+C1h_*8,Karen,Hoffman,True,organization_member,31.0,False,,2024-07-01 12:15:51
P1368R,vbrown,elizabethgeorge@example.com,&u96)lMw($uH,Stephanie,Simmons,True,organization_admin,,False,,2024-07-03 06:26:23
U1369G,slucas,mcintyrechristine@example.net,ns6UP2IxT@es,Valerie,Russell,False,system_admin,52.0,False,,2024-04-18 22:34:30
P1369U,cyoung,mckenziegregory@example.net,&8BReW+mOqbe,David,Allen,True,user_professional,,False,,2024-03-26 15:04:25
U1370Y,mccanndiana,coreysilva@example.net,@gR0&%Neq6kQ,Andrew,Callahan,False,system_admin,18.0,False,,2024-01-12 13:38:10
P1370L,james48,jonesmichael@example.com,viM02dNp)9fJ,Paul,Pittman,True,organization_member,,False,,2024-03-15 21:47:42
U1371X,annettecooper,shannonalexander@example.com,qlgBLRI5$4#R,Kristen,Lambert,True,user_professional,65.0,False,,2024-01-07 01:23:11
P1371X,heidi67,bnelson@example.org,@7J6^tRc%72r,Mary,Walsh,False,organization_admin,,False,,2024-06-17 15:27:53
U1372K,justin21,anthony42@example.com,xMlBMfZ^*9n0,Elizabeth,Fitzgerald,False,system_admin,,False,,2024-01-04 06:03:44
P1372W,kirsten62,perry14@example.org,mf1dQlFR@LG&,Catherine,Schmidt,False,nacb_staff,,False,,2024-04-05 05:39:29
U1373X,qwilson,steven48@example.net,T+aJ8hKjn@7!,William,Johnson,True,organization_member,,False,,2024-04-22 12:50:10
P1373Z,gregory97,sandra74@example.net,NPWj4j6n#8&d,Benjamin,Walker,False,user_professional,20.0,True,Account reported by multiple users,2024-04-04 13:51:15
U1374N,shenson,sandyhenry@example.org,nab4p5je$T%I,Cynthia,Barnett,False,user_professional,,False,,2024-05-09 21:15:10
P1374H,ytorres,marissacruz@example.org,$7Rd69kE#o5i,Melissa,Pruitt,True,organization_member,54.0,False,,2024-01-30 06:01:59
U1375S,tammy91,elainecampbell@example.net,J_aF1CfJ6&1W,Natalie,Davies,False,user_professional,7.0,False,,2024-07-24 14:42:23
P1375J,amy29,sanchezjeffrey@example.net,*P0uKIrx#Rwf,Catherine,Perkins,True,nacb_staff,2.0,True,Spamming or abusive behavior,2024-06-27 06:42:26
U1376I,schwartzkim,johnsonwilliam@example.org,H+oD4Hc9%D9*,Katie,Munoz,False,organization_member,,False,,2024-03-27 05:02:15
P1376I,bryantdouglas,william09@example.net,F8QvY2^H^LZv,Lori,Robinson,False,user_professional,,False,,2024-01-02 11:41:01
U1377Q,lmaldonado,brownkaren@example.com,3p$QsR6T+7S7,Savannah,Wilson,True,user_professional,44.0,False,,2024-05-23 17:29:58
P1377U,kristen71,kevin68@example.org,!23@8aV1sRXx,Charles,Smith,False,nacb_admin,,False,,2024-06-13 03:33:09
U1378Y,jennifergraham,ashley03@example.com,)S4KRgXlYta@,Connor,Gray,False,nacb_staff,27.0,False,,2024-01-03 17:12:18
P1378F,jimenezscott,nathan56@example.net,!qi2FKtr#^UF,Gina,Chambers,False,user_professional,31.0,False,,2024-03-17 23:12:28
U1379J,nathanielstokes,stevenduncan@example.com,Q_JK+Aor#c3z,Melissa,Spencer,False,user_professional,78.0,False,,2024-04-27 03:58:08
P1379Y,bryantsydney,sdean@example.org,^!zG!3gisk4&,Theresa,Wilson,False,organization_member,,False,,2024-03-16 21:22:19
U1380I,jonathanlyons,mgarcia@example.net,&nHsz_y!17vE,Erik,Guerrero,True,user_professional,51.0,False,,2024-03-13 10:33:21
P1380C,pthomas,cynthiaedwards@example.org,_li*W)mj!6(A,Paul,Owens,True,organization_member,,False,,2024-03-16 20:51:34
U1381L,rickywright,zoe69@example.com,@NIDopW4(2MV,Brian,Oneill,True,user_professional,,True,Inappropriate content posted,2024-04-05 15:06:04
P1381W,kelly42,holmesbrett@example.net,%kb!PIlVz2Kw,Maria,Henry,False,organization_admin,31.0,False,,2024-03-29 18:30:26
U1382V,jordanteresa,stevenbrown@example.com,^31$sW*fw&sY,Jennifer,Russell,True,user_professional,,False,,2024-02-29 08:12:44
P1382N,djensen,aclark@example.org,$b3BtzucUo5C,Jesse,Mathis,False,organization_member,84.0,False,,2024-02-12 19:27:10
U1383K,brendataylor,joepatel@example.com,Lwd0N3ph+2ik,Jonathan,Hardin,False,user_professional,5.0,False,,2024-07-08 04:10:31
P1383X,jenniferstewart,robin48@example.com,@b1fpKsGhvWW,Colleen,Lopez,False,nacb_staff,57.0,False,,2024-04-11 22:07:02
U1384T,ubrown,kathrynsmith@example.com,)$Gr6Vpd39hC,Melissa,Ortiz,True,organization_member,85.0,False,,2024-05-01 22:14:51
P1384R,sally98,ukoch@example.com,z(J*14UV3w70,Rachel,Gutierrez,True,user_professional,,False,,2024-05-26 15:21:52
U1385V,abrown,tylerbutler@example.org,zQ*4UtkJ5kU2,John,Moreno,False,organization_member,,False,,2024-04-05 20:47:10
P1385N,nicole35,dennis26@example.org,6^i*FUIN@i1R,Arthur,Martinez,False,organization_member,88.0,False,,2024-02-14 09:18:39
U1386F,jennifersanders,jrodriguez@example.org,j_ND9Pnv*89M,Ronald,Graves,True,system_admin,19.0,False,,2024-02-11 03:37:38
P1386X,iphillips,melanierollins@example.net,%A#BVe2vW8!A,Cheryl,Fuller,False,nacb_admin,37.0,True,Misrepresentation of identity,2024-01-20 00:45:18
U1387E,kristina29,ryanmorgan@example.org,AK#TH5Iwzvt6,Philip,Burton,False,user_professional,,False,,2024-03-28 04:55:58
P1387X,ramirezjason,hardyrichard@example.net,EEWckaxD7+3D,Christopher,Mcdaniel,True,nacb_staff,32.0,False,,2024-04-09 16:51:19
U1388X,stevenarcher,pmoreno@example.com,g$5B6KK%+wMa,William,Jones,True,organization_member,,False,,2024-07-12 09:03:05
P1388W,kennethsaunders,jhardy@example.org,6%NBxGZz^b9K,Richard,Williams,True,user_professional,9.0,True,Multiple failed login attempts,2024-03-13 02:06:23
U1389I,tperry,janestokes@example.net,oka_6*Cmj__f,Larry,Warner,False,user_professional,96.0,False,,2024-02-10 13:02:28
P1389M,gberry,kellyjones@example.org,W@#OUpp@+79l,Jennifer,Hobbs,False,user_professional,,False,,2024-05-01 09:12:10
U1390K,richardsondawn,jennifer61@example.net,7Y1Amgom+j5t,Michael,Clark,False,organization_admin,,False,,2024-06-08 03:15:12
P1390Z,vandrade,juan51@example.net,X*Utw1Rd(bZB,Sean,Ortega,False,organization_admin,,False,,2024-06-30 04:06:20
U1391U,wongkayla,ashleygriffin@example.com,Gx7NalQ8q+Sm,Sarah,Taylor,True,organization_admin,,False,,2024-05-23 19:18:41
P1391T,williamskevin,brendarichardson@example.org,#^6xE_do(5pX,Hunter,Reyes,False,nacb_staff,,False,,2024-06-09 09:24:13
U1392T,ryanmoody,matthew28@example.net,!z)L_VJeb9I@,Clayton,Robinson,False,nacb_admin,76.0,False,,2024-06-25 19:03:47
P1392Y,zgreen,frazierthomas@example.com,%G)xlUvhm)c5,Shannon,Howard,True,organization_member,56.0,False,,2024-03-31 02:05:47
U1393Y,darrensantiago,keithvelasquez@example.org,vda8(EEi9$*I,Heather,Mclaughlin,True,user_professional,62.0,False,,2024-04-08 08:01:31
P1393H,tbecker,veronicajohnson@example.com,iCg7@Ornp$cK,Mallory,Parsons,False,organization_member,,False,,2024-01-22 12:36:18
U1394L,ztorres,bautistarhonda@example.org,$cKAKb7khf6y,Sean,Davis,True,user_professional,,False,,2024-04-21 23:35:14
P1394T,erica65,mercercharles@example.com,2U!qSUzuJ$2s,Lindsay,Mann,True,user_professional,64.0,True,Non-compliance with community guidelines,2024-07-20 19:24:19
U1395R,michaelrodriguez,djohnson@example.com,lPE9A%RnK$d^,Kristin,Howard,False,user_professional,64.0,False,,2024-06-19 17:45:55
P1395Z,mwebster,whitejordan@example.net,*8Aj60(R7uNV,Sara,Mccall,False,organization_member,,False,,2024-05-05 17:04:41
U1396E,samantha86,melissamartin@example.org,@5V(9fsYkrgC,Paul,Adams,True,organization_member,,False,,2024-06-27 01:06:05
P1396T,zwright,danny90@example.net,#2lQpSmH)w0%,Charles,Clark,True,organization_member,,False,,2024-07-12 05:56:57
U1397E,erindelacruz,shelbybryant@example.org,bB)9Kq*p4IsW,William,Hall,True,organization_admin,,False,,2024-03-09 07:52:55
P1397Y,ashley74,bhenry@example.org,9+2SB+o$kEhj,John,Miller,False,nacb_admin,6.0,True,Security policy violation,2024-01-13 07:37:06
U1398T,melissahamilton,williamsjennifer@example.com,!AJyC_c9Jv5D,Kimberly,Fitzgerald,True,nacb_staff,,False,,2024-06-03 10:35:26
P1398H,kaylaluna,ereynolds@example.net,@h)SCdc66lNz,Matthew,Peters,True,system_admin,,False,,2024-03-27 16:01:26
U1399P,charlesphillips,leedaniel@example.org,Tvj(S6(u@N#8,Clayton,Cobb,False,nacb_admin,32.0,False,,2024-05-28 01:00:20
P1399E,shendrix,williamthomas@example.com,eW#6BPy%&g90,Dale,Aguirre,True,organization_member,,False,,2024-05-20 00:03:51
U1400P,nhaynes,rebeccajohnson@example.com,$)Oe+$AGo_9q,Julie,Cross,False,organization_member,,False,,2024-02-13 13:09:12
P1400G,rodriguezmelissa,tina13@example.com,Cej%u6GijPI@,Anthony,Murray,False,nacb_admin,,False,,2024-04-17 02:04:06
U1401F,egarrett,thomasowens@example.net,vGy*aeoZO42K,James,Johnson,False,nacb_staff,5.0,False,,2024-02-05 05:45:47
P1401N,davidnelson,kgay@example.com,xZ4dJml5l_gv,Kathleen,Knight,False,nacb_staff,41.0,False,,2024-06-26 02:31:00
U1402Q,robertdean,duanebautista@example.com,vZM1czV4#5Of,Natalie,Santiago,False,organization_member,,False,,2024-07-22 17:54:32
P1402K,john49,kevinbrewer@example.com,k0Zilu&X@n9$,Fred,Wilkins,False,user_professional,,False,,2024-06-23 22:44:25
U1403V,logancraig,gabriel41@example.net,7!dy6W$M_6Fq,Kenneth,Anderson,False,organization_admin,,False,,2024-03-12 08:38:51
P1403P,mcaldwell,kathleen88@example.org,9p8#bU$YVnjO,Frank,Hill,True,organization_member,,False,,2024-04-27 07:33:18
U1404M,terrysullivan,lloydcarol@example.org,DteEaqhl!6WI,Joseph,Hunter,True,user_professional,,False,,2024-05-27 02:55:59
P1404A,sconner,uturner@example.net,^pTD&ka94v8P,Anthony,Murphy,False,organization_member,10.0,False,,2024-04-27 09:38:18
U1405H,erika13,tonyjohnson@example.org,G3ISsq^pW4z(,Cheryl,Adams,True,nacb_staff,,False,,2024-07-05 03:29:12
P1405H,barneskelly,marisa30@example.net,QY)Y3S&uG+WL,Jonathan,Hill,False,nacb_admin,90.0,True,Account reported by multiple users,2024-04-15 23:39:47
U1406Y,sbutler,williamsonmatthew@example.org,N17%UPrr(67I,Pam,Brown,False,organization_member,,False,,2024-02-01 00:57:01
P1406O,nklein,williamsjoshua@example.com,b+cgI*Dm&c3L,Joseph,Ramirez,True,system_admin,38.0,True,Account reported by multiple users,2024-06-18 13:27:47
U1407G,bridget78,carlafreeman@example.com,b89aFoIBX)5V,Troy,Christian,False,organization_member,,False,,2024-03-15 13:56:45
P1407P,mitchellgeorge,robert27@example.com,wkQOon5@_01^,Ann,Valdez,True,organization_member,,False,,2024-01-22 17:38:31
U1408Q,bhendrix,cpeters@example.net,#CUgJ_7u64dk,Nicholas,Austin,True,organization_admin,59.0,False,,2024-06-14 02:35:11
P1408C,ashley13,kflynn@example.com,L5cZ+ELi*8Su,Eileen,Johnston,False,organization_member,,False,,2024-04-23 03:46:40
U1409F,davidschroeder,danielhall@example.org,Rm@n9fyEGq2P,Claudia,Lee,False,organization_member,87.0,False,,2024-01-05 19:58:41
P1409I,brownvanessa,ronalddavenport@example.org,8uF(STOrl8a7,Justin,Ryan,True,user_professional,,False,,2024-06-10 23:05:57
U1410U,bjuarez,heather40@example.com,)o#FiC^p(17U,Courtney,Barry,True,organization_member,,False,,2024-04-10 03:07:25
P1410P,scompton,uhunter@example.net,KoLKS6qJHA#6,David,Morales,False,organization_member,12.0,False,,2024-05-04 14:09:21
U1411I,jadehenderson,inorris@example.org,_E6VPM_z(pF4,John,Perez,False,organization_member,,False,,2024-06-03 03:29:24
P1411N,richard19,ghenderson@example.org,e&u1WQt%R@Y*,Michael,Choi,True,system_admin,95.0,False,,2024-05-15 00:12:53
U1412R,woodtodd,whubbard@example.org,N5&ilHpyY03F,Shane,Spence,True,nacb_admin,,False,,2024-03-22 00:23:31
P1412J,jared80,mary24@example.com,Ia5wA7V*Z#S0,Nichole,Harris,False,organization_member,,False,,2024-03-06 06:55:23
U1413K,ilowe,michael47@example.net,52&vds4g)aRr,Susan,Smith,True,organization_admin,91.0,False,,2024-05-19 13:14:09
P1413X,greeradrienne,morganabigail@example.com,ZK67dF2g_$dq,Patrick,Tran,False,organization_member,,False,,2024-02-22 04:47:41
U1414G,adamsnicole,matthewlucas@example.net,ZROmbw66H_1U,David,Zavala,True,organization_member,,False,,2024-05-23 11:32:38
P1414U,sean64,brittany91@example.org,am7_vPIo(88*,Brandon,Bowen,True,system_admin,26.0,False,,2024-01-19 05:07:46
U1415P,cgreen,bweaver@example.org,iRk1lBjZ@C60,Crystal,Hodges,False,nacb_admin,,False,,2024-01-03 00:03:08
P1415U,sandovalkayla,andersondeanna@example.org,0SnOBAnW_C5l,Marie,Ramos,False,user_professional,52.0,False,,2024-02-24 20:52:24
U1416N,markmoore,melissa57@example.net,C3Xqxwf8)Iqb,Kathleen,Hood,True,user_professional,49.0,False,,2024-02-20 03:58:56
P1416T,kathyyoung,oliviagomez@example.net,9D9edifoj+8P,Molly,Richards,False,nacb_staff,76.0,False,,2024-06-28 06:39:44
U1417H,cpayne,klee@example.net,5Y3xxosi$71V,Amanda,Wilson,False,organization_member,,False,,2024-03-09 12:48:11
P1417W,robertbenson,thomas62@example.net,*hgv1DncT_4%,Stacey,Wyatt,False,nacb_staff,,False,,2024-03-17 22:42:53
U1418E,randypatterson,hancockbrenda@example.org,2ft1yUo3E$%g,Daniel,Todd,False,nacb_admin,5.0,False,,2024-04-14 11:26:07
P1418P,ryanlewis,barkerstephen@example.org,B+VSHIzNq&*1,Keith,Skinner,False,organization_member,,False,,2024-01-10 07:23:34
U1419C,allenyolanda,michaelmelendez@example.com,!ZEETxnUo5EV,Michael,King,True,organization_admin,6.0,False,,2024-06-25 14:14:51
P1419W,adamtran,kellerrachael@example.org,!!9TXG&bp%N8,Scott,Ford,False,user_professional,9.0,True,Violation of terms of service,2024-05-11 09:08:56
U1420G,sarahcox,martinjared@example.net,k&EP)q1@#15y,Angela,Morrison,True,user_professional,98.0,False,,2024-06-04 10:50:21
P1420J,stephanie34,crystal39@example.net,PH@g&DscFU^7,Jason,Stevenson,False,organization_admin,,False,,2024-01-15 13:48:46
U1421L,nscott,jmartinez@example.net,@nZKAbJii56x,Thomas,Lopez,False,user_professional,32.0,False,,2024-05-23 12:27:55
P1421W,oevans,padillajohn@example.net,$95+UaWeER)9,Grace,Sanford,True,nacb_staff,,False,,2024-05-23 14:54:40
U1422B,jennifer63,eatonlevi@example.org,1_eY3FTv+0ZQ,Martin,Boyd,True,organization_member,,False,,2024-01-06 08:19:12
P1422P,williamsdeborah,tina50@example.com,^5i!YQkH0TM0,Wayne,Stanton,False,organization_member,22.0,False,,2024-04-30 07:27:10
U1423Z,whiteheadheather,timothydavis@example.org,Q6J6+OJn*+Z4,John,Cline,False,nacb_admin,,False,,2024-05-12 22:11:43
P1423A,michaelcox,donald99@example.net,vhOYKvra04+t,Andrea,Day,False,nacb_staff,88.0,False,,2024-03-27 13:46:04
U1424I,johnjohnson,alyssa16@example.org,tbXKzO^a#6tO,Jill,Wallace,False,nacb_admin,,False,,2024-06-28 16:18:38
P1424N,caroline91,josephjames@example.org,utQWTpftO_16,Aaron,Baldwin,False,user_professional,71.0,False,,2024-04-08 07:00:26
U1425U,castrojennifer,richard55@example.com,&9hYnQl4t7qE,Ashlee,Williams,True,nacb_admin,,False,,2024-02-10 13:33:10
P1425O,carol05,paul42@example.org,w3*ttztZ$6RE,Donald,Lopez,False,user_professional,64.0,False,,2024-01-03 04:00:19
U1426C,pmyers,gcaldwell@example.com,l*ylLvqQE58F,Anita,Brown,False,nacb_staff,,False,,2024-06-30 15:59:09
P1426S,cparsons,matthewsjerry@example.net,^VJ$VZnh60vT,Robert,Crawford,True,system_admin,,False,,2024-05-18 02:13:52
U1427P,laura99,zachary27@example.net,)03mFw+Jjy7q,Devon,Palmer,True,organization_admin,100.0,False,,2024-06-28 05:03:31
P1427C,duncanmaria,smithlauren@example.net,+U8b^R#zQ1R!,Kimberly,King,False,organization_admin,57.0,False,,2024-05-10 08:40:00
U1428E,olsonkimberly,bradleygonzalez@example.net,Q&4&0TzdK)KU,Janice,Hernandez,True,organization_member,,False,,2024-04-26 20:21:03
P1428E,nancygreer,tina76@example.net,por7vUi_)YC9,Brandon,Contreras,True,organization_member,87.0,False,,2024-06-07 16:06:16
U1429J,debra22,donna82@example.net,*5BIqi6cKTc5,Jennifer,Paul,False,organization_member,37.0,False,,2024-01-05 11:05:29
P1429K,lmartin,karafritz@example.org,2cNOU!bG_mza,John,Glenn,False,organization_member,82.0,False,,2024-05-06 00:48:42
U1430G,ortizvirginia,petersenmichael@example.net,m1b87PM3$bOD,Marilyn,Brown,False,user_professional,58.0,False,,2024-07-03 16:42:39
P1430W,brian40,colinmcdonald@example.com,qqvQMVb4)1H(,Samantha,Rios,False,organization_member,26.0,False,,2024-06-25 06:52:55
U1431Q,ashley08,jessica74@example.org,83Byaw0d(&21,Noah,Mitchell,False,nacb_staff,,False,,2024-04-24 09:50:32
P1431Y,kim83,diane61@example.org,hL8BRzhd^pa1,Gail,Smith,True,organization_member,,False,,2024-01-05 04:57:14
U1432B,kennedystefanie,william63@example.com,909peMOl^9r@,Christine,Wilson,True,user_professional,10.0,False,,2024-06-12 20:37:31
P1432Q,laura42,autumn76@example.org,YCLGm^Dl+%i2,Christopher,Thompson,False,user_professional,,False,,2024-04-12 12:58:19
U1433N,kaylahiggins,gregory01@example.net,Y3W)BtQv!3pF,Kayla,Reyes,True,nacb_admin,,False,,2024-04-24 12:36:16
P1433E,jamescooper,jenniferbenson@example.org,&4#&4zQ359lJ,Richard,Walker,True,organization_member,70.0,False,,2024-02-08 06:44:15
U1434D,nunezdonald,jarcher@example.net,HeSnY_X2x^B2,Stephanie,Mitchell,False,organization_member,55.0,False,,2024-04-12 20:04:44
P1434T,rose08,bcarpenter@example.org,)9NUCMbJq7mM,George,Walker,True,organization_member,,False,,2024-01-13 15:07:27
U1435D,parkerdonald,timothyfreeman@example.org,Tn8YgBz^&@0c,Beth,Dawson,True,organization_member,,False,,2024-02-20 05:52:54
P1435R,kimdavid,carrollcandace@example.com,9$PSB02iuH4G,Tamara,Vega,False,user_professional,,True,Suspicious activity detected,2024-03-11 07:18:00
U1436Y,brandy56,amberhart@example.com,5M(%Bfe6)1!h,Adam,Hughes,False,organization_member,,False,,2024-03-20 00:08:07
P1436P,bettycarr,perrycynthia@example.com,&h9a*8dd*0PS,Thomas,Roman,False,nacb_admin,,False,,2024-04-11 21:14:59
U1437G,vicki37,garnertimothy@example.com,6lWyzgLg&ANX,Jared,Smith,False,organization_member,,False,,2024-07-06 02:04:20
P1437G,websterchristopher,roychris@example.com,@tLBllOHqB7!,Ashley,Bowers,True,user_professional,,False,,2024-01-20 05:29:40
U1438X,dustinmurray,amy94@example.com,OJ6FkYGsw_7n,Misty,Gaines,True,user_professional,,False,,2024-03-05 14:59:32
P1438M,taraknox,kevindonovan@example.net,tFlCqtUG94B!,Tonya,Nelson,True,organization_member,,False,,2024-03-12 08:40:26
U1439Z,boydjustin,colleenibarra@example.com,@4NKu9V^rP_H,Isaiah,Barrera,False,organization_admin,,False,,2024-03-01 14:30:59
P1439W,robinsonapril,wesleyortiz@example.org,H(lzUNZno90P,Jessica,Schmidt,False,organization_member,17.0,False,,2024-07-09 18:20:29
U1440I,ypeterson,brandi19@example.com,%A7N0Tzf*m3j,Ryan,Hernandez,False,user_professional,93.0,False,,2024-04-08 00:02:29
P1440H,rita19,lrodriguez@example.net,gg9akYZkj!7h,Sarah,Powell,True,organization_member,,False,,2024-03-13 11:41:59
U1441R,hugheskendra,gloria40@example.org,xM*9RAjRLnR9,Nancy,Rosario,True,organization_member,,False,,2024-07-21 16:13:48
P1441O,kevinmadden,michelle41@example.net,o^rEFTixBxU0,Michael,Pruitt,False,organization_member,50.0,False,,2024-02-02 13:45:57
U1442A,wayne86,robertwhite@example.net,_kl#@EHuC8Ra,Melanie,Moore,True,organization_member,66.0,False,,2024-06-22 04:28:21
P1442P,keith95,lwilliams@example.com,A#sSqR_I$55%,Laura,Walsh,True,system_admin,,False,,2024-06-29 19:28:15
U1443E,uharris,jeffrey14@example.org,YT#FxNyto#3o,April,Perry,False,system_admin,100.0,False,,2024-05-01 17:47:54
P1443P,hannah91,ygoodman@example.com,!)O)R3zn3)*5,Morgan,Galloway,True,organization_member,,False,,2024-05-04 21:46:21
U1444Q,edwindavis,cheryl33@example.net,cvVq#%mz%g9g,Charles,Nguyen,False,user_professional,,False,,2024-01-25 12:21:34
P1444L,zharris,jfrank@example.net,9uWAkdRbQ^1L,Preston,Oneill,True,organization_member,,False,,2024-03-03 06:01:09
U1445U,dawn61,wkane@example.net,2H9bJLl5U^kx,Reginald,Rodriguez,True,nacb_staff,85.0,False,,2024-01-12 15:56:59
P1445Y,jean67,martin28@example.com,SvuEZxHyH!6y,Ann,Warren,False,nacb_staff,,False,,2024-05-09 11:48:16
U1446S,kathrynlindsey,gpowell@example.net,)ZA3Jbs)tX#5,Cindy,Smith,False,organization_member,51.0,False,,2024-03-10 12:24:42
P1446B,juliechavez,joe28@example.org,^xC)tZ19e8PK,Briana,Jordan,False,system_admin,62.0,True,Misrepresentation of identity,2024-01-03 19:33:19
U1447X,cmorris,james69@example.net,)3QF60XbUC0m,Kevin,Vasquez,True,user_professional,68.0,False,,2024-06-29 00:52:17
P1447Y,hoffmanbrent,usosa@example.com,h!CF(OCo!1!l,Wendy,Douglas,False,organization_member,,False,,2024-06-09 10:14:18
U1448E,lwilson,eharris@example.net,(284oPOrKzMn,Barbara,Kelley,False,nacb_staff,,False,,2024-05-20 11:49:41
P1448G,richard99,ayalabrian@example.net,UNXBVThfv&9v,Brett,Riley,True,organization_admin,,False,,2024-01-14 12:09:53
U1449E,twells,briancraig@example.net,*gEb8+#Y7CFW,Samuel,Smith,True,nacb_staff,25.0,False,,2024-02-06 21:01:57
P1449G,andrew86,stevenjohnson@example.net,v3(8fJlj&lPC,Misty,May,True,user_professional,59.0,False,,2024-05-19 03:55:45
U1450M,parklauren,clarkealexander@example.net,^LmVFi*ll8GA,Deborah,Wise,False,organization_admin,12.0,False,,2024-07-11 02:51:19
P1450N,xcook,sweeneywilliam@example.net,!ZV2eG5e^Y1C,Thomas,Lowe,True,nacb_staff,,False,,2024-04-02 06:40:44
U1451A,mahoneybrian,delgadovincent@example.com,O5T7Jk1a(X3w,Aaron,Gonzalez,False,user_professional,,False,,2024-07-13 01:19:53
P1451V,andrew68,hsanchez@example.net,!ST_hzO@3wPu,Dennis,Velasquez,True,user_professional,64.0,False,,2024-04-19 11:07:09
U1452V,laurie97,lisawilliams@example.net,$1%FWzWr&pVb,Rachel,Boone,False,nacb_staff,65.0,False,,2024-04-05 07:36:03
P1452K,nathaniel37,slopez@example.net,K0W+KhSsp+6W,Sabrina,Sanders,False,nacb_staff,,False,,2024-01-02 16:07:45
U1453V,brandondelgado,wilsonjeffrey@example.com,$C@RWqsM38+#,Robert,Brooks,True,organization_member,61.0,True,Inappropriate content posted,2024-03-26 12:25:26
P1453L,mcdonaldjoe,larry04@example.com,FrM$#ez(q27(,Chelsea,Williams,True,organization_member,,True,Multiple failed login attempts,2024-02-15 06:20:00
U1454H,browndaniel,vanderson@example.org,t8R@l@Ov)(O*,Michael,Hanson,True,user_professional,,True,Non-compliance with community guidelines,2024-03-10 11:08:41
P1454V,davidmayo,gbrown@example.com,V$(OUwzyu_10,Sherri,Robinson,True,user_professional,40.0,False,,2024-03-18 07:06:29
U1455X,jeffrey09,sean30@example.net,Y8^4iMxuILW2,Kathleen,Hutchinson,False,system_admin,53.0,False,,2024-03-19 15:43:27
P1455Q,jrandall,william29@example.net,+ebkisXl$D8U,Kelly,Goodwin,False,organization_member,,False,,2024-03-25 10:00:22
U1456U,tylerlaura,alexandrawilliams@example.com,f_9Xk+dCd@oY,Christopher,Wilson,True,organization_member,64.0,False,,2024-02-15 10:54:16
P1456Y,tmitchell,igreene@example.org,T64IJNho&XBo,Patrick,Campbell,False,user_professional,,False,,2024-01-24 10:17:42
U1457V,umorgan,melissarichardson@example.org,_zDObEf29oc0,Eric,Stout,True,user_professional,,False,,2024-06-22 14:00:17
P1457Z,parker82,popechristopher@example.com,or4pzAu@9HT(,Jean,Smith,False,system_admin,90.0,False,,2024-06-03 16:04:16
U1458K,brenda00,david53@example.com,^6w@IE3Ubp(C,Jonathan,King,False,organization_member,68.0,False,,2024-01-22 16:54:47
P1458Z,christopher73,tbeck@example.com,v@%_SBCw)3bI,Michelle,Collier,False,nacb_staff,,False,,2024-06-11 15:53:50
U1459I,bradleysteele,kristyjones@example.com,K)1$u+f$1KsS,Andrew,Nguyen,False,organization_member,,True,Account reported by multiple users,2024-03-15 05:36:21
P1459B,jacobferguson,harrisdavid@example.org,07+k#BZ!(9OM,Xavier,Peters,False,organization_member,77.0,False,,2024-04-21 11:42:02
U1460G,julienewman,madison50@example.net,&IHDMo6z40X_,Robert,Hunter,True,user_professional,78.0,False,,2024-01-14 20:51:28
P1460Y,abarry,christineespinoza@example.com,_qjOyaDhB4!L,Ronald,Glover,False,organization_member,70.0,False,,2024-05-23 23:25:22
U1461X,ismall,bishopchristopher@example.com,&P0TuM8qM$Y_,Renee,Ford,False,user_professional,38.0,False,,2024-03-01 09:32:10
P1461U,darryl17,bryanbailey@example.com,@&7ssA7K_3Er,James,Mata,False,user_professional,,False,,2024-07-08 10:28:16
U1462M,danielle26,jodi80@example.com,6@gXrFxF)0+z,Amy,Jackson,False,organization_member,,False,,2024-06-16 07:10:59
P1462W,wcherry,collinszachary@example.com,^dG*T!OnrB7d,Anthony,Singh,False,organization_member,91.0,False,,2024-03-10 03:57:39
U1463Z,morgan46,marccoleman@example.com,)k#gMbmOw3H&,Amanda,Beard,True,nacb_admin,29.0,True,Suspicious activity detected,2024-02-10 18:06:21
P1463K,usalazar,amoody@example.com,A)792Fj&*7)b,Cathy,Bradford,True,organization_member,,False,,2024-01-11 21:00:53
U1464V,michaelperry,hcamacho@example.org,$hnWfCi&u4*g,Yolanda,Wilkinson,False,user_professional,,False,,2024-06-30 11:54:10
P1464I,megan00,kelly49@example.org,q&4tq!3x6&7J,Laura,Randall,False,user_professional,99.0,False,,2024-01-05 21:46:11
U1465T,robert94,benjamin40@example.com,%y53D*vEU1eE,Douglas,Greene,False,user_professional,,False,,2024-06-08 19:57:49
P1465N,joy07,charlesvazquez@example.com,BW*XHnijOJ3m,Devin,Carlson,False,nacb_admin,29.0,False,,2024-03-28 17:53:11
U1466G,jpaul,hernandezamy@example.com,aeIJeV@Q#h0T,Steven,Rice,False,user_professional,,False,,2024-06-21 11:55:28
P1466X,foxjose,christophermiller@example.org,^5UR1B4y$0pr,Karen,Martin,True,nacb_staff,,False,,2024-06-25 09:08:53
U1467Y,monica42,mendezluke@example.net,_0SIjVKHBfQL,Peter,Casey,True,user_professional,,False,,2024-03-14 02:33:17
P1467C,brianrodriguez,andrea78@example.org,iW%(1P$gby!2,Nina,Martin,False,user_professional,33.0,False,,2024-03-04 22:04:02
U1468Q,brenda14,jonesjacqueline@example.com,^0SItSvo^nh1,Jacob,Allen,False,organization_member,,False,,2024-07-13 00:26:18
P1468U,mathisalan,robinlloyd@example.com,Dc!9qMQrln8m,Megan,Villegas,True,nacb_admin,,False,,2024-05-17 22:13:41
U1469A,michaellopez,wanderson@example.net,d2$NyR4c%ele,Karen,Preston,False,user_professional,,True,Security policy violation,2024-05-19 13:20:46
P1469Q,jenniferrodriguez,rcrawford@example.com,3z3SH!%)_7Rr,Jennifer,Price,False,user_professional,,False,,2024-01-08 23:19:05
U1470C,fwoodard,thompsonamanda@example.com,e))(NX_eQ#f0,Samuel,Strickland,False,nacb_admin,15.0,False,,2024-01-09 05:46:29
P1470E,camposkelly,rford@example.org,14Zu(CEy%dKW,Scott,Foley,False,system_admin,,False,,2024-06-28 05:05:25
U1471Q,martinezmatthew,christopher04@example.org,2_iB6EHqBs5P,Andrew,Harmon,True,user_professional,25.0,False,,2024-01-17 19:27:28
P1471Y,rhonda99,thomaskimberly@example.com,^2ZIudLt*1qs,Collin,Greer,False,user_professional,1.0,False,,2024-03-16 01:56:40
U1472B,seanbrown,sweeneyjeremy@example.net,#LXO7q#hl_6K,Lee,Jones,False,user_professional,,False,,2024-05-04 02:47:53
P1472T,toddsullivan,nmartinez@example.net,Bm(DdtLAX!9+,Richard,Maldonado,True,user_professional,,False,,2024-05-20 08:33:50
U1473A,tbenton,wshah@example.org,5$pVOWyA4q4Q,Jessica,Morris,False,user_professional,17.0,False,,2024-03-15 00:18:57
P1473X,diane32,rthomas@example.net,7EmuYJ1x_T%H,Kimberly,Moreno,False,organization_member,10.0,False,,2024-03-31 22:49:02
U1474Y,katie04,josephanderson@example.com,_P8LIvuwpxba,Melissa,Campbell,True,organization_member,94.0,False,,2024-05-26 06:19:48
P1474M,christian85,brockchristopher@example.org,$Mvo472w20C$,Diane,Griffin,True,nacb_staff,9.0,False,,2024-05-25 21:09:34
U1475K,ohowell,belinda25@example.com,Kz8RIFf&p+1k,Tara,Hamilton,False,nacb_admin,70.0,True,Harassment of other users,2024-04-03 05:50:50
P1475D,bgarcia,mvincent@example.org,^w7X&bcJZ3ev,Theresa,Davila,False,nacb_staff,3.0,False,,2024-01-25 10:26:03
U1476J,nathanscott,johngriffin@example.org,s3PA%DQt)bqX,Jack,Diaz,True,user_professional,,False,,2024-05-29 01:09:31
P1476V,masonbarbara,paul21@example.org,7+5j32X@_kuC,Connie,Williams,True,organization_member,70.0,False,,2024-01-14 13:41:23
U1477O,zkane,anthony29@example.org,2^)D#AJing2f,Keith,Garza,False,nacb_admin,10.0,False,,2024-02-01 22:52:39
P1477C,markgarza,tgray@example.net,4Jy0GjE5!#+X,Bob,Herring,False,organization_member,,False,,2024-03-05 02:39:13
U1478Y,holly31,perezrichard@example.com,#TA2Q8c22V(7,Stephanie,Silva,False,user_professional,79.0,False,,2024-05-22 06:11:04
P1478M,mcdanielwilliam,theresa89@example.com,Y6Y@&1M)#A9q,Brandon,Short,True,organization_admin,26.0,False,,2024-05-04 07:35:43
U1479N,eblair,longleon@example.org,gGdIW0Uj1#40,Seth,Huynh,False,nacb_admin,,False,,2024-04-30 16:47:56
P1479Q,wisekristine,julia38@example.org,b)AMP0AgPGH&,Stephen,Jensen,False,organization_member,17.0,True,Violation of terms of service,2024-04-10 04:55:28
U1480F,nicholasgreen,moorewhitney@example.com,)9HYHQswjYZc,Paul,Williams,False,nacb_staff,,False,,2024-01-11 22:55:04
P1480U,mcclurejustin,jjohnston@example.org,F9TxGfe@)$_$,Andrew,Smith,True,nacb_admin,,False,,2024-01-06 09:05:46
U1481Y,millslisa,molson@example.com,&i&W$lpn)L3K,Stacie,Hanson,False,nacb_staff,,False,,2024-06-08 11:36:25
P1481X,josephprice,laurenfleming@example.net,$L8WRkTw8VC),Stephanie,Little,True,organization_member,,False,,2024-02-15 15:49:04
U1482M,angela08,mistyscott@example.net,$qKpi1Y#W&s#,Nicholas,Graham,False,nacb_staff,79.0,False,,2024-02-21 23:19:30
P1482T,matthewwalton,vhernandez@example.org,^38a8ZKoyqFp,Kendra,Blankenship,True,nacb_staff,63.0,False,,2024-05-30 11:59:15
U1483F,ztate,yrobinson@example.org,ePF&b)BR!8v6,Nancy,Hodges,False,organization_member,4.0,False,,2024-02-16 06:48:00
P1483R,destinyobrien,shawnconrad@example.org,zhv8JHpX*peH,Megan,Simon,True,user_professional,24.0,False,,2024-04-14 22:33:43
U1484D,ashleyhendrix,bethany11@example.org,CHoq2Ckj#@F8,Glen,Mcgee,True,nacb_staff,78.0,False,,2024-03-30 01:32:54
P1484E,geraldjohnson,lauraanderson@example.org,$&b5GWbhKlCt,Cynthia,Coleman,False,nacb_staff,,False,,2024-04-04 20:31:54
U1485H,grahamwillie,douglasdavis@example.org,^G35s*UX!q5Y,Jonathan,French,False,organization_admin,,False,,2024-02-25 20:02:46
P1485O,walvarado,dstuart@example.org,$7WcVxr2fZgW,Samantha,Wright,False,nacb_admin,,False,,2024-06-26 03:06:02
U1486H,twilson,zacharyroberts@example.org,)#r14SEw4HU4,Jennifer,Horton,False,organization_member,,False,,2024-06-28 19:25:02
P1486Z,jordan59,lyonsmichael@example.com,7r2rZw&qxXZ$,Sarah,Ward,False,organization_member,,False,,2024-05-19 10:11:12
U1487V,christian00,valeriemclaughlin@example.org,wBTvV7Qihs)8,Angela,Cain,False,user_professional,70.0,False,,2024-07-02 04:20:21
P1487G,sandracarney,garciajoseph@example.net,$t9)CQfn)fGD,Mario,Jones,False,organization_member,32.0,False,,2024-03-03 16:11:53
U1488K,randallbrittney,michellefernandez@example.com,_#mjJ9t3#0Te,Dawn,Bell,True,organization_admin,,False,,2024-01-31 07:41:39
P1488V,znewman,qgriffin@example.net,Q*24f4ZFFc(f,Jesse,Lawson,False,organization_admin,86.0,False,,2024-02-18 05:21:12
U1489Y,boonescott,fjohnson@example.com,*u9KUDJt*gE2,Linda,Carroll,False,user_professional,,False,,2024-04-25 22:51:35
P1489Q,ericrhodes,robincoffey@example.org,qNEaL@x)3rL),Rebecca,Jones,True,organization_member,30.0,False,,2024-02-04 11:15:21
U1490D,rperkins,wmorton@example.com,HH5h7Ltji!TC,David,Robles,False,organization_member,,True,Inappropriate content posted,2024-02-07 17:15:45
P1490P,frank58,johnsondawn@example.net,hBL&9$FEv+v7,Lisa,Rodriguez,True,user_professional,37.0,True,Spamming or abusive behavior,2024-03-03 09:39:24
U1491E,stewartmarie,vjones@example.org,RI!xr5BwGh*X,Rebecca,Myers,False,organization_member,,False,,2024-03-28 13:00:59
P1491L,tammycrawford,pmcconnell@example.com,Y%63FHo#fa2j,Christopher,Schroeder,True,organization_member,34.0,False,,2024-02-25 10:30:10
U1492W,adrian15,sarah19@example.com,^^PyoG8g7K0X,Judy,Johnson,True,nacb_admin,12.0,True,Use of prohibited software or bots,2024-05-29 17:53:48
P1492B,kellyarroyo,carolynlee@example.org,HWk0jHZg^Kd3,Jose,Mckenzie,True,system_admin,,False,,2024-06-28 19:38:05
U1493R,kristinahouston,woodjasmin@example.org,c&6G^xYo+_Ov,Amy,Cannon,True,user_professional,,False,,2024-04-02 03:32:22
P1493V,david88,andrew94@example.com,!qtOEjIiA3P0,Jason,Schultz,True,user_professional,,False,,2024-04-09 04:13:17
U1494H,jonathan44,harrispatrick@example.net,s20S_HNq@f^J,Angela,Glover,False,user_professional,,False,,2024-04-19 10:23:40
P1494Q,lindsay61,thomaslisa@example.com,0#hf8OTvc^Gq,Scott,Fox,True,user_professional,6.0,False,,2024-02-11 15:26:07
U1495D,nathan23,donna82@example.com,D)JeLFs@F17P,Ethan,Collins,True,organization_member,3.0,False,,2024-05-24 10:23:14
P1495X,stephensaaron,moralesbrett@example.org,EfPSjHQp_Y6C,Kimberly,Alexander,True,nacb_staff,,False,,2024-01-27 11:07:39
U1496Z,emendoza,abbottlisa@example.org,%2bEnwtx+yca,Brandi,Crosby,False,organization_member,,False,,2024-04-25 09:51:55
P1496X,danielwilcox,christine89@example.org,*T1u!QArv7DB,Melissa,Wilkins,False,nacb_staff,4.0,False,,2024-02-11 21:04:04
U1497D,alexander27,xavierhart@example.com,QZ9VBQVa(3Qz,Heather,Jacobson,True,nacb_admin,65.0,False,,2024-05-19 07:09:36
P1497E,gentrynicole,vasqueztiffany@example.org,^n0CtKDylWO3,Angela,Wise,False,organization_admin,75.0,False,,2024-06-22 13:48:51
U1498N,davidcraig,luke60@example.com,46!qkTJva_6N,Anthony,Hood,True,nacb_staff,77.0,False,,2024-06-16 02:34:34
P1498J,alexis96,anne20@example.com,bg4^0NptOM^2,Kyle,Cantrell,False,user_professional,57.0,False,,2024-02-17 21:54:20
U1499Q,wwright,carrie11@example.com,(JHC$GXsQ&8J,Cameron,Crosby,False,user_professional,,False,,2024-04-09 07:49:26
P1499R,allen45,shannon97@example.com,iyznMqBy@1kd,Jason,English,False,nacb_admin,,False,,2024-05-19 08:27:01
U1500W,jessicaowen,wsalas@example.org,92LYOxhp%J4I,Kristina,Cooke,False,nacb_staff,,True,Violation of terms of service,2024-04-21 20:49:59
P1500C,dgonzalez,esmith@example.com,&8G!*tOUGK#S,Brandi,Olson,False,user_professional,56.0,False,,2024-06-01 23:10:31
U1501T,jasonolson,kimjeffrey@example.com,w#EdRanbi!45,Jennifer,Thompson,False,organization_member,17.0,False,,2024-03-13 00:00:08
P1501H,johnhardin,antoniopage@example.com,3LxoCrkan+7S,Jared,Bond,True,organization_member,81.0,False,,2024-05-19 21:33:05
U1502Q,smatthews,cookderek@example.org,Py0RfB4b)cVd,Jorge,Brown,True,nacb_admin,90.0,True,Suspicious activity detected,2024-01-09 16:31:41
P1502U,zpace,laurarobertson@example.net,(+UtR81l3i89,Cassandra,Roberson,True,nacb_staff,,False,,2024-03-30 00:21:52
U1503P,levimolina,nealsierra@example.org,YGGAqt4q*7k_,Diana,Barron,False,nacb_staff,97.0,False,,2024-02-22 08:12:17
P1503D,allenmary,dibarra@example.com,C+mHtODOsy8%,John,Henson,True,organization_member,30.0,False,,2024-04-08 12:58:16
U1504F,pevans,pwilson@example.com,Fg%U9Qmi2#e+,Martha,Roberts,False,nacb_admin,,False,,2024-06-08 10:20:13
P1504L,elizabethwatson,ppierce@example.org,v28cDIzW_mpb,Nicole,Smith,False,nacb_admin,37.0,False,,2024-07-02 01:35:18
U1505S,lambertlinda,ukelly@example.org,4c^QNSn@+Ewy,Jill,Gomez,True,user_professional,,False,,2024-06-09 02:04:59
P1505R,breannayang,bradleybrian@example.net,GE)1Dz0e9Jr0,Cheryl,Sherman,False,user_professional,,False,,2024-06-03 03:53:16
U1506V,campbellbrenda,nicholas35@example.org,3G1^pJtE$FrY,David,Fuller,True,nacb_staff,,True,Fraudulent transactions detected,2024-06-03 15:33:43
P1506H,wyoung,ohall@example.com,+!R3ZkRCzlu),Christopher,Osborne,False,system_admin,,False,,2024-04-04 10:02:53
U1507Z,hgarza,jason67@example.com,(DfZxXS(oI8f,Derrick,Brown,False,organization_member,,False,,2024-04-25 04:32:55
P1507M,lperez,smithdanny@example.com,7d_BWPb6$^29,Amber,Blackburn,False,organization_admin,,False,,2024-06-19 13:53:23
U1508Q,lukebrown,brooksjon@example.org,DJ3)wy_z75(A,Thomas,Everett,False,nacb_admin,66.0,False,,2024-02-01 06:38:31
P1508M,millermichelle,william19@example.com,@Q&rOJ!j4YGo,Joy,Beard,True,organization_member,,False,,2024-06-24 14:25:02
U1509X,carlwagner,christopher44@example.net,+2p3Ijt4(CxH,Diane,Cortez,True,system_admin,98.0,True,Misrepresentation of identity,2024-02-26 17:32:31
P1509T,ahall,cole87@example.net,t#S2Z4JVau(G,Frank,Davis,True,nacb_staff,80.0,False,,2024-02-25 22:46:08
U1510Z,patrick79,waltonann@example.net,*oA+0LsDe6Je,Kimberly,Wilson,False,user_professional,100.0,False,,2024-01-07 18:54:43
P1510I,tmccullough,michael40@example.org,&b1UNZ1Y6t8!,Rebecca,Malone,True,organization_admin,5.0,False,,2024-07-06 04:21:49
U1511R,whiteheaddavid,ericrodriguez@example.org,k#QhHxSnR)#1,Jennifer,Miller,False,organization_member,,False,,2024-05-22 11:44:13
P1511N,fharrison,vtorres@example.net,ule6T)p9hQ*b,Eric,Miller,True,user_professional,,False,,2024-03-01 04:07:27
U1512G,courtney50,philliptodd@example.com,_P0aM%Bk7yc4,Eric,Smith,False,nacb_staff,48.0,False,,2024-05-31 16:42:27
P1512S,carriebennett,staceyjones@example.com,+xCjZ!Ahg8lW,Denise,Cordova,True,user_professional,34.0,True,Non-compliance with community guidelines,2024-04-20 19:06:25
U1513Q,bmiller,brendasullivan@example.net,G!aqUYsyxG97,Troy,Leonard,True,nacb_staff,,False,,2024-05-21 12:42:27
P1513X,jaguilar,duffyjohn@example.org,!OSENt7v8u6l,Michael,Lopez,False,nacb_staff,8.0,False,,2024-02-06 20:36:44
U1514U,chamberskevin,aaron88@example.com,_%Ks9nzVP1xq,Michael,Maldonado,True,user_professional,80.0,False,,2024-01-08 22:49:54
P1514F,geraldchurch,david25@example.org,Ru2xSsVH0g@v,William,Lowe,True,organization_admin,,False,,2024-03-26 04:34:52
U1515V,dcombs,ericjuarez@example.com,&B8GM&qoQ%7q,James,Burch,True,organization_member,46.0,False,,2024-04-05 23:51:54
P1515W,allenjustin,stacyjones@example.net,RJ2h#*Psq3%3,Jason,Carrillo,True,user_professional,,False,,2024-05-11 14:42:05
U1516L,michelle06,jamiehines@example.com,my0XFxuUM&E&,Sandra,Fleming,False,organization_member,53.0,False,,2024-05-27 12:09:29
P1516U,anna97,nicholas71@example.org,pRXEcz$3!1D!,Matthew,Stewart,True,user_professional,15.0,False,,2024-02-05 23:26:53
U1517F,brianna78,carolyn88@example.org,$o(nWztj*3i3,Julie,Davies,True,system_admin,87.0,False,,2024-03-08 23:39:19
P1517K,breannaalvarez,nicholasbullock@example.net,y6@+fHkn_aKO,Aaron,Anderson,True,system_admin,,False,,2024-07-22 02:05:28
U1518H,ymeyer,greenhoward@example.com,$59482bfoGPT,James,Chavez,True,user_professional,27.0,True,Violation of terms of service,2024-06-29 22:22:18
P1518D,melissagordon,gregory69@example.com,+9oeludOx$Tv,Stanley,Mueller,True,nacb_staff,3.0,False,,2024-06-20 12:32:36
U1519V,michaelkelly,sarahanthony@example.com,_4DHSgO5BT+*,Amanda,Ellis,True,nacb_staff,,False,,2024-02-06 13:10:18
P1519J,yconrad,donna77@example.net,_4D1eo&tR0Mr,Robert,Payne,False,nacb_admin,6.0,False,,2024-04-29 10:20:41
U1520C,thomasdanielle,patriciacruz@example.com,E&mK*9SczWij,Kyle,Sanchez,False,nacb_admin,52.0,False,,2024-01-19 08:03:25
P1520D,dominic85,nlane@example.net,k0S(cH632nYy,Jeff,Mason,False,user_professional,,True,Unauthorized access attempts,2024-05-26 01:35:13
U1521Z,michellebarajas,yvonnemartin@example.net,+Hid8PzTWE1r,Andrew,Brown,False,organization_member,33.0,False,,2024-03-11 04:40:22
P1521D,hardinwayne,christinebriggs@example.org,B#DweEan6&6m,Dale,Bray,False,organization_member,20.0,False,,2024-04-05 17:18:40
U1522M,ubrown,zking@example.net,@gc1qK!HIsMx,Sharon,Bradford,False,organization_member,,False,,2024-06-25 12:31:57
P1522S,cruzlinda,david90@example.net,&9jE1kRs#sPl,Becky,Mcdonald,False,organization_member,,False,,2024-03-25 17:56:23
U1523T,mark62,michele61@example.net,Y%jP@eOD&@4O,John,Morales,False,organization_member,81.0,False,,2024-03-25 20:21:07
P1523D,danielle59,gstevens@example.net,L3LXQMjL&$N^,David,Horton,True,nacb_staff,93.0,False,,2024-02-01 13:17:58
U1524M,drhodes,ramirezbrenda@example.com,L_(3Yecj*jSy,Angela,Henderson,False,user_professional,,False,,2024-02-10 10:05:55
P1524G,hudsonjill,jeffrey09@example.net,(3ap#whs+ROU,Michael,Diaz,True,organization_admin,90.0,False,,2024-05-05 15:43:54
U1525U,samanthaweaver,prestonchambers@example.com,^)q1P^dOp^6M,Gary,Lee,True,nacb_admin,,False,,2024-04-03 13:30:02
P1525W,gsnow,james85@example.com,(1flVxt243IM,Daniel,Sutton,True,nacb_admin,,False,,2024-06-04 19:56:16
U1526V,mcgrathmary,edwardcase@example.com,n3B_86sq$S#u,Michael,Anderson,False,organization_member,,False,,2024-06-19 11:24:34
P1526N,bmckenzie,fburgess@example.com,O^7St#^M$1q7,Angela,Buck,True,organization_member,,False,,2024-07-17 16:15:28
U1527A,gravesgeorge,kyle22@example.com,yG!BXixUN+2n,Tina,Cook,False,user_professional,68.0,False,,2024-05-10 06:23:18
P1527W,belljohn,galvanbrooke@example.net,t*1aeEDC#%yO,Charles,Spence,True,user_professional,,False,,2024-01-18 21:17:22
U1528R,davidcox,morganlisa@example.com,+G#L2&zmz&V7,Melissa,Blake,True,user_professional,,False,,2024-03-03 09:57:16
P1528O,connieallen,marissa04@example.com,s$amQqjNvd7H,Jessica,Mahoney,False,organization_member,,False,,2024-06-20 00:21:33
U1529T,gregory51,stacey10@example.net,wNk5p0bQ#9GY,Daniel,Reed,False,user_professional,,False,,2024-05-22 18:04:30
P1529S,john07,johnstonnancy@example.org,(EDkiUyp1jdk,Victor,Hernandez,True,organization_admin,,False,,2024-03-25 19:19:17
U1530V,levinejames,yvonnegray@example.net,I2@Wq3Q7+W_e,Tiffany,Goodwin,False,user_professional,48.0,False,,2024-06-07 00:48:41
P1530K,melissa36,laura22@example.com,7pvGMpyEJ$7R,Laurie,Wiley,False,nacb_admin,73.0,False,,2024-07-16 04:54:32
U1531U,danieledwards,troman@example.com,02Es2aAC)IAX,Peggy,Morton,True,nacb_staff,67.0,False,,2024-05-08 16:02:13
P1531A,mckenziekendra,torresmichelle@example.com,4K0fqC7a+NH*,George,Turner,False,user_professional,,False,,2024-06-20 06:04:35
U1532L,todd98,murilloangel@example.net,05!#e2l^!wCt,Michael,Lopez,True,organization_member,31.0,False,,2024-06-12 01:29:27
P1532S,justinanderson,ewalker@example.net,Fl5)*s%a#)^Z,Karen,Lee,True,user_professional,,False,,2024-02-15 06:30:30
U1533V,ocastillo,pgarcia@example.net,LR1@6%ftuG)C,Nicole,Moore,False,nacb_admin,12.0,False,,2024-07-24 13:01:44
P1533I,angelwong,curtis54@example.com,wVOXcVbL%0zm,Tyler,Smith,True,organization_member,75.0,False,,2024-06-21 07:14:22
U1534L,hollowayandrea,jordanpope@example.net,Gw0c4XOt!w6x,Jennifer,Johnson,False,organization_member,91.0,False,,2024-07-05 05:52:36
P1534D,lowekaitlyn,brianmurphy@example.com,_p%Bx7(ezcr7,Danielle,Owens,True,nacb_admin,89.0,False,,2024-02-19 02:23:58
U1535K,robinbyrd,kendra99@example.net,*3U#tvtY5lDk,Laura,Boyd,False,organization_admin,68.0,False,,2024-07-02 10:37:37
P1535K,tamara38,mistyaguirre@example.net,dKs8x1yh(rTR,Randy,Hunt,False,nacb_staff,,False,,2024-07-13 01:24:03
U1536J,edwardelliott,natalie92@example.com,vtxJj)FQ^7gz,Elizabeth,Rivera,True,organization_member,33.0,False,,2024-04-11 15:32:29
P1536M,tdominguez,xbrown@example.com,&@#&0Ctr_Ts3,Carla,Hill,False,organization_member,2.0,False,,2024-07-24 14:39:46
U1537J,isabelking,hectorwarner@example.org,s8H$ucnNcLGO,Nathan,Williams,True,organization_admin,,False,,2024-06-20 14:43:30
P1537U,hansenmadison,cobbandrea@example.com,%bYLUvLk)l88,Elizabeth,Cisneros,True,organization_member,,False,,2024-07-07 16:33:00
U1538F,cooksheila,deckercharles@example.com,!MCeIo@#3r%*,Ronald,Buck,False,nacb_staff,49.0,False,,2024-05-19 23:25:09
P1538V,jessica25,itorres@example.net,nU(4O1ko_w0q,Luke,Sanchez,True,user_professional,81.0,False,,2024-07-16 05:51:08
U1539T,robert98,elizabethfrazier@example.org,6@A0Q8m)1lr),Michael,Harrison,False,organization_admin,,False,,2024-07-22 19:09:29
P1539K,wilsonangela,kirsten57@example.com,CZ7QSEql6u_J,Maria,Johnson,True,organization_member,,False,,2024-05-06 09:17:44
U1540E,smithjennifer,browncarol@example.net,@1WZSpEfaEz0,Martha,Shelton,False,user_professional,,False,,2024-04-17 03:02:28
P1540J,icosta,doyleclaudia@example.org,^GfAOb^8ZO63,Michael,Flores,True,nacb_staff,,False,,2024-06-07 02:35:25
U1541G,bgardner,kristineshelton@example.net,um76XH0pOk@),Timothy,Burke,False,nacb_admin,72.0,False,,2024-04-15 18:54:15
P1541E,roy84,tracey72@example.net,2HKX4VhrV(KY,Nicole,Shepherd,False,user_professional,,False,,2024-06-20 00:27:00
U1542U,wclayton,julielawrence@example.net,E_GUS6XgHzeW,Anthony,Gross,True,organization_admin,,False,,2024-04-11 07:24:22
P1542X,courtney72,jessicaroberts@example.org,M7Tl)3iFX8r+,Summer,Brewer,False,organization_member,,False,,2024-01-17 01:30:13
U1543A,george60,linda70@example.com,!K*8j*m+j6D3,Lauren,Bryant,True,nacb_staff,94.0,False,,2024-05-29 16:15:05
P1543J,martinmargaret,croman@example.net,G_Y2S&aGIj8c,Stacy,Parker,True,organization_member,,False,,2024-07-12 22:17:13
U1544N,christyhernandez,johnsonanita@example.net,V+FMN8m3^5XX,Karen,Wells,True,organization_admin,,False,,2024-02-18 10:42:55
P1544C,edwinrose,alicia93@example.com,p8#$*&4*f6Hz,James,Glover,False,organization_admin,92.0,False,,2024-06-29 23:59:01
U1545Y,hudsonronald,maddoxcandice@example.org,G26Tn6An@Pe8,Rebecca,Drake,True,user_professional,47.0,False,,2024-05-22 08:51:17
P1545M,michellebennett,qsmith@example.org,u3yP3HNk%K&4,Richard,Gonzales,True,organization_member,33.0,False,,2024-07-23 04:21:40
U1546Y,noah09,hillpamela@example.org,W05!vzjyo%EI,Samuel,Perry,False,nacb_admin,100.0,False,,2024-02-08 00:15:17
P1546J,terri31,williamsstephanie@example.com,34)Nq*OiWy83,Sheila,Hickman,False,user_professional,,False,,2024-02-09 12:35:49
U1547W,mcguirejavier,meredith32@example.net,kzt(2EbGgAM+,Michael,Vasquez,True,organization_member,91.0,False,,2024-07-10 18:56:40
P1547O,justingibson,vargastamara@example.net,jQQLmLjBf(5p,Phillip,Santana,True,user_professional,89.0,False,,2024-06-13 08:31:59
U1548Y,melissa90,suarezjulie@example.com,uwJwRjz1j5i&,Vickie,Brandt,True,user_professional,,False,,2024-03-07 06:56:38
P1548D,breanna67,hernandezthomas@example.org,_&40O!iS(8NF,Madison,Martinez,False,organization_member,,False,,2024-06-23 07:53:38
U1549S,tranjeanette,fle@example.net,o1v&XS5AWijE,Michael,Davis,True,user_professional,,False,,2024-06-19 21:31:17
P1549X,xmcmahon,felicia96@example.org,KtD!7PNk1ecf,Diane,Rodriguez,True,user_professional,32.0,False,,2024-07-12 04:35:58
U1550M,nicole25,torresvalerie@example.org,@4_Of)5bjfor,Patty,Roberts,False,organization_member,,False,,2024-04-23 19:14:48
P1550K,ronaldpeterson,willisjeremy@example.org,$vu8awSb)G2Y,Laura,Sullivan,False,nacb_admin,,False,,2024-07-10 13:44:16
U1551M,patelchristina,luke66@example.org,S%8Dc+FldAg5,Aaron,White,True,nacb_admin,19.0,False,,2024-05-17 10:04:25
P1551E,fostertimothy,ywilliams@example.org,$1Wc2BhH)$P@,Robert,Brandt,False,nacb_admin,35.0,False,,2024-01-31 05:44:25
U1552G,toni40,udaniel@example.org,W#09G!du!oI1,Christopher,Juarez,False,organization_member,,False,,2024-01-12 10:33:39
P1552R,eschaefer,charles17@example.com,!5W2gIY98xDE,Lindsey,Petersen,False,organization_admin,60.0,False,,2024-06-24 00:42:46
U1553V,fernandezmatthew,nperez@example.org,#Y3)aDU)78U&,Justin,Brown,True,organization_admin,79.0,False,,2024-05-28 08:04:03
P1553Q,garyrobertson,kathleen86@example.net,4$z%HnheU678,Katrina,Myers,True,organization_member,90.0,False,,2024-02-09 06:14:17
U1554C,armstronglisa,alankelley@example.com,O8h1XJb&*jA3,Bruce,Knight,False,organization_member,93.0,False,,2024-06-19 06:50:16
P1554S,trevor41,salexander@example.net,ULG@f2GtxG9O,David,Mcmahon,False,user_professional,41.0,False,,2024-06-04 04:02:39
U1555D,jameserickson,kramervictoria@example.org,r*7^wcTQo1WH,Terri,Carr,False,organization_member,,True,Unauthorized access attempts,2024-06-20 11:21:57
P1555X,arodriguez,qsherman@example.org,5_8rRqil$FIn,Benjamin,Singleton,True,nacb_staff,60.0,True,Security policy violation,2024-06-20 08:38:42
U1556W,graykaren,shawnbauer@example.org,*7Dj9On*&P(t,Justin,Mathis,True,nacb_staff,,False,,2024-01-24 00:28:34
P1556P,brettjames,eric84@example.net,@3TSzVwl3ylV,Edgar,Curtis,True,organization_member,,False,,2024-04-15 00:07:54
U1557E,zchavez,pquinn@example.org,ppOiWidtR$11,Tammie,Reynolds,True,user_professional,,False,,2024-04-24 17:48:34
P1557W,margaret77,jennifer00@example.com,#5Txvrxexv)A,Amy,Craig,False,nacb_admin,,False,,2024-04-06 10:51:40
U1558J,anthonyevans,smithjames@example.net,%T!UCrKw!5%n,Keith,Carr,False,organization_member,,False,,2024-07-12 18:01:46
P1558O,ngardner,scott93@example.net,hA7XuZctCaC*,Phillip,Crane,True,organization_member,25.0,False,,2024-01-28 04:53:07
U1559H,margaret02,jessefrank@example.net,Y7fGs_ac_4sO,Eric,Franklin,False,organization_member,,False,,2024-06-13 15:36:25
P1559K,jill90,angela13@example.net,@+S&f2ekKF9a,Steve,Berry,False,organization_member,,True,Account reported by multiple users,2024-01-13 18:43:43
U1560R,daniel36,alan07@example.com,*3(I5AjHkJy&,Jeffrey,Hill,False,organization_admin,,False,,2024-01-08 23:07:40
P1560S,mcleankaren,qgarrett@example.org,*!a@MEp*Er2R,Maria,Walker,True,user_professional,48.0,False,,2024-04-10 17:50:27
U1561R,russell85,qlopez@example.net,JK@6CtQI_Ue&,Nicholas,Henry,False,user_professional,13.0,False,,2024-03-30 18:22:29
P1561N,paul38,brandon75@example.com,!^^TZdHbb9tB,Amber,Burgess,False,user_professional,41.0,False,,2024-02-04 23:16:04
U1562N,sandracarey,jesse86@example.org,Ga%8lRis6ZdA,Susan,Bennett,False,nacb_staff,48.0,False,,2024-03-25 20:31:17
P1562V,wbarnett,john02@example.net,VOC1xU4V!6#e,Carmen,Wilson,False,user_professional,,False,,2024-03-08 14:33:22
U1563Q,robertsonann,victoria82@example.net,iqAWdy#w$4kA,Samuel,Strickland,True,organization_member,,False,,2024-02-06 15:56:20
P1563Z,kristinedixon,baileyangela@example.com,uXFjBikGc(8r,Donna,Benson,True,organization_member,,False,,2024-05-24 09:20:19
U1564A,gary60,greenmaria@example.com,0l5VfHjC%k&T,Yolanda,Ellis,False,user_professional,27.0,False,,2024-07-01 21:59:58
P1564F,hillsara,laura08@example.net,5U8UyDBgC!HQ,Seth,Mcintosh,True,nacb_staff,44.0,False,,2024-01-22 14:11:42
U1565B,gregory39,perezbrittany@example.org,zMR^mq5gK8wX,William,Johnson,True,organization_member,,False,,2024-06-25 23:42:20
P1565Z,davisglenn,marcusglass@example.com,5!71mowI+7oZ,Donna,Wallace,True,user_professional,,False,,2024-06-14 23:29:29
U1566O,umann,ycummings@example.org,@5Xnis63_Nh!,David,Green,True,nacb_staff,,False,,2024-06-07 15:12:19
P1566B,johnny78,nskinner@example.org,Y+lH+OWeLx5R,Jennifer,Barnett,False,organization_member,89.0,False,,2024-03-29 23:05:32
U1567Z,michael29,wrightkevin@example.org,@ERXDcZtM15*,Heather,Sims,True,user_professional,3.0,True,Suspicious activity detected,2024-04-16 23:10:55
P1567D,amberschultz,corey93@example.org,$z*otNSY@95f,Travis,Carter,False,nacb_staff,26.0,False,,2024-06-01 18:02:41
U1568W,umcgrath,linda55@example.net,GUp7f)hA%6YU,Nicholas,Rhodes,False,organization_member,,False,,2024-05-09 22:24:16
P1568F,cassandra05,shahn@example.org,*73Z3VKpuoeW,Sara,Anderson,False,system_admin,,False,,2024-04-29 23:32:52
U1569B,vmartinez,dparker@example.org,elN+plmA8K6N,Charles,Haas,False,user_professional,16.0,False,,2024-02-24 05:48:50
P1569P,stephenhunt,khernandez@example.net,@u0rEU2dE)ax,Emily,Rojas,False,user_professional,,False,,2024-07-17 12:48:33
U1570M,natalie38,crosbyandrew@example.com,81a@*lAj#fkS,Andrew,Gregory,False,nacb_staff,,False,,2024-04-12 15:52:04
P1570M,matthewfry,kristiekelley@example.com,9apN3Eq7z+ms,Ronald,Christian,True,system_admin,,False,,2024-05-23 13:18:30
U1571R,sortega,pmorrow@example.com,*3#qYaYv1pDn,Tracy,Brown,True,nacb_staff,99.0,False,,2024-03-15 06:18:54
P1571J,scollins,dhobbs@example.org,JBwm_7Rl&1&C,Jessica,Kerr,True,organization_admin,,False,,2024-01-17 12:10:08
U1572W,tara15,jessicaandrews@example.net,^1BMj9yv%HbG,Kelly,Austin,True,organization_member,,False,,2024-06-07 01:15:56
P1572P,steve05,jordan88@example.com,!S1Y(Zx7AFM),Mark,Frost,False,nacb_staff,,False,,2024-06-11 14:30:20
U1573X,mitchell31,melissa99@example.org,%uPX8oM7V7cZ,Tamara,Cruz,False,organization_member,2.0,False,,2024-06-20 09:16:33
P1573L,melissa73,ilong@example.net,!un0eCrv_fHc,Rachel,Mack,False,user_professional,,False,,2024-04-17 16:29:06
U1574D,roberto06,kellerkimberly@example.net,^t4MSW*dSDmL,Heather,Gonzales,False,organization_member,,False,,2024-02-27 19:35:12
P1574D,damonhernandez,roy83@example.net,&gKofkSo5Dcm,Sonya,Adams,False,organization_member,34.0,False,,2024-05-19 03:39:04
U1575N,christinahall,sadams@example.com,(o@8soaCf1yT,Felicia,Cook,True,user_professional,52.0,False,,2024-04-08 08:52:41
P1575X,andrew14,jfinley@example.net,3*2nkKXb7mO*,Billy,Thomas,False,user_professional,85.0,False,,2024-01-17 20:15:27
U1576N,anne85,christopher84@example.com,+2telErVCJB%,Dawn,Pham,True,organization_member,69.0,False,,2024-06-10 22:05:31
P1576F,mark61,manueldavila@example.com,p@6ab%PdHlfv,Kenneth,Oconnor,True,nacb_staff,26.0,True,Non-payment of subscription fees,2024-06-05 08:22:06
U1577G,jessicaerickson,xschwartz@example.net,3YA7EFglS^wg,Adam,Gonzales,True,user_professional,,True,Violation of terms of service,2024-05-28 08:33:31
P1577S,erin56,fcamacho@example.net,g2(9Tcozn&y3,Jason,Alvarez,True,user_professional,,False,,2024-06-07 08:27:22
U1578A,bartonsandra,dianaparker@example.org,n&k9Qjq%&ve2,Matthew,Jones,True,user_professional,10.0,False,,2024-07-03 09:53:34
P1578E,stevenjoyce,madisonkim@example.net,ae2N5xSS%OxZ,Craig,Olsen,False,organization_member,60.0,False,,2024-05-30 05:13:12
U1579S,arroyoronnie,dalvarez@example.com,k@3Z9Qk3j7o6,Angela,Lloyd,True,user_professional,,False,,2024-03-31 03:21:38
P1579T,sarah89,ilarson@example.com,V$DRSBUv^#40,Michael,Tran,False,nacb_staff,69.0,False,,2024-06-29 05:45:53
U1580G,benjamin63,mariabaker@example.net,@28%0BzZkGw9,Cindy,Gutierrez,False,organization_member,,False,,2024-01-24 12:27:50
P1580O,millsmatthew,pennygutierrez@example.org,#35bCPsJ)Cdp,Tracy,Thomas,False,nacb_staff,,False,,2024-05-18 12:39:14
U1581V,craigcarmen,laurenlewis@example.org,j*nUFnzG#r@3,Kathleen,Hansen,True,organization_member,,False,,2024-04-11 15:41:11
P1581K,josephcarroll,kcoleman@example.org,j01tRyh0(Fvn,Richard,Jones,True,user_professional,,False,,2024-06-27 23:52:16
U1582R,jon95,kelly71@example.net,m$2Bb#P+NrGF,Justin,Mullins,True,organization_member,,False,,2024-04-05 02:24:02
P1582V,alyssaryan,jensenmichael@example.net,N*10#AOtEcKB,Sharon,Sharp,False,user_professional,31.0,False,,2024-01-15 23:21:23
U1583R,bradley99,sosakenneth@example.net,(^OLvrty83#Y,Gloria,Kelly,True,organization_member,,False,,2024-03-05 03:33:17
P1583U,wellsstephanie,churst@example.net,Zid6Ls_V5n+8,Diana,Buchanan,False,organization_member,,False,,2024-03-27 20:10:30
U1584F,bevans,lanegilbert@example.com,u7synOZV!a2U,Brian,Thompson,False,nacb_admin,,False,,2024-05-11 16:40:44
P1584Z,scott02,middletoncolton@example.org,37dyLdnO@pi5,Ronald,Lamb,True,user_professional,,False,,2024-06-06 11:38:45
U1585K,blankenshipaaron,nicholasbrandt@example.com,@cH5lVw@tkiZ,Patricia,Osborne,True,user_professional,,False,,2024-07-08 13:07:40
P1585F,nicole56,rowedeanna@example.org,%6EYzosgongB,Alison,Reed,True,user_professional,,False,,2024-05-04 08:38:29
U1586R,terrycarl,andersonlee@example.org,)@7qaq&7XVVR,Michelle,Brown,True,user_professional,39.0,False,,2024-02-20 22:54:36
P1586S,robertmitchell,robersonjeffrey@example.org,+mP8@UYg_+8P,Alexandra,Morales,True,system_admin,10.0,False,,2024-05-31 15:50:28
U1587O,brandon41,jeromekelley@example.net,@2IRpeOlwyLM,Ashley,Nelson,False,organization_member,,False,,2024-07-15 14:48:16
P1587Y,lreynolds,davisemily@example.net,v8*F17_eo1m!,Eddie,Lambert,True,nacb_staff,82.0,False,,2024-06-11 23:18:07
U1588S,cherylthompson,sharon92@example.net,+(eQRa9O5bpS,Rachel,Freeman,False,organization_admin,,False,,2024-03-10 22:48:41
P1588T,elee,caseyparks@example.com,L)0L#nPYqg&J,Jody,Rodriguez,False,system_admin,54.0,True,Breaching confidentiality agreements,2024-04-11 07:07:29
U1589R,amanda30,vdodson@example.org,iM#98Mxo7m)*,Diane,Jennings,True,user_professional,,False,,2024-02-13 19:18:45
P1589B,heatherroberts,aking@example.net,)d^SfnJy)L5y,Andrew,Powell,False,user_professional,,False,,2024-04-20 01:51:32
U1590F,robert69,andrew83@example.org,Q+2#oeh0H#*F,Kayla,Vargas,False,organization_admin,83.0,False,,2024-04-14 22:16:45
P1590O,heather39,katherinewalker@example.org,rbP8V5GYi!0w,Alexander,Lewis,True,user_professional,48.0,False,,2024-03-27 23:40:23
U1591G,justin39,kimmendoza@example.net,rm@w0Wy$gE)e,Vanessa,Hill,True,organization_admin,73.0,False,,2024-06-12 17:50:21
P1591L,edwardtaylor,kirsten13@example.net,9l7@kZf$F#0B,Morgan,Garrett,False,nacb_staff,21.0,False,,2024-04-14 06:42:31
U1592J,stevenssandra,shepardmichelle@example.org,fA7j*OQzH+GH,Kim,Holmes,True,nacb_admin,1.0,False,,2024-01-07 12:26:49
P1592G,owenskevin,uatkinson@example.net,0mzj_$Hd*59X,Sarah,Smith,False,nacb_admin,,False,,2024-03-15 19:33:13
U1593V,jordanbrandon,brianafleming@example.net,JT3XNkTV)6fl,Wendy,Wilson,False,organization_member,52.0,False,,2024-05-28 11:31:03
P1593B,hbennett,ehernandez@example.com,%9EKgOkCl)1*,Joy,Floyd,True,system_admin,18.0,False,,2024-02-13 01:14:37
U1594S,lnorton,klee@example.net,FrxpTrGe4!2C,Lisa,Owen,False,nacb_admin,68.0,False,,2024-07-07 17:12:06
P1594X,katherinevalenzuela,nstanley@example.com,2+3Bve)TCMLG,Benjamin,Grant,False,user_professional,15.0,False,,2024-06-03 12:30:41
U1595C,millsmonica,gpeck@example.org,c0NonLch#mpI,Brian,Lopez,True,organization_member,79.0,False,,2024-06-29 20:45:59
P1595C,katherine71,alexanderboone@example.net,HaY!14ApAFvR,Joseph,Grimes,False,organization_member,,False,,2024-03-27 14:37:52
U1596B,louis37,aaronarmstrong@example.org,B$5K+rmhmaIK,Tracey,Crawford,True,user_professional,14.0,False,,2024-02-09 21:31:41
P1596R,hrivas,carterdebra@example.com,18+8sBc$_4Eh,Michael,Davis,True,user_professional,16.0,False,,2024-04-03 12:55:31
U1597T,vaughnmary,ruth73@example.net,X*1mohgP*@ZH,Julie,Bray,False,organization_member,29.0,False,,2024-07-03 11:01:44
P1597T,fostersusan,fmiller@example.com,!5CTIc66RaO0,William,Ellis,False,organization_member,55.0,False,,2024-07-15 18:11:10
U1598Y,dustin49,holly20@example.com,s+9a!fiRaJkR,Roger,White,True,organization_admin,,False,,2024-07-16 18:51:47
P1598A,kevin26,nicole24@example.com,*pfzPzEV3D!4,Michael,Brown,False,organization_member,48.0,False,,2024-05-13 15:32:09
U1599L,nicolehawkins,matthew28@example.net,m2r^D3Cc)k0p,Jeffrey,Nelson,True,user_professional,45.0,False,,2024-03-27 21:53:34
P1599L,aguirrefrancisco,edward21@example.net,*v_kHwrwgR4d,Donald,Armstrong,True,system_admin,33.0,False,,2024-03-18 22:06:20
U1600F,ashleysmith,chavezjacob@example.org,#rmD4COtcf1M,Scott,Moreno,True,system_admin,,False,,2024-04-04 20:20:25
P1600N,brooksgabriel,jacquelinekirk@example.com,rc6x9S+y8^@u,Abigail,Ho,False,user_professional,,False,,2024-01-28 04:18:39
U1601X,gklein,garrettwilliams@example.com,#o)7H^@k++0g,Emily,Humphrey,True,organization_member,99.0,False,,2024-03-10 02:12:41
P1601Q,scott38,lmcdonald@example.org,aR@3POkFQJ&Q,Abigail,Rios,True,nacb_staff,,False,,2024-03-28 16:08:28
U1602F,jessicapowell,jasonparker@example.net,!NEAGqKf0k%B,Stephanie,Forbes,False,organization_admin,,False,,2024-05-01 04:18:47
P1602X,caleb39,lisagonzales@example.net,!8id(V(g@PWX,Ronnie,Russell,False,organization_member,68.0,True,Use of prohibited software or bots,2024-06-22 01:26:01
U1603J,alexandergonzalez,owencarolyn@example.com,tzOLfOVz_7hQ,Janice,Clark,False,organization_admin,,False,,2024-04-03 18:48:50
P1603A,erinwallace,jessicakerr@example.com,I5eU@yBb@Yv8,Julie,Benjamin,True,organization_admin,,False,,2024-04-24 17:34:15
U1604E,deborah37,jessicasmith@example.net,%EVZKWbp82#!,Ethan,Boyer,False,nacb_staff,,False,,2024-05-07 13:28:17
P1604L,nelsonryan,dominicking@example.org,^(6C71n#b3zP,Cory,Harris,False,user_professional,,False,,2024-04-29 21:09:01
U1605Q,phillipsjamie,foxkenneth@example.com,%O%Y0jNihB5(,Cody,Ferguson,False,nacb_staff,,True,Account reported by multiple users,2024-06-05 15:20:42
P1605R,cooperjamie,thomas93@example.org,N6Hg!zo@%b+b,Lori,Larson,False,organization_admin,,False,,2024-02-20 20:52:30
U1606W,hmorris,patriciagalvan@example.net,B5f%PKoO+6T9,Kevin,Reese,False,user_professional,,True,Non-compliance with community guidelines,2024-07-08 22:14:14
P1606L,melissalopez,seancrawford@example.org,_0gs^8+6@zE4,Andrew,Perez,True,user_professional,,False,,2024-05-05 02:30:15
U1607N,slewis,matthew29@example.org,R22HKEle#01o,Alyssa,Gordon,False,user_professional,,False,,2024-03-06 23:17:12
P1607J,lisa67,wbell@example.net,8rHCdK$n@fDs,Bryan,Harris,False,organization_member,,False,,2024-04-06 21:33:58
U1608J,alicia50,james39@example.com,6(SJ_keZ^0Z$,Brenda,Flores,False,organization_member,13.0,False,,2024-02-28 18:40:43
P1608A,andrea03,michael56@example.net,7$i1D2AypXf*,Dustin,Tate,True,nacb_staff,61.0,False,,2024-05-12 23:51:12
U1609Q,krista81,john88@example.org,(523oaAdjO#o,Shane,Walker,False,user_professional,,False,,2024-06-03 04:57:50
P1609G,charrison,kmckinney@example.org,&%2WabA3yBCm,Paul,Larsen,False,organization_member,,False,,2024-01-03 22:05:30
U1610U,paul96,ebriggs@example.com,17Wp*qBu^Yt$,Laura,Miller,True,nacb_staff,42.0,False,,2024-07-11 11:30:20
P1610U,bpeterson,warren04@example.org,B&68O28eTm$W,Denise,Robbins,True,nacb_admin,,False,,2024-01-07 04:19:13
U1611Q,wandamullins,robinsonkenneth@example.net,)blLm!q@U57l,Johnathan,Todd,True,organization_member,75.0,False,,2024-03-16 21:57:30
P1611G,jdawson,millershelly@example.com,%!sI%IIeo6tU,Elizabeth,Johnson,False,nacb_staff,,True,Fraudulent transactions detected,2024-04-27 05:39:40
U1612S,jessica61,careyanthony@example.org,$7LTxBww#3vu,Eric,Smith,False,organization_admin,,False,,2024-06-24 09:00:33
P1612Y,dgarrett,santiagojoseph@example.org,3q(4XgmVWpDL,Erika,Martinez,False,nacb_staff,,True,Inappropriate content posted,2024-03-24 11:56:28
U1613D,emilyhanson,rebeccaburns@example.org,4q_JTprn&3GC,Nicole,Dixon,False,organization_member,,False,,2024-03-23 11:13:06
P1613N,vanessawalsh,joseph87@example.com,)EHK(*pmn3xa,Karen,Jackson,True,organization_member,,False,,2024-02-22 15:42:34
U1614R,myerswendy,fcameron@example.com,5kG&Ch6niATj,Adam,Mendoza,False,organization_member,,False,,2024-03-28 18:44:57
P1614X,brittany44,tanyamelendez@example.net,SewkLs$u$9F1,Jennifer,Holmes,True,organization_admin,,False,,2024-06-18 18:24:33
U1615V,jacksonbarrett,regina35@example.net,_09P4BNr6O_9,Megan,Alexander,True,user_professional,,True,Inappropriate content posted,2024-03-28 07:59:22
P1615O,jennifergray,samuelcaldwell@example.org,50ie*R@i_SiU,Kenneth,Golden,True,nacb_admin,25.0,True,Non-compliance with community guidelines,2024-01-02 04:35:19
U1616N,phansen,brookshenry@example.org,ZH$8xYQtG^BB,Teresa,Tucker,True,nacb_staff,,False,,2024-03-08 12:20:49
P1616B,nperry,hpatterson@example.net,O4E9L@uD*dQF,Allison,Kaufman,True,nacb_admin,,False,,2024-05-08 15:49:38
U1617S,krichardson,michelle23@example.org,S5XSYhbq!vTx,John,Castillo,False,organization_member,,False,,2024-01-13 18:07:09
P1617W,rhonda22,john86@example.com,8VyGpg6D*oVg,Albert,Hays,False,nacb_admin,87.0,False,,2024-04-09 14:21:52
U1618K,kjackson,kimberly55@example.net,h@CGXe%gl(7(,Jeffrey,Torres,False,nacb_admin,7.0,False,,2024-05-04 17:03:58
P1618Y,khess,wtate@example.org,@GoB8pZm5@^W,Logan,Johnson,True,nacb_admin,,False,,2024-02-02 20:19:50
U1619I,jessicabarber,thomasroberts@example.org,Egt@&uJJ)8Ui,Hailey,Farmer,False,user_professional,,False,,2024-02-01 09:33:22
P1619A,marshallmelissa,mwhite@example.com,hr6t_jCi*6iL,Miranda,Henry,False,nacb_staff,75.0,False,,2024-07-05 11:38:08
U1620S,russelllindsey,nkim@example.org,^PkAvNgrc2Kh,Jill,Kramer,True,organization_member,79.0,True,Violation of terms of service,2024-05-13 19:58:03
P1620N,russellroberts,howardolivia@example.com,BcM4RmZOyS*#,Michael,Mccarthy,False,organization_member,71.0,False,,2024-05-08 12:50:59
U1621I,seanwilson,jason04@example.org,*9oiv65Ty5S9,Evelyn,Perez,False,organization_admin,,False,,2024-06-17 03:02:16
P1621W,susanford,carrie88@example.com,s_8cumf&XiNV,Trevor,Ruiz,False,nacb_staff,52.0,False,,2024-04-24 13:54:42
U1622V,krameramy,jonathanwilliams@example.com,#$rD@llW4HyR,Edward,Wallace,True,user_professional,100.0,False,,2024-06-09 03:09:56
P1622W,edward19,nicholasblair@example.net,ET%6YqPh_rNQ,Ronald,Wiley,True,nacb_staff,87.0,False,,2024-07-09 02:09:22
U1623G,timothy97,bmiles@example.net,@x5oA8vu+@(i,Kenneth,Phillips,True,nacb_admin,18.0,False,,2024-01-07 00:31:29
P1623P,kennethhanna,hopkinsnatasha@example.net,(eNVe06md1iA,Elizabeth,Baker,True,user_professional,,True,Inappropriate content posted,2024-07-20 12:39:21
U1624O,shaffermatthew,jenniferpowers@example.org,2uCT#ISt#f36,Donna,Silva,True,organization_member,29.0,False,,2024-04-06 21:17:04
P1624H,frankmartin,bobrien@example.org,$H7Wfvo645u7,Mark,Moreno,True,user_professional,34.0,False,,2024-03-27 12:59:22
U1625Q,lbryant,matthewlogan@example.net,(_2RdQ_x(nHN,Adam,Miller,False,nacb_staff,21.0,False,,2024-01-20 10:32:36
P1625C,sandersamanda,gloriahowe@example.com,0!s*0Frry)1!,Ryan,Martin,False,nacb_admin,,False,,2024-06-06 19:06:29
U1626B,triciagarcia,rshelton@example.org,x_93a8AsWo8S,Kathy,King,False,organization_member,36.0,False,,2024-03-21 08:39:24
P1626F,webbmark,boothkaren@example.org,@WZtnVQKg6oZ,Robert,Carey,True,organization_member,,False,,2024-07-11 07:01:58
U1627I,lesliemorales,kristenthompson@example.net,Fs5GW8gnV!_1,Brian,Cox,False,user_professional,,False,,2024-02-25 14:47:21
P1627N,ujackson,bwilliams@example.com,s4kyjKoU#$Q6,Joseph,Rich,True,nacb_staff,,False,,2024-03-31 06:59:47
U1628S,mitchellcourtney,travislozano@example.com,(7)LfzvSFK4Y,Andrea,Coleman,False,user_professional,,False,,2024-01-13 12:39:37
P1628F,michelle75,omar88@example.com,lZ59zENuN$5v,John,Nichols,True,nacb_admin,,False,,2024-05-07 07:59:40
U1629N,lisawilliams,amymurphy@example.org,!NrK2HbfA3u+,Max,Clark,False,user_professional,4.0,False,,2024-01-21 01:45:50
P1629A,gailmerritt,taylorandrea@example.com,#Xt%Ngr5@6Om,Caitlin,Ross,True,organization_admin,86.0,False,,2024-01-31 22:19:15
U1630T,robincook,nataliechapman@example.org,*6(Qn1MF)baF,Kimberly,Rios,True,organization_member,68.0,False,,2024-06-08 04:32:38
P1630E,lorettahansen,katrina66@example.net,N@QbRZeHvv2E,Michael,Hammond,False,user_professional,34.0,False,,2024-05-30 08:56:35
U1631V,danny59,obennett@example.com,Xog&z5dJ+7GM,Brianna,Mitchell,False,nacb_staff,,False,,2024-05-30 23:13:12
P1631F,sonya25,mthompson@example.net,(^kkUYxYr39i,Michael,Lewis,False,system_admin,,False,,2024-04-07 10:22:34
U1632F,boylelisa,mary78@example.org,!%NjwZIXnr3X,John,Grant,True,organization_member,8.0,False,,2024-03-30 20:40:34
P1632O,simsjennifer,stephensdevin@example.com,3$0hJK_gC8&_,Devin,Kirk,True,organization_member,,False,,2024-05-08 00:59:04
U1633R,martin60,griffintammie@example.net,D5t$ST4j+j6R,Richard,Thompson,True,user_professional,70.0,False,,2024-02-17 07:11:03
P1633A,elizabethdennis,marthajones@example.net,*^Ex+BUiZ%h2,Darryl,Sherman,True,organization_member,,False,,2024-03-05 02:10:39
U1634C,thayes,juanmejia@example.com,hCNuk)ld_9m%,Daniel,Graham,False,user_professional,,False,,2024-01-02 10:42:32
P1634Y,zacharysimmons,uthomas@example.com,X1JSCG(r$PL5,Edward,Martin,False,organization_member,14.0,False,,2024-04-03 06:16:43
U1635F,christopher84,kholloway@example.net,63Po$Paj(2!e,Jason,Herrera,True,organization_member,,False,,2024-01-29 09:46:22
P1635E,kbishop,anthonyibarra@example.com,(Z%W6Xfa$Y7g,Aaron,Miller,True,nacb_staff,6.0,False,,2024-01-31 11:45:12
U1636R,benitezamy,samanthareeves@example.com,fd7$+TfuTT+Y,Amanda,Smith,True,user_professional,53.0,False,,2024-02-08 13:21:35
P1636W,jensenemily,daniel94@example.net,U!mCFmi06z63,Dillon,Ramsey,True,organization_member,,False,,2024-07-16 19:06:37
U1637X,matthewfrench,brian78@example.com,6xVOac*$yJb@,Kenneth,Jackson,False,nacb_admin,83.0,True,Suspicious activity detected,2024-06-17 00:44:39
P1637B,dawn33,cmccall@example.com,)aKzpdYf891q,Deborah,Trevino,True,nacb_staff,,False,,2024-07-14 06:42:42
U1638I,rwilson,michael34@example.net,*b4unso@00Eu,Mckenzie,Oconnell,False,nacb_admin,49.0,False,,2024-07-22 03:27:47
P1638V,nancychavez,jeffery03@example.org,8J!1jFnz+A09,Corey,Goodwin,False,nacb_staff,,False,,2024-01-20 16:30:44
U1639A,lopezvalerie,cartermichael@example.net,ElAKUjo&3r#3,Evan,Solomon,True,nacb_admin,100.0,False,,2024-04-14 23:35:22
P1639X,hollanddaniel,lynn35@example.net,jOfgXZEb$4HT,Emily,Montgomery,True,nacb_staff,,False,,2024-01-10 15:30:25
U1640Q,justin95,richard68@example.net,@lUE1FFm1tos,Michael,Gonzalez,False,user_professional,93.0,False,,2024-01-05 05:34:59
P1640Q,juliemartinez,zgarcia@example.net,1_rlxSKh3Yb9,Jasmine,Richmond,True,organization_member,,False,,2024-04-16 09:03:35
U1641Z,smcdowell,chadwalker@example.org,W9F!7mQ5MGqd,Barbara,Phelps,True,nacb_staff,26.0,False,,2024-07-22 03:06:56
P1641V,athomas,jocelyn48@example.net,)6x*gYzjBiVU,Latasha,Lyons,True,nacb_staff,98.0,True,Security policy violation,2024-01-15 15:20:41
U1642G,barbara02,uharris@example.net,^3Rel2qLnCPH,April,Green,False,organization_admin,81.0,False,,2024-02-16 12:39:36
P1642D,parkskevin,rwilson@example.com,VKdkRa$k+D8N,Katherine,Mann,True,nacb_staff,17.0,False,,2024-01-24 04:24:19
U1643Y,chasemedina,vhill@example.org,b51UEu0H@$JA,Susan,Nichols,False,user_professional,,False,,2024-01-28 17:41:36
P1643K,pthomas,christophersmith@example.com,%Lj1SgRae$cj,Lisa,Wood,False,nacb_staff,,False,,2024-01-12 08:36:30
U1644E,staffordsherry,yodonnell@example.org,^@1_*fGiN0(L,Robyn,Porter,True,user_professional,98.0,False,,2024-04-22 09:22:34
P1644X,snyderanthony,amcknight@example.net,2*8KCQxbZC(r,Kristina,Lewis,False,organization_member,89.0,False,,2024-06-05 03:56:45
U1645Z,timothy68,cynthiabishop@example.org,R8s8oF_b$r*N,Calvin,Valentine,True,system_admin,,False,,2024-06-25 03:30:17
P1645K,deborahschwartz,ann57@example.com,^7dTupV9nFCc,Robert,Hicks,False,organization_member,38.0,False,,2024-03-16 21:16:50
U1646X,awu,fjones@example.com,$cyDPgWw1$1U,Erin,Jensen,False,organization_member,26.0,False,,2024-01-28 22:09:56
P1646K,julian01,jamesrobbins@example.net,+Ub_k8vnY7U#,Teresa,Kramer,False,nacb_staff,64.0,False,,2024-01-22 00:23:58
U1647B,alexander80,seanrandolph@example.net,0T0DMjm5%1lI,Carolyn,Wall,False,nacb_admin,69.0,True,Misrepresentation of identity,2024-05-05 21:09:45
P1647K,uweaver,keithashley@example.com,Mwq!br$_2w7R,Christopher,Soto,True,user_professional,29.0,False,,2024-05-12 01:01:09
U1648R,joseph24,sherry37@example.com,xP+21BGv#*xD,Billy,Gallagher,False,nacb_admin,,False,,2024-03-06 19:54:20
P1648S,margaret96,randallellis@example.org,#Y@$t@6*^2LJ,Laura,Stephens,True,organization_member,51.0,False,,2024-03-19 10:43:27
U1649Q,cummingssusan,pvillanueva@example.com,BQ1U$bXl8_Yc,Megan,Flores,False,organization_member,57.0,False,,2024-03-03 00:17:00
P1649B,gramirez,xaguilar@example.org,4R8*Lxa&vI5J,Paula,Fields,True,user_professional,26.0,False,,2024-01-11 22:04:13
U1650F,eanderson,paula00@example.com,)3YM8Cj1_5CJ,Kevin,Walsh,True,user_professional,,False,,2024-01-24 12:52:30
P1650B,astevens,joyce23@example.com,_P6LNx1stKGI,Rebekah,Garrett,False,user_professional,,False,,2024-04-26 04:27:20
U1651W,seankane,icooper@example.org,4cW*VCCc+6lN,Daniel,Phillips,False,organization_admin,,False,,2024-04-25 17:55:34
P1651E,hbailey,chadallen@example.com,GS6aeG4K!lWi,Anthony,Mendez,True,organization_admin,,False,,2024-05-06 12:15:48
U1652X,james95,rodneykhan@example.net,)H9PFYGqr%gf,Brianna,Davis,True,system_admin,,False,,2024-03-21 06:45:57
P1652O,ubenton,foleyjustin@example.com,*1ukO748eTtV,Paula,Dougherty,False,organization_member,5.0,False,,2024-04-06 19:44:24
U1653C,ianreynolds,qbrown@example.net,_w_UWttY7Q@a,Kristina,Brown,False,user_professional,38.0,False,,2024-06-06 02:13:44
P1653W,scolon,jacksonsarah@example.net,s7$4pHXu@Q30,Patricia,Olsen,False,organization_member,72.0,False,,2024-06-16 07:10:57
U1654C,charlescarr,jack20@example.com,%9Ga4FAyNX!B,Kyle,Jones,True,organization_admin,,False,,2024-03-18 18:16:51
P1654T,nguzman,fgreene@example.com,LBBV2Bf(xs^(,William,Jones,True,nacb_staff,84.0,False,,2024-02-19 21:56:30
U1655M,stewartrachel,davidkelly@example.org,vnb*io_Dl4eO,Kelly,Frey,False,nacb_admin,,False,,2024-04-06 01:18:01
P1655N,rayala,rodriguezgeorge@example.net,#QSY3Ik5VE6h,Valerie,Higgins,False,organization_member,27.0,False,,2024-04-16 23:42:35
U1656D,richard17,schultzpaul@example.com,#qx+UxDHk4#1,Eric,Joseph,False,organization_member,99.0,False,,2024-07-03 19:27:09
P1656Z,bradfitzgerald,tracy89@example.net,IIDV#nN#^1mT,Jeremiah,Jackson,True,organization_admin,,False,,2024-02-19 03:17:51
U1657F,jerrywilliams,xhanson@example.net,*CZa&ax4s21S,Teresa,Clark,False,user_professional,,False,,2024-02-01 00:41:36
P1657O,iwilson,webercarol@example.com,k_6_P1db3%4E,Larry,Mullen,False,organization_member,70.0,False,,2024-06-14 11:54:19
U1658G,ibarker,mlopez@example.net,)&2#iW5e)4gL,Walter,Shaw,False,organization_member,35.0,False,,2024-06-07 18:18:44
P1658B,emeyers,phillip00@example.net,T+62LegcQpdr,Kimberly,Ward,False,organization_member,,False,,2024-03-22 03:20:19
U1659Q,johngordon,peterfoster@example.net,i&#^ZjKb+b4C,Jennifer,Tate,True,nacb_staff,,False,,2024-02-06 01:13:39
P1659N,mataeric,sarah41@example.org,NUtHgxU+@R9D,Susan,Smith,True,nacb_staff,86.0,False,,2024-01-02 09:48:14
U1660K,lisa30,hollandsandra@example.net,ymN&3X3ajXTv,Timothy,Mcgrath,True,organization_member,58.0,False,,2024-06-17 17:50:59
P1660G,garciajeremy,katherine28@example.net,c604)9zF&#PR,Kathleen,Wood,True,nacb_staff,,False,,2024-05-06 20:49:41
U1661L,johnsonbrandon,kristi79@example.org,fQ2UXtuOW$SQ,Laura,Horne,False,user_professional,30.0,False,,2024-02-14 03:47:17
P1661U,awang,lori00@example.org,&ro)s3IeYl!p,Mark,Meza,False,organization_member,,False,,2024-06-03 11:36:58
U1662O,henry86,sarah55@example.com,R5jsyX2j$iFr,Tiffany,Carr,True,user_professional,,False,,2024-06-02 22:00:37
P1662C,cjohnston,obanks@example.com,EGu%z4E_c0FZ,Priscilla,Carlson,False,organization_member,52.0,False,,2024-02-04 17:28:03
U1663P,maxwellallen,owoodward@example.org,@0uhfF#Ds6N^,Jonathan,Mccarthy,False,organization_member,,False,,2024-02-15 02:06:18
P1663T,xolsen,grantjanice@example.org,)om8LOtkMvs+,Curtis,Stewart,False,organization_member,,True,Misrepresentation of identity,2024-03-24 21:46:51
U1664A,kguerrero,wreyes@example.com,v3c(N7j75xJe,Jack,Perez,True,organization_member,,False,,2024-01-22 07:53:47
P1664A,yleonard,znelson@example.org,iL+Wz_dBA_07,James,Young,True,user_professional,15.0,False,,2024-01-03 09:42:46
U1665U,obeck,nicoleallen@example.org,#@OXOnaOy5ak,Andrew,Mullins,True,user_professional,,False,,2024-03-02 11:24:54
P1665F,perkinsjanice,joshuawyatt@example.org,r1u&G&5x(otf,Nancy,Joseph,True,organization_member,58.0,False,,2024-03-17 00:59:39
U1666I,annejones,barbarawilson@example.net,(8XacjlblQV8,Donna,Page,True,user_professional,62.0,False,,2024-07-13 23:42:21
P1666I,stephaniepark,josephgibson@example.org,6sCIYpqI%3Q2,Joshua,Daugherty,False,nacb_admin,7.0,False,,2024-04-14 06:15:24
U1667C,dharris,mary57@example.net,&FJ1+h5to*RA,Eric,Wagner,False,nacb_staff,,False,,2024-03-28 23:16:23
P1667J,scottknox,michellemiller@example.org,q(Q$skUlko3I,Melinda,White,True,organization_member,98.0,False,,2024-04-27 13:19:36
U1668X,jennifer68,jacksonjonathan@example.com,&q*ZHnGV5u5*,Spencer,Woodward,False,user_professional,,False,,2024-04-01 11:42:36
P1668U,dshaw,robert35@example.org,!@13TjW*CU63,Clifford,Smith,False,user_professional,89.0,False,,2024-03-24 21:02:44
U1669P,tracymorales,sanderslee@example.net,$J1dDcyQR^)C,Dylan,Taylor,True,nacb_staff,,False,,2024-07-13 21:46:53
P1669N,jeffreybutler,haroldpham@example.org,tFyUHF4bz+7!,Brian,Ho,True,organization_member,24.0,False,,2024-01-12 21:51:22
U1670O,andersonrenee,bellmary@example.com,(jT@&Tsx2WNl,Christina,Hardin,False,nacb_staff,,False,,2024-03-31 09:45:54
P1670L,gparker,rebeccamunoz@example.com,s63B_hwE^!sF,Tonya,Richardson,False,organization_member,66.0,True,Account reported by multiple users,2024-05-31 19:45:10
U1671K,david59,mparks@example.org,D!T2rI+h(W@w,Kevin,Knight,True,nacb_staff,,False,,2024-02-23 02:44:02
P1671Y,hingram,andrea74@example.org,JKpHxBVw2Qj),Diane,Potts,True,organization_member,,False,,2024-07-22 16:20:09
U1672U,dawnhamilton,briansmith@example.org,*z1WSgoy^wqC,Denise,Wilson,False,organization_member,,False,,2024-04-15 06:17:39
P1672D,lcampbell,angela66@example.org,0lJ12&iW$uyX,Ryan,Smith,False,organization_member,,False,,2024-06-25 09:09:31
U1673F,whunter,mullenkenneth@example.com,y8PWWX0D#+Rj,James,Holder,True,nacb_staff,,False,,2024-04-12 10:23:44
P1673F,jason89,benjaminknight@example.org,R@m%0OAg$j2^,Frank,Barton,True,nacb_admin,89.0,False,,2024-05-19 00:00:10
U1674F,william44,conradjose@example.net,IPi)2Ljgw+(n,Emily,Andrews,True,organization_member,94.0,False,,2024-02-09 08:33:39
P1674S,phillipsjenny,rogerselizabeth@example.com,Iy!4DqmAIxfT,Steven,Morris,False,user_professional,71.0,True,Violation of terms of service,2024-07-23 21:43:13
U1675R,amanda36,mstevens@example.org,%3g3ho*Jn7Jh,Sydney,Hanson,False,user_professional,,False,,2024-07-18 06:23:16
P1675N,theresa06,nicholaspatterson@example.org,wAqZXsQn+6_2,Paul,Baldwin,False,organization_admin,,False,,2024-03-21 18:54:26
U1676M,qtaylor,rodriguezderek@example.net,hf37pE)mus)X,Christopher,Blake,True,system_admin,,False,,2024-01-23 15:36:03
P1676R,chrisaustin,emilypayne@example.com,Q(hyN7Xoki)5,Brian,Terrell,False,nacb_admin,,False,,2024-06-20 19:01:39
U1677B,ortizsarah,thomasfields@example.org,@S6EKb90*7SC,Krista,Johnson,False,user_professional,,False,,2024-02-12 09:16:39
P1677X,alex56,donnabrown@example.com,0%d!SKQnE)5H,Duane,Cortez,True,organization_member,,False,,2024-03-24 22:50:52
U1678N,jenniferharper,emily32@example.net,_Z_FJ7OtgHU^,Luke,Cummings,True,nacb_admin,66.0,True,Spamming or abusive behavior,2024-05-08 10:07:37
P1678B,wheelernancy,linda10@example.org,^7L&JIbbQ3CL,Juan,Campbell,True,user_professional,49.0,False,,2024-07-22 11:46:35
U1679P,woodsashley,michaeldelgado@example.net,@fG1cW%4Wr2F,Justin,Porter,False,organization_member,69.0,False,,2024-07-03 21:36:00
P1679E,jacobstokes,taylorchristine@example.com,D7&)MmG93cy1,Timothy,Nunez,False,nacb_staff,25.0,False,,2024-05-11 23:45:00
U1680I,mccormicksheila,annalee@example.org,*S)0TDx06L$b,Joseph,Campbell,False,system_admin,66.0,False,,2024-05-17 11:27:22
P1680T,juan74,rjacobs@example.net,#4XV(qk%+UK0,Wanda,Palmer,True,user_professional,,False,,2024-02-21 02:45:03
U1681J,kristaboone,lisafuller@example.org,fNFWdkIi!I9n,Jason,Mitchell,True,organization_member,,False,,2024-07-03 05:31:28
P1681O,sthomas,mramos@example.net,bG_bvStDya+6,Shannon,Gonzalez,True,organization_member,72.0,False,,2024-02-12 16:43:05
U1682I,trose,alvaradodavid@example.net,$#8Lh#rR+S$j,Jeremy,Madden,False,user_professional,,False,,2024-07-02 10:51:46
P1682F,jeannedaniels,ugomez@example.com,PwP^wN869p!X,Katherine,Allen,True,organization_member,,False,,2024-06-04 16:17:48
U1683V,ogeorge,chelseapalmer@example.net,7tUT%Yav)vd4,Erin,Blake,True,nacb_staff,,False,,2024-07-10 09:23:09
P1683J,amberjackson,yblackwell@example.net,(pg(L8Rx%^4K,Zachary,Barton,True,user_professional,,False,,2024-02-07 18:37:35
U1684O,iblack,stokesjoseph@example.net,*d_XHr1u2LJz,Anne,Miller,True,nacb_admin,59.0,False,,2024-03-24 23:20:35
P1684I,sglass,xlewis@example.org,FlNVRFB&&)o3,Amy,Cruz,False,nacb_admin,14.0,False,,2024-06-29 09:45:22
U1685Y,daniellekennedy,patrickshane@example.com,ga$MHXnL&Z0W,Brenda,Wilson,True,nacb_admin,,False,,2024-07-23 03:12:25
P1685A,bali,fryerin@example.com,8**0JUkVfVp5,Kimberly,Day,True,user_professional,31.0,False,,2024-01-13 20:34:09
U1686H,cassandra08,hcortez@example.com,+j2QzOj$!Zyc,Linda,Hartman,False,organization_member,,False,,2024-01-25 12:06:35
P1686G,vmontgomery,juliemaldonado@example.com,A0Dc*OL3+wN1,Heather,Glover,False,organization_member,,False,,2024-05-29 16:26:43
U1687J,johnbaldwin,pagelinda@example.net,371RfvYr(^pA,Derek,Pierce,False,organization_member,95.0,False,,2024-02-04 13:43:31
P1687R,hrobertson,stevendavis@example.net,*!1L@T$l9DrQ,Brittany,Sutton,True,user_professional,,False,,2024-04-09 14:54:25
U1688J,ohoffman,bryangarza@example.net,@@t@rdx5K)7N,Colleen,Fields,False,system_admin,38.0,False,,2024-03-02 19:52:27
P1688T,bonniesimpson,ronaldperry@example.com,M)%xRwui_1X5,Devin,Garcia,True,organization_member,,False,,2024-04-23 17:01:01
U1689L,andreaford,ellissherri@example.com,ZL5QwyN5_+Mg,John,Williams,False,organization_member,,False,,2024-05-22 05:14:11
P1689U,leejoseph,patrickallen@example.org,bF@SOgUNwp44,Jerry,Walters,True,user_professional,1.0,False,,2024-06-21 21:02:50
U1690H,robertcamacho,molinabeverly@example.net,!6mRO4uoCVJN,Katherine,Fox,True,nacb_staff,13.0,False,,2024-01-20 04:01:58
P1690U,daviscynthia,gpotts@example.net,%aHyI2JJ$0cp,Jason,Jackson,False,system_admin,99.0,False,,2024-05-10 13:28:43
U1691K,mmullins,nmeyer@example.net,s1jMU!I2#jN$,Keith,Stanton,False,user_professional,,False,,2024-07-02 10:04:15
P1691X,james06,aprilhenry@example.org,$jiInQl_8i0&,Paul,Barry,False,nacb_staff,,False,,2024-05-11 03:38:39
U1692N,jeremiahhanna,aaron44@example.org,1@RCj!xN$37X,Christopher,Vargas,True,nacb_admin,,False,,2024-04-13 02:53:14
P1692J,cantuannette,brandon42@example.net,4sO@okwqw+4O,Crystal,Johnson,True,user_professional,3.0,False,,2024-03-06 04:39:19
U1693Z,cody39,kevinsalas@example.org,76ek@bGe@$5z,Mary,Blankenship,True,organization_admin,,False,,2024-01-24 15:06:33
P1693C,karennunez,kristina25@example.com,S093K8xa8!WH,Dawn,Foster,True,organization_member,,False,,2024-01-04 12:40:08
U1694J,pguerrero,judithweaver@example.com,3S6wNjKwN$$1,Juan,Chapman,True,user_professional,36.0,False,,2024-05-25 15:01:55
P1694V,michaelsmith,rjackson@example.net,r#!3VfbAVF_9,Lori,Mueller,True,organization_member,64.0,False,,2024-06-12 02:54:40
U1695U,jenniferboyd,vmiller@example.com,&%KniHmmH6YQ,Edwin,Taylor,False,organization_member,,False,,2024-02-07 04:07:52
P1695K,jeffmoore,christophersoto@example.net,pC1I_dwjs!ot,Stuart,Thomas,False,user_professional,10.0,True,Misrepresentation of identity,2024-06-14 22:20:22
U1696G,beckerdavid,robertwest@example.org,8W%61DoVtAsD,David,Lucas,True,nacb_admin,,False,,2024-06-23 23:02:33
P1696A,ifrey,monicarogers@example.net,HhL%VJyFyj9G,Michael,Stewart,False,user_professional,58.0,False,,2024-03-21 15:16:31
U1697C,pearsonnicholas,hwilliams@example.com,ri4jYRqbf+LN,Amanda,Dominguez,True,organization_member,8.0,False,,2024-01-01 23:17:55
P1697Z,cobbjennifer,mackenzieberger@example.com,K#t^+2WKnlf5,David,Scott,True,organization_member,55.0,False,,2024-04-16 19:02:41
U1698R,havery,gonzalezkimberly@example.org,$@0T@x8_B*90,Jason,Lopez,False,organization_admin,,True,Suspicious activity detected,2024-05-23 09:59:39
P1698W,stephenhoffman,xswanson@example.org,n*&HB#wb!M5x,David,Anderson,False,organization_admin,42.0,False,,2024-01-13 00:47:12
U1699F,dhernandez,hernandezjoshua@example.org,U7(bsq*R$!G%,Sarah,Flores,True,organization_member,,True,Harassment of other users,2024-04-13 12:19:05
P1699S,millerjames,benjamincallahan@example.com,&rUyJqQqP%N6,Toni,Stevens,False,user_professional,23.0,True,Non-compliance with community guidelines,2024-04-17 14:26:10
U1700K,smallpatrick,mannann@example.net,C6a2oDz4_Z+I,Mark,Holden,True,nacb_admin,,False,,2024-07-16 09:59:35
P1700O,richard68,joel98@example.com,4#CbDQu$*j82,Elaine,Forbes,True,user_professional,,False,,2024-03-13 20:07:05
U1701S,michael89,urobinson@example.org,H+0YpN9a!jOL,Amber,Martinez,True,nacb_staff,,False,,2024-06-06 06:08:07
P1701T,belltara,feliciabuchanan@example.net,&ol5&Coyb)pV,Stephanie,Jones,False,organization_admin,,False,,2024-02-12 20:44:23
U1702M,hholder,christy02@example.net,^gDVxR2*K7gd,Jacob,Johnson,True,organization_admin,32.0,False,,2024-05-22 05:55:41
P1702W,davidsexton,thorton@example.net,(73jEDFj74A9,Peggy,Hansen,True,organization_admin,,False,,2024-06-18 19:30:34
U1703T,pittssharon,lisaallen@example.org,aZSs9wD7#8Tr,Andrew,Bell,False,organization_admin,,False,,2024-06-22 00:40:01
P1703X,ryanobrien,john47@example.net,&54RvxRlTHm&,Shelly,King,True,user_professional,99.0,False,,2024-06-12 17:10:07
U1704R,suttonnathan,danieledwards@example.com,p1QrREVB!DAo,Joseph,Aguilar,True,user_professional,14.0,False,,2024-01-20 05:04:19
P1704I,fchang,brian75@example.org,x9nbzkM%+2Vf,Juan,Wang,False,organization_member,86.0,False,,2024-06-25 18:47:31
U1705Q,robert37,stephenhawkins@example.net,8b5O(dEu(5Yh,Jenny,Flores,False,nacb_admin,,False,,2024-03-02 22:19:49
P1705A,taylorscott,ramirezchelsea@example.net,T^EjKbG15!_1,Brenda,Bailey,False,user_professional,,False,,2024-05-09 17:54:20
U1706I,angelavelez,underwoodandrew@example.net,iD@lLhdOF)98,Ashley,Waller,True,organization_member,2.0,False,,2024-05-13 04:59:26
P1706O,jennifer74,iroman@example.net,b6FK7G*h%uzE,Brett,Morgan,False,organization_member,100.0,False,,2024-05-23 17:47:16
U1707U,jacobschneider,samantha01@example.org,wq3Im0dx@7pP,Micheal,Harris,False,nacb_staff,,False,,2024-06-23 14:25:17
P1707H,kiddduane,mark77@example.org,q9i2Kc3b$2%%,Jim,Maldonado,False,user_professional,83.0,False,,2024-02-24 04:03:58
U1708Z,courtneyschmitt,bailey49@example.net,%h0qhBAjp^X2,Trevor,Cummings,False,nacb_admin,,False,,2024-04-06 09:47:14
P1708T,jenniferowens,theresajohnson@example.com,%2g9KmZt8a^f,Crystal,Weiss,True,organization_admin,,False,,2024-06-16 02:13:17
U1709I,christopher60,david05@example.net,0r$aWXglN1o7,Morgan,Clayton,True,user_professional,79.0,False,,2024-01-17 13:22:26
P1709S,bbanks,trevor19@example.org,d!ga7Gdqi!sv,Nathan,Brown,False,nacb_staff,,False,,2024-06-26 17:02:39
U1710G,cynthia78,myersjeffery@example.com,jz+0KXkjHfx7,Scott,Romero,False,organization_admin,,False,,2024-07-22 21:01:36
P1710E,figueroamark,ogray@example.com,b9&j06Ht2oic,Jeff,Lewis,True,organization_member,46.0,False,,2024-02-29 13:43:26
U1711A,danielhardy,onealpatricia@example.net,^3_72PlEv^lZ,Tamara,Christensen,True,user_professional,39.0,False,,2024-05-27 00:12:21
P1711U,robinsonjonathan,dunndiana@example.com,_I#c5lUair@T,Robert,Montgomery,True,organization_member,,True,Violation of terms of service,2024-07-17 15:35:54
U1712I,jonesdonald,jonathan53@example.org,8&0J$Bsc*_bc,Jesse,Conway,True,nacb_staff,95.0,False,,2024-03-19 19:05:39
P1712E,thomas28,zachary70@example.org,#JiChwk4!8PL,Charles,Moore,False,user_professional,,False,,2024-04-11 00:48:37
U1713T,michaelgordon,lmcfarland@example.net,OiSb63Vj*+4O,Ashley,Peterson,True,user_professional,,True,Harassment of other users,2024-03-04 15:17:02
P1713Y,robertharris,russelldaniels@example.com,&8KxEcU_nwt!,Eugene,Williams,False,user_professional,48.0,False,,2024-05-27 05:12:05
U1714I,jodirasmussen,cjordan@example.com,uWP^ogFn&44u,Shelley,Thomas,True,user_professional,,False,,2024-03-27 23:00:11
P1714T,egreen,hornjames@example.org,1(o4Z)fc)C6o,Christopher,Beard,False,nacb_admin,53.0,False,,2024-04-22 18:29:05
U1715H,jweaver,lawrencedavid@example.com,Z43W##VC@mcY,Jacob,Page,True,user_professional,77.0,False,,2024-05-01 13:51:55
P1715O,xreid,nsmith@example.com,_rO@yRL1a0Bj,Ashlee,Griffith,False,user_professional,,True,Non-compliance with community guidelines,2024-04-09 21:47:49
U1716B,sullivanlisa,gedwards@example.net,&rsMWWrdTL%3,Douglas,Khan,True,user_professional,69.0,False,,2024-03-30 17:57:02
P1716J,jamie74,bdavis@example.net,FB8pukkrc)wA,Megan,Howard,True,organization_admin,,False,,2024-05-13 09:42:42
U1717P,davisrandy,tammycrawford@example.org,mTHMFuIht+9E,Suzanne,Black,True,organization_member,18.0,False,,2024-01-21 19:07:20
P1717E,philip63,williamsmark@example.org,%WfRAoVb*@5F,Julia,Rogers,False,nacb_admin,91.0,False,,2024-01-01 18:47:42
U1718J,sarah69,michael36@example.com,#1zDdHLUl9_B,Derek,Solis,False,nacb_staff,,False,,2024-02-19 10:51:16
P1718M,adrian17,daniel00@example.net,%5GsiOhUjBrJ,Tamara,Rocha,True,user_professional,,False,,2024-03-28 05:05:53
U1719Q,cunninghamalex,brenda44@example.com,m1AQYmx$)!)G,Matthew,Valentine,True,user_professional,,False,,2024-06-08 18:29:55
P1719D,warrenjoel,samuel04@example.com,#U2aBKTk^UOO,Amy,Sims,False,user_professional,,False,,2024-05-30 18:32:58
U1720H,leslie73,paul42@example.net,5VCmBW)U#f5k,Tracy,Collier,False,user_professional,37.0,False,,2024-05-20 21:42:09
P1720B,rdominguez,colemandonald@example.com,k8_JJa8S_WQ9,Margaret,Anthony,True,nacb_admin,,False,,2024-01-21 23:43:54
U1721N,daniel77,doylejoseph@example.net,YkT+OsRe!C0p,Nicholas,Dennis,True,user_professional,13.0,False,,2024-05-16 05:45:04
P1721Y,ashleyjones,joshua00@example.com,IES&$FoI5+3z,Sarah,Fisher,False,user_professional,76.0,False,,2024-02-23 14:28:07
U1722S,yoconnor,omorgan@example.com,^W%DCk%v7D04,James,Perez,True,organization_member,,False,,2024-07-24 11:08:36
P1722T,bridget92,ellispatrick@example.com,W$5+KTb3&rwI,Travis,Gill,True,system_admin,,True,Security policy violation,2024-06-19 05:59:43
U1723V,kristabass,brittany55@example.org,UonTM#I!!4ky,Peter,Gibson,True,organization_admin,78.0,False,,2024-07-24 07:01:21
P1723H,charles95,phillipspencer@example.com,r164GnVofL^2,Katherine,Le,True,organization_member,,False,,2024-04-24 08:01:13
U1724P,christopherblevins,ramirezmichelle@example.com,WB(47@Gb(+gv,Mark,Jones,False,user_professional,,False,,2024-06-22 23:44:23
P1724C,andrea42,jared86@example.org,*+Q2jCygxH#Q,Mario,Mueller,False,organization_member,,False,,2024-05-31 03:04:07
U1725F,stricklandtiffany,morganjames@example.com,WoJ@4hwZ*7$G,Robert,Guzman,False,organization_member,,False,,2024-07-22 05:25:48
P1725F,kylie20,debraflores@example.net,)6@Vp5Ht@AIV,Kathleen,Williams,False,organization_member,,False,,2024-04-02 20:15:50
U1726R,alexis15,janice96@example.net,^dNe(o7^7Zx6,Amy,Smith,True,nacb_admin,63.0,False,,2024-06-26 05:37:06
P1726S,fosterheidi,melendezscott@example.org,fD0^_kOp@BHB,Autumn,Crawford,False,nacb_staff,,False,,2024-06-07 05:26:53
U1727L,bradleyedward,danielpierce@example.org,)NSQ)cI&NL0+,Kayla,Charles,True,organization_admin,,False,,2024-03-12 21:43:09
P1727C,hernandezdenise,simmonsshelly@example.com,zg9MBrQ+4^x2,Amy,Barber,False,organization_admin,55.0,False,,2024-05-11 02:29:15
U1728Z,johnhaynes,shannon64@example.net,YAnMAs&y+_7+,Christopher,Torres,True,nacb_staff,,False,,2024-05-21 02:11:56
P1728J,kcox,stevenlang@example.net,R$jkpp0Z$1ER,Brittany,Beck,False,nacb_staff,,False,,2024-04-06 16:26:31
U1729H,littlesteven,anna30@example.com,SP5P^9g#OwH),Darrell,Sullivan,False,user_professional,,False,,2024-07-03 02:59:20
P1729L,hcollins,nschaefer@example.com,1IFtgoxv@WeR,Johnny,Sims,False,nacb_staff,,True,Inappropriate content posted,2024-05-27 13:56:06
U1730R,jacqueline00,ricardospencer@example.com,@rk2Lsd*&1_),Brittany,Gordon,False,organization_member,,False,,2024-05-27 06:11:02
P1730N,melissacarr,cjordan@example.net,_Z!f7WqfNC$3,Scott,Barrett,True,organization_admin,,True,Unauthorized access attempts,2024-06-26 08:16:50
U1731A,wallacekimberly,doughertyemily@example.com,x!CbdKo)xt4X,Charlene,Nelson,False,organization_member,,False,,2024-04-13 18:04:18
P1731X,kelly79,ambercook@example.net,2)FA+hSn$s5Y,Daniel,King,True,organization_member,,False,,2024-06-25 13:40:24
U1732J,charlesshepard,patricia89@example.com,8t9AUAMq&$k1,Edward,Howard,False,organization_member,83.0,False,,2024-06-27 01:00:19
P1732R,katherinecruz,joseph76@example.com,%(Xg(q#Exq7a,Dana,Morgan,False,nacb_admin,,False,,2024-04-30 14:40:53
U1733G,qtodd,qowens@example.com,e)AM@InrT@7F,Alan,Powell,False,user_professional,69.0,False,,2024-02-01 02:00:00
P1733T,greenecynthia,weaverlinda@example.org,7_Fv!c5d*bU_,Jennifer,Stevens,False,user_professional,,False,,2024-05-16 02:52:02
U1734X,qfry,kristy44@example.net,^!J5LYql#Ep7,Robert,Edwards,False,nacb_admin,71.0,False,,2024-06-19 18:49:35
P1734U,lfoster,ijohnson@example.com,18$PGMzqev6t,John,Orozco,True,organization_member,100.0,False,,2024-02-21 18:32:59
U1735K,stewartclaire,qayala@example.com,2Uw9iAp2U_p7,Tracey,Stout,True,system_admin,49.0,False,,2024-07-08 16:57:02
P1735B,davidromero,justin38@example.org,mZ8srwX2*+Ez,Kimberly,Shaffer,False,organization_member,,False,,2024-03-01 07:27:51
U1736R,jimenezsarah,aatkinson@example.com,poD!d!qI9VhI,Annette,Mosley,False,nacb_staff,18.0,False,,2024-05-29 22:55:17
P1736G,holdersteven,ashlee76@example.net,Bi8dq4$o%15j,Cameron,Jones,False,organization_admin,17.0,False,,2024-05-19 00:59:30
U1737J,oharrison,kimberlybray@example.org,SE!2!Pxg&p7b,Tanya,Campos,True,nacb_admin,79.0,False,,2024-02-12 19:26:04
P1737K,rbarker,villarrealtonya@example.org,l$9MYPa*146r,Joseph,Hines,True,organization_member,,False,,2024-03-20 09:22:35
U1738M,heathergreen,rhondaperez@example.net,(g2UTj+@3TG5,Kathy,Sanchez,True,user_professional,,False,,2024-02-22 02:24:56
P1738G,rachelhill,julie70@example.com,Q*0u3Tt#s$Jc,Brian,Johnson,False,nacb_admin,64.0,False,,2024-06-19 13:37:10
U1739P,julie47,vaughndavid@example.net,t*JPc*tmVl2N,James,Gomez,True,user_professional,94.0,False,,2024-01-23 03:56:16
P1739Y,oreed,zgibson@example.org,!XUK1yxU02J!,Mary,Knox,False,user_professional,,False,,2024-06-24 23:56:53
U1740V,gregoryjoseph,ybarnes@example.org,e_t4pBgmGR9I,Stephen,Clayton,False,organization_member,,False,,2024-01-29 07:19:26
P1740T,rkelley,melaniesnyder@example.com,h6XPz%qy_uLh,Daniel,Harper,True,user_professional,53.0,False,,2024-05-14 09:44:27
U1741O,dsmith,robertgraham@example.net,7FKeySo7#kbv,Dana,Reynolds,True,user_professional,,True,Harassment of other users,2024-05-23 03:28:33
P1741C,xpierce,williamslisa@example.org,*QVwou$c6$Pm,Deanna,Randolph,True,user_professional,71.0,False,,2024-05-09 21:24:03
U1742C,lmartinez,johnsonrichard@example.net,$3HJz&xS!1NY,George,Cruz,True,organization_member,94.0,False,,2024-02-01 19:46:20
P1742P,brian37,liunathan@example.org,#f0479W!b6Zp,Adrian,Schultz,True,user_professional,,False,,2024-04-18 17:12:29
U1743H,jesus69,nhoward@example.com,T_9HYOhfJ2N#,Denise,Johnson,False,system_admin,57.0,False,,2024-05-31 12:58:46
P1743J,parsonsdavid,dingram@example.net,S6DkFMwh$PgL,Elaine,Salinas,False,nacb_staff,,False,,2024-03-12 22:33:37
U1744F,stephenreed,emily74@example.net,62Fb*3Wf&_%*,Cynthia,Smith,False,organization_member,50.0,True,Non-payment of subscription fees,2024-01-30 15:00:56
P1744R,thomaskey,michael60@example.com,x@G#EZku^HP3,Amanda,Jordan,True,user_professional,17.0,False,,2024-04-13 14:35:07
U1745K,kevinwillis,xwood@example.org,(2G@vSB9&zWg,Brooke,Thompson,True,user_professional,18.0,False,,2024-05-25 16:27:34
P1745P,moorekarl,wallacejoan@example.org,p+($Tjq0!7h9,Ann,Moran,True,user_professional,45.0,False,,2024-03-19 05:12:40
U1746L,yhall,fowlerlatoya@example.net,_5TdVfcRc*LK,Jessica,Arnold,False,nacb_admin,,False,,2024-05-03 09:07:10
P1746T,oturner,gcooper@example.org,07*mbD1F!*WB,William,Jordan,True,organization_admin,83.0,False,,2024-04-24 04:26:38
U1747K,amckenzie,johnsoncharles@example.com,)Z^@d#oj)8xQ,Leslie,Thomas,True,organization_member,,False,,2024-01-22 05:05:59
P1747E,kathleen80,tiffanyjohnson@example.com,z1@tI7V*&9N$,Sarah,Peterson,True,organization_admin,98.0,False,,2024-01-23 05:55:41
U1748F,williamblevins,wandagarcia@example.net,)Z1CQ8^dAcGT,Kristen,Becker,False,user_professional,48.0,False,,2024-07-02 18:01:04
P1748G,tsims,jorge22@example.com,P)(7z3%rYj5K,Alyssa,Brooks,False,organization_member,99.0,False,,2024-05-24 07:25:14
U1749Z,crawfordlauren,kristin21@example.com,J(v5Kx$&AU1!,Peter,Lawrence,True,nacb_admin,49.0,False,,2024-06-14 16:45:25
P1749B,jessicacoffey,ksmith@example.org,_vaViSKre2Nh,Deborah,Smith,False,organization_member,62.0,False,,2024-03-24 02:20:27
U1750N,daniel59,fordanthony@example.org,@P4P2vxY%Yl%,Kara,Frazier,True,nacb_staff,,False,,2024-07-03 18:35:06
P1750V,thomas48,martinezkelly@example.org,)BqikHWx6m2J,Brian,Davis,True,user_professional,75.0,True,Inappropriate content posted,2024-02-23 19:22:52
U1751U,mckinneyjeffrey,jessica06@example.net,@zMtZE!$95Wj,Susan,Meyer,False,organization_member,,False,,2024-05-13 16:29:59
P1751H,steven56,bondnicole@example.com,!6WmWco2)rdY,Sara,Kim,False,organization_member,,True,Violation of terms of service,2024-02-24 17:37:48
U1752P,marisa55,jhughes@example.net,I_I9H@RdRaF3,Dana,Reese,False,organization_admin,,False,,2024-02-11 01:17:56
P1752F,michael71,ckim@example.com,Q(6U&clwVN33,Jeremy,Powell,False,organization_member,,False,,2024-01-11 09:06:25
U1753T,glenn14,jameswilliams@example.net,G040Jd0i$4uq,Jill,Yang,False,organization_member,26.0,False,,2024-05-31 08:43:36
P1753B,gmorales,robertsdiane@example.com,yb!gDs)J&n4o,Melissa,Gray,False,organization_admin,,False,,2024-02-01 18:14:25
U1754N,amann,parkerchristina@example.com,!0DNiCJpxmcJ,Amy,Hendricks,False,organization_member,,False,,2024-04-30 04:04:24
P1754B,hcobb,edward37@example.org,2*k6LqBxMe+*,Chase,Patton,True,nacb_admin,,False,,2024-07-15 00:50:35
U1755N,morgan05,taylortodd@example.net,GZ48#SkCe*!O,Kristin,Meza,True,nacb_staff,,False,,2024-07-12 08:29:19
P1755Y,cdavis,kurtevans@example.com,iQ*1Le8!6FHn,David,Soto,False,nacb_staff,,False,,2024-07-09 11:01:34
U1756A,obrown,hdaugherty@example.com,e(mXRYdtV&2H,Linda,Cox,True,organization_admin,,False,,2024-04-25 23:29:24
P1756L,garciaalexis,anthonycruz@example.net,I1YuL6ky$VSp,Caleb,Thomas,False,nacb_staff,,True,Inappropriate content posted,2024-01-08 13:42:11
U1757K,allison94,mcgeejeremiah@example.net,$6aU2DTzXxP7,Christina,Flores,False,organization_member,79.0,False,,2024-07-09 02:55:42
P1757I,cookdavid,rburgess@example.net,S9!q@2Yx!PS@,Bethany,Cohen,False,system_admin,,False,,2024-02-29 17:54:06
U1758C,waltersdenise,belinda78@example.net,4I6Zj#84X_5V,Natasha,Hill,False,nacb_admin,66.0,False,,2024-03-08 10:22:29
P1758E,cohentiffany,chavezeric@example.org,_I1Y*X)i^b5Z,Tina,Freeman,True,user_professional,45.0,False,,2024-01-19 07:29:27
U1759L,anthony34,morrisonmatthew@example.net,3qW8%MHa_7KF,Mary,Green,True,nacb_staff,,False,,2024-01-31 22:20:57
P1759Q,elizabethlane,marissa80@example.com,@%X9_2VziI@7,Adrian,Roman,False,organization_member,36.0,False,,2024-05-16 20:49:21
U1760S,patrick12,hernandezashley@example.org,Gz0BNXLQY*bj,Cynthia,Burton,True,organization_member,,False,,2024-05-07 17:52:51
P1760K,vharrison,cory19@example.com,_7%YAAGb(TS0,Kimberly,Delgado,True,organization_admin,64.0,False,,2024-03-01 21:27:08
U1761T,mitchellmegan,leslie27@example.org,@4DErXBI0Mit,Kristi,Hill,True,user_professional,30.0,False,,2024-03-02 15:06:59
P1761E,kathyjackson,nparker@example.net,w2Gf7Qu7@q(Q,Vernon,Mccoy,False,user_professional,,False,,2024-07-20 12:13:04
U1762X,natashaallen,krobinson@example.org,+d8zNtZh&9$k,Corey,Jackson,False,user_professional,,False,,2024-06-25 15:10:00
P1762N,powellshawn,bsantiago@example.com,^6AJ2uD1T_AM,Yolanda,Williams,False,user_professional,,False,,2024-07-20 03:47:51
U1763M,jorgemccullough,davisryan@example.org,o_Hv(uTf!Z8r,Mathew,Tucker,True,user_professional,,False,,2024-07-24 12:58:14
P1763N,kyoung,vschmidt@example.com,iC06XlmG_JJz,John,Cruz,False,organization_member,16.0,False,,2024-04-04 06:57:30
U1764K,mejianatalie,thompsontrevor@example.org,zLGA%b(e71K%,Matthew,Jackson,False,organization_member,70.0,False,,2024-04-11 23:23:01
P1764R,qjenkins,valerie84@example.org,8uQK2AOvV^NG,Brian,Petty,True,user_professional,38.0,False,,2024-03-14 16:09:35
U1765M,kevinmoran,christophergarcia@example.org,M8EVl^*j%zGG,James,Bowen,True,nacb_staff,62.0,True,Spamming or abusive behavior,2024-04-16 00:43:36
P1765R,prodriguez,william28@example.com,(4iCFpdC!#QS,Sarah,Jones,False,organization_member,25.0,False,,2024-02-19 18:26:06
U1766G,steven34,reynoldsthomas@example.net,+L#RO2Bg4JDb,Shawn,Scott,False,organization_member,,False,,2024-03-31 17:24:46
P1766G,jesse58,katieroberson@example.org,9j#$^0eZ!2HJ,Bryan,Hughes,True,user_professional,,False,,2024-02-18 04:41:55
U1767L,taylortara,bryantucker@example.net,m&1RVnb)h#QC,Hannah,Martinez,True,nacb_admin,74.0,False,,2024-05-17 18:31:51
P1767O,zachary78,marc50@example.com,s*1@7hiz@$Hj,Ruth,Conrad,False,organization_admin,42.0,False,,2024-06-02 13:26:38
U1768V,fross,william50@example.net,%JIL6zRHS3Ut,Melissa,Wilson,True,organization_member,68.0,False,,2024-02-23 03:32:22
P1768M,rodneyhughes,lauriehickman@example.net,^4Y38Qw6XKqg,Vicki,Robinson,True,nacb_admin,,True,Account reported by multiple users,2024-06-12 01:30:22
U1769U,ocampbell,michelle86@example.net,9eSIX0zM13t*,Scott,Ray,False,nacb_staff,94.0,True,Non-payment of subscription fees,2024-05-29 21:13:50
P1769P,morrisonchristopher,elizabethwilson@example.com,@y$Sz@wy!s6^,Tyler,Wood,True,user_professional,,False,,2024-01-29 20:18:56
U1770U,victoria97,johnsonsamuel@example.net,wblJXmHC#41M,Tom,Chase,False,organization_admin,87.0,False,,2024-05-29 12:20:20
P1770E,stephensoncharles,vlopez@example.com,^5V$W4itr1WW,Joshua,Williams,False,nacb_staff,54.0,False,,2024-01-01 12:39:42
U1771N,wallen,james88@example.net,Aj1ffFIjS_dO,Tony,Stuart,True,nacb_admin,67.0,False,,2024-03-06 17:49:10
P1771Y,johnny31,walter60@example.org,+gPi^tL3&6%G,Tanya,Brady,True,user_professional,86.0,False,,2024-01-18 05:22:51
U1772A,john49,snyderrhonda@example.com,@GQgCr9)z#T9,Jonathan,Jones,False,organization_member,19.0,False,,2024-04-29 18:54:31
P1772I,michaelchristian,brian24@example.net,R@QGY+cO&U1R,Kyle,Compton,False,user_professional,,False,,2024-03-26 09:32:46
U1773Z,jacob29,kimberlyschaefer@example.com,$7BTNpeg)Cm$,Christina,Raymond,False,user_professional,84.0,True,Account reported by multiple users,2024-02-05 07:48:36
P1773R,vmcintyre,joann95@example.net,l9!oS%PffaQ5,Stephanie,Colon,False,organization_member,,False,,2024-02-22 11:34:29
U1774H,jlambert,renee74@example.org,!40+E*M2iHFY,Ryan,Brown,False,organization_member,15.0,False,,2024-06-07 18:35:52
P1774I,rbell,dcarrillo@example.org,+0Y_ldMtk^Nz,Paul,Oneal,False,organization_admin,,False,,2024-06-18 21:20:58
U1775W,johnsontravis,tonyawood@example.com,P$snWEl)hZy9,Victoria,Allen,False,organization_admin,57.0,False,,2024-01-24 17:03:01
P1775F,ashleymorales,ericbishop@example.net,%ac*QK(s^1)L,Rebecca,Duffy,False,organization_member,,False,,2024-01-05 23:10:57
U1776Z,eric25,ryan53@example.com,g4+VbMH_+JNH,Randy,Robertson,True,organization_member,34.0,False,,2024-07-09 15:02:24
P1776Z,hannahbryant,afarmer@example.net,%02QBJrt^S$u,Amber,Gates,True,user_professional,100.0,False,,2024-01-03 04:58:57
U1777S,jamie52,miguelsantos@example.net,ICO%%15ay*i^,Michael,Chase,True,organization_admin,,True,Account reported by multiple users,2024-02-14 20:26:15
P1777Q,javier83,rickywebb@example.org,rVu2CZu$%YKD,Christine,Collins,False,nacb_staff,63.0,True,Unauthorized access attempts,2024-06-29 18:53:07
U1778R,colealyssa,griffinwilliam@example.org,UsAuxnVh^^2V,Mark,Jordan,False,organization_member,,True,Use of prohibited software or bots,2024-06-04 03:28:20
P1778G,adam54,nicole55@example.org,%3@l$*cawAr&,Christopher,Munoz,False,organization_admin,49.0,False,,2024-05-04 09:06:37
U1779Q,dickersoncarlos,jamie52@example.org,@(&a^$BaH844,Joshua,Crosby,False,user_professional,26.0,False,,2024-01-24 21:10:49
P1779U,santoskaren,stevengomez@example.com,TNE9SW*d#73V,Sally,Kane,False,organization_admin,77.0,False,,2024-02-13 12:03:47
U1780R,brian59,vmunoz@example.org,!cgBkyBZ7*Nq,Shannon,Roberts,True,organization_member,,False,,2024-02-03 21:30:43
P1780Q,jhendrix,jane02@example.org,gISowEOz!6^t,Stephanie,Montes,False,organization_member,,False,,2024-05-23 04:40:36
U1781V,jacobblack,rodriguezangel@example.net,mV_TAbKf$g6U,Paul,Smith,False,nacb_staff,8.0,False,,2024-01-19 02:21:03
P1781L,pmiller,toddkatherine@example.org,!7X5eLsI2MY%,Thomas,Davidson,False,nacb_admin,90.0,False,,2024-01-17 04:42:50
U1782Z,evelynmitchell,dsmith@example.org,IpW1C5t#P+E(,Carmen,Davis,False,organization_member,,False,,2024-04-14 22:29:29
P1782A,amy15,davidadkins@example.org,mW2JVwowi&*!,Alyssa,Johnson,True,user_professional,53.0,False,,2024-06-29 03:51:41
U1783F,joseph01,estewart@example.org,qFL@juU+0hLT,Ian,Logan,False,organization_member,47.0,False,,2024-02-24 11:49:44
P1783O,anthonysanchez,xhudson@example.org,&qWqC9xRn1yI,Alexandra,Miller,False,nacb_staff,,False,,2024-01-13 21:11:01
U1784D,ereyes,jeffrey30@example.net,_Ks8(+d1GcRY,Robert,Chambers,True,nacb_staff,60.0,False,,2024-06-02 06:57:18
P1784U,jonathan42,karenfox@example.net,0FB5kZuIPB*p,Michael,Gonzalez,False,nacb_staff,79.0,False,,2024-02-01 12:57:40
U1785B,oliverkatie,tiffany11@example.com,&6$+cp6j!QWQ,Matthew,Singh,False,user_professional,,False,,2024-02-23 15:25:47
P1785J,chamberscolleen,rhondarhodes@example.net,Z!1P&nk*Bc0+,Timothy,Jackson,False,organization_member,,False,,2024-01-27 23:40:22
U1786Q,randyrichmond,andrea68@example.com,_U5YvrZF*7b^,Christopher,Turner,False,organization_member,93.0,False,,2024-04-24 02:20:32
P1786Z,frusso,wellsdanny@example.com,11COfVUj@h0S,Amber,Scott,False,organization_member,66.0,False,,2024-01-14 11:37:03
U1787R,patricia51,jennifer93@example.org,d06+_qR97%^V,Joseph,Dyer,True,system_admin,,False,,2024-06-01 08:03:27
P1787M,wendyorozco,astephenson@example.org,Wh*QaFhngTT8,Todd,Flynn,True,user_professional,44.0,False,,2024-04-20 04:34:05
U1788N,ryan48,abrown@example.com,^9YI+jpt(0rN,Chelsea,Reyes,True,organization_member,56.0,False,,2024-01-14 00:33:03
P1788T,kennethgomez,latoyaritter@example.org,o5YkkaWr^Q3E,Tina,Leach,True,organization_admin,,False,,2024-05-24 15:32:35
U1789K,jordanwalters,fcarter@example.net,@PP&pUslHP0F,Jessica,Rose,False,user_professional,53.0,False,,2024-07-18 00:50:53
P1789D,diana52,fpatrick@example.com,$8AC4UcgCHOV,Angela,Brown,True,organization_admin,,False,,2024-06-15 08:51:25
U1790D,mariabarnes,johnhughes@example.com,7G4&zIUX!gol,Bradley,Copeland,True,user_professional,99.0,False,,2024-03-07 02:28:01
P1790E,xperez,christinajacobs@example.org,PiZ+^$lBY3VS,Wendy,Adkins,False,organization_member,64.0,False,,2024-05-24 09:02:22
U1791V,toddnicole,kbaldwin@example.net,%)4(TooUFe0#,Anthony,Young,False,organization_member,,False,,2024-07-03 14:09:02
P1791Y,nicholedixon,curtis69@example.net,Uoc8u9^+*IRo,Billy,Meza,True,nacb_staff,,True,Account reported by multiple users,2024-02-14 01:19:34
U1792R,patrickjames,james74@example.com,+eDxLA1u5U50,Brandon,Gould,True,nacb_staff,,False,,2024-05-03 18:29:45
P1792S,uwilliams,michaeltaylor@example.org,5AMoQZku^p!3,Michael,Edwards,False,user_professional,,False,,2024-01-11 12:12:51
U1793W,tchurch,paul87@example.com,2S(Wfk2F2^5O,Chelsea,Walker,True,user_professional,62.0,False,,2024-04-28 09:03:57
P1793C,zjones,kenneth04@example.com,Wq8wJhrK!5VY,Ethan,Barber,True,nacb_admin,82.0,False,,2024-04-26 09:53:32
U1794X,stevengray,donnastone@example.com,yYu#dEzm@dU4,Cassandra,Parker,False,nacb_staff,51.0,False,,2024-04-10 07:41:52
P1794D,hdavis,robert78@example.com,c7h)0SmW&CrK,Jonathan,Watson,False,organization_member,,False,,2024-01-15 23:29:51
U1795U,paul89,ginakelley@example.org,@Y5jK+zYSydX,Nicole,Harris,True,organization_member,70.0,False,,2024-04-03 17:10:17
P1795P,berryalexis,aliciafernandez@example.net,8^0CLugD!FYS,Carol,Russell,True,organization_member,93.0,False,,2024-04-18 21:24:34
U1796L,sarah42,michelewalker@example.com,D5kAtOH7)07e,Allison,Robles,True,nacb_staff,71.0,False,,2024-01-26 19:34:41
P1796P,ohenderson,contrerasjoseph@example.com,P7N#Yh@4%zVJ,William,Green,False,user_professional,,False,,2024-06-20 17:32:58
U1797P,nataliegordon,fwelch@example.net,)+4OqcuXPt6G,Erica,Bailey,False,nacb_admin,43.0,True,Multiple failed login attempts,2024-03-09 20:00:45
P1797T,danielmiller,woodsmark@example.com,#6Tt9PlFNEYj,Amy,Howard,True,organization_member,,True,Multiple failed login attempts,2024-02-04 21:14:35
U1798S,ortizrebecca,ogentry@example.org,3$%(ZluL)gsD,Richard,Day,True,organization_admin,43.0,False,,2024-05-16 17:07:33
P1798E,hadams,kelly75@example.com,%p9w*0NsiVRY,Jacob,Nelson,True,organization_member,86.0,False,,2024-05-15 21:46:26
U1799I,vanessabrown,poolejose@example.com,pjnCwa$3)6Pj,Christina,Stephenson,True,nacb_admin,,False,,2024-06-06 02:06:23
P1799V,hwhite,inewton@example.net,^^59rfKe0Ry7,Ashley,Wilson,False,nacb_admin,85.0,False,,2024-03-18 09:15:08
U1800U,erinmccoy,andersoncarrie@example.net,p%b54Nu#kVl5,Mary,Carter,False,organization_member,88.0,False,,2024-06-19 14:29:21
P1800Z,rickyingram,bradleyshelby@example.net,BsPZ7kfSx)64,Amanda,Davidson,True,organization_member,9.0,False,,2024-01-27 15:37:57
U1801K,jasonmills,evargas@example.com,_mG0$YKj^SF),Christine,Patrick,False,organization_member,,False,,2024-02-10 08:15:52
P1801Y,pobrien,laurajohnston@example.net,#7pm3M+v#J3q,Benjamin,Rodriguez,False,nacb_staff,36.0,False,,2024-06-20 17:22:00
U1802Y,ryanrichards,greenerichard@example.com,&54QvpX4qKi7,Dawn,Wright,True,organization_member,,False,,2024-07-14 08:21:47
P1802Q,wdrake,victoriahill@example.net,^a3#EgYxs9VL,Matthew,Manning,True,nacb_staff,42.0,False,,2024-05-13 00:34:07
U1803F,pyoung,lindsaydurham@example.net,&l+ZXjGvgi8Y,Jenna,Martin,True,organization_admin,47.0,False,,2024-02-09 01:17:03
P1803Q,curtistamara,amanda11@example.net,$4$sStFwx7NA,David,Powell,False,user_professional,,False,,2024-02-20 16:00:43
U1804Q,stanley48,nelsonronald@example.com,Ij5fs7IqK@i8,Brian,Leonard,True,user_professional,65.0,False,,2024-02-07 11:52:06
P1804K,sullivandavid,benjamin59@example.com,xeA&lI_i*8Mi,Patricia,Soto,False,user_professional,,False,,2024-03-23 18:10:30
U1805U,emmaward,melissa99@example.org,R)9&#Z*e@ge!,Susan,Carpenter,False,user_professional,,False,,2024-07-13 23:34:38
P1805D,adriana95,amy86@example.net,(+VJgUslb86o,Daniel,Pacheco,False,organization_member,29.0,False,,2024-07-03 23:10:35
U1806T,brandonhicks,campbelljason@example.net,I5_$dAm%c9HI,Madison,Sanchez,False,organization_member,,False,,2024-04-10 08:04:59
P1806N,melissa56,kmoody@example.com,Z4^dJq&J%(3H,Mallory,Mccoy,True,organization_admin,25.0,False,,2024-03-08 20:45:43
U1807A,joelvaldez,chavezcaleb@example.net,1V3J0dDvhn_8,Christopher,Thomas,True,user_professional,62.0,False,,2024-02-26 06:27:55
P1807O,jbrown,nsilva@example.org,!B)QqZ@f+a8h,Jennifer,Hayes,True,user_professional,93.0,False,,2024-03-22 18:31:15
U1808D,traci94,lthomas@example.org,&9yKZJFMaiRq,Christopher,Yang,False,user_professional,20.0,False,,2024-02-17 05:20:22
P1808S,rita26,josephferguson@example.com,8C)_&1Zi@(B*,Nathan,Rodriguez,False,organization_admin,32.0,False,,2024-07-02 18:01:17
U1809H,christinaknox,longeric@example.org,+LC77EFoXBrA,Cameron,Green,False,organization_member,,False,,2024-07-19 15:39:26
P1809U,watersjames,trivera@example.com,5yF#2uT#nZwi,Ryan,Giles,False,organization_member,,False,,2024-06-22 03:22:09
U1810C,kristin60,ismith@example.net,_BVE@K4n^0Ks,Alicia,Lam,False,organization_admin,,False,,2024-04-14 09:08:41
P1810D,ssullivan,kingmichael@example.org,15I6@Sfe^fu%,Amanda,White,True,organization_member,31.0,False,,2024-04-16 04:30:03
U1811H,millerphilip,douglasjordan@example.net,gS^aBj36!3W$,Anna,Fisher,False,nacb_admin,43.0,False,,2024-01-22 04:45:54
P1811P,vmay,amberlambert@example.net,&S70Pi%qrQfZ,Mark,Williams,True,organization_member,25.0,False,,2024-01-22 00:51:48
U1812L,rodrigueznatasha,vroberts@example.org,%5n^d$7uOz1A,Haley,Turner,False,organization_admin,88.0,False,,2024-07-07 05:19:30
P1812N,anthonyamy,ryanestrada@example.net,(7qNKq_3&XP1,Julie,Gibson,True,user_professional,,False,,2024-04-20 15:17:03
U1813S,wchavez,dmorgan@example.net,rRb8cmKnoz+V,Bryan,Reese,True,system_admin,99.0,False,,2024-04-16 03:39:04
P1813H,cesarpeterson,wilsonkelly@example.net,^_!UhxL&B5vt,Jeff,Sweeney,False,organization_member,33.0,False,,2024-06-13 11:25:35
U1814E,wilsonchristopher,smithmichael@example.org,+Cp7kk+w*TxZ,Dennis,Krueger,True,organization_member,69.0,False,,2024-02-12 21:18:48
P1814Z,ariana39,edwardhughes@example.com,)mb3ysMhg87P,Angela,Goodman,False,user_professional,26.0,False,,2024-03-19 13:59:26
U1815J,david78,michael46@example.net,y814fdjT&P(Z,Jonathan,Evans,True,user_professional,,False,,2024-04-11 15:05:29
P1815B,gonzalezjulian,hillcarrie@example.org,#95AZUss3Ixo,Melinda,Miles,False,organization_member,62.0,False,,2024-01-17 05:06:48
U1816J,jacksonlarry,vicki15@example.org,aCyU#a8E+AF7,Kelsey,Walton,True,user_professional,37.0,False,,2024-04-03 16:09:44
P1816U,jamesmartin,jasonburns@example.org,!)8R+i5Z!#$%,Angela,Williams,False,system_admin,76.0,True,Non-compliance with community guidelines,2024-07-14 06:37:40
U1817I,whitejennifer,ystevens@example.com,YiNx@S^$!8Dc,Yesenia,Poole,True,user_professional,,False,,2024-03-23 04:26:53
P1817J,lbrock,georgehernandez@example.org,(T6WNE1iyaIH,Tracey,Davis,True,user_professional,,False,,2024-06-19 18:19:31
U1818O,shannonmoss,grantheather@example.com,vU_0LKguiesq,Steven,Gomez,False,organization_member,,False,,2024-02-23 17:50:51
P1818Y,jonathan80,lwhite@example.org,B%6bXDwuATKf,Paul,Wilkins,True,user_professional,,False,,2024-07-10 03:40:49
U1819N,hendrickserica,ramirezkelly@example.org,iXgpUPyiAR*0,John,Nelson,True,system_admin,53.0,True,Misrepresentation of identity,2024-06-19 03:12:07
P1819X,shepardronald,fisheraustin@example.com,)6BStbVzg$S0,William,Perry,False,organization_admin,100.0,False,,2024-04-14 20:02:00
U1820Q,nhayes,hannah23@example.net,Y*8OvfegZ_4&,Karen,Mckenzie,False,nacb_admin,89.0,False,,2024-07-17 09:16:19
P1820D,wendyhansen,delgadoclayton@example.org,_CDRBxm#8d(2,Shelly,Beck,False,user_professional,,False,,2024-06-07 13:34:43
U1821A,griffinaustin,michael43@example.com,+a4EairyX$7a,Christopher,Santiago,True,organization_member,92.0,False,,2024-03-21 02:59:21
P1821K,hubbardkara,psanchez@example.net,hd9Twz08($m+,Rachel,Dalton,False,organization_member,,False,,2024-07-24 13:07:20
U1822U,ravenlarson,kennethpierce@example.org,b#6mxHxl)F!p,Rose,Velez,False,organization_member,48.0,False,,2024-07-09 17:14:32
P1822Y,bmorris,clarkseth@example.net,Py_9Xh#d!bEN,Shelley,Brewer,False,organization_member,54.0,False,,2024-06-14 04:52:46
U1823F,davidhopkins,josephpatton@example.com,7dBWvZvn#17#,Kerry,Weaver,False,nacb_admin,,False,,2024-02-15 03:38:36
P1823I,michaeljordan,rshepherd@example.net,o0S4l$H^+US6,Taylor,Parker,True,user_professional,50.0,False,,2024-02-04 10:58:09
U1824Z,bonillaaaron,thomasjackson@example.com,$oqL6P6vKV6@,Megan,Harrington,True,system_admin,,False,,2024-03-27 00:21:23
P1824G,james51,julieatkins@example.org,pkhDTljqc_8Y,Peter,Wallace,False,user_professional,,False,,2024-02-26 15:38:34
U1825H,cortezamy,brooksdeanna@example.com,^30Lt3Lt7n_C,Nicholas,Savage,False,user_professional,85.0,False,,2024-07-23 08:39:07
P1825W,morgan21,jaime99@example.com,61P0lj%C*@ZF,Krystal,King,False,organization_admin,,False,,2024-07-24 01:11:15
U1826T,grantgregory,glenn00@example.org,%exa&WubP7do,Ashley,Marquez,False,user_professional,,False,,2024-04-28 10:12:15
P1826H,charles49,michael60@example.org,Z2r)IllW!1*X,Heidi,Mccall,False,organization_member,63.0,False,,2024-02-13 23:44:26
U1827R,kirsten15,harrisnicole@example.net,wm22Y9X5^^Qz,Nina,Rivera,False,nacb_staff,,True,Multiple failed login attempts,2024-02-21 02:20:21
P1827U,sandra61,gary89@example.org,yXYuZQnk!1KQ,Michael,Riddle,True,nacb_admin,7.0,False,,2024-04-08 12:48:15
U1828J,ellishannah,danielle08@example.com,O(XtkO4n$1Fi,Lisa,Sullivan,False,organization_member,,False,,2024-03-03 10:23:44
P1828Z,sarahwalker,plopez@example.com,Qw99Eb^85!LQ,Sherry,Graves,True,organization_admin,,False,,2024-02-03 06:16:03
U1829Q,susan04,stephen39@example.net,_7AdO+ozc!US,Taylor,Hernandez,False,organization_member,,False,,2024-01-10 22:43:10
P1829N,abigailhall,pmorgan@example.org,FL94Czcyq!UN,Joe,Moore,True,organization_member,30.0,False,,2024-02-20 10:37:40
U1830S,pooledavid,suzanne51@example.com,$Mj@1Utsbqh%,Ashley,Scott,True,user_professional,,False,,2024-04-20 22:45:28
P1830E,ibowman,stephanie30@example.com,L#7TifHnjxoL,Rebecca,Bell,True,nacb_admin,,False,,2024-07-12 09:13:52
U1831T,robert38,jmalone@example.com,0w3785Eh!u4y,Barbara,Larson,True,organization_member,,False,,2024-05-05 17:16:11
P1831P,cunninghamholly,marthaharris@example.com,x50^IlM7)8M2,Yolanda,Walker,True,organization_member,48.0,False,,2024-05-08 08:55:42
U1832W,garrettandrade,leemckee@example.net,L$o4KYzx7L#),Justin,Hill,False,organization_member,57.0,False,,2024-02-29 15:55:05
P1832R,molinaanthony,robertsshane@example.com,%W9LIjfcFo)),Johnny,Massey,False,system_admin,,False,,2024-06-18 03:55:40
U1833E,ryanthomas,lewisnancy@example.net,A2+6HFlk!AbG,Laura,Powers,False,nacb_staff,,False,,2024-03-23 03:18:05
P1833X,kristinwilliams,moyeramy@example.org,%qsbiQM2C8CI,Sarah,Mathews,True,organization_member,49.0,False,,2024-04-30 19:17:57
U1834Y,cheryl87,andreagomez@example.org,_Lp6vc6fq0DH,Robin,Roberts,True,organization_member,,False,,2024-01-08 19:30:31
P1834L,solismaria,lindsey10@example.com,%l6XsEyJs+ZU,Lawrence,Richards,False,organization_admin,98.0,False,,2024-01-30 19:46:07
U1835Q,zbaker,bonnie31@example.com,#aRvhOV$#0LI,Ryan,Mathews,True,user_professional,78.0,False,,2024-03-31 15:31:06
P1835A,stewartheidi,owhitehead@example.net,49()c32p%_H5,Holly,Williams,False,system_admin,,False,,2024-05-09 14:47:20
U1836T,martin44,qbrooks@example.net,lhD8Qyc^I*X7,Nathan,Thomas,True,organization_admin,53.0,False,,2024-03-11 06:21:44
P1836R,diazbonnie,stewarterica@example.com,&U4)xYrrb^yE,Michael,Terry,False,organization_member,,False,,2024-02-23 14:31:52
U1837P,kimberly58,charlenegarcia@example.com,h+MBP^LnkD4t,Charles,Lee,False,organization_member,58.0,False,,2024-02-23 17:57:41
P1837K,ijimenez,dlewis@example.net,@H3$UNnjM5ci,Valerie,Myers,True,user_professional,93.0,True,Violation of terms of service,2024-05-22 22:43:40
U1838M,bschneider,kprice@example.org,+O9ZEyP$4pd3,Leonard,Flores,False,organization_member,,False,,2024-05-19 21:24:04
P1838N,meaganholloway,carrolljohn@example.com,Ks*s4y+yX8X&,Natalie,Smith,False,organization_member,,False,,2024-03-25 06:24:00
U1839Z,williamsashley,portiz@example.net,Pem9LNujA@@F,Kathleen,Gomez,False,user_professional,,False,,2024-02-17 14:28:17
P1839H,jeremypatel,gregory95@example.com,Z_C6uyMo%fiy,Julia,Erickson,True,system_admin,,False,,2024-03-11 00:45:50
U1840F,khines,andrewsricardo@example.net,347OfSgn^YWD,Alexander,Melendez,False,user_professional,,False,,2024-06-02 12:43:26
P1840S,aprice,kevinbryant@example.org,*n1kD7Ol+5OJ,Richard,Middleton,False,organization_member,,False,,2024-02-27 23:09:50
U1841M,jenniferleonard,stewartsarah@example.org,et8S)a2V+nlM,Mariah,Reynolds,False,organization_member,29.0,False,,2024-04-04 15:28:31
P1841K,palmercory,perkinsalejandro@example.com,*4HysJY^diNR,Linda,Henry,False,user_professional,54.0,False,,2024-04-29 17:27:56
U1842U,jeffrey98,fshaw@example.org,$(vUH+nI)p7Z,Justin,Neal,True,user_professional,,False,,2024-06-27 22:25:50
P1842V,mcbridemichelle,vfuller@example.org,ZEZF7fHz@jEY,James,Brown,False,nacb_staff,38.0,False,,2024-03-05 02:56:15
U1843F,harperjared,ortizchristopher@example.net,!6TbM*SqXkkd,Kristina,Guzman,False,nacb_admin,95.0,False,,2024-07-13 23:09:39
P1843E,ywise,mramos@example.net,bWAXXntWy_N3,Rachel,Cox,True,nacb_admin,,False,,2024-06-06 15:58:53
U1844E,lopezlinda,craigkathleen@example.com,g7mKit$B)fS6,Justin,Welch,True,user_professional,,False,,2024-01-11 07:34:51
P1844A,matthew33,twarren@example.org,#gEDiDnLV0eW,Rebecca,Marsh,False,nacb_staff,,False,,2024-07-21 09:13:57
U1845V,leonardlisa,srodriguez@example.org,6172_v7ux)LS,Philip,Hunter,True,user_professional,46.0,False,,2024-05-22 00:47:48
P1845I,claudiaburns,brandon99@example.net,^X)**mqrvI7W,Alexis,Rogers,True,organization_member,93.0,False,,2024-02-15 01:27:53
U1846R,michellemorgan,yanderson@example.org,^_aRqCq37r9H,Lindsey,Nunez,True,user_professional,47.0,False,,2024-06-03 08:52:07
P1846J,bfox,bridgetwilson@example.org,9i6KQ6tYg!0D,Erica,Wilcox,True,user_professional,,False,,2024-02-10 03:33:48
U1847Y,patriciacaldwell,areynolds@example.net,Q(#7bJXq3G4Z,Benjamin,Singh,True,organization_member,75.0,False,,2024-05-14 21:49:59
P1847X,rodgersjames,wmcguire@example.org,vzn^VpfQf&2C,Angela,Murphy,True,organization_member,9.0,False,,2024-03-02 11:59:32
U1848B,hwilson,dorothywilliams@example.net,%x2BWhvZ(dMG,Anna,Wood,False,nacb_staff,,False,,2024-05-20 18:11:04
P1848W,barnesvincent,jodyyang@example.org,3LX^0k5Sz5!n,James,Brown,False,nacb_admin,69.0,False,,2024-05-29 03:54:27
U1849S,washingtonheidi,pflores@example.net,B!E*Tyot#$6R,Jennifer,Ramos,True,nacb_staff,31.0,False,,2024-02-01 02:44:27
P1849J,barrynicole,brandycastro@example.net,&8SduTcIer2W,Sandra,Miller,True,organization_member,,False,,2024-01-06 12:37:45
U1850Q,mooremitchell,todd91@example.com,zPZ0Xd5k4)P0,Paul,Williams,True,organization_member,92.0,False,,2024-07-22 05:40:15
P1850M,jesus98,whitejeremy@example.net,vPk)q$f!@x1K,Alexander,Scott,True,nacb_staff,,False,,2024-07-23 01:22:38
U1851M,cookmaria,rhenry@example.org,V0Q5Xvz8!!I#,Donald,Smith,False,organization_admin,48.0,False,,2024-03-08 11:48:03
P1851U,walkerjason,rowlandsandra@example.com,Zb6RyAd!A+i2,April,Stone,True,organization_member,6.0,False,,2024-04-02 15:36:15
U1852C,browncharles,tgonzalez@example.com,_7QZSIeQA6)q,Michael,Jones,True,organization_member,,False,,2024-03-07 12:41:50
P1852C,wwilliams,xaustin@example.org,2tu^qeV+%$CJ,Margaret,Austin,True,user_professional,65.0,True,Fraudulent transactions detected,2024-01-04 19:06:33
U1853T,elizabeth10,lparker@example.org,+ldXfFbBIJ+0,Michael,Taylor,False,organization_member,,False,,2024-04-16 13:09:01
P1853M,denisegood,pmiller@example.com,4_a8Zd^8mU_4,Jamie,Brown,True,organization_admin,,False,,2024-01-07 20:51:15
U1854M,robertbrooks,ncopeland@example.com,_3MI*_M&yGwe,Michael,Graham,False,nacb_staff,,False,,2024-05-22 05:23:12
P1854K,ryanmckenzie,mary42@example.org,cjj$1TAH(8zI,Ashley,Hickman,True,user_professional,,False,,2024-01-31 18:47:41
U1855D,joseph84,thompsonjohn@example.org,(4lZ1aqw6ypC,Leah,Smith,True,nacb_admin,,False,,2024-02-09 06:26:33
P1855D,qsimmons,kfernandez@example.net,O!D%j!ZE3c0i,Leslie,Murphy,False,organization_admin,,False,,2024-04-17 15:44:34
U1856O,frankmyers,brianna44@example.org,c#U18osA#E1%,Jonathan,Mcgee,True,organization_admin,37.0,False,,2024-06-24 02:18:00
P1856H,kroach,fowlersean@example.com,2DDLhdu3+1uU,Matthew,Brown,False,nacb_admin,82.0,False,,2024-03-11 20:27:48
U1857S,laneronald,adam27@example.net,+xO!!T%FC1EM,John,Collins,False,nacb_admin,,False,,2024-05-13 12:01:34
P1857Z,saunderseric,tshepard@example.net,5(1EeZ701@YJ,Andrew,Cortez,False,organization_admin,,False,,2024-07-01 16:20:54
U1858X,jay79,luke44@example.com,_OBCKWad*183,Kyle,Hall,True,organization_member,,False,,2024-03-28 10:13:59
P1858E,sandra73,mpowell@example.com,z(ccjEr)oeK2,Shirley,Hernandez,False,nacb_staff,,False,,2024-01-05 12:44:09
U1859K,nicole17,cmckee@example.com,+Qf+mdDs+!4X,Nicholas,Gutierrez,False,organization_admin,,True,Fraudulent transactions detected,2024-01-23 14:06:06
P1859J,fwhite,christine92@example.com,w*2V*^rt+k04,Steven,Cooper,True,user_professional,,False,,2024-05-09 07:45:01
U1860G,michaellove,smithsusan@example.org,(BSursd926Te,Melissa,Mason,True,organization_member,,False,,2024-04-25 21:35:32
P1860O,tanyaevans,dawnortega@example.net,+M6HYdgzMlW0,Richard,Moore,False,nacb_admin,23.0,False,,2024-02-23 09:08:00
U1861H,briannunez,christensenmarissa@example.net,%3$^&0$g5wT1,Cynthia,Johnson,False,organization_member,76.0,False,,2024-02-06 23:25:53
P1861P,carrollmallory,xgomez@example.net,8F(Ihoyw)fXE,William,Noble,True,organization_admin,,False,,2024-05-26 16:04:21
U1862G,ashleybrown,sweeneystephen@example.net,UU*3Cspup3Sv,Kristi,Thomas,False,organization_member,,False,,2024-03-25 01:44:39
P1862K,dthomas,reedmike@example.net,7&*LTboS%6qg,Jennifer,Ashley,False,nacb_staff,28.0,False,,2024-01-04 16:09:34
U1863H,danielle31,nataliecollins@example.net,$3KfD@k2fxuT,Beth,Hicks,True,organization_member,89.0,False,,2024-01-12 19:19:07
P1863F,justinstevens,antoniotorres@example.org,!B)ERxOpsN2(,Amy,Parsons,False,user_professional,28.0,False,,2024-06-28 12:45:46
U1864B,samantha80,yorkbrandon@example.net,)Qu36KjZmr3l,Jason,Campbell,True,user_professional,,False,,2024-06-10 03:52:47
P1864Q,joycerebecca,xfisher@example.com,l*FQMLUwBM&7,Amber,Garner,False,nacb_admin,,True,Non-compliance with community guidelines,2024-07-09 23:07:42
U1865L,peggy38,arobinson@example.org,Uz$JCmsl*r3a,Breanna,Nichols,True,organization_member,,False,,2024-07-17 22:35:57
P1865X,joshua91,warddouglas@example.com,QGoI93Tq)*xT,Aaron,Harris,True,user_professional,14.0,False,,2024-04-28 17:57:06
U1866M,nconway,logan26@example.com,(#1Wrte2+YUZ,Nicole,Porter,False,organization_member,25.0,False,,2024-01-07 14:02:31
P1866R,guerraerica,higginserica@example.org,ms%2(Rtrh%4a,Becky,Shaffer,True,organization_member,80.0,True,Security policy violation,2024-04-19 09:51:28
U1867T,anthony63,vhubbard@example.com,XB!5rWwwD$i1,Donna,Miller,True,user_professional,,False,,2024-06-15 05:24:54
P1867N,callahanjonathon,ryan84@example.net,lV2*4KohE)3Z,Andrew,Conrad,False,organization_member,78.0,True,Violation of terms of service,2024-02-21 15:51:24
U1868G,jennifer97,melissa62@example.net,y+&8v_XmT8W*,Jay,Grimes,False,user_professional,44.0,False,,2024-07-03 01:42:34
P1868G,tylerconner,halelaura@example.net,)1Yj1rC6YQ#E,Andrea,Shepard,True,user_professional,,False,,2024-06-04 06:10:06
U1869D,jeanoconnor,bakerrobert@example.net,YH_p12Cf@_zm,Jennifer,Schwartz,True,nacb_admin,15.0,False,,2024-03-26 12:26:26
P1869Y,david13,ndavis@example.org,r4yPQ5Sc8a*B,Christine,Norton,True,nacb_staff,,False,,2024-06-13 03:23:57
U1870F,benjaminball,abigail77@example.org,)5zA(eTv5eLv,Chad,Hunter,False,organization_admin,,False,,2024-06-29 06:42:13
P1870Y,nicholsbilly,david45@example.com,3A0@Sjw&V86V,Julie,Davis,False,organization_member,,False,,2024-05-21 22:23:57
U1871T,carrmatthew,susan86@example.com,^4KdOr5d4z5@,Ashley,Wilson,False,user_professional,88.0,False,,2024-06-10 07:53:52
P1871H,elizabeth71,montgomeryjohn@example.net,g1PW^4we%5^$,Beverly,Ford,False,organization_member,,False,,2024-07-13 06:42:13
U1872Y,jonathan32,baileybrooks@example.org,_YlOq(ft8viU,David,Padilla,True,nacb_admin,85.0,False,,2024-03-25 01:03:08
P1872V,taylorjessica,dixonmatthew@example.org,F(kTMdapzm7@,Carrie,Decker,False,organization_member,,False,,2024-05-04 07:47:39
U1873R,gwalton,michael37@example.org,_VJa1lY8Y2)2,Justin,Doyle,True,user_professional,,False,,2024-01-04 07:41:35
P1873T,xburton,elizabethalexander@example.org,Vc0pCpIWF$T%,Elizabeth,Rhodes,False,organization_admin,12.0,False,,2024-05-27 20:00:21
U1874L,ewells,tracy18@example.net,t%6r7Cyjx4ft,Allison,Dean,False,organization_member,,False,,2024-01-05 15:06:05
P1874N,stephaniebarnes,drakemelanie@example.com,%juEoaQVO8eT,Sarah,Pope,True,user_professional,,False,,2024-06-27 09:43:40
U1875T,richardrussell,ricky69@example.com,6jh2dQ%K#!9W,Heidi,Martin,False,nacb_staff,,False,,2024-07-08 08:03:25
P1875S,xcurry,cheryl65@example.org,^iyi*Lsud81D,Kara,Johnson,True,organization_member,62.0,False,,2024-03-05 11:02:28
U1876I,samanthadavenport,ashley69@example.org,QCdi9*La#Pxi,Kelly,Reed,True,nacb_admin,13.0,False,,2024-02-25 14:59:05
P1876J,robert68,carlosleonard@example.net,+zxDPCC#(5Ot,Heather,Garrett,True,organization_admin,43.0,False,,2024-03-31 20:50:39
U1877B,ramirezjennifer,kathleenhernandez@example.org,L7h3TmzKr*eQ,Samuel,Holmes,False,user_professional,,True,Misrepresentation of identity,2024-04-06 15:48:43
P1877P,maymaria,toni78@example.org,U+*G!0JluluP,Jennifer,Payne,False,user_professional,,False,,2024-06-23 12:47:56
U1878A,suzanne21,stacy57@example.net,0xwLIQ&f_3b$,Anthony,Gonzalez,True,user_professional,100.0,False,,2024-05-18 17:03:48
P1878Z,qbrown,melissa69@example.org,A0(0Vbch&r!0,Ann,Brown,True,nacb_staff,77.0,True,Breaching confidentiality agreements,2024-01-17 15:46:25
U1879G,lauralee,nkoch@example.net,*q4ZT#lt)97r,Laura,Henderson,False,user_professional,,False,,2024-05-19 03:32:12
P1879M,xmejia,ywilson@example.net,*1wWG3gbCB$$,William,Parsons,True,user_professional,,False,,2024-05-18 03:02:19
U1880F,alambert,smanning@example.org,)%xZV3Ajj%4y,Brian,Johnson,True,nacb_staff,26.0,False,,2024-06-03 06:46:07
P1880D,kathleenhill,leslieking@example.net,&QMAR@*hs9SO,Matthew,Johnson,True,nacb_staff,49.0,False,,2024-05-07 00:58:48
U1881I,sheila04,brianmendoza@example.com,O^c(*tLtnc3),Scott,Ross,True,organization_member,14.0,False,,2024-05-25 00:12:31
P1881G,warddavid,alexandracooke@example.org,Ch8R+pK7K#oV,Nathan,Jones,False,nacb_staff,73.0,True,Suspicious activity detected,2024-05-09 18:17:05
U1882P,hhall,christopheralvarado@example.com,BqM3Y@ai$0ik,Angela,Morales,False,organization_admin,22.0,False,,2024-05-24 17:33:10
P1882I,rickbaker,zachary36@example.org,cnc&gGfD%ON4,Tracy,Torres,False,user_professional,,False,,2024-01-24 20:41:45
U1883W,williamvargas,anthony21@example.net,N9OZHSr0q!9G,Sandra,Walker,True,organization_member,,True,Misrepresentation of identity,2024-02-05 17:56:49
P1883S,timothylowe,ohickman@example.com,h!6X+iL96f09,Katie,Hayes,True,nacb_staff,53.0,False,,2024-04-10 14:25:02
U1884F,steveburns,obailey@example.com,AHF7D!sA#$70,Charles,Bailey,True,organization_member,12.0,False,,2024-03-04 10:02:14
P1884R,ylawson,hodgepaul@example.org,D1Ncn!9$*IB3,Michael,Davis,False,nacb_admin,,False,,2024-02-11 07:07:41
U1885J,foxtammy,jmorgan@example.net,u^7WmTOjgE$k,Lisa,Hale,False,nacb_admin,,False,,2024-05-28 17:17:33
P1885D,joe44,michael52@example.com,@6k+sru#HVH1,John,Carroll,True,organization_member,65.0,False,,2024-07-11 16:55:15
U1886J,kimberlyhayes,leeamanda@example.net,@9fjD4Miz_$1,Erin,Brown,True,user_professional,74.0,False,,2024-02-26 00:59:58
P1886J,anthonystanton,ccampbell@example.org,vv35Tixx6_W4,Sabrina,Hernandez,False,organization_admin,91.0,False,,2024-06-30 01:21:17
U1887W,sherryfreeman,qmendoza@example.net,(8VAWZMop@58,John,Davis,True,nacb_admin,,False,,2024-02-10 05:56:25
P1887M,rjimenez,sabrinahart@example.org,P6GAH#)g)3xf,David,Wagner,False,user_professional,,True,Misrepresentation of identity,2024-02-28 23:00:49
U1888F,ishea,lyonspaul@example.net,T@dX8Ncdy0$w,Ian,Jacobs,False,organization_member,78.0,False,,2024-04-28 20:29:36
P1888F,sharon10,ulewis@example.net,o(6!ZL1o_uW1,Eric,Riley,True,organization_member,70.0,True,Non-payment of subscription fees,2024-07-04 07:44:28
U1889W,michaelnguyen,osbornemichael@example.com,_4Ja#vxdD*1e,Amanda,Tran,True,user_professional,,False,,2024-07-06 07:41:03
P1889X,andreaflores,garciafelicia@example.com,!MZ0QIf%SC7x,Wendy,Stuart,True,user_professional,97.0,False,,2024-06-24 16:40:42
U1890M,sroberson,cooperroger@example.org,2wqFOJ9j@^MF,Mark,Price,True,organization_admin,,True,Breaching confidentiality agreements,2024-03-07 07:39:52
P1890U,jacksonstephanie,wrightshelly@example.com,@p0Ck7@xsa1x,Brenda,Summers,True,organization_admin,,False,,2024-07-16 17:39:16
U1891L,sean34,pjohnson@example.net,M_Grv_P4+3v2,Jonathan,Parker,True,organization_member,68.0,False,,2024-01-15 19:07:35
P1891Z,melaniebarton,christopher35@example.com,qK4HED+v#@0Y,Adam,Snyder,True,organization_member,58.0,False,,2024-03-24 14:05:02
U1892C,guzmanveronica,devinjohnson@example.org,LmQuHwdq^r7z,Vanessa,Davis,False,organization_member,7.0,False,,2024-05-15 03:55:26
P1892Z,hinesmatthew,usimpson@example.com,$6wUGsu1TUlm,Melanie,Kerr,True,system_admin,21.0,False,,2024-01-15 05:19:09
U1893H,marvin97,stephaniesmith@example.com,#B+LO)Li&%h3,Alexa,Gibson,False,organization_member,19.0,False,,2024-05-21 09:34:30
P1893B,justinharris,obaldwin@example.com,Qt59Slg)Nff),Colin,Bradshaw,True,organization_member,,False,,2024-04-06 05:43:19
U1894B,fferguson,justin85@example.org,*L+o0GIji6_@,Jack,Anderson,False,organization_member,,False,,2024-05-05 02:07:31
P1894O,edwardparker,ynash@example.com,6nZYPhp9hi5!,Alison,Allen,True,organization_admin,,False,,2024-04-19 15:33:34
U1895X,molly61,robert36@example.org,3TDzaioCa1S),Michael,Robinson,True,organization_admin,25.0,False,,2024-06-01 03:43:06
P1895G,alvaradochristopher,qthompson@example.org,)7GC$zjx$WM$,Melissa,Peterson,False,user_professional,75.0,False,,2024-04-10 14:07:47
U1896O,matthewmedina,brittanywilliams@example.org,i1g5h0Ma)E7+,Dennis,Roach,False,user_professional,55.0,False,,2024-05-28 02:07:43
P1896R,millerchristine,zweiss@example.org,0EG0yg+F+35G,Kevin,Montgomery,True,organization_member,7.0,False,,2024-05-18 09:03:13
U1897C,barneslaurie,cscott@example.com,9J1zy@C^k!Ag,Brandon,Jimenez,True,organization_admin,66.0,False,,2024-05-18 10:09:34
P1897X,wrightrichard,angelica72@example.com,)U70QBoH&Y(G,Dylan,Price,True,nacb_staff,,False,,2024-03-16 10:56:59
U1898N,kelleyjonathan,ninagrimes@example.net,CF3Y4tE7EW8+,Mitchell,Moore,False,nacb_staff,36.0,False,,2024-04-30 06:10:06
P1898M,brownrhonda,peter06@example.net,O%r90Qpi4lmy,Jeremiah,Wright,True,organization_member,,False,,2024-06-04 01:29:37
U1899M,hprice,rrodriguez@example.org,&PnhQNZb_3F6,Yvonne,Lewis,True,nacb_admin,45.0,False,,2024-03-06 05:34:19
P1899E,debra82,scottraymond@example.com,_6mDWew^eZ3u,Cindy,Jones,False,nacb_staff,,False,,2024-05-24 22:34:26
U1900Q,stacynguyen,nataliecarter@example.org,HQ@yHoJnMI%6,Krystal,Gonzalez,True,organization_member,,False,,2024-01-03 17:29:04
P1900K,zachary32,lcampbell@example.net,c^8pSMpuoIw0,Erin,Rhodes,True,user_professional,,False,,2024-04-01 23:24:45
U1901N,charles97,jennifergreen@example.org,_c*7EAP8M)wU,Christopher,Hall,True,user_professional,,False,,2024-02-17 15:26:11
P1901U,john89,lmathis@example.com,*fJtFwKSuap3,Joshua,Noble,True,user_professional,94.0,False,,2024-07-09 19:16:51
U1902U,michaelgood,patricia34@example.org,$IM))Ulad5E7,Greg,Wu,True,nacb_staff,35.0,False,,2024-04-01 06:12:15
P1902D,connor25,kaitlynthompson@example.com,_5acG0dmUDNq,Gregg,Romero,False,nacb_staff,,False,,2024-01-24 22:13:56
U1903X,ngomez,chrisrich@example.org,+40RchjVG_E!,Robert,Drake,True,organization_member,,False,,2024-04-25 05:36:32
P1903U,pthompson,kimberly02@example.net,^UN^lO7^q2ON,Michael,Sutton,True,organization_member,29.0,False,,2024-02-17 23:36:15
U1904R,xcook,douglas74@example.net,&d^Livvbi3K9,Jose,Morrison,True,nacb_admin,79.0,False,,2024-03-07 16:03:28
P1904P,perryjustin,lucasjose@example.org,U!u$TISgin2u,Donald,Knight,True,system_admin,29.0,False,,2024-03-02 15:23:28
U1905S,brooke49,dflores@example.org,ANbH9Kd8TW#+,Timothy,Palmer,True,organization_member,,False,,2024-01-27 20:57:56
P1905B,jennymullins,vhooper@example.net,^R!lKvbW+hv0,Jasmine,Nguyen,True,organization_member,55.0,False,,2024-06-07 18:23:59
U1906Z,miranda19,davidkirk@example.org,S#&PcSXz3M4D,Clinton,Johnson,False,nacb_staff,83.0,False,,2024-06-22 03:09:21
P1906X,bob75,richard72@example.org,a5P%W9Kj^9n1,Zachary,Wright,True,user_professional,31.0,False,,2024-04-28 10:36:05
U1907V,smithtamara,kaitlinrogers@example.com,d4ICdbub&rYF,Alan,Castro,True,nacb_admin,,False,,2024-01-24 05:37:02
P1907T,angelafreeman,kimberlylopez@example.org,p+nD&z%JmG0v,Karen,Bolton,False,nacb_admin,81.0,False,,2024-05-19 05:17:44
U1908M,christinecox,martinmarcus@example.net,lS5p&SmX*dH4,Gabriel,Orr,False,organization_member,56.0,False,,2024-05-20 05:18:45
P1908X,kelly72,jacksonryan@example.net,!_76Gu$MWUEX,Alan,Wright,False,user_professional,1.0,False,,2024-06-23 03:23:05
U1909T,stevensjustin,david50@example.com,&4cejZb(vi72,Vernon,French,True,organization_admin,66.0,False,,2024-03-07 13:06:15
P1909B,danielmarshall,sherri37@example.com,0H1+Gx(e7_f3,Rebecca,Grant,True,organization_member,45.0,False,,2024-01-14 23:51:59
U1910H,sherrypratt,danielcallahan@example.org,i*u98YxE!lb0,Nicholas,Davis,False,nacb_admin,27.0,False,,2024-01-30 03:39:47
P1910H,changregory,gerald48@example.net,^R5LAbRivOpT,Barbara,Hawkins,True,organization_member,46.0,False,,2024-02-07 12:33:46
U1911R,lewistina,richardlee@example.net,!&7cfsjThf*O,William,Watts,True,organization_admin,44.0,False,,2024-07-20 11:33:11
P1911C,bryan70,mark81@example.net,)q13CKBm%Q73,Justin,Greene,True,organization_member,61.0,False,,2024-06-13 00:10:46
U1912J,christopher74,trevor40@example.org,xUXR5+NX#8tt,Megan,Davies,False,nacb_staff,19.0,False,,2024-04-19 11:17:45
P1912G,jennifer50,tashahill@example.org,7E5Eo2$q(*yP,Brian,Kelly,True,nacb_staff,74.0,False,,2024-01-24 13:44:04
U1913N,bpetersen,allenlisa@example.com,rbSxw0xv_5Ok,Clarence,Scott,True,organization_admin,18.0,False,,2024-07-11 13:05:32
P1913N,shannon67,cjones@example.org,4X_$NtUI^$A1,Gerald,Rivera,False,organization_member,4.0,False,,2024-07-15 19:04:21
U1914G,charlesbridget,thompsontyler@example.com,_2fBo@vwNcNf,Heather,Wade,True,nacb_staff,,False,,2024-03-13 10:31:11
P1914X,udodson,emily13@example.net,10#&Z+siFmBM,Colleen,Bell,False,organization_member,,True,Account reported by multiple users,2024-02-14 00:53:14
U1915J,whiterobert,eric76@example.net,A6TzBkS9^3fE,John,Miller,False,organization_member,,False,,2024-03-31 00:53:37
P1915Q,ftodd,matthewhartman@example.net,M(*P&V0eox)5,Kurt,Sullivan,True,system_admin,12.0,True,Suspicious activity detected,2024-01-07 12:49:23
U1916E,hallkyle,johnsonteresa@example.net,(@#J!qp$ed3w,Kelly,Branch,True,user_professional,48.0,False,,2024-01-21 11:13:08
P1916K,heatherwolf,mccoywilliam@example.org,)ofI8Ubm&j7A,Diane,Gomez,True,nacb_staff,40.0,False,,2024-03-30 23:26:25
U1917I,bakermargaret,edward09@example.net,_@9KP2a!(VYN,Katherine,Benson,False,organization_admin,36.0,False,,2024-01-15 14:22:39
P1917J,thomasrebecca,vmckee@example.net,_YTi_n7mKq4P,James,Holloway,True,organization_member,,False,,2024-06-21 02:48:52
U1918X,melinda82,oyoung@example.org,0#&AiPtYusF5,Jessica,Smith,True,organization_member,66.0,False,,2024-03-09 23:37:27
P1918I,deborahbaker,yperry@example.org,p6&_XSYG)ap_,Anthony,Gonzalez,True,user_professional,82.0,False,,2024-04-29 20:17:59
U1919I,brandonreed,todd71@example.com,0EZl%*lI$*tm,Daniel,Huerta,True,nacb_admin,34.0,False,,2024-01-01 08:12:38
P1919F,jessicakelly,christopherdouglas@example.net,j6dWi4bm!5z(,Michele,Price,False,nacb_admin,48.0,False,,2024-06-04 09:50:09
U1920S,dwayne04,tcortez@example.com,(8JQoW^gWAcF,Jason,Alvarado,True,organization_member,61.0,False,,2024-02-27 22:29:40
P1920H,emilylewis,mcknightmichelle@example.com,@TDm8y&IvCS9,Theodore,Walsh,False,user_professional,,False,,2024-02-12 17:15:46
U1921W,christinarogers,eneal@example.com,e!4%Yv9YxZOH,Jonathan,Cortez,False,nacb_admin,100.0,False,,2024-04-14 06:29:25
P1921R,jennifer45,fgonzalez@example.com,^DiZ9r@dJk74,Fernando,Kerr,False,organization_member,40.0,False,,2024-06-28 23:32:12
U1922Q,krystalbarker,elizabeth55@example.net,5avF85nL#Z$!,Katherine,Nelson,False,user_professional,22.0,True,Harassment of other users,2024-02-24 19:30:18
P1922B,derekdurham,erik27@example.com,eIGYYIQo$C9o,Kyle,Henderson,True,system_admin,50.0,False,,2024-03-22 07:29:35
U1923Y,derekreyes,charlesthomas@example.com,+%Pn920yX7Ab,Nicole,Adams,False,user_professional,,True,Inappropriate content posted,2024-05-28 07:55:13
P1923B,jessicaowen,cruiz@example.net,MVx3*GDr&jqi,Tonya,Walker,False,user_professional,95.0,False,,2024-04-08 02:53:44
U1924K,kathleen10,sarahharris@example.com,S@6pAQMi^D(1,Daniel,Hubbard,False,user_professional,48.0,False,,2024-07-08 00:35:12
P1924A,candicelee,bnovak@example.net,0rToIIja#8zu,Carla,Jordan,True,user_professional,12.0,False,,2024-06-13 06:16:22
U1925U,angelwatkins,qcameron@example.org,3SJCh%Xi_3)E,Thomas,Byrd,True,nacb_admin,,False,,2024-03-11 22:16:39
P1925W,robert31,nrobinson@example.org,$Y9#@jgr1G3L,Brian,Parrish,False,nacb_admin,,False,,2024-01-22 22:03:00
U1926T,john49,fwilliams@example.com,ujWN)pqo_P1d,Amanda,Turner,False,system_admin,56.0,False,,2024-02-13 20:52:36
P1926W,maynarddale,vincent08@example.net,tw$J@DLuxN0c,Dana,Bell,True,organization_member,99.0,False,,2024-02-04 12:58:38
U1927Q,jamessimon,jenkinswilliam@example.org,$&dsk5FlV4KI,Madison,Kirk,True,organization_member,13.0,False,,2024-07-02 12:34:11
P1927V,jennifer75,courtney63@example.com,%&1EvtFt04u&,David,Jordan,True,organization_member,25.0,True,Suspicious activity detected,2024-03-10 19:12:53
U1928B,jasonanderson,heather29@example.net,xKKbj4GlHe%B,Zachary,Guerra,False,organization_admin,78.0,False,,2024-04-14 14:39:03
P1928D,kelsey78,christopher07@example.org,gnU)0YwSj+Pn,Chad,Jordan,True,user_professional,64.0,False,,2024-06-20 10:40:39
U1929M,david68,michael75@example.com,$q6lW!dhd%WA,Ryan,White,False,organization_member,,False,,2024-05-31 17:08:54
P1929A,catherine65,torresmichelle@example.com,KMx!Im4Z$HI4,Jennifer,Robinson,False,organization_member,,False,,2024-07-04 07:03:16
U1930I,brittany11,ashley24@example.net,kfM*4UqH^xs9,Jerry,Simmons,True,nacb_admin,,False,,2024-05-20 16:46:51
P1930U,csimmons,matthewwilson@example.net,_hi8BtBl(_nD,Karen,Gonzalez,True,organization_member,41.0,False,,2024-02-27 19:13:38
U1931A,royzimmerman,stevenbarnes@example.net,!ktVyXRik$%5,Nicole,Lopez,False,nacb_admin,,False,,2024-01-22 02:17:50
P1931B,michael11,ortizchristina@example.com,a67Qk@Zb&ch),Todd,Russell,False,organization_admin,,False,,2024-02-23 04:05:02
U1932Q,skramer,clarkmercedes@example.org,od@s8HfN3XdV,Shane,Marshall,True,organization_member,,False,,2024-07-22 03:00:20
P1932D,kennethreyes,tylerdoris@example.com,nvuM7KvVprm$,Evan,Odonnell,True,nacb_admin,61.0,False,,2024-01-04 05:30:51
U1933T,ambermckee,jacqueline25@example.com,^2Et*oXNKL#S,Patrick,Wilson,False,organization_member,,False,,2024-05-07 09:48:42
P1933C,lcole,williamsbrittney@example.com,4SFy1$vblA#K,David,Miles,False,user_professional,,False,,2024-07-12 07:31:26
U1934W,hblevins,debra99@example.net,W9N9HxU(@SQm,Joshua,Kim,True,organization_member,,False,,2024-07-19 05:54:02
P1934P,scottmoore,dwright@example.org,8_dHuHUlgR3r,Susan,Singh,False,nacb_staff,,False,,2024-03-20 12:08:15
U1935E,thomasemma,rrangel@example.com,G8mlF4N!&LT*,Darryl,White,True,organization_member,7.0,False,,2024-06-18 06:48:01
P1935N,hperez,darius42@example.org,82HfJ(fr)rAf,Dennis,Savage,False,organization_member,,False,,2024-01-02 01:08:34
U1936O,william89,millerbrian@example.com,_+7Pl&rvTud7,Robert,Fernandez,True,user_professional,,False,,2024-01-07 15:33:34
P1936X,davismelissa,robertdean@example.org,$XFgXQ+w_C6H,Paige,Foster,True,organization_member,19.0,False,,2024-01-14 11:56:32
U1937G,rachel62,karenking@example.com,0LGKD@*f(15G,Jacqueline,Scott,False,user_professional,51.0,False,,2024-03-24 04:06:50
P1937E,brooksamanda,stephanie26@example.com,^8XhRL5kG(v_,Scott,Ortiz,True,nacb_admin,84.0,False,,2024-04-07 18:15:22
U1938J,khudson,victoria62@example.com,Fs7Y_SBW&3Ws,Olivia,Medina,True,nacb_staff,20.0,False,,2024-01-11 16:24:29
P1938Z,walshkelly,shaneshannon@example.org,b*^x@WpP&lT9,Meredith,Arnold,True,system_admin,5.0,False,,2024-06-24 00:29:43
U1939G,jodithompson,rodriguezadam@example.net,N8Ylv+1J*r&E,Barbara,Lewis,True,organization_admin,,False,,2024-03-30 13:36:35
P1939W,davidmiller,catherinebyrd@example.org,!i7OAwbxO%Qp,Brittany,Delgado,True,organization_admin,,True,Account reported by multiple users,2024-02-29 06:37:09
U1940X,sullivanmichael,kayla54@example.net,&SCJeo)Zw%9p,Anthony,Weaver,False,organization_member,78.0,False,,2024-04-04 20:03:30
P1940T,dhoward,dannylee@example.com,!9OPs23e+MI3,Thomas,Richmond,False,organization_member,,True,Account reported by multiple users,2024-06-17 04:48:06
U1941C,denisehammond,cynthiakelley@example.com,KeLx5vZn$D4V,Sandra,Jones,False,nacb_admin,,False,,2024-03-01 14:00:43
P1941E,caitlin27,smithjennifer@example.com,FF7AeJea6)@D,Michael,Anderson,True,nacb_admin,,False,,2024-04-20 13:54:32
U1942D,jenniferlewis,costamatthew@example.net,_mkXolU+5f2$,Stephen,Perez,False,user_professional,,True,Multiple failed login attempts,2024-01-29 03:38:55
P1942B,jacksonbrian,matthewwalker@example.net,d48+CvAiX$@B,Matthew,Butler,False,nacb_admin,72.0,False,,2024-05-10 10:28:57
U1943O,davismark,kristina68@example.com,xjOa&8aO)7zB,Cindy,Cardenas,True,organization_admin,25.0,False,,2024-03-25 06:05:19
P1943V,josephmiller,valerie65@example.net,^s8j&A!6%9IE,Mark,Reyes,False,organization_admin,40.0,False,,2024-06-04 14:58:13
U1944E,erica99,kevinpope@example.net,0(Cykqgc+4O6,Melissa,Franco,False,nacb_staff,,False,,2024-07-06 07:08:39
P1944K,andrew79,curtis91@example.org,Jc6)jo^*+Z4D,Kevin,Bruce,False,user_professional,28.0,False,,2024-04-02 07:07:32
U1945I,graveserica,bauertravis@example.org,aCPTon^j&0qr,Thomas,Green,False,organization_member,,False,,2024-01-29 11:04:02
P1945G,garnerjessica,tinalutz@example.net,apPP6Ng2^E5C,Casey,Paul,True,nacb_staff,,False,,2024-06-03 08:15:01
U1946O,joshuataylor,wspencer@example.net,_06iF*op9#8V,Willie,Parker,False,user_professional,20.0,False,,2024-01-10 21:49:57
P1946U,joneserik,victor95@example.net,^9a$Obm+*&1w,Eric,Edwards,False,nacb_staff,,False,,2024-05-12 20:09:16
U1947C,hhenry,robinsonjason@example.org,+DR8$3XnJ(kb,Katherine,Gomez,False,nacb_staff,,True,Account reported by multiple users,2024-07-15 08:51:59
P1947G,qmoore,grace03@example.com,9^5unxkDJ9JT,Amanda,Simmons,False,user_professional,56.0,False,,2024-05-04 01:13:41
U1948D,iblanchard,cynthiataylor@example.org,I$1YgBr1*4H9,Jose,Gibson,False,user_professional,91.0,False,,2024-02-07 15:23:17
P1948H,rebeccawilliams,anthonygutierrez@example.com,4u@e2WlXO$tc,Ronnie,Garcia,False,organization_member,40.0,False,,2024-07-02 08:10:59
U1949G,mguerra,ophillips@example.org,@&7CUkt(PO+K,Christopher,Evans,True,organization_member,,False,,2024-03-25 02:05:40
P1949J,brian36,dlee@example.org,*LB2zDLsIv4G,Ryan,Butler,False,nacb_staff,70.0,False,,2024-07-14 22:41:28
U1950K,smithamber,john34@example.com,vu5^PHgsAlPC,Melinda,Reyes,True,organization_admin,73.0,False,,2024-05-16 19:18:09
P1950Y,ureed,annethomas@example.org,&@^rZhmvo3vP,Thomas,Sellers,True,organization_member,57.0,False,,2024-04-17 06:30:27
U1951Q,philip68,patriciasmith@example.com,@3dUasZz1M)2,Patricia,Smith,True,organization_member,,False,,2024-06-26 19:36:15
P1951K,harriskaren,idrake@example.org,@Q(Zxh5Oec8L,Jennifer,Powell,True,organization_member,,True,Multiple failed login attempts,2024-05-07 11:16:39
U1952I,marqueztravis,florespeter@example.net,p$2L1gp2wtK%,James,Potts,False,organization_member,27.0,False,,2024-03-20 20:35:09
P1952Y,qhernandez,kennethmoore@example.org,qI*6Iik5i&z3,Sophia,Graham,False,nacb_staff,60.0,False,,2024-07-03 16:31:48
U1953C,zflores,cstephenson@example.net,B6OdupQ@^aJ1,Willie,Robinson,False,organization_member,,False,,2024-01-09 18:07:55
P1953F,wallacejames,crawforddiana@example.org,7&5uJFmzDM+2,Mark,Wood,True,organization_member,,False,,2024-07-16 20:10:20
U1954B,zpitts,jnewton@example.org,Ov08EQyMY%oQ,Brandon,Davis,True,organization_member,,False,,2024-02-17 00:43:29
P1954Y,veronicareed,jackie95@example.org,n@Ox1WRk(AXi,Jennifer,Morgan,True,user_professional,,False,,2024-04-07 06:37:29
U1955H,ewallace,jturner@example.com,j+2u)kxNdK0C,Alexander,Ward,True,system_admin,,False,,2024-05-13 06:22:13
P1955P,scole,loganmary@example.com,!RYpS5Ip*@ur,Peter,Schultz,False,organization_member,16.0,False,,2024-06-07 15:49:34
U1956W,robinbyrd,beckeradriana@example.org,9)^^Rbuz^+6x,Brandon,Mills,True,organization_member,,False,,2024-03-13 18:01:09
P1956W,chase00,nsummers@example.net,D&Bo_WcX&429,Christina,Brewer,False,organization_admin,,False,,2024-03-04 19:56:27
U1957S,dleonard,fnichols@example.net,#ui$9h1tZ3jR,Jason,Underwood,False,organization_member,,False,,2024-01-10 22:17:32
P1957Z,coledavid,smithheidi@example.net,9oA89UEi))Il,Devon,Scott,False,nacb_staff,36.0,False,,2024-06-09 06:46:26
U1958U,kennethsmith,nfarrell@example.org,)Vo1PgV2^_A!,Jon,Martinez,True,user_professional,,False,,2024-02-23 12:37:30
P1958X,abigail31,ncooper@example.org,m^HIH#jZ6nN0,Kara,Andersen,False,user_professional,7.0,False,,2024-04-24 17:28:15
U1959P,john75,imartin@example.org,5BMBali&*B!x,Herbert,Thompson,True,system_admin,,False,,2024-06-27 07:33:26
P1959P,doylejeremy,roberthernandez@example.org,Y$(BZI2fznn4,Sonia,Williams,False,user_professional,,False,,2024-03-24 20:30:13
U1960P,catherine42,pmorales@example.org,HrrUJh5c^U2N,Douglas,Ford,True,user_professional,63.0,False,,2024-06-23 11:40:15
P1960M,sthompson,stephenphillips@example.com,^2sSdcWV_d(!,Brenda,Armstrong,False,organization_member,56.0,False,,2024-01-22 19:05:36
U1961V,mcdanielcynthia,smithjason@example.net,M6$w0Y0mx3BG,Brian,Morgan,True,organization_member,45.0,False,,2024-02-18 09:30:04
P1961L,phyllisrobinson,cruzlisa@example.org,Es%75ChvUD%o,Cassidy,Walton,False,organization_admin,92.0,False,,2024-07-17 22:05:52
U1962Z,tammylucas,simsmolly@example.org,&zBS0lqWHd1W,Steven,Johnson,False,system_admin,17.0,False,,2024-05-06 08:38:25
P1962T,corey57,upowell@example.org,yu4(_jRBN8Gb,Donald,Hudson,False,nacb_staff,34.0,False,,2024-06-29 20:53:01
U1963Y,brownchad,tammie48@example.org,NqB8LK0p)%fK,Deborah,Mendez,True,organization_member,,False,,2024-01-14 07:17:38
P1963Y,gravesgloria,vanessamendez@example.net,!+HGxwab7778,Tracy,Cline,False,organization_member,85.0,False,,2024-03-22 15:58:05
U1964N,odavis,william95@example.net,^3YPf(MN#4r5,Jenny,Delgado,True,organization_member,50.0,False,,2024-03-21 05:10:23
P1964Q,zwells,gomezlisa@example.org,+1BBV$S5Ik4q,Nicole,Taylor,False,organization_member,,False,,2024-07-06 16:31:01
U1965Y,kimberly45,rlam@example.org,i)GUkSAb)1I7,Heather,Smith,True,nacb_staff,38.0,False,,2024-06-03 01:55:23
P1965S,christopherli,englishcurtis@example.org,@E5T7ztJMo5M,Karen,Greene,True,nacb_admin,,False,,2024-06-14 19:46:29
U1966J,petersonlinda,bwalton@example.com,%)qxWKaF#5T@,Alexandria,Johnson,False,user_professional,67.0,True,Fraudulent transactions detected,2024-05-11 23:41:26
P1966H,kelly56,jharrison@example.com,(#lm06pfxHYZ,Jeffrey,Reed,True,organization_admin,82.0,False,,2024-02-10 05:26:40
U1967O,kenneth17,weaverjason@example.com,!ZT#+(ciV7y1,Kevin,Johnson,True,organization_admin,,False,,2024-07-02 04:38:50
P1967M,ovilla,jennifer55@example.com,dh%_76Dpw*RD,Earl,Thompson,False,nacb_staff,29.0,False,,2024-01-17 05:19:59
U1968L,iwilson,hendersonchristina@example.net,K@4J%Ppt%wd7,Ronald,Pierce,False,nacb_admin,,False,,2024-06-27 13:39:11
P1968Q,jane47,kennethcarpenter@example.org,AYlKg*0N%1qz,Marie,Duke,False,nacb_staff,61.0,False,,2024-03-28 17:02:10
U1969J,stephaniewilson,peggysuarez@example.com,e*W2WsRh&wq8,Matthew,Green,False,nacb_staff,21.0,False,,2024-02-29 04:14:46
P1969H,ewang,timothy67@example.org,&06Fzu(cD&sA,Joanne,Gomez,True,nacb_staff,,False,,2024-02-01 05:32:07
U1970L,erinking,mcgeeharry@example.net,)c5VVuSn904g,Amanda,Pearson,False,user_professional,,False,,2024-05-31 05:53:09
P1970K,bcurtis,mileschristopher@example.net,_Ng%FtlQ6Y6C,Morgan,Ayers,True,user_professional,63.0,False,,2024-04-05 21:02:06
U1971S,rachael52,jennifer45@example.org,y38+PLKEtOEu,Sherry,Johnson,False,user_professional,24.0,False,,2024-03-07 02:17:41
P1971J,jodiyoung,shernandez@example.net,+T7LJNfwJ7ET,Miguel,Reyes,True,organization_member,76.0,True,Breaching confidentiality agreements,2024-05-26 19:39:35
U1972J,uporter,walkerbradley@example.net,_#YgnBis(76M,Ryan,Strong,True,user_professional,,False,,2024-06-01 17:06:22
P1972G,katiehernandez,anna85@example.org,&A07cQivjYc@,Seth,Mccall,False,nacb_staff,14.0,False,,2024-07-22 23:35:51
U1973I,adamcobb,sharpveronica@example.net,Dr0h+m(t*XeB,Jose,Robinson,False,nacb_staff,,False,,2024-03-06 01:53:02
P1973E,deannadunn,patrickthompson@example.org,+AhP2Tjo9qUs,Kevin,Campbell,True,user_professional,,False,,2024-05-29 18:55:07
U1974Q,enolan,laurenwaters@example.net,bf9zb3Zwp_WU,Cindy,Lane,True,nacb_admin,,False,,2024-01-05 16:07:39
P1974F,ronaldweeks,msmith@example.net,@8VUNV7tCQ42,Michael,Wheeler,False,system_admin,,False,,2024-07-03 03:40:36
U1975O,maysryan,shannon66@example.org,b+1Tv(JU#5+*,Darius,Jefferson,False,user_professional,,True,Spamming or abusive behavior,2024-04-21 17:23:34
P1975J,nbooker,deannajohnson@example.org,hM#A!Xaq_Pl8,Jacqueline,Daniel,True,nacb_admin,55.0,False,,2024-06-09 04:03:49
U1976P,ugonzalez,walterszachary@example.org,E4Y)N4Qsd^h8,Wyatt,Bryant,False,organization_member,,False,,2024-01-24 20:36:47
P1976N,melissa75,crawfordsara@example.org,E+8GxW&g3P$I,Francisco,Guzman,True,nacb_staff,35.0,False,,2024-01-31 02:11:57
U1977Z,sarahwalsh,mckenziedavid@example.org,7quR2UKG#HD&,John,Wilson,True,organization_member,83.0,False,,2024-05-18 19:45:16
P1977V,thomas70,ngill@example.net,B5K44$Ma+yUh,Tracy,Schultz,False,organization_admin,63.0,True,Use of prohibited software or bots,2024-07-07 08:05:20
U1978J,thomas65,ashleypacheco@example.org,8C5Uaf(t^BU+,George,Hall,False,nacb_staff,49.0,True,Multiple failed login attempts,2024-05-19 18:33:35
P1978C,megan11,michellewaters@example.net,Yc2(M@fQN$&J,Richard,Harrison,False,organization_admin,,False,,2024-05-08 23:33:47
U1979D,daymark,scott58@example.org,56A$_e#!)nGJ,Heidi,Stevenson,True,organization_member,,False,,2024-05-17 15:13:49
P1979U,russelljohnson,henrysellers@example.com,Zq!6ZWk+@8TY,Patricia,Park,False,organization_admin,,False,,2024-04-12 14:43:24
U1980U,tpowell,nsmith@example.org,j7zHj!@Tuxt&,Hannah,Morales,True,nacb_staff,,False,,2024-04-29 08:43:53
P1980F,juankramer,rossgregory@example.org,rqK*wb)F*9sM,Daniel,Brooks,True,organization_member,,False,,2024-02-17 00:32:04
U1981S,dale67,matthew14@example.com,@M5qe5h%_O)Y,Carolyn,Shaw,False,nacb_staff,,False,,2024-07-11 05:56:25
P1981U,samuelbarnes,dwalker@example.net,UOo(_DpbLK$9,Kevin,Miller,True,organization_member,,False,,2024-07-21 08:23:54
U1982R,dnewman,jessicajackson@example.net,$4Q7TmqA4^2m,Kevin,Pennington,True,user_professional,,False,,2024-06-09 14:36:42
P1982F,harperjose,wandabaldwin@example.org,$gXYCXYZ3ce3,Meghan,Brown,False,user_professional,,False,,2024-02-12 01:08:47
U1983Y,jjohnston,catherine66@example.org,(_7S9gun19jG,Lisa,Howard,True,nacb_admin,26.0,True,Misrepresentation of identity,2024-01-27 11:43:29
P1983V,meganmullins,jackruiz@example.com,huc%85Sz$Ceq,Mark,Jones,False,nacb_staff,,False,,2024-05-25 21:01:33
U1984K,forbescharles,margaretjimenez@example.net,+PGOFwFBy4lo,Alexander,Jimenez,True,organization_admin,,True,Use of prohibited software or bots,2024-05-17 10:49:33
P1984H,waynereese,robert90@example.com,aRUXdW)F^21L,Rose,Welch,True,nacb_staff,7.0,False,,2024-06-14 08:11:00
U1985H,bethalvarado,robert71@example.com,)UMxh9)_ih4z,Heather,Long,True,user_professional,,False,,2024-07-13 09:13:35
P1985L,isaaclewis,perryjasmin@example.org,rj5#TXMo#$au,Arthur,Lee,False,nacb_staff,,False,,2024-02-02 11:30:06
U1986V,jessica53,annamelton@example.com,(2D)YV+qsYxk,Christopher,White,True,nacb_admin,72.0,False,,2024-02-17 19:07:14
P1986I,shawnholmes,millsnicole@example.net,nlaFkysTO&7A,Nancy,Fox,False,nacb_staff,,False,,2024-04-14 18:55:45
U1987S,garyzuniga,tyler21@example.net,zx41xQpY&kfq,Michael,Taylor,True,organization_member,71.0,False,,2024-02-17 09:29:06
P1987Y,robertcruz,xhoward@example.com,@jV_VSo9fR3F,Glenn,Johnson,True,organization_member,,True,Fraudulent transactions detected,2024-07-01 09:10:52
U1988A,sophiacohen,jessica37@example.org,1^SGp7Zk)m^1,Brian,Brown,False,user_professional,40.0,False,,2024-03-18 10:11:29
P1988F,williamsonrobert,christiebarnes@example.org,+Eguf*bT7w*H,Amanda,Ramirez,True,user_professional,9.0,False,,2024-07-11 21:44:54
U1989K,chris73,martin42@example.net,&Zoj#2GlR7Lc,Kimberly,Moore,False,user_professional,23.0,False,,2024-01-02 20:41:33
P1989Z,foleyrhonda,ghall@example.net,mk^!M1KlKkcs,John,Rhodes,True,user_professional,22.0,False,,2024-02-11 23:03:36
U1990J,shelbyclayton,ramirezmelody@example.net,!nDyTyaqP4Y6,Douglas,Shea,False,nacb_staff,48.0,False,,2024-01-27 07:50:04
P1990K,morrisvanessa,dorothyserrano@example.com,pnLs@rP5@1)z,William,Robinson,True,user_professional,10.0,False,,2024-06-17 08:45:01
U1991H,alexandra60,wheelerpaul@example.net,@0P!wjvB@+71,Lorraine,Moreno,False,nacb_admin,41.0,False,,2024-06-13 22:05:57
P1991B,jamesjohns,kentbrandon@example.com,+0Gzwk9vDeX(,John,Keith,False,nacb_admin,79.0,False,,2024-07-19 19:18:07
U1992C,uweaver,bakertanya@example.net,au26ZcLzfHl%,Alison,Roberts,False,nacb_staff,54.0,False,,2024-07-02 13:57:20
P1992E,matthewmartin,clloyd@example.com,U@3eDy8+sa^P,Sherry,Johnson,False,user_professional,,True,Breaching confidentiality agreements,2024-02-29 05:45:41
U1993B,whitekathryn,ureed@example.com,h4S(j(S$+zt),Janice,Bryan,False,nacb_staff,8.0,False,,2024-04-05 04:05:40
P1993K,christopherdiaz,josephsantos@example.com,xE50JqbuY_iy,Nicolas,Farley,False,organization_member,41.0,False,,2024-05-09 17:05:48
U1994C,bmorse,joseph75@example.org,_4#m%QZfMm^6,Brian,Hall,False,nacb_admin,,False,,2024-01-08 22:15:48
P1994R,kcameron,npowell@example.org,&u21KYlbwG0e,Diane,Russell,True,organization_member,77.0,True,Multiple failed login attempts,2024-06-26 06:09:15
U1995Q,lroberts,robertsmith@example.org,$_8nu_#96A0Y,Andrew,Freeman,False,user_professional,,False,,2024-04-08 02:33:20
P1995P,cummingskathleen,normantristan@example.org,7@GzOBSm(zK8,Amy,Martinez,False,user_professional,,False,,2024-01-16 00:14:45
U1996P,xlin,ramirezryan@example.org,)e*$0CUoE$iR,Elizabeth,Rosales,True,user_professional,,True,Non-payment of subscription fees,2024-02-20 14:55:21
P1996A,james88,john14@example.org,5s2Y3y$NH#9J,Kevin,Arnold,False,user_professional,57.0,False,,2024-03-22 21:47:31
U1997J,qbrooks,scotthancock@example.org,ZYK#7ILwSI9M,Douglas,Mcdaniel,True,organization_member,,False,,2024-04-07 03:35:37
P1997F,keithsierra,travis59@example.com,fg4tEsv#&v#3,Gabrielle,Dunn,False,user_professional,14.0,False,,2024-03-04 15:20:16
U1998L,ashley88,wadeelizabeth@example.net,PGRX@L@d*3h(,Janice,Thomas,False,organization_member,25.0,False,,2024-02-28 13:20:14
P1998Y,kristin86,carlwaller@example.net,@_OuV^Bj4mj1,Scott,Schaefer,True,organization_member,,False,,2024-06-23 02:50:49
U1999R,scottlee,scottscott@example.com,(IHb6zjNF7za,Lisa,Haas,True,nacb_staff,,False,,2024-07-02 06:15:27
P1999I,craigwillis,vsims@example.net,!gE7J7Sba7Ln,Stacy,Jordan,False,user_professional,,False,,2024-04-16 06:45:34
U2000B,xwebb,sullivanamanda@example.com,1ni@OeXp*$c(,Fernando,Jackson,False,user_professional,52.0,False,,2024-04-07 05:52:40
P2000H,tyler49,creynolds@example.org,B@bv*AQUvcW7,Shirley,Davis,True,organization_admin,91.0,False,,2024-06-17 18:12:42
U2001F,julianstewart,debra72@example.org,^^4j6&bXUpVw,Cassandra,Howard,True,nacb_staff,,False,,2024-06-23 10:28:26
P2001W,justin26,sbeasley@example.net,GkO5D!Sp@0lt,Daniel,Smith,True,nacb_staff,,False,,2024-04-16 13:12:22
U2002Y,lawrence34,andersonjennifer@example.com,#9DMUvd^m+5a,Blake,Robinson,False,user_professional,42.0,False,,2024-07-20 14:58:33
P2002E,joshuamorgan,frank57@example.org,xL3Zizuie&Az,Justin,Mercado,False,user_professional,12.0,True,Unauthorized access attempts,2024-07-09 23:57:47
U2003P,marymcclure,sprice@example.com,*#7+9GgFj6uR,Christopher,Butler,False,organization_member,78.0,False,,2024-03-22 16:45:16
P2003U,michael34,john85@example.com,B+3uTauYGn6#,Adrian,Morgan,False,organization_member,,False,,2024-03-13 22:39:37
U2004M,sarah98,tracy58@example.com,gT^P2iOebY)!,David,Donovan,False,user_professional,30.0,False,,2024-05-03 19:36:28
P2004K,dtaylor,jason65@example.com,Ekl9X6Fo53*u,David,Johnson,True,organization_member,,False,,2024-03-09 03:38:46
U2005R,nparker,darrengentry@example.org,V*(6HignJI8S,Tara,Wells,True,nacb_staff,37.0,True,Fraudulent transactions detected,2024-01-07 16:00:11
P2005U,zhansen,smithkayla@example.com,F_6FvGMzzngl,Jeffrey,Burton,True,organization_admin,13.0,False,,2024-01-05 15:37:02
U2006L,cburns,nschmidt@example.org,GY0ylt_Pb&WX,Michael,Cuevas,True,user_professional,17.0,False,,2024-01-19 04:46:06
P2006R,micheleware,mhumphrey@example.net,$n4zhh6r@67O,Peter,Spears,True,user_professional,46.0,False,,2024-05-22 05:24:34
U2007G,xmurray,shannon68@example.net,(H@2tU5qhM8H,Victoria,Olson,False,nacb_staff,,False,,2024-05-09 15:00:56
P2007Z,michael18,joshuawilson@example.net,x9o1m)Vo!#b6,Joshua,Kelly,True,user_professional,71.0,True,Account reported by multiple users,2024-03-04 13:55:21
U2008G,jon58,yclark@example.org,rfHxdYWf!4e(,Anthony,Brown,True,organization_member,75.0,False,,2024-02-01 03:35:31
P2008R,rogerskatherine,michelle30@example.com,k2d2f&lT)tKK,John,Shea,False,organization_member,,False,,2024-03-06 14:59:14
U2009K,cliu,hernandezamy@example.com,$^6(+!Lvh2Uj,Jessica,Thomas,True,organization_admin,82.0,False,,2024-02-06 14:43:04
P2009N,bwoods,wangcindy@example.com,&a1LkQ)q^epn,Jennifer,Jones,False,organization_member,,False,,2024-03-30 02:38:18
U2010F,ryan90,fieldsjohn@example.org,%NqR@WaP%F1I,John,Baker,False,nacb_staff,,False,,2024-07-21 19:04:31
P2010E,knewman,rojasfrank@example.net,MhgPX7$l!f6g,Shannon,Miller,False,system_admin,,False,,2024-06-06 23:35:48
U2011F,aaron71,joelnovak@example.net,9i$k#R$r$Ua2,Austin,Johnson,False,user_professional,46.0,False,,2024-03-26 12:38:09
P2011J,joshuathompson,hstone@example.net,$dQ%asyn8pcX,Jack,Young,True,organization_member,,False,,2024-01-28 00:09:41
U2012Y,christian46,csmith@example.net,MHN$n1Zh(P)f,Jason,Montgomery,True,organization_member,97.0,False,,2024-03-02 09:51:40
P2012L,millerannette,smithjason@example.net,&u%SaPjakBQ4,Alexandra,Walls,True,organization_member,,False,,2024-06-15 16:32:23
U2013I,zachary64,jesse82@example.net,%e4SS7Bz)Rsl,Jacqueline,Nelson,False,user_professional,,False,,2024-05-03 09:14:47
P2013G,lewislatoya,qbrown@example.com,YM75adX3+@mC,Paul,Coleman,True,user_professional,34.0,False,,2024-03-30 02:22:16
U2014E,mtaylor,raymond10@example.com,1!2tESSf+qKU,Michelle,James,False,organization_admin,,False,,2024-01-09 21:39:44
P2014C,jeanettecoleman,tblair@example.com,x8eYQEoW!AYJ,Lance,Greene,True,user_professional,73.0,False,,2024-05-02 18:02:14
U2015C,greeneryan,maymary@example.net,ue@ruZh^m+8I,Jennifer,Wu,False,nacb_admin,36.0,True,Fraudulent transactions detected,2024-07-19 16:02:41
P2015C,jamesparker,carolsparks@example.org,(jXAAfywqa7k,Catherine,Wood,False,nacb_admin,,False,,2024-06-15 17:56:25
U2016Z,nicolerobinson,conleyjanet@example.org,5KqZa(Qu(MnQ,Teresa,Wagner,True,nacb_admin,,False,,2024-03-07 16:13:20
P2016Q,michaelking,kadams@example.org,03@v4+C@%1Rk,Tammy,Hancock,True,user_professional,77.0,False,,2024-04-23 18:16:52
U2017X,hicksjasmine,nicholasbrady@example.com,16_%bUTfzVW8,Zachary,Holland,True,organization_member,70.0,False,,2024-01-09 19:35:55
P2017W,travisnelson,larrycarter@example.net,G*ZCYxftuV8l,Dustin,Robinson,True,organization_member,98.0,False,,2024-07-09 22:36:12
U2018B,latashajohnson,thomasjohn@example.net,Y@!dzbYdMFy0,Monica,Gray,True,system_admin,,False,,2024-03-16 01:10:33
P2018Z,ashley34,ferrelljonathon@example.com,+kRL3F*v)2mz,Kelly,Gibson,False,user_professional,,False,,2024-02-14 05:30:28
U2019W,jimenezdylan,shieldswalter@example.org,muGyi3FbtoX$,Teresa,Garza,False,nacb_admin,100.0,False,,2024-05-13 21:36:08
P2019P,steven32,jeffreydavies@example.net,_034M2Bn9ws5,Michael,Barrett,True,organization_member,69.0,False,,2024-07-02 22:57:24
U2020K,jose50,christopher25@example.com,x&dJQ#FCJo3K,Edgar,Carlson,False,system_admin,74.0,False,,2024-06-04 02:16:11
P2020W,cpowers,david85@example.com,&BsvvOtLg4AZ,Laurie,Johnson,True,organization_member,,False,,2024-02-28 00:21:46
U2021F,calvinedwards,xmurray@example.com,Y54#rtzt!9DG,Sara,Reyes,True,organization_admin,,False,,2024-06-11 04:09:23
P2021J,powerspamela,fredgomez@example.com,jmT9_0PnX@L1,Dorothy,George,False,nacb_staff,2.0,False,,2024-02-07 18:35:17
U2022T,qgonzalez,judy91@example.org,$4+032R3diMD,Michael,Moreno,False,user_professional,,False,,2024-01-26 10:33:40
P2022J,joshua61,jessica01@example.com,ZK+c7Amz1Yy#,Thomas,Jordan,False,user_professional,,False,,2024-06-25 19:42:58
U2023E,hartmansarah,stevenwilliamson@example.com,%e@N59lE(g1k,Vanessa,Bell,True,nacb_admin,6.0,True,Account reported by multiple users,2024-05-21 01:37:14
P2023B,ppetty,bsawyer@example.org,Bt*1YtjoL)yv,Michelle,Lynch,True,nacb_admin,24.0,False,,2024-06-22 00:06:38
U2024J,renee39,millergeoffrey@example.net,)#4QXz3HU*2L,Benjamin,Adams,True,organization_admin,,False,,2024-03-26 23:45:33
P2024T,jrush,holly86@example.com,%4ABsRh$5_(1,Catherine,Harris,False,nacb_staff,27.0,True,Unauthorized access attempts,2024-06-25 07:03:47
U2025O,dustinbeck,wilsonbecky@example.net,f_YB%4WZJvPi,Kristina,Klein,True,nacb_admin,65.0,False,,2024-01-18 00:16:24
P2025F,collinspamela,melissa23@example.net,6^2Wk8BNJ14Z,Kayla,Chandler,False,user_professional,63.0,False,,2024-04-05 10:22:34
U2026O,spencerjessica,christina62@example.com,5@Z43vSvkZJ*,Michael,Leonard,True,nacb_admin,45.0,False,,2024-04-10 22:09:57
P2026B,david47,connie14@example.com,7$IEMrt&i17S,Lisa,Jones,True,user_professional,71.0,False,,2024-06-26 14:19:05
U2027E,mcneiljason,moorekatie@example.net,^rt(7ZPgMv(5,Tiffany,Aguirre,True,system_admin,,False,,2024-03-10 19:34:05
P2027F,williamsjames,caleb18@example.net,@92*lmuk9CpF,Joshua,Rogers,False,organization_member,1.0,False,,2024-01-27 01:17:46
U2028Q,opierce,robert05@example.com,B%48eWeCIYYF,Samuel,Goodman,False,organization_admin,,False,,2024-05-21 15:37:36
P2028F,tony61,joshuabowman@example.com,^3+Y8AGi_0ml,Whitney,Alvarez,True,user_professional,32.0,False,,2024-03-26 20:36:44
U2029L,colleen24,lopezjody@example.com,k4Lw6@gO!NrK,Angela,Santiago,False,user_professional,,False,,2024-05-05 22:33:43
P2029Q,nguyencody,abigailberg@example.net,!a8Z6fWYyBfL,Melissa,Walsh,False,user_professional,,True,Violation of terms of service,2024-05-27 18:53:04
U2030U,darrellwong,kelseygolden@example.com,_!wkCqqo+3(V,Steven,Kim,False,user_professional,,False,,2024-01-01 09:14:51
P2030D,patricia67,tylermaria@example.org,X5KyNS*80Tb&,Dakota,Ingram,True,user_professional,,False,,2024-07-17 01:13:42
U2031N,tylerkirk,joanncox@example.net,*MI0%CtvUoQT,Briana,Clark,False,nacb_staff,,False,,2024-02-26 17:30:43
P2031J,ywoodard,dennis24@example.net,$!!$FbQ18ah_,Rebecca,Vang,False,organization_member,,False,,2024-06-17 16:31:24
U2032O,shepherdstephen,icampbell@example.com,p&5%ChF)@2a+,Angela,Miller,False,nacb_staff,,False,,2024-05-03 14:04:27
P2032A,camposandre,stevenwalker@example.net,P%04GTPn%cwz,Megan,Mack,False,user_professional,,False,,2024-04-17 05:29:36
U2033L,kenneth03,hperry@example.org,dY7tGPrei(R%,Kathy,Freeman,True,nacb_staff,,True,Inappropriate content posted,2024-01-30 15:52:22
P2033Z,jacksonsusan,jessegreen@example.net,&0BPs^^beX1Z,Jeffrey,Williams,True,nacb_staff,71.0,False,,2024-03-09 11:55:14
U2034O,michellelee,andersonrobin@example.com,sa1ygL2a&%Oy,Michael,Munoz,False,user_professional,,False,,2024-07-04 00:28:14
P2034W,trodriguez,whitekatie@example.org,r&5+H5de3wCM,Tracy,Rios,False,organization_member,58.0,False,,2024-04-06 05:22:00
U2035O,johnryan,phughes@example.net,@%6O6y%iN+uI,Kimberly,Garcia,False,user_professional,67.0,False,,2024-05-29 16:47:35
P2035E,zbuck,turnergabriel@example.org,Tb57Ngu%!bkR,Elaine,Palmer,False,organization_admin,96.0,False,,2024-02-09 14:40:15
U2036K,hudsoncindy,rebeccastewart@example.org,!H99Q$#f8yNt,John,Moyer,False,organization_admin,39.0,False,,2024-01-16 02:19:49
P2036T,hbush,diamond41@example.net,2UrhFO+U^2Bj,Michelle,Richards,True,organization_member,23.0,False,,2024-07-22 15:45:44
U2037O,powellsheri,scervantes@example.com,aB&TCvr)Wn(9,Robert,Montoya,True,nacb_admin,17.0,True,Use of prohibited software or bots,2024-07-07 11:10:22
P2037F,jtrujillo,andrewhenry@example.org,*sKVdc!yn4!F,Melinda,Richardson,True,organization_member,,False,,2024-04-23 11:50:59
U2038V,eadams,lisathompson@example.org,_^tDSYen54bK,Kelsey,Trujillo,False,organization_member,93.0,False,,2024-05-19 11:49:39
P2038R,sarahshepherd,chaserobert@example.com,7e5nEYan*9Gj,Calvin,Smith,False,nacb_admin,70.0,True,Security policy violation,2024-03-04 09:14:54
U2039S,larsenadam,cskinner@example.com,gFO^aPYao8Ql,Debbie,Patrick,False,organization_member,70.0,False,,2024-06-09 18:32:26
P2039Q,sean75,rogersjenna@example.net,FO8FHGgfu#Vq,Juan,Henderson,False,system_admin,43.0,False,,2024-02-27 00:14:01
U2040R,amyhuerta,timothyberg@example.org,)fBA0SQD^D1c,Daniel,Rivera,False,organization_member,,False,,2024-01-16 04:03:48
P2040R,sharon64,toddstevens@example.org,i(2&sviz^jWE,Diana,Wilson,False,user_professional,11.0,False,,2024-01-30 21:59:46
U2041P,wangnatalie,joseph98@example.com,!DZ1N1#b58NR,Christian,Morris,True,organization_admin,71.0,False,,2024-01-04 05:34:50
P2041K,bonnie77,antonio53@example.org,NfjKCv((59p@,John,Matthews,True,organization_admin,,False,,2024-02-22 17:35:14
U2042I,bmercado,tinayoung@example.net,s4d)rh_n&vNW,Derrick,Wong,True,organization_member,,False,,2024-05-04 02:16:17
P2042Z,paul73,samanthamcknight@example.com,Vv*4VZzmdJ4t,Mike,Perez,True,organization_member,,False,,2024-05-22 12:02:32
U2043P,justin64,thomas35@example.net,Ngt*qAjz_r21,Kevin,Mueller,False,user_professional,,False,,2024-03-30 04:14:11
P2043G,jacob85,bethmoore@example.net,9RT&8Rha+TC$,Bill,Kemp,True,user_professional,54.0,False,,2024-05-30 05:07:03
U2044A,tparsons,morrowjames@example.com,G7_l5Vxy!c+s,Andrew,Crawford,False,organization_admin,71.0,False,,2024-01-20 02:56:41
P2044M,marcus99,josephbradford@example.com,(6_SxHp+01*E,Mary,Roth,True,user_professional,,False,,2024-06-01 11:09:55
U2045P,bcastro,leslieperez@example.com,S5DgLMIp_cYz,Derek,Williams,False,organization_member,,False,,2024-07-05 21:04:49
P2045Z,anita77,mariakemp@example.net,@5_N+IDtdE2O,Victor,Wilson,True,user_professional,,True,Breaching confidentiality agreements,2024-03-12 23:51:22
U2046E,jake26,andersonolivia@example.net,!1@T@u$VTcdM,Cristina,Dunn,False,nacb_staff,68.0,False,,2024-01-21 18:24:23
P2046Q,pgonzalez,vicki21@example.org,N9XEVzZo$6WH,Robert,Diaz,True,system_admin,35.0,False,,2024-02-13 15:31:17
U2047U,jessicaperez,patrick75@example.com,%s#5+jDx2wku,Sarah,Young,True,user_professional,94.0,False,,2024-01-15 10:15:21
P2047V,watsonstephanie,tammiealvarez@example.net,CA^f5Yg$$6P@,Lisa,Graves,False,nacb_admin,85.0,True,Violation of terms of service,2024-05-15 02:53:11
U2048N,hsavage,hmolina@example.net,xd)lRbjPo4Wk,Adam,Moody,False,nacb_admin,,False,,2024-03-26 06:42:30
P2048I,andrewsbrenda,jasonhayes@example.net,%*ll5kXqKcIQ,Kristin,Edwards,False,organization_admin,,False,,2024-03-09 21:00:21
U2049O,robertsmelanie,allencampbell@example.com,(P7Gcr_nr8wV,Angela,Scott,True,nacb_staff,,False,,2024-07-13 13:23:25
P2049L,jesus09,twilson@example.net,!h8IJ$xN*!j^,Jonathan,Gibbs,True,system_admin,,False,,2024-02-23 08:29:15
U2050I,riverabrenda,abigailrosario@example.com,+fZJv(0J))63,Gerald,Fitzgerald,False,organization_member,,False,,2024-07-12 07:19:40
P2050N,pmurphy,tammymorris@example.net,NY*a7D_zhD)1,Paula,Roberts,True,organization_admin,75.0,False,,2024-03-03 16:41:27
U2051P,amycruz,sophia11@example.net,Q@B7COvy8h3t,Dawn,Wyatt,False,organization_member,19.0,False,,2024-02-02 22:38:46
P2051E,flopez,walterthompson@example.com,%AoTYpgucJ9&,Benjamin,Ramirez,False,organization_member,,False,,2024-02-15 20:47:30
U2052D,smiththomas,erin63@example.com,)@3AlbGM(n9x,Joshua,Ponce,True,user_professional,77.0,False,,2024-07-23 17:00:55
P2052F,gregorycollins,frussell@example.org,%k)A6YiQo_0B,Jamie,Jordan,True,nacb_admin,8.0,False,,2024-03-30 05:31:23
U2053L,thomas37,debrashepherd@example.org,Vp7+F*+6BFEq,Candice,Rivera,False,organization_member,45.0,False,,2024-03-09 22:21:34
P2053Q,nancy16,ucollins@example.com,5NUO@h^$(ZzR,Kristi,Marquez,True,organization_admin,,False,,2024-07-11 20:45:29
U2054A,alex26,mhill@example.org,!j)uGWFjR286,Cynthia,Webb,True,nacb_staff,59.0,False,,2024-03-20 07:15:33
P2054U,davidschroeder,ujohnson@example.com,a4JtuDep&baY,Sarah,Hopkins,False,organization_admin,,False,,2024-05-17 01:15:32
U2055W,agray,onichols@example.com,b#H$+A_P75zx,Daniel,Freeman,True,nacb_staff,,False,,2024-07-22 19:19:09
P2055W,wilsonchristopher,rmiller@example.com,!7d2r#y%QFfF,Laura,Page,True,organization_admin,15.0,False,,2024-05-20 19:40:31
U2056R,paul09,stephen43@example.org,_oCz)#tl)R3(,Danny,Lawson,False,organization_member,15.0,False,,2024-06-25 09:32:37
P2056L,alexa53,leondavid@example.org,5#5swZq)0SZM,Joel,Barnett,True,nacb_admin,32.0,False,,2024-05-15 22:44:17
U2057F,heathertaylor,kingandrew@example.com,a)+1H%rjYSdd,Jessica,Brown,True,organization_member,2.0,False,,2024-06-27 06:29:39
P2057O,wdowns,tward@example.net,HX17Rrybt$P2,Nancy,Harris,False,user_professional,5.0,False,,2024-02-16 03:19:24
U2058A,kimberly18,jeremyjackson@example.org,^R0FTvIhvLny,Christopher,Lopez,False,organization_admin,,False,,2024-03-08 16:08:14
P2058Z,hillrobert,kelleybrandon@example.org,Glo3SI8dF!6G,Angela,Murphy,False,user_professional,,True,Spamming or abusive behavior,2024-06-28 01:56:17
U2059R,cabrerakathleen,cruzdylan@example.org,5$E83zml^KZ3,Amy,Shelton,True,nacb_staff,8.0,False,,2024-03-08 03:35:54
P2059F,ljordan,zmartin@example.com,kXchAwAx(AR1,Richard,Hall,True,nacb_admin,3.0,True,Suspicious activity detected,2024-02-21 09:56:11
U2060G,cramos,paul11@example.org,fq!eVuQoy&W9,Timothy,Williams,False,organization_member,38.0,False,,2024-01-30 19:38:35
P2060V,bolsen,hamptonbrian@example.net,3rE9ItfY+2Ie,Alicia,Hodges,False,user_professional,,False,,2024-03-15 06:23:57
U2061I,ufrazier,sherry99@example.net,@ToK1fYc8p17,Trevor,Johnston,True,nacb_staff,,False,,2024-01-01 21:39:18
P2061T,mcgeesarah,whitesean@example.com,$+&eKqTy6+b9,Kelly,Hall,False,organization_admin,62.0,False,,2024-05-31 07:20:12
U2062D,thomas99,thomas85@example.com,n7&!o*9l3FxY,Daniel,Thomas,True,nacb_admin,,False,,2024-07-18 17:34:13
P2062K,nicholaswall,tiffanygordon@example.net,i($K@MmbGc9U,Daniel,Lucas,False,nacb_admin,99.0,False,,2024-05-07 23:38:29
U2063A,cbarry,davidstrickland@example.net,Y*kWmseJ)VW8,Charles,Garrett,False,organization_member,40.0,False,,2024-05-03 17:40:51
P2063U,isaacjohnston,halljennifer@example.org,olTeM^hsrJ&0,Jasmine,Mathis,True,user_professional,,False,,2024-03-04 23:54:32
U2064A,mwilkins,elliottjoseph@example.net,)gtDTPPQ66s8,Christina,Gonzales,False,user_professional,,False,,2024-05-09 18:04:51
P2064P,brandonmitchell,sjennings@example.net,majXwQCz&2DH,Jason,Barnett,False,organization_member,,False,,2024-02-14 23:34:19
U2065X,michaelrogers,dcortez@example.com,_%0Vx)uAC#Yt,John,Morales,True,organization_member,48.0,False,,2024-01-24 03:43:25
P2065M,kimberly42,troy08@example.net,qU&ReqoK+@6k,David,Walton,False,system_admin,52.0,False,,2024-04-07 12:52:45
U2066Z,djones,debbiestanley@example.com,w9F0$oEj%piV,John,Carson,False,user_professional,69.0,False,,2024-02-01 04:54:01
P2066F,owright,angelajames@example.org,Z#VFp$^MGN8b,Robert,Bartlett,True,organization_member,13.0,True,Harassment of other users,2024-01-10 07:45:57
U2067X,floresnathaniel,jonessteven@example.org,8PuQCtEu)Fgb,Gary,Walker,True,system_admin,,True,Unauthorized access attempts,2024-05-22 01:42:30
P2067O,cdavis,hdiaz@example.com,xwDPooZl*2J0,Anthony,Moore,False,organization_member,,False,,2024-02-26 21:03:13
U2068W,april63,kelly75@example.net,$i31yAXt*cK8,Glenn,Vincent,True,system_admin,,False,,2024-06-25 16:11:04
P2068L,stonetina,barrettpatricia@example.org,^8YaeRwY0zWK,Misty,Perez,True,organization_member,,False,,2024-01-03 20:31:17
U2069S,jacquelinemiller,gary62@example.com,v@(sthoDx0L),Michelle,Bell,True,organization_member,,False,,2024-02-05 14:12:56
P2069Z,thomas60,heatherwalker@example.com,2%!kIBzQ+_s7,Deborah,Burch,False,organization_admin,,False,,2024-07-12 00:18:38
U2070I,hahncatherine,hcooper@example.net,Ie$C0Gr_9W)y,Kurt,Sutton,False,organization_member,88.0,False,,2024-01-21 16:44:57
P2070Z,pachecorebecca,mileskara@example.org,rNi2__Sqku*7,April,Hancock,False,organization_admin,95.0,False,,2024-04-04 08:59:44
U2071W,ojohnson,taylorkathryn@example.net,(vL)VGLm1@69,Eric,Carr,False,nacb_admin,,False,,2024-06-22 12:21:17
P2071T,lisareid,lynchrenee@example.com,*diw6^KuUMK3,Melissa,Bryant,True,nacb_staff,71.0,False,,2024-07-13 18:39:33
U2072H,vsmith,aaron14@example.com,!O&G0QwAQ6E7,Stacy,Campbell,True,organization_member,56.0,False,,2024-01-18 01:15:50
P2072B,plynch,bramirez@example.org,_OFVPFs#x4%i,Clayton,Hickman,True,user_professional,,False,,2024-04-29 02:45:31
U2073W,ycoleman,kenneth81@example.com,bTgPQH#m7s$),Michelle,Williams,False,organization_member,75.0,False,,2024-01-11 03:20:50
P2073I,lmiller,bhale@example.net,(vbBfMriOL71,Steven,Silva,False,system_admin,,False,,2024-04-02 17:32:06
U2074H,ronald59,mendozasteven@example.org,oNOj!93J)3^Y,Sara,Byrd,True,nacb_staff,,False,,2024-05-03 02:19:53
P2074B,david35,wmoore@example.com,*V4NwdyzG5EJ,Dale,Adkins,True,user_professional,,False,,2024-07-23 22:44:41
U2075H,perryashley,trevinogordon@example.com,#3EMcs$wF1YH,Jeffrey,Williams,True,organization_member,,False,,2024-02-12 00:38:19
P2075C,browntracy,murphycharlotte@example.com,mR!v7CVmrf!e,Grant,Powell,False,organization_member,,False,,2024-02-14 06:53:32
U2076Z,cynthia10,cabrerajoseph@example.org,@g7Zs5VAAS_Q,Jesse,Green,False,user_professional,,False,,2024-07-19 10:53:23
P2076X,marcusluna,danieldavis@example.com,rYdvpla_!0G4,Tina,Diaz,True,nacb_staff,40.0,False,,2024-01-12 23:18:49
U2077O,whitesamuel,amylin@example.org,z(4*zJOw2rdv,Troy,Wilson,True,user_professional,85.0,False,,2024-06-14 01:31:30
P2077Y,kristen13,qmorris@example.net,#%bIZ7Cf3Q*@,Nicholas,Ross,True,organization_member,55.0,False,,2024-01-07 15:10:25
U2078X,ashley66,pamelaward@example.org,lE4IuMw^o0J&,Rebecca,Davis,True,organization_member,,False,,2024-07-03 11:02:51
P2078F,jwu,tamara40@example.org,DnjhDtr__9TJ,Sara,Baker,False,organization_member,,False,,2024-03-02 00:57:41
U2079W,sharonholloway,madison71@example.com,0Jd^6AopP$e7,Jesse,Keith,True,nacb_staff,6.0,False,,2024-01-07 03:24:15
P2079N,jill48,jamestodd@example.com,Xlo@5ECqd@%d,Keith,Vazquez,False,organization_member,,False,,2024-04-20 15:34:46
U2080A,michaelcampos,jbaldwin@example.com,s*L8KXXk$!Dt,Debra,Johnson,True,nacb_staff,,False,,2024-04-06 19:46:53
P2080Y,wrighteric,kathleen49@example.com,EfT4XKklTP&a,Daniel,Little,True,user_professional,,False,,2024-01-26 21:25:47
U2081N,jessica15,hensleylauren@example.com,(n5@@VzVy!xB,Kevin,Craig,True,nacb_admin,42.0,False,,2024-06-25 21:46:05
P2081R,henry07,bradleyjordan@example.net,P%nsRuxvg83D,Adam,Whitaker,True,organization_member,76.0,True,Non-payment of subscription fees,2024-06-18 13:38:32
U2082X,carrrebecca,michael14@example.org,KJ)eKdninvT5,Patrick,Clark,True,user_professional,,False,,2024-07-24 10:33:42
P2082W,fadams,stacey74@example.org,bR%6_tc$4%5X,Sarah,Ruiz,True,organization_member,,False,,2024-06-02 07:54:14
U2083D,fknox,anelson@example.com,S63T4KbO)WOj,Zachary,Moss,False,nacb_staff,,True,Account reported by multiple users,2024-06-19 19:40:28
P2083C,paul37,twhite@example.net,481KfgXr)#O&,Tyler,White,False,nacb_admin,22.0,True,Breaching confidentiality agreements,2024-06-06 01:13:45
U2084H,bradleyhenderson,hosara@example.net,@7wjKlzYzsvQ,Donna,Bishop,True,user_professional,,True,Breaching confidentiality agreements,2024-03-14 10:14:06
P2084D,woodrobert,jennifer92@example.net,_)$V4WdNmE^V,Michelle,Skinner,True,organization_admin,,False,,2024-05-27 07:30:15
U2085L,bjoyce,kevans@example.com,P@e8VDBekfeu,Brandon,Williams,True,nacb_admin,,False,,2024-07-08 08:22:18
P2085Y,anne58,jamieanderson@example.net,(C#FrOQwg8as,Stephanie,Ball,False,organization_member,,False,,2024-05-13 09:43:01
U2086H,erin04,joneskaren@example.com,3C(jbHRmuf52,Valerie,Cox,False,organization_member,78.0,False,,2024-03-25 10:14:49
P2086U,shelbychung,gregoryalbert@example.net,$9Y$2OsbW86w,Penny,Scott,True,nacb_admin,,False,,2024-01-28 00:55:46
U2087L,odavis,hernandezstephanie@example.org,*tEegM^Vs0AR,Peter,Allen,True,nacb_admin,40.0,True,Fraudulent transactions detected,2024-05-16 10:32:27
P2087B,williamsonsusan,hannah85@example.com,%7(zqxG9xYFG,Brian,Martin,True,user_professional,24.0,False,,2024-05-01 06:30:16
U2088M,glopez,johnsonblake@example.org,!3Jk*kKJr1dT,Warren,Bishop,True,user_professional,,False,,2024-01-03 00:12:55
P2088O,twatson,housejames@example.org,K*73PNeEM#)p,Shannon,Cline,False,user_professional,,False,,2024-01-22 14:38:38
U2089A,hernandezfrank,vshaw@example.net,JH0I*)sOSf)@,Scott,Manning,False,user_professional,,True,Non-compliance with community guidelines,2024-06-12 11:40:17
P2089F,valdezrebecca,john43@example.net,!3htuRbFZkQE,Charles,Brown,True,organization_admin,,True,Security policy violation,2024-06-17 13:47:37
U2090Z,shermanpaula,robertsjennifer@example.com,)E5AVnij!Oaj,Reginald,Murillo,False,organization_member,19.0,False,,2024-07-08 23:39:45
P2090P,samanthataylor,epena@example.com,Ba_OzG3e8n3v,Lisa,Jones,False,organization_member,50.0,True,Multiple failed login attempts,2024-05-04 23:18:48
U2091W,bpowell,steven47@example.com,*0OqbYycN6lW,Anna,Wallace,False,organization_member,,True,Fraudulent transactions detected,2024-03-17 03:35:34
P2091Z,janicefrench,stephaniechavez@example.com,)bf1aqDHFo9P,Nicholas,Miller,False,nacb_admin,,False,,2024-05-26 15:50:33
U2092C,romancharles,angela83@example.org,9eK6BR2+U#FV,Jennifer,Bryant,False,organization_member,45.0,False,,2024-05-02 22:45:50
P2092B,ljohnson,owenamanda@example.net,p2*TvGq)rVJv,Jessica,Vaughn,True,organization_member,,False,,2024-06-23 12:05:38
U2093S,lisa71,thompsonlori@example.net,U7ZYKamE&heo,John,Perez,True,user_professional,,False,,2024-04-20 00:07:32
P2093I,garciajeffrey,tom11@example.net,75c&biTHK5_C,Kyle,Frank,False,nacb_admin,26.0,False,,2024-06-25 16:29:45
U2094L,weaverdaniel,hernandezrobert@example.org,LWW8Cr*7gM(_,Roger,Cook,False,organization_member,43.0,False,,2024-03-23 05:42:56
P2094G,longrobert,josehoward@example.net,)9E&fQoTWk9a,Heather,Mitchell,True,nacb_admin,79.0,False,,2024-06-28 16:11:26
U2095R,sandra53,igarcia@example.net,Yl&@K1rP&6BR,Timothy,Jackson,False,user_professional,,False,,2024-07-05 11:24:41
P2095E,rodriguezmichelle,lisasanders@example.net,_l9OWx*X9!Y*,Paula,Edwards,False,user_professional,15.0,False,,2024-05-19 10:54:30
U2096G,james13,danielle29@example.com,_4APq&j5Ho2Q,Susan,Fields,True,user_professional,,False,,2024-06-04 16:23:02
P2096B,jakeferrell,michellehudson@example.org,b(6tKoR4NVPE,Blake,Martinez,False,user_professional,,False,,2024-02-22 09:44:00
U2097F,matthewprice,ubecker@example.com,@jsS5PjqykSL,Daniel,Molina,False,system_admin,,True,Suspicious activity detected,2024-02-02 13:29:15
P2097G,garciaanthony,stephenprince@example.com,M+CS#2exDFk5,Perry,Howe,True,user_professional,,False,,2024-04-11 02:04:35
U2098S,loridickson,charlesglenn@example.net,y)G72X2Rif#V,Michael,Clark,False,organization_member,29.0,False,,2024-03-28 09:23:52
P2098K,sarahbaldwin,kenneth70@example.com,#KBJ^fuH(y0s,Brian,Wilson,False,organization_admin,,False,,2024-06-17 17:33:33
U2099L,scotthelen,jonathan79@example.net,gz_9Kjk0$Y&W,Brandon,Farrell,True,nacb_admin,,False,,2024-02-15 18:19:09
P2099K,williamscott,stewartmaria@example.net,(u7)*dWw8@7s,Luis,Murillo,True,organization_admin,38.0,False,,2024-07-23 00:59:21
U2100N,baileycollins,bryan83@example.com,8DU*z5UyMlhr,John,Diaz,True,nacb_staff,,True,Suspicious activity detected,2024-06-18 18:37:39
P2100S,donald20,nicole08@example.com,Vo*86Ho88OCP,Linda,Hernandez,True,nacb_staff,46.0,False,,2024-01-02 02:19:29
U2101D,nsmith,sandra68@example.com,&5A54Vh^_65l,Mary,Mosley,False,organization_member,,False,,2024-02-07 14:17:45
P2101R,schultzsteven,joshua48@example.org,i)%YP$xT$Cp4,Sherry,Gutierrez,False,organization_member,28.0,False,,2024-05-21 15:29:40
U2102U,michelle30,whitewendy@example.com,h5jjRSVw_RLL,Peter,Garcia,False,user_professional,,False,,2024-03-04 19:08:26
P2102X,smithscott,nicolecook@example.net,IO5yZllO(s3h,Jeffery,Thomas,False,nacb_staff,18.0,False,,2024-01-05 16:11:15
U2103I,timothy38,lisa43@example.net,cx0^a^ara^tH,Kyle,Smith,True,user_professional,95.0,False,,2024-06-12 06:40:59
P2103L,hdiaz,cjoseph@example.org,bjz@QhQmI_1q,Amy,Ortega,False,nacb_staff,,False,,2024-04-20 13:13:33
U2104Z,thomasfrey,scott69@example.net,D2qmzt2j^QDQ,Jason,Williamson,True,user_professional,81.0,False,,2024-05-29 19:56:33
P2104H,trevorthompson,dennisharding@example.org,e9!55WtqEJQ7,Amy,Smith,False,user_professional,,False,,2024-02-29 05:36:01
U2105Y,mjohnson,gturner@example.com,I(If+pJFyM6u,Justin,Martin,False,user_professional,,False,,2024-07-13 21:06:57
P2105B,falexander,fmcclure@example.com,P#1KXxo^G#I4,Peter,Villa,True,nacb_staff,62.0,False,,2024-01-14 21:18:30
U2106X,williamsandrew,ecurtis@example.net,h0!KrW#N^ggt,Dennis,Nichols,False,nacb_staff,,False,,2024-05-15 12:18:54
P2106F,jillmcdaniel,shanechapman@example.org,+43CWHqOJ&My,Robert,Kelly,False,user_professional,,False,,2024-03-14 11:16:56
U2107I,jason35,wilsonchad@example.com,!H$dAyBgd_&3,Jacob,Cervantes,True,organization_member,30.0,False,,2024-06-08 11:54:19
P2107J,matthewknight,peterskimberly@example.net,(1%L6Mnf*+RY,Jamie,Martinez,False,organization_admin,,False,,2024-07-15 05:43:10
U2108J,joseph58,pprice@example.org,9dOWAPqn@@95,Danielle,Sims,True,organization_admin,90.0,True,Spamming or abusive behavior,2024-04-11 04:04:58
P2108W,mariajenkins,kathrynmcfarland@example.net,+o*DJsca07X9,Maria,Morgan,False,organization_member,,False,,2024-06-16 21:35:43
U2109O,david85,asmith@example.com,!ZSi)kmk2OA#,Amanda,Rodriguez,False,organization_admin,,False,,2024-06-29 07:30:38
P2109X,grace99,timothyfletcher@example.net,@*r$a^b$^9Yj,Edward,Smith,False,nacb_admin,,True,Spamming or abusive behavior,2024-04-09 19:35:59
U2110K,sanchezraymond,stevensonruben@example.net,I$z3WDi+^7wO,Andrea,Crawford,False,nacb_admin,35.0,False,,2024-03-10 19:12:33
P2110I,ballbrianna,natasha30@example.com,!tA6awGpim*J,Jeffrey,Webster,False,user_professional,43.0,False,,2024-03-04 20:12:08
U2111K,blairpaul,tonijenkins@example.org,36^8q)p+y3Fw,Crystal,Rich,False,system_admin,,False,,2024-01-24 21:36:39
P2111G,adamskelsey,imitchell@example.com,cm&dOLa657#0,Angela,Gibson,False,nacb_staff,84.0,True,Breaching confidentiality agreements,2024-06-04 14:19:22
U2112W,ocurtis,angela06@example.org,$488kiTU#gYH,Morgan,Savage,True,organization_member,,False,,2024-04-13 17:48:28
P2112Q,dford,allisontaylor@example.org,ZJ@%dwx$$w0C,Renee,Bailey,True,user_professional,,False,,2024-06-14 08:54:58
U2113L,lisasmith,ashepard@example.net,#@QZeyNA7J8v,Lori,Zimmerman,False,nacb_staff,81.0,False,,2024-07-20 03:21:16
P2113Q,cisneroscarrie,eric37@example.net,Dvo)biag%9sM,Elizabeth,Perez,False,organization_member,,False,,2024-03-28 08:11:33
U2114Y,jleach,wilsonthomas@example.com,T9WQGtIb&KG1,Michelle,Gardner,False,nacb_staff,,False,,2024-06-02 08:28:44
P2114F,dmartin,leslie27@example.net,xXCubCYp!&R2,Misty,Benson,False,system_admin,99.0,False,,2024-02-23 15:41:24
U2115X,stacy37,trevorrodriguez@example.net,v+O0VtSxPj4i,Teresa,Wright,False,nacb_staff,1.0,False,,2024-02-12 02:46:18
P2115V,iwelch,hparsons@example.org,#V4I@wEd2oVG,Kerry,Young,False,organization_member,89.0,False,,2024-06-10 08:32:37
U2116I,dbush,alexandersingh@example.org,eva5nfBb!($C,Shawn,Oneal,True,nacb_admin,,False,,2024-04-10 20:37:34
P2116L,nathanielhouse,jasoncase@example.com,s%6y_YaV6dpb,Darrell,Graves,False,organization_member,92.0,False,,2024-03-12 05:47:44
U2117K,ereed,khansen@example.com,@_l21*O*e1rR,Devon,Baker,True,organization_member,,False,,2024-02-12 06:29:28
P2117N,ramirezcarolyn,contreraselizabeth@example.com,$6$uQzFjhJ0h,Russell,Daniels,True,organization_admin,,False,,2024-02-03 22:04:59
U2118B,eric36,matthew79@example.org,I*LUVxjKa)2c,Carol,Johnson,True,nacb_admin,,False,,2024-01-21 07:28:43
P2118P,karenjones,james72@example.com,%0_@IaOl_oDT,Kenneth,Moore,True,nacb_admin,48.0,True,Multiple failed login attempts,2024-04-09 22:55:17
U2119D,racheljohnson,vrobbins@example.org,iH38Ugs8z@TO,Kevin,Freeman,True,nacb_admin,66.0,False,,2024-04-04 14:03:49
P2119X,woodchad,lisa37@example.org,+7VTbh2T%8QA,Kristie,Lindsey,True,user_professional,,False,,2024-06-18 12:19:09
U2120R,zachary24,jennifernelson@example.org,8!(teq+4qAWE,Mary,Castro,True,organization_member,53.0,False,,2024-01-09 15:10:29
P2120O,bdavis,kristinanorris@example.net,LT1fCoCm$sBu,Jonathan,Jenkins,False,user_professional,,False,,2024-06-27 17:59:24
U2121O,fevans,dwilliams@example.com,9eIY3jU7!yc%,Johnathan,Snow,False,nacb_admin,,False,,2024-06-02 19:30:53
P2121Q,samanthabrooks,jennifer43@example.net,6a!zYd_bf^8N,Isabella,Gutierrez,True,nacb_staff,31.0,False,,2024-06-28 21:55:21
U2122R,randylucero,reesekim@example.org,*9zGTTtflh^k,Heather,Holland,False,organization_admin,,False,,2024-03-20 20:10:13
P2122O,hjohnson,trogers@example.com,)A#mMu^x#*i4,Nicole,Mooney,False,user_professional,,False,,2024-03-01 05:42:52
U2123M,joshua93,toddcochran@example.org,q3ZolNig**7u,Jason,Thompson,False,user_professional,16.0,False,,2024-03-25 05:00:41
P2123E,audreyblair,wmcintyre@example.net,!J4N%I3eG75A,John,Smith,True,user_professional,,False,,2024-02-20 01:54:03
U2124A,shelly00,orobinson@example.com,T(8pxE2R(kSF,Jay,Hayden,False,user_professional,,False,,2024-05-26 22:30:04
P2124F,joe45,bennettdoris@example.org,wTJhKT3)#3#1,Joshua,West,True,organization_member,96.0,False,,2024-07-07 00:55:19
U2125O,brownchristopher,davidashley@example.net,+M4m@5Wx@5gr,Jennifer,Kline,True,user_professional,,False,,2024-02-16 13:13:31
P2125T,jscott,sarah72@example.com,R)FDKfsrK&L1,Blake,Mullins,True,system_admin,,False,,2024-04-14 15:26:03
U2126I,marklewis,xpoole@example.org,l&*g4aLmHxzd,Christopher,Burton,True,organization_admin,9.0,False,,2024-04-24 13:49:12
P2126R,hbell,ellisonmichael@example.com,7JRk(ynV^eGC,Sarah,Smith,False,organization_member,23.0,False,,2024-03-31 00:18:51
U2127D,jason78,juangonzalez@example.net,_02E7o5!&+XT,Kenneth,Levine,True,user_professional,25.0,False,,2024-06-27 05:57:33
P2127G,pweber,brewerashley@example.com,Xsz3Nhw8T@*0,Stacy,Wilkerson,True,organization_member,,False,,2024-01-30 11:14:00
U2128T,jasonramos,mackmichelle@example.org,3$+6PzRf&2@T,Christian,Tran,True,user_professional,,False,,2024-04-27 17:43:31
P2128G,fgarcia,danielhamilton@example.com,gG+wO&c*@5n3,Gina,Esparza,False,user_professional,,False,,2024-03-15 15:11:51
U2129Q,bonnie00,michael59@example.net,E4PY$dna%u4v,Christopher,Austin,True,nacb_staff,,False,,2024-02-01 03:18:11
P2129Q,dawn18,alisha00@example.com,q_8z3UoHsNOY,Courtney,Smith,True,user_professional,,False,,2024-04-21 19:05:05
U2130A,iduncan,lfoster@example.net,2!46bIqJmA_x,Mark,Rasmussen,True,organization_member,12.0,False,,2024-03-30 20:52:20
P2130T,nfox,youngjerry@example.com,q$rsDtdy4SB3,Douglas,Jenkins,True,organization_member,6.0,False,,2024-05-02 19:46:38
U2131L,jonathan24,tiffany78@example.net,T*u+7Kln8H7g,Angela,Tucker,False,nacb_admin,,False,,2024-01-25 00:35:53
P2131M,yangheather,paulatyler@example.com,_7dJMYmwz*d5,Miranda,Martinez,False,organization_member,,False,,2024-02-18 17:12:05
U2132F,jessicawilliamson,staceyclark@example.com,&_7KEs@Oi!1p,Rebecca,Carter,False,system_admin,46.0,False,,2024-01-18 04:17:24
P2132E,christopherlowe,owarren@example.org,04o_SCgX*eB^,Steven,Bradley,False,organization_admin,4.0,False,,2024-07-03 17:36:23
U2133N,wilsonkimberly,maryperez@example.org,#nFmTzdnQK4!,Christine,Smith,True,nacb_staff,,False,,2024-01-01 23:12:58
P2133F,alishamurphy,brownkylie@example.net,^lP_cN_aFmM8,Vanessa,Francis,True,organization_member,,False,,2024-02-04 08:52:38
U2134J,beckydaniels,erin22@example.com,qLHVyTam+B02,Kimberly,Jones,False,organization_member,37.0,False,,2024-03-19 23:10:40
P2134H,davisaaron,janice45@example.com,Rc^y%HLf5@%3,Amy,Lara,False,organization_member,23.0,False,,2024-05-10 04:23:56
U2135W,weberkaren,kylejones@example.net,27C+lz^U946E,Carrie,Brown,False,organization_member,,False,,2024-04-21 16:00:38
P2135B,rebecca46,popenathan@example.net,p_CCX3x+2F1$,Ashley,Barber,True,organization_member,100.0,False,,2024-01-22 17:55:28
U2136I,garrettalexandria,juan30@example.com,g7VgY+Ma$Yt*,Steven,Young,False,nacb_staff,,False,,2024-02-12 23:55:07
P2136D,virginia65,wagnerjames@example.net,Dw%DG7XhFAbP,Carrie,Morris,True,organization_member,55.0,False,,2024-05-03 15:42:03
U2137C,murphyclarence,barrylisa@example.com,d8Glf@lf*t4e,Melissa,Rhodes,False,user_professional,,False,,2024-06-23 16:54:03
P2137B,craigpetty,tyler80@example.com,7u8whrXh#9pE,Alice,Ward,False,organization_admin,,False,,2024-05-21 10:53:46
U2138Z,otaylor,myersrebecca@example.com,C2EHvJOU^TeY,Dawn,Walls,False,system_admin,14.0,False,,2024-06-19 03:21:50
P2138M,johnbrown,nramirez@example.org,$L!kSbB!V6E!,Joshua,Phillips,True,user_professional,24.0,False,,2024-02-25 09:49:33
U2139O,lawrence94,anthony44@example.net,*8VN5mh^&UCp,Sarah,Neal,False,organization_admin,,False,,2024-06-21 16:39:25
P2139L,williegreene,heather51@example.net,)$H0YE^jUeEu,Richard,Jackson,False,user_professional,6.0,False,,2024-05-08 23:44:33
U2140P,ogray,nicholasmichael@example.org,(ZIbw4D(8(Kt,Sara,Sanchez,True,user_professional,,False,,2024-03-15 17:15:33
P2140K,bradfordcasey,julie92@example.org,l0_tDZvzPIW5,Samantha,Evans,True,organization_admin,,False,,2024-02-07 20:04:33
U2141F,gonzaleztraci,dustinhernandez@example.com,q4f1L^Wb6@S$,Craig,Hardy,True,nacb_staff,1.0,False,,2024-02-01 13:43:43
P2141P,michaelcox,alexis47@example.com,jW)JPaJp$x2*,Travis,Freeman,False,user_professional,14.0,False,,2024-06-29 14:56:59
U2142I,moorejennifer,derrickball@example.net,r6x5yR_m%ZwC,Richard,Allen,False,organization_member,16.0,False,,2024-07-12 22:24:58
P2142K,amy86,rgray@example.net,_8Y6d^!vRFOj,Tyler,Kelly,False,organization_member,,False,,2024-04-02 13:40:08
U2143X,ryansnyder,patriciadunlap@example.org,%z6P^TmjXHWH,Stacy,Wilson,False,nacb_admin,,False,,2024-01-08 00:20:31
P2143O,groberts,hallen@example.com,Oo*8gQyCV*mU,Jeffrey,Lucas,True,system_admin,,True,Account reported by multiple users,2024-07-14 10:26:30
U2144Y,gtorres,quinntracey@example.net,UkVs1Q^Yj5E^,Brandi,Wilson,True,organization_member,,False,,2024-06-20 19:37:44
P2144F,curtismargaret,kerryhart@example.org,8!gL6vWe*U$s,Kimberly,Delacruz,False,user_professional,51.0,True,Account reported by multiple users,2024-07-20 19:45:18
U2145F,carlacraig,wilkinsonshannon@example.com,GtTM%vyF+!5T,John,Walker,True,nacb_staff,,False,,2024-06-17 09:30:36
P2145Q,sabrina56,kcarson@example.org,ZLvHr24jv**v,Kaitlyn,Barton,False,organization_member,,False,,2024-05-13 05:55:26
U2146C,gutierrezgabrielle,nixonmichael@example.net,&89VFkB89rNK,Joseph,Murphy,False,nacb_admin,23.0,False,,2024-04-25 17:55:23
P2146N,bobbylewis,johnbrown@example.net,oX*Zeg$+N%2H,Yvette,Lewis,True,organization_admin,,False,,2024-01-03 09:57:15
U2147O,sharper,abbottdavid@example.net,2KotXgzh)+87,Stuart,Conley,False,user_professional,,False,,2024-05-15 21:55:12
P2147P,jillesparza,ahernandez@example.com,+CJtU%cO0GxB,Christian,Frank,True,nacb_staff,68.0,False,,2024-05-07 18:33:17
U2148Q,chavezteresa,austin02@example.org,*khF1E^U098y,Mark,Jackson,False,organization_member,,False,,2024-02-12 12:23:26
P2148X,jeffreymiller,markwoods@example.net,J%(ks381)4_B,Rhonda,Anderson,False,organization_member,43.0,False,,2024-06-30 11:11:18
U2149N,dscott,edwin37@example.net,2+fSkaRp+X@B,Monique,Jones,False,organization_member,,False,,2024-01-23 23:40:02
P2149D,fosterstephanie,williamjohnson@example.org,9S^0KFdn%el+,Lisa,Lambert,True,user_professional,,False,,2024-03-17 14:58:15
U2150Y,cheryl97,ymitchell@example.org,bj5lAiS#V_uT,Jason,Ferguson,False,organization_member,,False,,2024-06-13 14:40:06
P2150Q,joseph96,asmith@example.com,0(ii)6NxFDim,Destiny,Caldwell,True,organization_member,,False,,2024-03-19 09:28:18
U2151M,robertburke,wanda74@example.com,HLgHarje*7E!,Kenneth,Martin,True,organization_member,,False,,2024-05-29 13:54:44
P2151I,wrightrebecca,danielcaldwell@example.com,2GocI8Vi_egX,Jeffrey,Owens,False,user_professional,,False,,2024-04-21 11:58:50
U2152R,bsavage,matthew73@example.org,zi6%msfrw30G,Heidi,Butler,False,user_professional,,False,,2024-07-04 20:27:35
P2152C,jamesreed,blevinsmichael@example.net,gGkF48Zjj!AB,Megan,Johnson,False,nacb_admin,15.0,False,,2024-01-04 13:58:14
U2153J,pmiles,taylorstacey@example.com,E$1io*t8_wS*,Michael,Murphy,True,nacb_admin,,False,,2024-04-06 23:01:15
P2153B,alicebush,kendrameyers@example.org,!&5Z#e$z5F&N,Joshua,Richardson,False,user_professional,,False,,2024-06-15 22:30:54
U2154X,andrew69,morrismichelle@example.com,#Dd9KxFjMI7Q,Jesse,Jones,True,user_professional,,True,Misrepresentation of identity,2024-01-20 13:43:50
P2154B,uallen,dean31@example.net,#ENqm$3y!41F,Nicholas,Burns,True,nacb_admin,83.0,False,,2024-04-08 21:36:44
U2155F,kmcclain,nortonjennifer@example.org,yuIDysix)M92,Natalie,Frazier,False,organization_member,22.0,False,,2024-05-30 09:01:11
P2155U,ctanner,paulmccoy@example.org,m2^t^4J#!5UJ,Kayla,Peterson,True,user_professional,29.0,False,,2024-05-29 02:36:13
U2156K,theresagrant,grahamkaren@example.net,87EQb_mh+woE,Stephanie,Martin,False,user_professional,,False,,2024-04-19 03:01:52
P2156D,cynthiaschmidt,samanthasanchez@example.net,^6jS*rqoUfw%,Erika,Wood,False,user_professional,,False,,2024-03-25 14:06:13
U2157Q,joneskyle,hollyherrera@example.net,LUO%VwMXF4YT,James,Davis,True,user_professional,,False,,2024-04-14 02:11:05
P2157J,anthony83,jonathanevans@example.com,9%BU6Szmk%_e,Ernest,Johnson,True,organization_member,77.0,False,,2024-05-12 21:28:32
U2158B,darryl22,obarker@example.org,2H2iRhyVxu(V,Richard,Curtis,True,user_professional,,False,,2024-04-14 21:28:06
P2158Q,acostacolin,russellhuynh@example.net,^mcS0ZMrLl&3,William,Parker,False,organization_member,,False,,2024-01-24 06:37:59
U2159K,jacob74,whitestuart@example.org,)%I0QlA$dj1E,Nicole,Cooper,True,nacb_admin,,False,,2024-04-09 09:14:29
P2159L,nelsonpamela,mcintoshcaitlin@example.com,Xn*#MOxP(uU2,Joshua,Patterson,False,nacb_staff,51.0,False,,2024-04-30 06:46:57
U2160Z,jessica98,johnsonnicole@example.org,^XGiie9i8Ml_,Eddie,Wheeler,True,nacb_staff,78.0,False,,2024-05-14 15:31:34
P2160Y,perezadam,griffinmiranda@example.net,)NB5VS@wI8Q1,Anna,Day,False,nacb_staff,,False,,2024-04-09 17:22:12
U2161F,catherineburke,harringtonjason@example.org,o%8gUlGf)Mf3,Justin,Tucker,False,organization_member,19.0,False,,2024-07-08 20:36:24
P2161I,qanderson,daniel35@example.org,)6AP%woh^(4%,David,Miller,True,organization_admin,,False,,2024-01-13 22:57:43
U2162M,strongzachary,langronald@example.org,%ZY$i4Ev+v0Z,Dorothy,Hall,False,organization_member,,True,Non-compliance with community guidelines,2024-02-28 21:54:58
P2162Q,estewart,gaineskeith@example.org,5DuwlOvlJ)j6,Kimberly,Taylor,True,user_professional,32.0,False,,2024-02-23 22:43:16
U2163I,beckpeter,thall@example.org,Z!1!f5TMWguZ,Heather,Webb,False,organization_member,43.0,False,,2024-03-13 17:29:41
P2163Q,tylermorgan,owinters@example.com,_3^L(ZhW909V,George,Allen,False,organization_member,,False,,2024-04-26 19:35:36
U2164K,fbennett,irwinkatherine@example.org,1QMuu@OAL7M+,Sarah,Oneill,True,organization_admin,,False,,2024-05-06 13:38:13
P2164U,tjones,dthompson@example.net,xy#Y6iyEvo3W,Kristen,Ritter,True,nacb_admin,64.0,False,,2024-07-06 02:43:25
U2165S,teresa50,carol21@example.net,6B2U8D5ud_XU,Kyle,Johnson,False,organization_member,,False,,2024-01-07 06:44:07
P2165N,mendozacynthia,daltonmathis@example.org,7)lWg!Ti*a2R,Ryan,Bishop,False,organization_member,,False,,2024-05-24 18:24:09
U2166Y,ssmith,rklein@example.net,8tGCZ$5a@FeI,Emily,Anderson,True,organization_admin,,False,,2024-04-29 18:50:03
P2166Q,michael08,colejeffrey@example.org,_EhB@^be1&W4,Jennifer,Rodriguez,False,organization_admin,,False,,2024-04-08 12:33:38
U2167N,wjordan,brandybaker@example.org,I$9IAbJH*88U,Robert,Burke,True,user_professional,,False,,2024-06-24 07:14:52
P2167F,myerscynthia,dunnshane@example.org,9o44Axd1x$uA,Charles,Montoya,True,organization_member,61.0,False,,2024-01-12 04:56:42
U2168G,colson,tannerweiss@example.net,TO!2OhsIRI@V,Brandon,Dixon,True,organization_admin,,False,,2024-01-06 12:12:40
P2168D,smithjoseph,janet31@example.net,y*QO2TXtGb49,Raymond,Webster,False,user_professional,,False,,2024-07-17 20:24:48
U2169H,nelsonkelly,josephperez@example.net,n#CVPc%t*0O#,Michael,Larson,True,user_professional,,False,,2024-01-12 19:25:50
P2169N,smithholly,kingkirk@example.com,7zRnaF(p@3wd,Caitlin,Scott,True,nacb_staff,14.0,False,,2024-02-20 15:52:44
U2170P,martinezdenise,robertharris@example.com,#YNE3DQnA&IU,Douglas,Mendez,True,nacb_admin,88.0,False,,2024-02-03 12:34:50
P2170Z,millsnicole,ibuchanan@example.org,+I#W^ruWs^5U,Mark,Sosa,False,organization_member,,False,,2024-03-27 22:14:13
U2171Y,steve39,coleamber@example.net,wlCVIkHmv+64,Angel,Villarreal,False,organization_member,12.0,False,,2024-01-14 15:53:29
P2171K,michael15,rodriguezmichelle@example.org,^X)Tadyw169*,Jessica,Carter,False,organization_admin,,False,,2024-03-22 13:21:34
U2172C,amanda77,joshua13@example.net,T5KMg+sD(j+Y,Jennifer,Sanchez,True,nacb_staff,,False,,2024-03-11 18:08:30
P2172X,allisoncook,dharris@example.net,NzADmTR0_6ki,Nathaniel,Arias,True,organization_member,,False,,2024-03-28 20:09:50
U2173O,thomasnicole,xwilson@example.org,C()qdfZv(1b6,Sherri,Serrano,False,user_professional,,False,,2024-01-28 21:50:26
P2173K,jesse11,eallen@example.com,Zy5Ab$wp$zoB,Charles,Garcia,True,user_professional,,False,,2024-02-02 18:54:02
U2174G,dianaharris,fullerjacqueline@example.com,4J&eqv9z$YBw,Brenda,Martin,True,organization_member,12.0,False,,2024-02-06 13:42:04
P2174U,fisherdavid,rodneyfreeman@example.com,&y!5SQdNNy(x,Tracey,Ortega,False,nacb_admin,65.0,False,,2024-04-17 07:56:54
U2175Q,daniel56,nicholas34@example.com,%37Hy5qr#fKB,Stephanie,Lee,False,user_professional,,False,,2024-04-01 05:21:34
P2175Z,rachel84,andrew69@example.org,(FtB)0GevdJH,Charlene,Foster,False,user_professional,92.0,False,,2024-04-16 18:39:30
U2176M,catherinemorales,smartin@example.org,h)3SOH4vveUO,James,Mccoy,False,organization_member,,False,,2024-04-06 06:12:33
P2176D,brenda71,laura78@example.org,q915YsQUtj7_,Misty,Jones,False,organization_member,,False,,2024-04-19 07:36:05
U2177Z,douglasbrown,jilljohnson@example.com,#3BJe%GAFdiO,Erin,Zavala,False,user_professional,,False,,2024-02-06 07:29:44
P2177W,krausechristopher,jameswood@example.org,n&ksyYExq89T,Nicholas,Cochran,True,nacb_staff,73.0,False,,2024-06-07 22:53:18
U2178Q,mparsons,pcooper@example.net,a*GZi6Qg8j1q,Catherine,Brown,False,organization_member,38.0,False,,2024-05-11 05:46:37
P2178S,jeremycook,bgriffin@example.net,ciI3QvHEG@UL,Charlene,Gallegos,True,user_professional,52.0,False,,2024-01-25 22:17:38
U2179A,gherrera,ejensen@example.com,^()87C4H+cBG,Monica,Clark,True,user_professional,,False,,2024-06-18 11:31:35
P2179R,dperez,michelle71@example.com,(3G^50SfW8T&,Jennifer,Fernandez,True,user_professional,,False,,2024-05-02 20:33:24
U2180X,hollyjohnson,michael40@example.com,@EA6ZvMVshBP,Kevin,Thomas,False,nacb_staff,62.0,False,,2024-03-03 05:50:59
P2180L,fwhitehead,nmejia@example.net,$DnnaQyqd69D,Amy,Harding,False,user_professional,,False,,2024-05-20 03:51:47
U2181N,johnsonelizabeth,herrerarichard@example.org,FR2HxEOz!H8J,Teresa,Lopez,True,organization_member,,False,,2024-06-29 23:15:19
P2181D,brianna93,hubbardsteven@example.org,OuJn5DBdpP_p,John,Wheeler,False,nacb_admin,36.0,False,,2024-06-04 04:02:36
U2182Z,grahamrebecca,pameladunn@example.net,!KZX!pkuKO5o,Melanie,Roberts,False,user_professional,,False,,2024-03-15 20:17:13
P2182S,kaylacasey,fstevens@example.com,*YT@MvgZn)8M,Brian,Roberson,True,nacb_admin,,False,,2024-04-08 23:25:33
U2183D,lewissamuel,derekhernandez@example.com,HO4Sk&+w+g^F,Devin,Berry,True,user_professional,21.0,False,,2024-05-31 14:19:53
P2183E,steven47,murrayashley@example.com,TzaXYW8U_00s,Richard,Galvan,False,nacb_staff,31.0,False,,2024-03-23 19:30:23
U2184A,christophergomez,criley@example.org,b81aGp2!^)DZ,Tyler,Fischer,True,organization_member,,False,,2024-04-19 08:22:02
P2184R,andersonjames,james34@example.com,6wWUyChu&3*+,Haley,Mills,False,organization_member,84.0,True,Suspicious activity detected,2024-06-06 08:47:13
U2185R,cole30,tanderson@example.com,1GTShyng^66F,Jeffrey,Cameron,False,user_professional,63.0,False,,2024-04-02 09:55:53
P2185Y,davidfletcher,thompsoncrystal@example.net,#&pIu26Jyw5N,Brittany,King,True,user_professional,16.0,False,,2024-02-29 17:44:16
U2186M,timothytran,wagnerdavid@example.net,*62wn+#x)sWF,Kristen,Mitchell,False,user_professional,61.0,True,Misrepresentation of identity,2024-06-30 19:17:37
P2186H,david09,joseph24@example.com,(5wMR*XxlHO#,James,Simpson,True,organization_admin,,False,,2024-06-25 18:04:12
U2187K,jamesshane,otownsend@example.com,XTWKF7Sr+Z27,Trevor,Martin,True,user_professional,,False,,2024-04-21 21:59:39
P2187Q,schwartzcalvin,pollardamy@example.org,L0!s#Dql!(0F,Arthur,Santiago,True,user_professional,,False,,2024-05-14 09:44:39
U2188P,peggy80,fvasquez@example.org,5%&QAVRa+u&#,Carlos,Green,True,organization_member,,False,,2024-02-18 04:45:34
P2188L,tinaadams,bonniemiles@example.net,9(MI!!1x)RV8,Heather,Stone,False,organization_member,,False,,2024-01-09 22:18:42
U2189M,upeterson,josecunningham@example.com,esxxFHEF$8mg,Mandy,Molina,False,nacb_staff,85.0,False,,2024-04-21 09:05:03
P2189C,walvarez,adam43@example.org,N%vorKqx@6*U,Aaron,Johnson,False,organization_member,,False,,2024-05-18 04:21:28
U2190P,zballard,richard79@example.com,vA9L9NvvG+)4,Michael,Cisneros,False,user_professional,,False,,2024-04-01 21:49:59
P2190T,nicholasjohnson,laura90@example.org,&itFHYSg#r46,Paul,Watkins,True,nacb_admin,,False,,2024-04-10 04:42:46
U2191M,uenglish,floreskaren@example.net,B&qF2fwO_y43,John,Rose,False,system_admin,86.0,False,,2024-03-05 13:40:47
P2191F,manningdaniel,pchavez@example.org,haU3JQUr&5eP,Austin,James,False,organization_member,20.0,False,,2024-02-17 02:05:43
U2192L,ramoskimberly,maddenmatthew@example.org,Vc0SBlYpc*xO,Robert,Huff,True,organization_admin,,False,,2024-05-13 00:32:52
P2192Q,christopher98,tthompson@example.net,y4L7KZnS@qUR,Bradley,Hess,False,organization_member,,False,,2024-01-04 03:33:46
U2193W,jacksonangela,travis15@example.net,)6Ro+JRfD0S8,Debra,Carter,True,user_professional,,False,,2024-05-20 20:54:06
P2193D,yjohnston,davidcarlson@example.com,#9Iqc1%vWjLc,Joshua,Hill,False,organization_member,94.0,False,,2024-03-11 03:52:44
U2194Q,lfitzgerald,michael52@example.com,Di3V$uO#z#2(,Jenna,Nichols,True,system_admin,,False,,2024-03-02 02:49:41
P2194V,david60,hhoffman@example.org,)2U2AEh_u#KG,Sonia,Nixon,True,organization_member,49.0,True,Breaching confidentiality agreements,2024-07-17 11:52:50
U2195K,jonathan49,icharles@example.org,!1EMKXmhR#MK,Joseph,Lopez,False,organization_member,,False,,2024-01-17 10:26:06
P2195A,cathydunlap,ofriedman@example.net,(3PwcS4pja^A,Kenneth,Reese,True,organization_member,93.0,False,,2024-02-23 23:34:54
U2196X,dmcdowell,zsmith@example.com,8))XTU!pf689,Christopher,Flores,True,nacb_admin,77.0,False,,2024-02-19 19:01:11
P2196I,qsloan,higginskenneth@example.org,k+C^0Frs!%Mp,Amanda,Garcia,False,nacb_admin,44.0,False,,2024-01-31 16:25:24
U2197F,shortmichael,josephjones@example.net,_m8w_Pvarv1G,Ashley,Perkins,False,nacb_staff,85.0,False,,2024-03-12 12:44:23
P2197L,vcooper,jacksonheidi@example.net,))#4GSmo8au+,Gabrielle,Alvarez,False,system_admin,63.0,False,,2024-01-16 21:37:25
U2198Z,ortegakristen,christina46@example.net,a(4kbZ)%aMPq,Valerie,Williams,False,organization_member,31.0,False,,2024-05-23 04:33:23
P2198F,gonzalezaustin,clivingston@example.org,v7rhnlCd_rFS,James,Dunn,False,nacb_staff,,False,,2024-07-01 12:59:27
U2199R,kreynolds,fosterjohn@example.org,1##0LFx@VE!y,William,Osborne,False,nacb_staff,,False,,2024-02-14 04:00:16
P2199T,vegatracy,sara79@example.net,$7(@&6Ve_T(Z,Tracy,Mahoney,True,organization_member,,True,Suspicious activity detected,2024-06-25 20:15:54
U2200E,sonyalester,buckleymorgan@example.org,c3HquR@d%1MB,Jennifer,Brown,False,user_professional,,True,Suspicious activity detected,2024-01-13 11:33:52
P2200E,qhoward,scottcooper@example.org,r7m@G9nc@8Nt,Ronald,Bautista,False,organization_member,48.0,False,,2024-04-05 11:21:44
U2201E,kennethgarcia,tamaralee@example.org,c)9KMbdI&Up8,Sarah,Martinez,True,nacb_staff,,False,,2024-07-03 00:55:51
P2201Q,grahamrobert,brendajohnson@example.org,zkvT2jLMN*3!,Timothy,Wallace,True,nacb_staff,,True,Non-compliance with community guidelines,2024-01-10 02:32:46
U2202D,kenneth09,jenniferjenkins@example.com,l0RHABdI7O_*,Tracey,Warner,False,nacb_staff,63.0,False,,2024-05-30 07:14:13
P2202Z,smontgomery,stevewolfe@example.org,7vmqakEV_*hN,Craig,Jenkins,True,user_professional,,False,,2024-06-10 00:02:09
U2203N,tylertimothy,vincent79@example.com,pteLpuuA(53S,Richard,Brewer,False,user_professional,,False,,2024-06-20 13:50:10
P2203I,zhoward,ydavis@example.org,^b)_IQpD6^27,Jessica,Crane,False,user_professional,72.0,False,,2024-03-07 02:01:20
U2204H,walkerjessica,cschneider@example.com,^5u#fvoPpKAY,Jeff,Morris,True,organization_member,44.0,False,,2024-04-10 17:54:45
P2204T,yherrera,corysantiago@example.net,8pG1BiVa_22x,Lonnie,Walker,True,organization_member,29.0,False,,2024-05-22 23:58:37
U2205K,barneschristine,barneshaley@example.org,761aZcUfN$s9,David,Henderson,False,user_professional,81.0,False,,2024-07-20 14:38:38
P2205C,robert10,heatherwilliams@example.org,9fkj+M$e%XV%,Stephen,Lee,True,nacb_staff,,False,,2024-01-30 01:14:35
U2206C,kellyoconnor,ikelly@example.org,b4z2K2RsO7_0,Manuel,Davis,False,organization_member,15.0,False,,2024-04-14 12:49:23
P2206N,lherrera,jessica43@example.com,3CkUDrw_(7P*,Alexandra,Porter,True,organization_member,,False,,2024-02-01 10:59:35
U2207E,azamora,angelazuniga@example.org,z&II$Xl2rl7u,Robert,Jones,True,user_professional,36.0,False,,2024-07-08 10:58:55
P2207T,alexandrapacheco,amanda58@example.com,Ce58ckAfqD@u,Lynn,Mckenzie,False,organization_member,30.0,False,,2024-07-09 14:28:07
U2208N,patricia93,rogerskathryn@example.com,t@FZPWEwIo2(,Brianna,Payne,True,organization_admin,,True,Harassment of other users,2024-05-01 11:29:47
P2208Y,lynn03,tamaraortiz@example.com,YB7&UhwW4S_2,Walter,Sullivan,False,user_professional,,False,,2024-01-06 13:06:20
U2209E,kmartin,david43@example.com,vpyAPYRr*0cA,Trevor,Flores,True,organization_member,18.0,True,Suspicious activity detected,2024-01-02 14:42:19
P2209Z,lwhite,irowland@example.com,803H06iQ)w1v,Kelly,Johnson,True,nacb_admin,,False,,2024-04-03 01:50:32
U2210S,andrewjacobs,stanleyrachel@example.com,176JDumw*pk5,Matthew,Benson,False,nacb_admin,40.0,True,Inappropriate content posted,2024-07-17 12:20:53
P2210N,jason83,dcampbell@example.org,u7)lD8fP@AbG,Jason,Guerrero,True,user_professional,,False,,2024-06-22 23:34:28
U2211A,jessica81,johnsondaniel@example.org,%)5IU9ixGi^+,Wendy,Nunez,True,nacb_admin,,False,,2024-04-30 12:37:16
P2211B,okirby,isingleton@example.com,Gv9Ft*xB)EAk,James,Wright,True,user_professional,48.0,False,,2024-01-26 14:24:53
U2212Z,myerskenneth,christopherortega@example.org,(cSFHMjuD6bq,Brian,Curtis,False,user_professional,65.0,False,,2024-06-14 05:16:04
P2212A,mbarnes,taylormendoza@example.com,n0a3LWod(1ye,Christopher,Davidson,True,nacb_staff,,False,,2024-05-18 15:20:32
U2213B,marknolan,johnhess@example.net,$iG3bJqQc2e6,Christopher,Little,False,organization_member,,False,,2024-06-05 09:57:20
P2213Z,vgarcia,sbaker@example.org,vS8nI8Db&vZ6,Rhonda,Tran,True,user_professional,,False,,2024-07-08 17:49:26
U2214Y,lisabooth,mercedesroberts@example.org,*c_DkKjSZ9iE,Danielle,Wolf,True,system_admin,93.0,False,,2024-04-30 17:30:40
P2214P,douglasholmes,whitemichael@example.org,4NgdSVic*)d5,Carol,Dunn,True,user_professional,58.0,False,,2024-02-05 17:09:11
U2215T,munozandrea,watsonderrick@example.net,_TaYVBYt94$X,Anthony,Jones,False,organization_member,,False,,2024-03-12 22:28:37
P2215A,colemanpatricia,swillis@example.com,!0723YlYtE9R,Amanda,Herring,True,user_professional,,False,,2024-05-01 01:55:30
U2216B,burchjames,kellerjohnny@example.net,XSlPaz*y#7)H,Johnny,Todd,True,organization_admin,35.0,False,,2024-06-19 20:23:15
P2216A,kaylee19,timothy95@example.com,fvAQ(2Cl@5YX,Chad,Frey,True,organization_admin,,False,,2024-06-06 05:44:24
U2217N,charlesgordon,wheelercarolyn@example.org,(tx#fRrcV#o2,James,Gonzales,False,nacb_staff,,False,,2024-01-02 21:33:47
P2217K,ewilliamson,danielsscott@example.com,zsMHY+c7w28!,Barbara,Lee,True,organization_member,,False,,2024-06-13 08:56:02
U2218T,odominguez,johnnyadams@example.org,S2&KX9Rp4+n0,Wanda,Petersen,False,organization_member,,False,,2024-04-27 08:38:00
P2218Z,andresboyd,ubecker@example.net,#4uLW6V!xcHp,Russell,Buck,True,organization_admin,35.0,False,,2024-04-15 16:51:31
U2219G,anthonynichols,hrobertson@example.org,rC7W@xEzQ@xE,Emily,Bell,True,nacb_admin,,False,,2024-01-15 11:24:19
P2219F,martinhodges,brayrachel@example.org,iL8$9ANj9P1a,Emily,Thompson,True,nacb_staff,,False,,2024-06-05 23:39:03
U2220Y,wilsonlauren,jmack@example.net,5+%2ZyTaQ(gA,Angela,Lewis,False,nacb_staff,25.0,False,,2024-05-23 13:21:43
P2220U,griffinronald,susan69@example.org,43Jr0va$_34J,Charles,Larson,False,organization_member,86.0,False,,2024-02-06 12:05:54
U2221I,susan29,eric77@example.org,(kz^1C5uQ*Qw,Karen,Lewis,True,nacb_staff,,False,,2024-06-12 17:25:59
P2221R,jacqueline42,chad41@example.org,@*WH6AMnx7LY,Julia,Dawson,False,organization_member,98.0,False,,2024-06-11 04:28:00
U2222S,buckleyjose,isaacgarcia@example.com,h97Zxq75h!n^,Mark,Smith,True,user_professional,11.0,False,,2024-03-12 11:53:41
P2222N,stevenwatkins,lisaavery@example.com,((qE0Bp^6zOp,Shaun,Tucker,True,user_professional,79.0,True,Fraudulent transactions detected,2024-06-25 17:33:25
U2223E,amandacarrillo,samanthahamilton@example.net,luh7me!u^2UP,Kimberly,Strong,False,nacb_staff,30.0,False,,2024-07-02 17:06:38
P2223P,rickykirk,nicoleperry@example.net,*5B1XPxts&zv,Brittany,Porter,True,organization_admin,9.0,False,,2024-02-12 22:23:26
U2224F,daniellejackson,reneeallison@example.com,0@nHx#My(FAL,Heather,Stewart,True,user_professional,,False,,2024-05-21 00:41:39
P2224O,ljames,pcampbell@example.org,40Dc8gYG@@3),Steven,Curtis,True,nacb_admin,,False,,2024-07-02 10:36:57
U2225X,jessicayoung,hardyrenee@example.org,*1qzACgQ!xB4,Steven,Lowery,False,organization_admin,45.0,False,,2024-01-01 06:43:38
P2225B,diana24,mscott@example.org,^NG#9xCu*0qI,Javier,Jenkins,True,nacb_staff,,False,,2024-05-11 14:38:36
U2226O,fsmith,martinmark@example.com,9YZSivVe_ty(,Cole,Long,False,user_professional,,True,Account reported by multiple users,2024-04-19 05:10:10
P2226T,rhawkins,youngelizabeth@example.net,&g9zldO5*9Yn,Bailey,Wright,True,system_admin,98.0,False,,2024-04-09 20:55:40
U2227P,woodpamela,christophermccoy@example.com,Lc$)oqVotY23,Brian,Phelps,False,organization_member,77.0,False,,2024-06-02 21:25:00
P2227E,elijahhunter,ericpowers@example.org,%8%D(ENjqp(g,Andrew,Vaughan,True,organization_member,18.0,False,,2024-03-11 04:50:30
U2228P,ypayne,michaeltorres@example.org,@l8mP!Nd1vzv,Katrina,Frazier,True,user_professional,93.0,False,,2024-02-02 21:17:47
P2228D,rhondasmith,jessicajimenez@example.net,LO%#5uKtSXv1,Karen,Huffman,True,user_professional,66.0,False,,2024-07-19 18:35:41
U2229M,patricklopez,judymorris@example.org,t@XOM2ivYXl5,Lauren,Grant,True,user_professional,,False,,2024-05-21 13:57:34
P2229U,mleonard,vfields@example.net,lH9En6cM@1X$,Patricia,Perez,False,organization_member,35.0,False,,2024-05-14 12:10:45
U2230F,bensonnicole,fgarza@example.org,2j5QXuwwE^R_,Jerry,Powell,False,user_professional,,False,,2024-02-13 12:39:50
P2230N,browntroy,tylerthompson@example.com,9cFe2fdk(aAf,Alexandra,Williams,True,nacb_admin,2.0,False,,2024-02-13 00:12:44
U2231I,esnyder,elizabeth34@example.net,tRGaMYYE@5(&,Katherine,Smith,True,organization_member,100.0,False,,2024-04-02 07:48:21
P2231Y,jturner,jonathan81@example.net,vjW82KaO$)4X,John,Wilson,False,user_professional,,False,,2024-07-09 13:17:20
U2232S,halldavid,mark05@example.com,S5q0HEN1)ubv,Heather,Brown,True,organization_member,,False,,2024-07-03 01:43:58
P2232G,lisalawrence,kylesoto@example.net,F*Y+!a@wH62L,Stacy,Miller,False,organization_admin,29.0,False,,2024-05-08 04:25:40
U2233D,chelsey51,laurathomas@example.com,3VqWqwDZFFw@,Catherine,Martin,False,organization_member,,False,,2024-06-13 21:26:01
P2233V,james91,taylor39@example.org,(28%UVXqkx(L,Betty,Boyd,True,system_admin,,False,,2024-03-18 08:58:28
U2234T,slambert,martinezalejandro@example.net,SG8+Ojv3c_Cv,Samantha,Houston,True,user_professional,,False,,2024-05-01 13:33:34
P2234B,rhorn,owilson@example.net,MBfKCdrtH++4,Robert,Kelly,True,nacb_staff,,False,,2024-03-17 13:11:27
U2235Z,suttonantonio,jasminebaker@example.org,X8!iDLgu$f9S,Tyler,Torres,False,user_professional,,False,,2024-06-25 07:24:35
P2235E,alexhuff,carrillojeffrey@example.com,^6Z&8a8BH3pk,Regina,Jackson,False,organization_member,,False,,2024-05-21 17:14:35
U2236B,robin07,walkerdawn@example.net,hgU@oSk9)4a+,Gina,Mccall,True,nacb_staff,64.0,False,,2024-01-03 18:29:38
P2236P,jennifer75,kevin21@example.org,qWOih74l!b3i,Jacob,Doyle,True,organization_admin,81.0,False,,2024-01-25 04:10:48
U2237D,brianna64,mhutchinson@example.com,%LN89kF42)3z,Joseph,Lee,True,organization_admin,95.0,False,,2024-04-04 15:32:25
P2237W,walter13,martin35@example.org,F%Cuq1jg&DBd,Kimberly,Alexander,True,user_professional,,False,,2024-02-08 17:46:38
U2238P,reneeschneider,whood@example.org,fW1OU7Lp&xrc,Kimberly,Brown,False,organization_member,,False,,2024-05-24 02:14:36
P2238H,christina05,laura66@example.net,+Bn&t#r+91EQ,Anna,Smith,True,nacb_staff,39.0,False,,2024-06-04 16:48:55
U2239G,garzadonald,samantha66@example.com,@V409H9zC(Fv,David,Moreno,True,organization_member,,False,,2024-06-28 16:10:52
P2239B,jerryfisher,banderson@example.org,!JGdBzrTo@4j,Kathryn,Cherry,True,nacb_staff,,False,,2024-06-08 17:43:43
U2240S,garyreeves,erica78@example.com,+eeeNbb6$2UZ,Adam,Dyer,True,user_professional,90.0,False,,2024-03-16 19:42:30
P2240A,fordpaul,mallorylee@example.net,iniDF2oRf#)7,Nancy,Mclaughlin,True,system_admin,,False,,2024-07-06 01:38:35
U2241R,richardsonmelissa,obarnes@example.net,wa9RarzT@b3c,Amber,Johnson,True,system_admin,,False,,2024-02-13 14:16:59
P2241N,jason48,hendersonjason@example.net,NgnHCxFH&@1R,Wendy,Mckenzie,True,user_professional,51.0,False,,2024-04-27 07:30:31
U2242P,mitchellbenjamin,megan94@example.org,@vN_4CQv133X,Alexa,Rose,True,nacb_staff,,False,,2024-01-12 02:13:56
P2242U,matthew47,josephdixon@example.com,YP1IerYr@v#N,Shannon,Brown,True,user_professional,,False,,2024-06-12 14:44:28
U2243V,hobbsjennifer,twilson@example.org,+#5G9Vd*7lyB,Steven,Smith,False,user_professional,,False,,2024-06-11 13:18:43
P2243U,jerrytyler,pauldaniel@example.org,J%L3zCbaO35I,Madeline,Neal,False,organization_member,66.0,False,,2024-03-13 06:07:02
U2244B,hallen,patricianewman@example.net,C2kndvp7#EEt,Andrea,Howell,True,user_professional,8.0,False,,2024-04-14 04:24:38
P2244N,lucasmelissa,thomasadams@example.com,M7%U*rNG&8Cr,Jimmy,Alvarado,True,nacb_admin,9.0,False,,2024-03-04 15:45:56
U2245H,sullivanjeffrey,obrienalec@example.org,&36XYHg@_N1c,Samantha,Spence,True,organization_member,,False,,2024-04-17 01:19:26
P2245W,burkeaaron,carrillostephanie@example.net,&4YvTullSw8K,Jessica,Brown,True,user_professional,,False,,2024-04-23 00:00:59
U2246I,yreynolds,andrew36@example.org,%VeZ4nEhyv1E,Kelly,Wheeler,True,user_professional,,False,,2024-04-03 04:44:05
P2246E,cgarza,darrell57@example.net,xZ%S7o)rlc9n,Michael,Sims,False,user_professional,,False,,2024-02-11 06:10:47
U2247D,marymarquez,whicks@example.com,0lOdbkJH(cR4,Robert,Sullivan,False,user_professional,95.0,False,,2024-01-17 22:16:49
P2247X,yjordan,egates@example.org,R%nMnvlj%2)3,Alicia,Perry,True,user_professional,89.0,False,,2024-04-19 03:34:56
U2248T,elizabeth48,pamela55@example.com,ca&CZJxO)2FS,Derek,King,True,user_professional,39.0,False,,2024-06-12 03:22:55
P2248C,mary84,ericjensen@example.org,b8y%k)d@5kQ8,Jessica,Richardson,False,nacb_staff,48.0,False,,2024-01-15 14:43:41
U2249Q,ybecker,bobby75@example.com,+%upj_Ao_5Zq,Zachary,Castro,False,organization_member,,False,,2024-04-12 20:02:25
P2249I,dzuniga,sjones@example.net,%8ZvlIe5)I^l,Patrick,Bartlett,False,organization_member,28.0,False,,2024-02-10 23:21:39
U2250Q,ccross,pfarrell@example.net,)17qEw(yv%NN,Jennifer,Webster,True,nacb_staff,,False,,2024-02-07 13:50:05
P2250V,djohnson,santiagobenjamin@example.net,@%h2egl$I65U,Antonio,Matthews,False,user_professional,88.0,False,,2024-05-12 14:27:03
U2251B,misty49,qfreeman@example.net,m*wVy!hA&9^i,Brianna,Johnston,True,nacb_staff,,False,,2024-02-10 08:29:09
P2251E,qbutler,joneskimberly@example.net,xXNs*!Xh4A6#,Mary,Martin,False,user_professional,6.0,False,,2024-05-14 07:44:37
U2252I,mariajacobson,kelseyrobinson@example.org,_r8WEvw2a6b@,Taylor,Morgan,True,organization_member,,False,,2024-03-18 04:53:01
P2252C,inunez,crawfordmelanie@example.net,vBd7UoI#@9uA,Matthew,Wright,True,user_professional,49.0,True,Inappropriate content posted,2024-01-23 23:23:47
U2253Z,kylewiley,milesalicia@example.net,&57Ol(mNjq&Y,Michael,Robinson,True,organization_member,68.0,False,,2024-04-10 01:00:33
P2253Y,vanessa63,parker10@example.com,E23A65xZ#Zl),Mary,Floyd,True,nacb_staff,,False,,2024-03-10 12:50:01
U2254O,rcole,christian10@example.com,$mLr_FfLm57X,Michael,Salas,True,organization_member,,False,,2024-03-03 21:38:31
P2254X,eyoung,hickmangloria@example.net,3(Mx2Uoc()$9,Katherine,Price,True,organization_member,47.0,False,,2024-02-25 22:49:45
U2255O,reneebrewer,dgraham@example.net,e6nlZ+88!DgH,Douglas,Landry,True,nacb_admin,,False,,2024-04-21 17:23:28
P2255H,jamie15,jade03@example.com,s&UDJO&i0ov2,Anthony,Norris,False,user_professional,52.0,False,,2024-04-10 20:53:22
U2256V,jonesmadison,shelley88@example.net,&mswRL!5I3AH,Mary,Cox,False,organization_admin,26.0,False,,2024-06-18 08:40:12
P2256R,stevenschad,belldavid@example.net,L5SEGT&A*th7,Christopher,Alexander,False,user_professional,,False,,2024-01-05 11:44:08
U2257O,garciajessica,tspencer@example.net,$0jHBhu+mK51,Andrew,Martinez,True,organization_admin,77.0,False,,2024-04-08 17:47:08
P2257S,rbauer,gonzalezthomas@example.net,U26quUw8K&tU,Mario,Sanchez,False,organization_member,,False,,2024-03-02 00:45:54
U2258P,kristen53,fischerbarry@example.com,7e@IjyLp!TGf,Mary,Young,True,user_professional,,False,,2024-04-17 07:58:59
P2258Q,barry93,lindakennedy@example.org,3@6Jz4kp@NaA,Rhonda,Gray,False,user_professional,82.0,False,,2024-03-24 09:03:24
U2259P,kurt34,lopezdebbie@example.net,$3_wUq&x12X!,Jacob,Wagner,False,user_professional,,False,,2024-01-31 17:19:31
P2259P,dominguezjuan,mbaker@example.org,z4HdIvbA!7G1,Brenda,Burnett,True,nacb_staff,76.0,False,,2024-05-03 11:42:46
U2260P,samuelharris,castillocynthia@example.net,+8^Ne!e%Qd7*,Amanda,Brown,False,organization_member,,False,,2024-03-05 05:04:48
P2260D,monroeadam,vharris@example.org,Dd2p1F(sQ)U8,Nancy,Johnston,False,user_professional,47.0,False,,2024-05-08 03:56:31
U2261F,matthewaguilar,mariojohnson@example.net,+_7gQAn2ob5S,Sarah,Ayala,True,user_professional,,False,,2024-05-12 15:50:52
P2261S,matthewsjoyce,tina14@example.com,Jv0(de)2U)iT,Christopher,Vasquez,True,organization_member,50.0,False,,2024-03-02 21:56:59
U2262H,mitchellgardner,madelinechavez@example.org,auhJ7YXxv)5D,Alejandra,Barnes,True,organization_admin,30.0,True,Non-payment of subscription fees,2024-03-03 14:47:49
P2262G,stephanie44,czhang@example.net,*qoYo0Amv#ya,Amy,Mays,True,organization_admin,95.0,False,,2024-05-10 22:05:37
U2263A,ellen81,cameron73@example.org,gy1EGhS)(9h5,Oscar,Hays,True,organization_member,,False,,2024-01-22 18:04:57
P2263B,mathewhopkins,apatel@example.org,6)X2FqEBt*I%,Katherine,Mills,False,nacb_admin,,True,Security policy violation,2024-02-15 06:04:40
U2264H,laurenmiller,garciasarah@example.com,Z6mfdnA()RtR,Michael,Schneider,False,organization_member,80.0,False,,2024-03-18 01:32:10
P2264Y,psullivan,lorijohnson@example.com,+P%dB4erzOr4,Christopher,Roberts,True,system_admin,,True,Security policy violation,2024-06-21 02:37:27
U2265U,fyoung,hwest@example.net,1B03Bmn^@(fA,Nathan,Williams,False,organization_member,,False,,2024-07-02 16:06:44
P2265C,chadmullen,comptoneric@example.org,5MZ7p0Yu%7iL,Shelly,Riley,True,user_professional,65.0,False,,2024-07-08 04:07:38
U2266E,collinschad,mindyarnold@example.net,XsX3dbjb^6gI,Yesenia,Atkinson,True,organization_member,,True,Account reported by multiple users,2024-01-10 22:27:53
P2266T,rodneyjohnson,jennifer89@example.com,Ic@2V7Kh+6wL,Kim,Brady,False,organization_member,,False,,2024-03-01 15:19:41
U2267Z,ljones,elizabethmorris@example.com,Q$hYhLakHM6b,Monique,Dawson,False,organization_member,,False,,2024-01-15 12:44:22
P2267A,william57,qsummers@example.com,PM1G2jRh3&G%,Gloria,Jones,True,user_professional,,False,,2024-06-28 11:13:38
U2268W,williamsdebra,christopher28@example.net,xazCZjk4@A3O,Jacqueline,Harper,True,nacb_staff,78.0,False,,2024-01-06 17:44:59
P2268U,williskimberly,arthur12@example.com,YcjQVzMs%63H,Mary,Hayes,False,nacb_staff,85.0,False,,2024-06-30 00:47:51
U2269F,beth90,lewisbrian@example.com,&x2N6kRk@X4j,Autumn,Brown,False,user_professional,60.0,False,,2024-04-11 06:57:02
P2269U,ifisher,codyperkins@example.net,_g3CwzXgn4Q_,Patty,Sanders,True,system_admin,84.0,False,,2024-06-01 20:59:45
U2270K,jessicawu,ashleyhowell@example.org,F*3TdftYtp96,Teresa,Perez,False,nacb_staff,81.0,False,,2024-05-06 10:13:39
P2270N,mosskimberly,vfranco@example.org,c4F(OKp63%4X,Elizabeth,Brown,False,user_professional,26.0,True,Unauthorized access attempts,2024-05-04 20:31:34
U2271Q,brianmiller,millerrhonda@example.com,kUOmSo3T(1D2,Ashley,Walter,False,nacb_staff,62.0,False,,2024-02-03 19:19:29
P2271P,hshepherd,benjamindudley@example.com,m468Y^NN$FLY,Nancy,Clark,False,user_professional,35.0,False,,2024-05-19 18:31:49
U2272U,jeremy72,robertyoung@example.com,Mm$L(^deS+5F,Courtney,Hays,False,organization_admin,,False,,2024-02-27 08:16:48
P2272Z,barnesmichael,travis63@example.org,@%J9UoWu%2qA,Kevin,Wagner,True,organization_member,,False,,2024-07-13 00:52:40
U2273R,samanthagill,maureen72@example.com,a@u#7BUEGrn!,Angela,Brock,True,nacb_staff,43.0,False,,2024-02-19 22:01:19
P2273K,haydenrhodes,greenejasmine@example.com,G*3gXmOxd&82,Aaron,Lopez,True,nacb_admin,32.0,False,,2024-05-30 11:34:46
U2274B,iancollier,jasongilbert@example.com,J!_1NJGsHWKE,Kelly,Rodriguez,True,organization_member,,False,,2024-02-22 18:20:30
P2274A,underwoodpaige,ashleycunningham@example.org,rCUFy3jQ)8bk,Chris,Durham,True,nacb_staff,85.0,False,,2024-05-20 14:10:31
U2275Q,smithphillip,steeleandrew@example.org,l4AZOrVT(kvK,Brian,Perkins,True,system_admin,54.0,True,Violation of terms of service,2024-06-03 08:50:00
P2275Y,andersonkristina,wolfmatthew@example.net,_ATAbjqH76+G,Tara,Stevens,False,system_admin,,False,,2024-01-30 10:35:24
U2276N,michaelpennington,drogers@example.net,S!U#MPzIjid6,Sharon,Jenkins,False,nacb_staff,,False,,2024-03-18 23:01:33
P2276P,valdezerin,gabriellethompson@example.org,)0DKU1x#&!Oa,Candice,Garza,True,organization_member,,True,Fraudulent transactions detected,2024-06-01 02:31:13
U2277G,elizabethsmith,tiffanymoore@example.com,!_cPA1jT%q0P,Tracy,Thompson,True,organization_member,92.0,False,,2024-06-28 21:16:51
P2277F,elliottbruce,lorisharp@example.net,+540JuRb^+kz,Heidi,Hudson,False,user_professional,,False,,2024-07-12 02:10:25
U2278A,bfigueroa,kimberly30@example.net,*0XmVD$le+47,Susan,Fleming,False,nacb_staff,86.0,False,,2024-04-08 12:06:14
P2278A,kimberlymaynard,ethanbautista@example.net,VhC7zIab+oco,Patricia,Adams,True,nacb_staff,93.0,False,,2024-04-22 22:11:30
U2279U,michael42,scottjoseph@example.net,U$lRCtvEZ$5n,Sandra,Carroll,False,user_professional,,False,,2024-03-24 04:31:41
P2279K,buckjeffery,browntiffany@example.com,ncQ6Lqb%8(kA,Nicole,Bates,False,organization_member,18.0,False,,2024-02-12 04:03:53
U2280B,steven35,coopercharlene@example.org,)+bL%#IxF72#,Bradley,Rodriguez,True,organization_member,,False,,2024-07-10 06:20:47
P2280S,whitebrooke,tylerdaniels@example.net,v#5Cq(uz1CNE,Edward,Jones,True,organization_member,56.0,False,,2024-06-15 11:02:34
U2281K,martinezpeter,robbinsjonathan@example.net,t80bpVPr^ADD,Barbara,Smith,False,organization_member,,False,,2024-07-18 02:19:01
P2281L,uheath,vegawilliam@example.org,_M6mVrvvV8rm,Kenneth,Ward,True,nacb_admin,,False,,2024-05-09 11:42:28
U2282A,petersteresa,olivia38@example.net,4Y2SQfa1cB+J,Matthew,Jones,False,nacb_admin,1.0,False,,2024-05-29 11:59:36
P2282S,bryan06,josephsmith@example.net,Nn%!U)ti7g2m,Tyler,Cox,True,user_professional,,False,,2024-02-13 12:19:52
U2283B,andrea52,melendezdonald@example.net,c*bEHg1ubx$6,David,Jones,False,nacb_staff,26.0,False,,2024-04-18 18:55:00
P2283I,robert50,brownjames@example.org,W4cW)ZD2@iVx,Margaret,Gibson,False,user_professional,41.0,False,,2024-02-15 17:46:16
U2284F,brownpaul,robertsonstacey@example.org,4)mtVFln$x7H,Jamie,Johnson,True,user_professional,13.0,False,,2024-01-08 15:08:18
P2284K,pnorton,martin93@example.org,wX@6e#!s!3Zt,Anthony,Wagner,False,nacb_staff,,False,,2024-04-24 01:34:29
U2285D,melanie33,christine64@example.com,8w85Vymz%3H+,William,Velasquez,False,organization_admin,,True,Non-payment of subscription fees,2024-03-22 12:14:47
P2285H,thoward,lydia87@example.com,v3+j#KP1)MRC,Justin,Brewer,False,organization_member,,True,Inappropriate content posted,2024-06-11 20:04:52
U2286M,gwilliams,fjohnson@example.net,Pg@#Q8kc!V2q,Julia,Bailey,False,nacb_admin,62.0,False,,2024-01-26 03:21:14
P2286T,nbarron,cheyennepaul@example.org,!*ha4DbsY2gf,Brady,Mendez,True,nacb_admin,,False,,2024-07-10 22:00:34
U2287J,chavezlatoya,carolmclean@example.net,ZU$Czp^xT!7e,Elaine,Singleton,True,nacb_admin,,False,,2024-03-04 07:10:59
P2287V,dreynolds,medinazachary@example.org,8QN1#JdhT(s7,Carrie,Shaw,True,user_professional,,False,,2024-05-12 06:02:19
U2288P,phillipsscott,bblankenship@example.org,_TUzAXyM8y!Q,Adam,Gonzalez,True,organization_member,,False,,2024-05-13 14:16:48
P2288H,cobbtina,erik55@example.net,z63hb+!olpG^,Wendy,Weber,True,nacb_admin,,False,,2024-02-02 04:07:27
U2289C,kgeorge,michael65@example.com,2uTQW13pi50(,William,Williams,True,user_professional,,False,,2024-01-26 03:37:04
P2289G,cynthiabrown,hermanjoseph@example.net,*V+h4Zr$bSu^,Tiffany,Schneider,False,nacb_staff,,False,,2024-07-03 00:29:34
U2290U,dicksonbrent,dianereynolds@example.net,xewvCkQh*@0n,Steven,Adams,True,user_professional,69.0,False,,2024-04-24 03:18:47
P2290D,howardgabriel,kellymark@example.net,_fPmfp+w4(6q,Donald,Hull,False,nacb_admin,,False,,2024-03-09 09:06:31
U2291Z,michellewilliams,jacqueline27@example.com,71FQw0e3*Rj%,Dana,Lewis,True,organization_member,,False,,2024-05-20 18:37:29
P2291F,turnerjoshua,darrenhayes@example.org,@8$TitamDC+^,Crystal,Simmons,True,user_professional,,False,,2024-03-31 18:26:27
U2292R,edward47,benjamincase@example.net,OHIqWvjE&el6,James,Stevenson,False,organization_member,,False,,2024-03-06 03:46:25
P2292L,johnsongloria,adam90@example.com,#f2IBq^m_ZWe,Eric,Clay,True,user_professional,72.0,False,,2024-07-07 10:48:03
U2293C,davidbrooks,philipharris@example.net,+WbUKRiRw4hE,Heather,Thomas,True,organization_member,,False,,2024-03-15 00:20:48
P2293I,mtrevino,tpace@example.org,k6n1eRVh@VML,Alexandra,Cruz,False,nacb_admin,44.0,False,,2024-05-05 19:06:01
U2294D,karenroberson,cynthiafritz@example.org,++EdUEzY3SzL,Timothy,Williams,True,user_professional,,False,,2024-02-10 20:47:10
P2294E,regina82,eporter@example.org,+I8yxzWh(PUT,Jamie,Friedman,True,organization_member,81.0,True,Account reported by multiple users,2024-07-21 08:51:56
U2295V,carrollkristin,powellmelvin@example.net,@dY_Va5Jc9SA,Manuel,Smith,False,user_professional,,False,,2024-01-05 18:54:46
P2295H,hansonadam,joseph48@example.com,!0XbQ$KMie^s,Kim,Reese,False,user_professional,2.0,False,,2024-05-03 21:53:09
U2296A,holmesmarisa,lindsay31@example.com,ha_OnW%E*6Qp,Judy,Rodriguez,True,nacb_admin,78.0,False,,2024-02-04 18:11:34
P2296S,schwartzrichard,tina32@example.org,k+8IyX%Ax$BL,John,Smith,True,user_professional,,False,,2024-04-17 20:12:22
U2297Y,kelly99,scottlisa@example.org,i(E9GYmCp4^6,Erin,Barker,False,nacb_staff,88.0,False,,2024-05-10 03:04:59
P2297Z,adam06,christian37@example.net,h&R3bEGmW*th,Greg,Hawkins,False,user_professional,94.0,False,,2024-07-16 01:02:58
U2298B,peteraguilar,tphelps@example.org,(3GzI643#TUe,David,Hawkins,True,organization_member,12.0,False,,2024-07-18 22:14:15
P2298V,jamesdonna,susan65@example.com,p49cYMgB+JS_,Brittney,Lewis,True,user_professional,,False,,2024-03-24 03:18:04
U2299M,johnsonbrian,adam19@example.org,!8Ua$^LjaiMO,Sylvia,Hall,True,organization_member,,False,,2024-06-17 14:33:05
P2299N,brendan14,teresafreeman@example.com,!y3kAClt$r4S,John,Foster,False,organization_member,,False,,2024-06-17 12:35:42
U2300R,bennettjoanna,swatson@example.org,ldG8U&Dk_ozv,Jane,Contreras,False,nacb_admin,,False,,2024-05-14 11:40:31
P2300P,kelly47,jasminebaker@example.com,n&o&Tod#00ZA,William,Kidd,False,user_professional,,False,,2024-01-24 01:56:33
U2301L,allenpatterson,sabrinasanchez@example.com,knSmCgLh#%4q,Joseph,Guzman,False,organization_member,40.0,False,,2024-04-23 10:10:46
P2301T,vdavis,debbiebradley@example.net,5@xChPUdg71s,Christopher,Carney,True,organization_member,,False,,2024-03-16 20:34:38
U2302X,carrieelliott,emily67@example.com,Q1Y5PQBz^@22,Jessica,Sharp,False,nacb_staff,42.0,False,,2024-04-21 11:02:10
P2302V,tanyabaker,edwinhunt@example.org,eC7)hhoww5(I,Chad,Gonzalez,True,organization_member,,False,,2024-07-03 10:35:55
U2303J,david11,halelisa@example.org,*as6L7gO$dPj,Matthew,Williams,True,nacb_admin,36.0,False,,2024-07-08 01:25:31
P2303X,timothy38,williambrown@example.org,)rOgQbl#lG8c,Randy,Johnson,False,user_professional,,False,,2024-01-27 22:29:07
U2304N,hammondkatherine,renee17@example.net,!H4KjR$vD4bF,John,Brown,False,user_professional,,False,,2024-06-21 02:04:00
P2304X,cynthiahunter,spencebrandi@example.org,#ap@67!F#5Fl,Luke,Leach,True,user_professional,,False,,2024-07-07 00:52:19
U2305O,steven34,sharon56@example.net,d11J@ek!_fR),Robert,Greene,False,organization_admin,,False,,2024-01-26 12:49:32
P2305E,westcody,halljoshua@example.net,#XoUzh8v8cH+,Samantha,Rose,False,organization_admin,9.0,False,,2024-02-14 18:58:20
U2306A,stephen28,melendezjoseph@example.org,IZ&Rh^^i&e2Y,Barbara,Woods,False,nacb_staff,18.0,False,,2024-06-08 11:44:11
P2306V,gardnergerald,victoriawilson@example.com,)XC7pk1%0UDb,Michael,Moreno,False,organization_member,45.0,False,,2024-07-02 08:07:57
U2307Q,obarrett,michael03@example.net,*r1KF3Lta%BF,Justin,George,True,user_professional,,False,,2024-02-06 10:49:59
P2307V,beverly32,charlotte92@example.net,+2UsOai*15n+,Joseph,Clayton,True,nacb_admin,82.0,False,,2024-07-05 21:25:38
U2308I,anne15,tommy88@example.net,*igDSkWi&2Po,Ashley,Richards,False,organization_admin,92.0,True,Use of prohibited software or bots,2024-06-22 15:57:28
P2308J,misty80,graynicholas@example.com,2kR5DzQd3#*4,Jessica,Bishop,True,nacb_admin,31.0,False,,2024-04-06 20:58:01
U2309X,youngcole,millerkrista@example.org,!kABuBds^4U5,Rita,Clayton,True,user_professional,63.0,False,,2024-03-25 06:43:55
P2309W,melissasims,qwright@example.com,_q%Trnk!A3X2,Andrew,Smith,True,user_professional,73.0,False,,2024-05-06 16:46:48
U2310C,wheelermatthew,utyler@example.org,0*XRISyz+4AR,William,Hopkins,False,user_professional,29.0,False,,2024-06-19 08:24:26
P2310F,mackenziejacobs,kwest@example.org,D3Et2QUsm#T_,John,Green,True,system_admin,,False,,2024-01-29 08:27:03
U2311P,tracy56,webbmichelle@example.org,*&^wA*3u+zz4,Alison,Johnson,False,nacb_admin,94.0,False,,2024-03-10 08:06:05
P2311Y,voneal,keithpowell@example.org,%#2SqzxS^cbN,John,Bell,False,organization_admin,58.0,False,,2024-07-05 01:59:36
U2312A,martinezkaren,dominicblevins@example.org,@4pQrl9j#bKz,Randy,Wagner,False,user_professional,,True,Unauthorized access attempts,2024-05-08 22:25:56
P2312L,fisherchristina,marshallangela@example.net,*4oN1&Ys$A8o,Kayla,Knox,False,organization_member,35.0,False,,2024-01-22 06:18:32
U2313J,rpatton,allisonjordan@example.net,&zO^GJztER5K,Steve,Torres,False,organization_member,,False,,2024-07-15 00:53:43
P2313L,hgarcia,johnsonautumn@example.net,)6EaZa9t&a3w,Johnathan,Haynes,False,user_professional,77.0,False,,2024-06-24 08:40:00
U2314A,rick80,christopherholloway@example.net,0a3#Bo#oG#2y,Jessica,Trevino,True,user_professional,23.0,False,,2024-02-04 03:57:27
P2314O,lisadavis,nixonsabrina@example.org,(_tS6pIeSd%g,Jacob,King,True,organization_member,,False,,2024-02-15 12:38:51
U2315V,jamessoto,tyler80@example.org,_P*67BgiB6W),Jacqueline,Costa,False,nacb_staff,,False,,2024-05-29 16:47:54
P2315L,qbrock,johnstonmaria@example.com,)01AudeOfBUU,Karen,Garcia,True,organization_admin,42.0,False,,2024-01-09 20:56:43
U2316B,jamiewallace,melissajohnson@example.net,_44SByz(v5U#,Henry,Wolf,True,nacb_admin,,False,,2024-05-13 12:40:07
P2316M,perezdaniel,turnertheresa@example.com,Qd4Bg8bo8c)q,Amanda,Day,True,user_professional,99.0,False,,2024-01-25 07:51:28
U2317O,tvaldez,alexander27@example.net,#_BVfHvlr!0C,Ruth,Morgan,False,user_professional,,False,,2024-02-20 19:43:41
P2317O,andrewjohnson,scott51@example.net,47$tH0So!wON,Kristen,Russell,False,user_professional,13.0,False,,2024-06-24 07:44:23
U2318P,adamstoni,angela66@example.com,G_TQMopOwq4B,Denise,Herman,True,user_professional,17.0,False,,2024-07-17 15:45:27
P2318J,kturner,hillmichael@example.com,(2_Nvl9k^92J,Andrew,Gibson,True,user_professional,81.0,False,,2024-02-13 01:59:35
U2319H,tabitha42,morganmelanie@example.com,#F3Po+Clk+3L,Joel,Bray,False,user_professional,,False,,2024-05-12 04:38:20
P2319F,marvin35,linda30@example.net,(48x4gM!!YEg,Theresa,Nguyen,True,nacb_staff,65.0,False,,2024-05-31 20:53:57
U2320F,youngrandy,matthew09@example.org,yw_08Rk9ZJrU,Kyle,Cunningham,False,user_professional,62.0,False,,2024-04-09 20:28:51
P2320G,williamsjon,rodriguezkenneth@example.net,!7g0F5$EOgKT,Tiffany,Collins,False,nacb_admin,,False,,2024-07-20 10:35:45
U2321V,claudia29,haynesmelissa@example.com,%%0NENyK@0%I,Robert,Medina,True,organization_member,23.0,False,,2024-02-17 08:06:18
P2321Z,jbrewer,qdudley@example.net,1$Ucl^iv_Q!G,Jenna,Coffey,False,nacb_admin,5.0,False,,2024-02-13 01:56:52
U2322Q,nancythompson,znorton@example.net,5k7ZRkkg^edN,Diana,Hale,True,user_professional,,False,,2024-04-26 05:38:13
P2322R,steven32,andrewcastillo@example.com,O%9ZN%mk6bZ^,Todd,Rios,True,user_professional,94.0,False,,2024-06-11 18:38:08
U2323N,todd45,kathleenlopez@example.net,*#wx9UJs+4CV,Clinton,Gonzalez,True,nacb_admin,,False,,2024-01-13 07:01:30
P2323M,richard87,zellison@example.com,^6S#0B2Xk8Mn,Amanda,Waller,False,organization_member,38.0,False,,2024-06-29 15:43:41
U2324F,armstrongkelly,maynichole@example.net,_FZ4&GwPq^Z3,Lindsay,Sanchez,False,user_professional,19.0,True,Suspicious activity detected,2024-02-22 16:27:35
P2324F,colemanchristopher,vmartinez@example.net,7*n4E%n8f*CI,Carrie,Hughes,False,nacb_staff,63.0,False,,2024-05-23 03:58:48
U2325C,audrey92,sheilashort@example.net,v%TlvRseGm0S,Kristine,Allen,True,user_professional,,False,,2024-02-15 10:25:47
P2325X,haleyharrison,samuelhuerta@example.com,k#Spe5@vWT9d,Veronica,Friedman,True,organization_member,,False,,2024-05-18 07:18:05
U2326W,rmorales,kmaxwell@example.com,q92&c0tnhy&Z,Karen,Hernandez,False,user_professional,87.0,False,,2024-06-21 13:34:33
P2326J,kelsey84,kathleenpruitt@example.com,A_2zKy(@B9Z8,Jonathan,Bright,True,organization_admin,47.0,False,,2024-05-03 13:07:49
U2327B,christy39,eringates@example.net,*9lLemgXV%hS,Eric,Harris,False,nacb_admin,,False,,2024-06-22 14:49:46
P2327V,zberry,gregoryduke@example.org,!xWceoO#23GX,Amanda,Dickson,False,organization_member,,False,,2024-07-13 08:40:39
U2328R,stacy16,tiffanycampbell@example.org,L(AQ!$kdRy6B,Anna,Mann,False,nacb_staff,,False,,2024-01-11 07:29:17
P2328Z,norma55,ahunter@example.net,$*Xqyi*4s7uJ,Carla,Taylor,False,nacb_admin,,False,,2024-07-11 15:49:21
U2329R,donald59,mccoyjoshua@example.net,(oViEb^D23sv,Tyler,Williams,False,user_professional,16.0,False,,2024-01-16 08:09:27
P2329T,taylorjonathan,fmorgan@example.com,%_2%CMseLBId,Shirley,Mckee,False,user_professional,,False,,2024-03-13 18:05:27
U2330Q,zachary08,tuckercynthia@example.com,i^4YKl+l^3^+,Brandi,Anderson,False,user_professional,,False,,2024-02-25 17:12:07
P2330J,madisonjenkins,stewartjoshua@example.org,Qns$RN(sk+7u,Brian,Hudson,False,user_professional,35.0,True,Account reported by multiple users,2024-04-28 03:44:33
U2331P,maria94,mcintoshmichelle@example.net,$7DHfrsg!#nX,Lauren,Hicks,False,nacb_staff,66.0,False,,2024-04-14 15:57:19
P2331D,umartinez,angela68@example.com,*bskW44uDd66,Jennifer,Nixon,True,user_professional,41.0,False,,2024-03-11 13:54:59
U2332Y,wlopez,lopezlatoya@example.com,lIOc7DBt_MV4,Aaron,Robinson,False,user_professional,96.0,True,Harassment of other users,2024-01-18 01:06:29
P2332P,alyssa35,bryantjodi@example.org,u#tBeSoVAn1P,Karen,Gonzalez,False,user_professional,,False,,2024-03-18 23:18:38
U2333C,nathan09,yduncan@example.com,5zc_V+_s^7^w,Robin,Mejia,True,nacb_admin,,False,,2024-01-30 16:52:44
P2333P,john94,kevin55@example.net,6*Ks17d9vS9N,Jessica,Dean,True,nacb_staff,,False,,2024-03-19 21:57:27
U2334R,stephaniegarcia,wross@example.org,Sd^Bld7d(9y_,Sean,Mcconnell,True,organization_admin,40.0,False,,2024-06-19 02:28:40
P2334H,angelacurry,erinwalters@example.com,(C8V37NdiOg+,Sydney,Walters,False,organization_member,52.0,False,,2024-05-26 11:26:12
U2335R,matthewalexander,ortizmelanie@example.com,fi6ScHBkY^Lg,Rebecca,Sanchez,False,user_professional,,False,,2024-05-25 23:11:23
P2335X,pwang,qwood@example.com,!8Kiluk6aPDI,Heather,Patton,True,organization_member,,False,,2024-04-11 07:49:50
U2336I,zimmermankathleen,whayes@example.net,@24_t20EqkXt,Deborah,Pittman,True,nacb_staff,,False,,2024-02-17 23:33:18
P2336D,knappjeffery,kjordan@example.net,5+8VRsuPjnui,Lori,Jones,True,organization_member,43.0,False,,2024-03-03 18:08:59
U2337T,kelly72,coopernicole@example.org,&GSLeX5t9gas,Nicholas,Mcmahon,True,user_professional,75.0,False,,2024-07-07 01:08:23
P2337D,penningtonheather,jessicamartinez@example.net,*zFfPOv6DG)5,Sharon,King,False,organization_member,9.0,False,,2024-06-11 00:34:55
U2338Y,catherine24,ilindsey@example.net,PU^mn2y%x!9t,Devon,Duke,False,nacb_admin,84.0,False,,2024-04-09 16:13:58
P2338S,mvang,myersjennifer@example.org,5aVQTbvF&W&b,Kevin,Williams,True,organization_member,75.0,False,,2024-04-03 07:56:21
U2339Z,williamsdanielle,drivera@example.org,Q0DdRCsf@WDK,Jon,Lloyd,True,nacb_staff,90.0,True,Unauthorized access attempts,2024-02-12 23:42:28
P2339Y,ngraham,barryjoshua@example.net,U5HzJjT%!fmH,William,Harrell,True,user_professional,,False,,2024-01-18 07:58:47
U2340I,bmatthews,deannaallen@example.com,O0ge0TcL!475,Allison,Shepard,False,user_professional,,False,,2024-01-12 01:18:10
P2340I,jessicacannon,timothy45@example.net,&urXKErbi*2x,Elizabeth,Mann,True,organization_member,,False,,2024-06-04 13:53:24
U2341S,nking,stephanie59@example.net,Pn0pOvcZ*DQ+,Richard,Thompson,True,organization_admin,59.0,False,,2024-06-16 15:26:40
P2341S,cabrerachristina,davisjulia@example.org,+7YWubYX_jdZ,Kevin,Alvarez,True,organization_admin,50.0,True,Account reported by multiple users,2024-04-30 07:35:57
U2342R,mibarra,hthompson@example.org,b$Z%fgFH66dS,Ronald,Miller,False,user_professional,8.0,False,,2024-02-10 05:34:12
P2342V,brandon36,jamie35@example.com,bsoLZGyq&N5_,Jonathan,Hall,True,organization_member,,False,,2024-07-04 21:03:05
U2343Z,robinsonrebecca,bphillips@example.org,UvP1TrL*Q+69,Zachary,West,True,organization_admin,,False,,2024-03-15 03:54:03
P2343Z,jaredmccarthy,xmitchell@example.net,bAdDmhNo$0KY,Hannah,Rogers,True,organization_member,,False,,2024-06-11 10:16:33
U2344G,ruth59,joythompson@example.com,TVjK2Xlg&JRA,Justin,Avila,True,system_admin,82.0,False,,2024-05-25 08:54:14
P2344Z,melissaforbes,amberpeterson@example.com,#g9eo)ycgG8C,Philip,Wilson,False,nacb_staff,44.0,False,,2024-01-09 06:03:41
U2345B,foxcalvin,williammullins@example.org,*eET_L$xX6^^,Charles,Nielsen,False,organization_member,31.0,False,,2024-05-21 01:36:05
P2345T,uorozco,monique58@example.com,)pqCh@pXlk2T,Bill,Mcdowell,False,organization_member,4.0,False,,2024-02-20 07:20:18
U2346I,deanna57,yhood@example.org,toRjT1w@_6Zp,Grace,Davis,False,organization_admin,,False,,2024-07-02 06:47:06
P2346X,krystalfleming,lori54@example.org,^qnANktfB3gX,Crystal,Garner,False,organization_member,4.0,False,,2024-04-05 02:15:29
U2347O,ithomas,lisa92@example.com,r@7*MCHz*hT2,Jennifer,Ball,True,nacb_staff,,False,,2024-01-10 18:15:54
P2347H,chadchen,juarezsteven@example.org,_&0zuNlw)#PQ,Donna,Chambers,False,nacb_staff,4.0,False,,2024-06-03 05:42:31
U2348C,dperez,austin11@example.org,+RPqXGdxEX67,Kelly,White,False,user_professional,,False,,2024-07-24 07:27:34
P2348C,ann21,johnathansparks@example.org,RRQV3ORojR)8,James,Smith,True,organization_admin,76.0,False,,2024-05-31 07:16:15
U2349L,christophercox,rmarks@example.com,od6*fub#G3DK,James,Ellis,True,nacb_staff,42.0,False,,2024-01-08 09:18:08
P2349Z,lisawolfe,jamie59@example.org,Ah5CmdD!@BPZ,Stephen,Wallace,True,organization_member,,True,Non-payment of subscription fees,2024-05-14 05:30:40
U2350U,beth12,andrew74@example.com,$5$8jEvlV(!X,Laurie,Smith,True,organization_admin,11.0,False,,2024-03-26 06:48:08
P2350F,john49,kevin63@example.org,@TE145Nv_Eme,Kyle,Jenkins,True,user_professional,,False,,2024-03-30 15:30:59
U2351U,sullivanjudith,lisamoore@example.net,h#7X4@$s2&%v,Richard,Stewart,False,organization_admin,,False,,2024-03-16 23:31:52
P2351F,ltrevino,greencarolyn@example.net,1)63!)yqWZYA,Marco,Thomas,False,system_admin,,False,,2024-07-14 16:22:51
U2352W,rmendoza,kingolivia@example.net,1oZY9Yme$+9w,William,Smith,False,user_professional,,False,,2024-01-29 13:22:10
P2352I,fernando09,batescheyenne@example.net,!LX5g88CYGp9,Emily,Alexander,True,system_admin,,False,,2024-02-04 03:41:37
U2353A,justinsmith,lirwin@example.net,twEqCIAa#3ky,Michael,Garrett,True,organization_admin,,False,,2024-07-12 23:37:25
P2353E,james44,martineztravis@example.com,_NIV1j+jZng1,Adrian,Watts,False,user_professional,,False,,2024-05-26 14:00:15
U2354M,brubio,kennethcruz@example.net,#29@rqMP8jXx,Steve,Martinez,True,user_professional,99.0,False,,2024-01-17 12:08:06
P2354W,justin63,rojascharles@example.net,mg1gqUpbo^Ba,Jordan,Livingston,False,nacb_staff,,False,,2024-07-04 04:54:07
U2355K,susan03,ericfreeman@example.com,#l5rOJiAZdZ9,William,Ward,False,organization_member,,False,,2024-07-19 23:05:09
P2355Q,jimenezandrea,thomas32@example.net,%g1QYjyKi*Rc,John,Davis,True,nacb_admin,52.0,False,,2024-02-23 18:31:55
U2356M,caleb38,deborahmcbride@example.com,Dk3SQL5$s@gZ,Jennifer,Thomas,True,nacb_staff,78.0,True,Non-compliance with community guidelines,2024-05-02 17:32:00
P2356D,maryjohnson,sandra97@example.org,G4L*FwustVcp,Lucas,Cruz,False,system_admin,96.0,False,,2024-05-11 03:11:15
U2357A,chelsea70,sharonhoward@example.org,9rA4BK3y)6GX,Karen,Potter,False,organization_member,,False,,2024-03-21 03:44:51
P2357H,vargasrobert,jacobstroy@example.net,(3Er%baP3nfW,Paul,Martin,False,organization_member,,False,,2024-05-25 03:32:07
U2358Q,rgross,jessicastone@example.org,^UbGCqzWiE0a,Scott,Hernandez,False,system_admin,,False,,2024-04-03 03:36:01
P2358S,juan42,debra33@example.net,@9YS%NNy_9Qe,David,Perry,False,user_professional,,True,Non-payment of subscription fees,2024-02-21 07:59:57
U2359A,glennclayton,lauramoody@example.com,(th%0HlY^vb@,Mark,Dennis,False,organization_member,,False,,2024-03-15 11:54:48
P2359D,imahoney,powelldavid@example.net,yZy#O1Wm98Ev,Jerry,Jacobs,True,nacb_admin,78.0,False,,2024-06-11 17:02:28
U2360A,joneschristopher,lcarpenter@example.org,&5lGZZk*f&66,Dawn,Smith,True,user_professional,57.0,True,Use of prohibited software or bots,2024-04-17 00:43:53
P2360Q,bushtimothy,hinesgregg@example.net,HCClgKZi&9Yk,Jeffrey,Little,False,user_professional,,False,,2024-03-28 20:24:54
U2361G,torresanthony,cookcarla@example.net,a%sS3C6pfEf4,Brian,Robbins,False,organization_member,98.0,False,,2024-07-22 03:16:50
P2361B,ibarrateresa,royamanda@example.com,t@sV0nKwrI7g,Catherine,Lawrence,False,user_professional,22.0,False,,2024-02-14 19:33:53
U2362I,gary77,epham@example.com,@FUwl%##4aG@,Anthony,Bentley,True,organization_member,99.0,False,,2024-06-04 15:42:30
P2362I,molson,kmorris@example.org,k7UvbajQ!aGZ,Stephen,Thompson,False,nacb_staff,,False,,2024-02-03 02:47:05
U2363D,ajackson,murphyjoshua@example.net,H0*Z5lUk2n0H,Jordan,Goodman,False,nacb_staff,,True,Account reported by multiple users,2024-06-28 18:38:57
P2363W,dawn79,mmoss@example.org,uEBLo9oK#(J*,Shelby,Bailey,False,nacb_admin,,False,,2024-06-17 15:03:43
U2364J,debbiegarcia,bakerandrew@example.com,$JxjHFy8!4%H,Cody,Barker,False,nacb_staff,73.0,False,,2024-05-04 12:49:36
P2364O,gouldjessica,scottjames@example.com,ykO4Qryy%I$S,Jeremy,Wall,False,nacb_admin,14.0,False,,2024-03-05 17:15:37
U2365U,uhill,cynthia25@example.com,VqH@j@dx3vsJ,Richard,Wilson,True,user_professional,90.0,False,,2024-04-30 13:09:13
P2365G,hstrong,psimon@example.com,0#k4nA$qwT8H,Tyler,Robinson,True,nacb_staff,52.0,False,,2024-06-29 09:25:01
U2366X,megan65,andrewrichards@example.org,X(mI4joF@M4K,Adam,Jimenez,True,user_professional,,False,,2024-03-11 09:31:21
P2366Q,ostout,cainjames@example.com,&9zO8SodD5LQ,April,Brown,True,nacb_admin,,False,,2024-04-20 09:59:08
U2367E,jessica41,murphycynthia@example.net,&1El(_ae!Q74,Oscar,Huerta,True,nacb_admin,43.0,False,,2024-05-17 19:40:54
P2367S,florestravis,carlfrost@example.net,*epRQh_!xE+5,Amber,Thompson,False,organization_member,,False,,2024-01-20 05:54:25
U2368S,wwilliams,weverett@example.net,+9Cr3C9w%21n,Robert,Gonzalez,True,organization_admin,39.0,False,,2024-07-08 11:44:44
P2368H,rodneyramirez,susan79@example.org,!7Peg5kRx087,Edward,Ford,False,nacb_admin,,False,,2024-02-08 15:14:14
U2369S,mitchellchristopher,michelle65@example.org,JAlHimv^h9n*,Deborah,Gardner,False,nacb_staff,,False,,2024-06-25 00:52:38
P2369C,joshua75,david90@example.org,@4H9ghyf#O*F,Nicole,Barnes,False,organization_member,23.0,False,,2024-03-12 03:54:22
U2370U,garytucker,audrey06@example.org,#+Pf_3LnnRGl,Ashley,Brown,False,user_professional,21.0,False,,2024-05-11 06:44:51
P2370Z,charlesnelson,vanessa88@example.org,Xq+PSiyX+2UT,Christina,Turner,True,nacb_staff,,False,,2024-01-30 21:54:42
U2371F,david28,ojohnson@example.net,#uZYCfJh6esl,Debbie,Strickland,True,nacb_staff,100.0,True,Fraudulent transactions detected,2024-06-19 16:11:15
P2371F,nwood,scottangela@example.com,@uY27EghOf$8,Ashlee,Vega,False,nacb_staff,,True,Spamming or abusive behavior,2024-01-18 18:44:43
U2372S,pamelahale,dhoffman@example.org,E@4qFl%W^aqE,Cody,Tran,True,organization_member,1.0,False,,2024-03-10 16:38:47
P2372O,pmorrison,adam23@example.net,FW^0ZbYU+qVJ,David,Thomas,True,user_professional,59.0,False,,2024-07-23 11:17:02
U2373D,bobbycarey,chelseahayes@example.com,BF5(Epk7C$4*,Brian,Macias,True,user_professional,,False,,2024-02-02 10:57:57
P2373O,ashley42,robin06@example.com,E9HKem(dCLF^,Amanda,Foster,True,nacb_staff,79.0,False,,2024-04-14 14:47:56
U2374Z,mary08,michellehaynes@example.net,+uD^BLodR%y6,Dylan,Miller,True,nacb_staff,51.0,False,,2024-07-22 09:27:22
P2374I,ryananderson,petersonjessica@example.org,$DuQAzcoV41X,Gregory,Smith,True,user_professional,,False,,2024-03-04 23:15:16
U2375Z,stokesmichelle,lawsonlouis@example.com,&%pMSo$Gtsv9,Nicole,Jones,False,organization_member,82.0,False,,2024-03-10 02:42:31
P2375J,brian56,kford@example.net,_eze4WRr@RHQ,Dorothy,Pham,False,nacb_admin,,False,,2024-05-23 00:42:00
U2376A,teresa74,thomas88@example.net,g9htH#SL!0Bk,Christopher,Thompson,False,user_professional,80.0,False,,2024-01-07 13:18:46
P2376N,jennifermorgan,gerald35@example.org,7#8BI&stKWWn,Stephen,Bell,False,nacb_admin,31.0,True,Suspicious activity detected,2024-06-08 17:09:03
U2377C,amandabradley,kaylashepherd@example.org,)vNTydTk_5Uv,Jacqueline,Heath,True,user_professional,,False,,2024-05-23 21:04:13
P2377S,jeffrey58,phillipsjames@example.net,(l4YGqR+b&5W,Matthew,Hayden,False,nacb_staff,20.0,False,,2024-04-02 22:51:39
U2378J,nicholas83,xgonzalez@example.com,D_8Ofcd!3%YJ,Kristin,Curry,True,organization_admin,,False,,2024-06-18 03:42:24
P2378H,jacob76,jessica43@example.com,1SeFUJp#+0pb,Lisa,Lopez,False,user_professional,77.0,False,,2024-02-01 03:19:06
U2379U,matthewbowman,amandagarrett@example.com,(lVOmCdKH7P4,John,Lang,True,user_professional,93.0,False,,2024-02-01 03:36:24
P2379W,costacarlos,charlene90@example.org,l(*1Oczy6P#g,Jonathan,Becker,False,user_professional,,False,,2024-07-23 13:16:01
U2380Z,xvasquez,dennis00@example.net,)%bYs+t5*04%,Angela,Woods,False,nacb_staff,,False,,2024-04-23 14:27:34
P2380Q,thompsonjacqueline,nzuniga@example.net,Y$V$3yIw7q8J,Melissa,Smith,True,organization_member,84.0,False,,2024-03-25 18:17:17
U2381W,sarah67,stephanie01@example.net,e$p$3_TfGY1$,Sara,Chandler,True,user_professional,,False,,2024-03-08 18:18:08
P2381R,edwardbell,jennifer16@example.org,Kl5))VLtt^lu,John,Smith,False,organization_member,,False,,2024-04-05 08:48:20
U2382Y,mcconnellmaureen,kurt95@example.org,1o0L4MbNhM1),Vicki,Mitchell,True,organization_member,59.0,False,,2024-07-05 11:24:35
P2382I,travis55,stephensdavid@example.org,0f5KGE9Uu%CY,Jason,Reese,True,organization_member,,False,,2024-06-01 20:25:07
U2383U,richardaustin,kaiserjamie@example.com,dR^B13MezT)4,Olivia,Dixon,False,organization_admin,88.0,False,,2024-01-27 17:59:17
P2383S,nbradley,stevensphillip@example.com,c5GyM%%t!+ES,Todd,Hudson,True,organization_member,,False,,2024-07-04 12:31:15
U2384N,cbarrett,laraelijah@example.net,&0KWp%Tcz1RF,Victoria,Hernandez,False,nacb_staff,,False,,2024-06-04 09:33:26
P2384D,ryan62,emily77@example.net,+#P0Lf4$3pqV,David,Miller,True,organization_admin,58.0,False,,2024-03-26 03:17:12
U2385Q,dannyjenkins,bweber@example.net,Q2MTDA%D%5Lk,Krista,Johnson,True,user_professional,22.0,True,Violation of terms of service,2024-07-20 05:56:30
P2385B,vdyer,michaelchoi@example.net,m^&VTxoI2Wg0,Denise,Wright,True,organization_member,,False,,2024-07-17 04:03:43
U2386J,madisonroberts,vincentalexander@example.com,Li30AINr$Oi8,Amy,Ayala,True,nacb_staff,96.0,False,,2024-04-01 14:54:09
P2386A,flynnnathan,stokessusan@example.com,@c2IQaXgVRSk,Oscar,Brown,False,user_professional,21.0,False,,2024-07-20 07:13:22
U2387U,aking,hsanders@example.com,mHz&0QCge(Cc,Peter,Rodgers,False,organization_admin,10.0,False,,2024-01-31 00:31:54
P2387L,bcooper,cindymartin@example.org,v$4^gAG#ovWx,Shawn,Rodriguez,True,nacb_staff,,False,,2024-07-14 04:42:28
U2388Q,jennifercastaneda,katiefisher@example.com,^8qIp7rbZu+3,Monica,Malone,False,user_professional,3.0,True,Use of prohibited software or bots,2024-04-07 21:55:01
P2388A,odonnellbrian,jill51@example.org,#2V(q1vi$%ea,Laura,Johnson,False,nacb_staff,78.0,False,,2024-03-02 05:46:25
U2389Q,hcox,evan21@example.net,zL3E1X!m#@de,Ronald,Phillips,False,organization_member,7.0,False,,2024-02-20 02:50:36
P2389K,tlittle,meyerjerry@example.net,7X6RhfGjlt4_,Roy,Gates,True,nacb_admin,,False,,2024-05-17 08:40:25
U2390Y,wrobles,hannah71@example.net,_GH64!hQxhdM,Sherry,Thomas,True,organization_member,,False,,2024-01-03 21:54:52
P2390R,spencerjoann,john78@example.net,$lccHXb&F1n8,Lindsey,Smith,False,organization_member,14.0,False,,2024-01-01 00:40:29
U2391B,grahampaul,howard81@example.com,n%46EFnmk4+f,Brandon,Stewart,False,organization_admin,75.0,False,,2024-05-06 03:58:48
P2391N,pzavala,mccoyelijah@example.org,)CTL+2hd7&l(,John,Burns,False,user_professional,,False,,2024-05-04 17:51:42
U2392T,mitchellisaac,kimberlypatel@example.org,r))(2ajumH5q,Dean,Williams,True,nacb_staff,,False,,2024-03-09 12:35:07
P2392Q,sgates,klambert@example.com,mqr5G0nZi#xs,Carolyn,Williams,False,user_professional,,False,,2024-03-08 04:43:48
U2393B,collinssabrina,nbrown@example.org,9ark80mF#4N$,Katherine,Wade,False,system_admin,,False,,2024-07-09 23:37:52
P2393A,jennifer84,hsanders@example.com,M+PkeQLjn23X,Breanna,Ross,True,organization_member,,False,,2024-01-31 14:34:47
U2394C,brandirivera,dominiqueturner@example.com,)MvOhVbKO1bB,Tracy,Ramirez,True,organization_member,8.0,False,,2024-03-01 05:54:16
P2394F,rachelcole,mike39@example.net,_S@RJQe$2ix$,Jason,Griffin,False,organization_admin,,False,,2024-01-30 21:32:07
U2395Z,rebecca48,benjaminhogan@example.com,9O0_$WfVNT%n,Ashley,Miller,True,user_professional,,False,,2024-02-18 09:10:05
P2395C,lsmith,sheri26@example.com,pBKls*WZ$8$9,Anthony,Mayer,True,organization_member,,False,,2024-06-06 06:30:18
U2396D,clairecooper,kwilliams@example.net,R#t1cJHeCYA@,Elizabeth,Reed,True,user_professional,,False,,2024-07-16 19:07:21
P2396F,wrightjennifer,alexhoward@example.org,*Q%e%4GiF4kO,Christopher,Hansen,False,user_professional,,False,,2024-03-18 00:40:47
U2397U,thomas96,ncurry@example.net,KHU&)#p2t5Vt,Kara,Cruz,False,organization_member,,False,,2024-04-05 21:28:38
P2397G,johnmartinez,deniseatkinson@example.com,Cz#j6K7osU_O,Jane,White,False,system_admin,,False,,2024-04-11 11:55:04
U2398P,morrisadam,david89@example.net,bK4+H+tsfFGZ,Cassandra,Middleton,True,organization_member,95.0,False,,2024-04-12 16:49:11
P2398G,tpena,sarahsanchez@example.org,SaE8DTuq2^z6,Bobby,Krueger,True,organization_member,,True,Spamming or abusive behavior,2024-07-03 20:12:05
U2399O,cmontgomery,michaelgarcia@example.net,333Gv!Mz)#y4,Margaret,Alvarez,False,organization_member,29.0,False,,2024-01-18 06:07:22
P2399L,flewis,jenniferscott@example.org,7*AR+RmnC_7B,Jared,Edwards,True,organization_member,,False,,2024-01-02 13:51:32
U2400S,davidburns,popematthew@example.com,%5Nq&qo##ctn,Paul,Williams,False,user_professional,21.0,False,,2024-05-11 09:14:55
P2400P,betty79,rosedavid@example.com,Bc^!S6Ru&x4V,David,Diaz,False,organization_member,,False,,2024-01-10 21:33:36
U2401G,lwest,ramirezemily@example.org,7)tRtVBqOvP5,Edwin,Mcdonald,False,nacb_staff,46.0,False,,2024-02-29 12:29:38
P2401B,jonruiz,kelsey57@example.org,ey3SoBmb#$@W,Rita,Gomez,False,organization_member,,False,,2024-05-23 16:20:19
U2402Y,crice,aramirez@example.org,!@@HAeqYRb8*,Patrick,King,False,nacb_admin,,False,,2024-07-07 13:56:38
P2402K,ochoacarolyn,iweaver@example.net,^d_2vSCzUN&%,Trevor,Wallace,False,organization_member,91.0,False,,2024-05-23 14:03:52
U2403Z,iarcher,cannonlisa@example.org,)p93Y3vscz!),Victoria,Mendoza,False,organization_member,,False,,2024-02-17 12:25:10
P2403C,mariah56,smithjanet@example.net,#70(cXEtpl$H,Samantha,Stanley,True,user_professional,,False,,2024-07-13 03:24:16
U2404B,parkjason,nancyjones@example.net,+4Izk)bAcZxN,Aaron,Kane,True,organization_member,,False,,2024-03-04 14:50:44
P2404W,davidcarter,kristenpaul@example.com,06bdCDHk(Qbx,Connie,Smith,False,user_professional,,False,,2024-07-09 05:23:43
U2405V,hramos,yaguilar@example.org,b(^2C#&pm$85,Pamela,Woodard,True,nacb_staff,79.0,False,,2024-02-01 18:31:02
P2405Y,guy32,christine18@example.com,+5d72@wM@2Tl,Charles,Harris,False,organization_member,6.0,False,,2024-01-06 08:53:44
U2406L,kevin78,morrowtimothy@example.com,wMRPafdG@*3+,Mark,Jones,False,nacb_admin,38.0,False,,2024-07-12 05:40:18
P2406H,meaganshah,downsangel@example.com,s1ibCFGv^w39,Adam,Henderson,True,organization_member,50.0,False,,2024-02-16 14:27:24
U2407X,leemelissa,pateljoshua@example.com,$**cUnt3vY8K,Michael,Fitzgerald,False,nacb_staff,89.0,False,,2024-07-07 16:04:25
P2407B,epatel,hernandeztroy@example.com,x!8kGqXiF(A1,Amber,Lambert,False,organization_member,22.0,False,,2024-04-22 17:12:28
U2408G,robertmartinez,caseydavis@example.com,FF8HJ@dDU^K*,Madeline,Yu,True,organization_member,,False,,2024-01-21 15:52:34
P2408L,april08,btaylor@example.com,a^X(yx5f&K1l,Kimberly,Johnson,False,system_admin,52.0,False,,2024-01-16 22:31:51
U2409M,holly54,anthony37@example.org,F(5Eo2nDZIE%,Hayley,Salinas,True,user_professional,12.0,False,,2024-07-17 16:41:06
P2409P,pamela59,hallwilliam@example.org,qE#rG*@g_7Qf,Alexander,Delacruz,True,user_professional,12.0,False,,2024-05-23 19:32:44
U2410C,thompsontonya,david80@example.com,+99Av$nG3m6x,Michael,Walker,True,organization_admin,21.0,False,,2024-04-30 02:31:15
P2410D,jefferymays,ywalters@example.com,ZsyLt7n)!1Mb,John,Smith,True,nacb_staff,78.0,False,,2024-02-10 06:12:50
U2411Y,dhodges,debrataylor@example.org,fYlVbIqRUS+0,Barbara,Guzman,True,organization_member,77.0,False,,2024-06-17 21:53:31
P2411H,greenleah,christine41@example.com,PD&)3T)nFzq%,James,Castro,False,organization_member,81.0,False,,2024-04-27 00:46:47
U2412D,sheryl27,haley29@example.com,^5#1m^*dzYDI,Sandra,Dixon,True,nacb_admin,91.0,False,,2024-01-31 19:57:10
P2412Z,craigmary,shawn01@example.net,%kH9r$^gJnAx,Steven,Pierce,False,organization_admin,,False,,2024-02-08 14:17:00
U2413H,obailey,khunt@example.net,g9YNIZsI#qgw,Nathan,Hayden,False,user_professional,,False,,2024-03-10 06:39:43
P2413H,nathan10,rharrison@example.com,pYG3WuwAf*4T,Hannah,Moss,True,organization_member,,True,Violation of terms of service,2024-02-03 06:39:30
U2414W,brucecarrillo,lorozco@example.net,)8sL__ixs6lp,Tim,English,True,nacb_staff,,False,,2024-02-16 07:08:41
P2414Q,bking,hamiltonryan@example.com,_@4qO1Ou#h8l,Christine,Keller,False,nacb_admin,,False,,2024-05-24 16:15:14
U2415N,rspencer,hughesheather@example.com,G_ypm%yIGa0Z,Denise,Hernandez,False,nacb_admin,,False,,2024-04-06 06:43:24
P2415Q,frankpeterson,srobinson@example.com,563B!bex^voD,Victoria,Sanders,False,nacb_admin,,False,,2024-04-19 00:34:19
U2416J,maciaskatrina,kimberly10@example.net,#nS&oE^8e7!M,Richard,Atkins,True,nacb_staff,,False,,2024-04-27 14:35:55
P2416X,nicholas94,bflores@example.net,+YC8DxV!(Z32,Jennifer,Singleton,False,organization_member,,False,,2024-07-19 20:31:10
U2417O,melindamoore,jeffrey41@example.net,N%ZRq+&3*q0N,James,Hicks,False,user_professional,,False,,2024-04-17 16:47:20
P2417T,mross,kellyhuber@example.net,)%PWgcIGb+4W,Melinda,Lewis,False,organization_member,57.0,False,,2024-06-17 23:01:11
U2418N,ojohnson,harrisrachel@example.com,0ojvc#z^@NSm,Matthew,Tapia,True,organization_admin,,False,,2024-03-12 01:14:13
P2418J,andre56,juliajames@example.org,NQzfqVbq@N)2,Angela,Cruz,True,nacb_admin,29.0,False,,2024-05-05 07:31:30
U2419J,johnreed,jperez@example.net,^eMSETsqIK_1,Amy,Jones,True,nacb_staff,,False,,2024-03-28 21:52:09
P2419X,jessicahoffman,kim92@example.com,uK68yaBu**Xx,Ronald,Long,False,nacb_staff,,False,,2024-07-06 09:11:37
U2420N,matthew43,kevinpatrick@example.net,0CgMt!$&_ase,Ryan,Brown,True,organization_admin,,False,,2024-03-05 16:46:34
P2420A,jthomas,carpenterdebra@example.org,elb4&sKf2^N7,James,Vazquez,True,organization_member,63.0,True,Account reported by multiple users,2024-07-12 05:11:28
U2421N,egonzalez,stephen08@example.net,1zTgtFJs#6wG,Jordan,Watson,False,organization_member,58.0,True,Spamming or abusive behavior,2024-05-09 08:04:44
P2421G,spope,jamescrosby@example.org,*EunHz5i7Kt8,Paul,Riggs,False,organization_member,,False,,2024-06-11 21:25:01
U2422K,douglasjesus,roberthunt@example.org,581QdhWL#1EA,Kyle,Bradford,False,organization_member,42.0,False,,2024-06-27 18:05:11
P2422E,gina80,andrea26@example.com,+4m$$I&be^7F,David,Martinez,True,organization_member,,False,,2024-07-19 13:25:28
U2423T,joann02,sullivansusan@example.com,$#pu6CIoG+$f,Samuel,Sanchez,True,nacb_staff,,False,,2024-04-13 14:55:28
P2423G,vbarajas,grayanthony@example.org,^T3P^eNJpDu0,Benjamin,Steele,True,organization_member,,False,,2024-03-11 00:22:01
U2424H,jessica86,vincent43@example.org,&_U1cMj^YXGw,Sandra,Williams,False,organization_member,58.0,False,,2024-04-09 14:04:31
P2424T,ashley14,michael34@example.org,(7JaJd7xpTX_,Teresa,Warren,False,system_admin,,False,,2024-07-22 16:54:34
U2425X,bwise,amy17@example.net,o%aPAx*o14W#,Brian,Wallace,True,nacb_admin,,False,,2024-02-11 07:28:22
P2425C,davismelissa,christinayang@example.com,DArZSwAP$5f#,Destiny,Lara,False,user_professional,60.0,False,,2024-04-21 21:09:03
U2426F,megan35,millerlance@example.com,5ISp2Ns0xxT),Gerald,Mays,True,user_professional,,False,,2024-03-20 23:14:34
P2426M,cvang,brandonnorris@example.org,$JvWsFqGw8ir,Victoria,Berger,True,user_professional,85.0,False,,2024-06-15 05:13:57
U2427B,johnwilliams,smithkevin@example.com,!UqbwfTDW8(R,Derrick,Underwood,True,organization_member,,False,,2024-02-25 05:27:51
P2427U,mcampbell,david55@example.net,RL0#68sLC3aM,Jennifer,Bowman,True,organization_member,76.0,False,,2024-02-03 16:26:00
U2428I,valerie64,haasmichelle@example.com,WS1H4vZAU@f_,James,Ward,False,system_admin,,False,,2024-01-19 07:33:29
P2428S,yjohnson,melissa97@example.com,2EEv8D&)&^3v,Kayla,Jimenez,False,user_professional,5.0,False,,2024-03-21 01:08:59
U2429H,nkennedy,schaefershelby@example.org,gJ)D6Iej@Zg4,Melissa,Lee,True,user_professional,,False,,2024-01-07 01:50:58
P2429R,robinmorton,erin70@example.com,!0QRotVC7+wT,Jonathan,Nguyen,False,organization_member,11.0,False,,2024-07-20 12:08:24
U2430J,deckeramy,scottandrew@example.org,b1_qKUAkLXt4,Alexis,Hudson,False,user_professional,,False,,2024-02-10 22:54:58
P2430W,palmerrachel,morgan46@example.com,S$J8CUhrmvK&,Alexis,Hernandez,False,nacb_staff,,False,,2024-01-05 05:45:47
U2431T,rebekah33,ralphpowell@example.com,*+yFiL8yQC44,Megan,Johnson,True,organization_admin,,True,Security policy violation,2024-01-29 19:48:28
P2431O,nrobinson,zherrera@example.com,%_13aPrbmik),Joshua,Hart,False,organization_member,,False,,2024-04-19 03:51:54
U2432X,heidiwright,larry29@example.net,q*93jsP!_$2C,Rhonda,Zamora,False,organization_member,53.0,False,,2024-02-07 04:46:21
P2432N,dbrown,heathercampbell@example.org,g23Po*rH%OzT,Melissa,Stewart,False,organization_admin,47.0,False,,2024-02-11 04:48:01
U2433I,nancy07,alison74@example.net,L&7uqdyhMKUD,Kevin,Strickland,False,organization_admin,52.0,False,,2024-01-04 13:07:03
P2433B,michellevalentine,epalmer@example.org,UdH88Evu&4fA,Harry,Banks,False,organization_member,85.0,False,,2024-05-13 21:03:52
U2434H,nelsonkevin,michelle43@example.com,(#PPCbiL57TZ,Martin,Patel,False,nacb_staff,,False,,2024-03-17 18:57:08
P2434O,acopeland,laurabailey@example.org,GO3N+5Lg##2K,Philip,Ball,False,user_professional,89.0,False,,2024-02-07 15:24:09
U2435F,bnguyen,uhansen@example.com,)^M*txQh*g1J,Miguel,Jones,False,organization_member,15.0,False,,2024-07-08 06:41:53
P2435Y,roymaria,james68@example.net,5hdUx&Nm!5(d,Erica,Grant,False,user_professional,36.0,False,,2024-03-04 17:34:05
U2436H,pvillarreal,alexis65@example.net,t+3%o^a@_7Bf,Terri,Robertson,True,nacb_admin,89.0,False,,2024-04-04 23:47:50
P2436J,jgomez,lewisdaniel@example.org,6D8%W&rmK$$L,Debra,Brooks,True,system_admin,4.0,False,,2024-01-12 12:21:44
U2437M,wardjohn,paulcampbell@example.com,e6@U0eYq@150,Susan,Bates,False,organization_admin,48.0,False,,2024-04-11 19:57:40
P2437M,turnergregory,bmoore@example.net,43H9#%vo+4Do,Heather,Richardson,True,user_professional,60.0,True,Inappropriate content posted,2024-03-05 23:02:42
U2438U,lcochran,alexis82@example.org,7#VvdpE@%6Gb,Denise,Evans,True,organization_member,,False,,2024-03-23 18:59:05
P2438Q,xjohnson,bill57@example.net,Vsbq%Jmh^q3A,Randy,Gomez,True,organization_admin,16.0,False,,2024-03-22 08:20:32
U2439R,katiesmith,asosa@example.org,5K$BcnWGdZ9@,Matthew,Clark,True,organization_member,,False,,2024-01-29 05:01:15
P2439H,poolejohnny,harrellalexis@example.com,5pY@rcyQ^8T@,Melissa,Rodriguez,True,organization_member,,False,,2024-02-29 02:51:17
U2440O,rlopez,shawnmiller@example.net,Veni9TGw$(v^,Jason,Johnson,False,nacb_staff,50.0,False,,2024-03-31 21:15:15
P2440T,martineznatasha,lgilbert@example.com,q1J^ohCmy9iO,Scott,Graham,True,nacb_staff,,False,,2024-01-24 20:09:27
U2441R,johnortiz,paulhenderson@example.com,i+LU$6GlMXgR,Sierra,Jenkins,True,organization_member,18.0,True,Use of prohibited software or bots,2024-02-17 09:59:51
P2441C,elliottvictor,griffithtodd@example.net,!pOAoG1inF6l,Robert,Reed,False,nacb_admin,,False,,2024-05-19 21:15:45
U2442E,lesliegreen,gracegray@example.net,#kO6Wh3g!(S3,Allison,Robinson,False,organization_member,48.0,False,,2024-03-19 18:52:55
P2442D,stephaniebraun,christopher10@example.com,M7a5Gf_lq^Ts,Crystal,Marks,False,organization_admin,,False,,2024-05-14 16:52:42
U2443K,michael04,allenchristopher@example.com,K44W8s0cj^VD,Candice,Harrison,False,user_professional,56.0,False,,2024-05-04 10:40:11
P2443L,dianerogers,stevenmarshall@example.org,n#5LHvt^Y!@!,Andrew,Johnson,True,nacb_staff,50.0,False,,2024-06-15 18:46:49
U2444G,dmoody,karina51@example.org,#BxXgmluRq8s,Elizabeth,Stevenson,False,nacb_staff,56.0,False,,2024-04-15 00:57:24
P2444S,stephenrodriguez,daniellelarson@example.com,X5N&8l5*)0h9,Peter,Maxwell,False,system_admin,,True,Security policy violation,2024-04-13 22:29:53
U2445L,brittanylambert,umartinez@example.org,1^SzXJT$_tO3,Rachel,Brown,False,nacb_admin,,False,,2024-07-24 02:46:13
P2445L,kharmon,devin33@example.com,$f+e4Dlx#hsg,Robert,Santos,False,organization_member,,False,,2024-07-11 09:34:42
U2446W,lindseyvazquez,cory51@example.org,#1Cb3JVV%1t5,Joel,Johnson,False,organization_member,39.0,False,,2024-04-06 17:47:33
P2446U,robertday,stephen51@example.com,WeJ60zmB&lDL,Matthew,Stein,False,nacb_staff,,False,,2024-02-26 01:28:20
U2447O,reginaburton,yanderson@example.org,v996NbzIWw*@,Ann,Lowery,False,organization_admin,19.0,False,,2024-02-19 03:18:58
P2447Z,jonathan90,mcclurekathy@example.org,saR!5RoXdHZk,Timothy,Miller,True,user_professional,,False,,2024-03-22 00:01:30
U2448P,ann64,vlong@example.net,k74QPY6c$8ys,Michele,Johns,False,user_professional,,False,,2024-03-30 02:49:53
P2448P,codyanderson,bsmith@example.net,&WT9FNtuP0!d,Julia,Wilson,False,organization_member,42.0,False,,2024-04-03 07:42:31
U2449V,lawsonrebecca,andreadiaz@example.org,2NcELsSEg%2G,Melody,Steele,False,organization_member,,False,,2024-06-27 15:50:40
P2449D,xmann,schristensen@example.net,0vGfEYTs#X9+,Richard,Baldwin,True,nacb_staff,44.0,False,,2024-03-17 02:40:51
U2450S,brittanydennis,hansondeborah@example.net,3ETtuMIQ$^Ox,Raymond,Young,True,organization_admin,,True,Harassment of other users,2024-04-07 18:35:20
P2450W,tinareeves,parkerjamie@example.net,sH8YnfTc09#P,Cassandra,Harris,True,user_professional,8.0,False,,2024-03-29 09:21:22
U2451F,brandongreen,wmyers@example.net,@5b87LYqqJd1,Kimberly,Richardson,False,organization_member,,False,,2024-02-02 06:15:22
P2451F,jonathanbowers,alison39@example.com,+s^IlPyvJ&82,Luke,Romero,True,user_professional,98.0,False,,2024-06-10 04:39:37
U2452Y,zstephenson,robertsellers@example.org,f@wTK77i&1iM,Stephanie,Lin,True,organization_member,23.0,False,,2024-07-01 12:10:42
P2452Z,leahhawkins,joneskara@example.org,7O%rQG6!&3M*,Benjamin,Holt,False,organization_admin,59.0,False,,2024-01-03 18:10:37
U2453E,djennings,qross@example.com,+yFNMiuf9!pe,Justin,Conway,False,organization_member,,False,,2024-02-27 05:39:41
P2453A,druiz,jamesdouglas@example.net,h@o4UbmgNS6j,Philip,Horton,False,organization_member,,False,,2024-05-21 11:10:34
U2454U,ustewart,antonioedwards@example.org,x7(etZ8V&6N1,Clayton,Washington,True,user_professional,90.0,False,,2024-02-13 18:25:09
P2454T,benjamin61,melissaspencer@example.net,PbIY71uc%)0!,Matthew,Kelly,False,user_professional,9.0,False,,2024-06-12 18:16:37
U2455R,briana81,morganjohnson@example.org,2#Bg88Ts7M8),Jennifer,Hunt,False,nacb_admin,,False,,2024-07-09 21:58:34
P2455G,matthewhurst,brownmaxwell@example.com,#Cg2_*Bh^D+Q,Tonya,Buck,True,organization_admin,58.0,True,Unauthorized access attempts,2024-06-11 07:45:36
U2456T,cheryljohnson,hbest@example.org,W(t7Afm9*GP@,Angela,Schultz,False,user_professional,9.0,False,,2024-01-02 03:40:39
P2456Z,zmiles,paulaacosta@example.com,S69WJitwM#3K,Todd,George,False,organization_admin,76.0,False,,2024-03-01 06:07:59
U2457B,chad27,brooke33@example.org,@WtI!&gEK84r,Bradley,Olson,True,nacb_admin,90.0,True,Suspicious activity detected,2024-01-05 23:49:33
P2457V,dmason,bowersgregory@example.com,*hnbIo*zn8N8,Katherine,Giles,False,organization_member,,False,,2024-07-13 19:52:06
U2458N,conwayshannon,denniswalker@example.org,35rvWIht)fCW,Susan,Moreno,False,user_professional,,False,,2024-03-25 10:53:31
P2458D,jenniferbrown,theresa71@example.com,_esp#ir345$D,Craig,Cantrell,False,nacb_admin,,False,,2024-02-23 18:05:54
U2459H,stewartpaul,uperry@example.net,%B!q(cUv4uH@,Randy,Walls,False,nacb_staff,,False,,2024-01-14 10:05:23
P2459Y,billy80,steven89@example.net,@z5yNfeF4h&g,Anthony,Barnes,True,nacb_admin,24.0,False,,2024-06-04 11:26:15
U2460T,teresa20,nanderson@example.com,H%3OXucDOPqy,Connie,Cobb,False,organization_member,32.0,False,,2024-01-04 02:34:09
P2460S,ggalloway,hayesmary@example.org,xg#kP#x7@3#6,Robin,Peterson,True,user_professional,62.0,False,,2024-03-15 21:04:48
U2461B,bushnathan,anthony22@example.org,)78DI*ge^*CY,Bianca,Peterson,True,organization_member,65.0,False,,2024-03-06 18:45:42
P2461I,brooke78,lindahill@example.com,r8v@vPS43vTe,Joel,Colon,True,organization_member,,True,Breaching confidentiality agreements,2024-02-11 00:32:10
U2462I,pattersonseth,tonyasmith@example.com,!f&OkYyl)$5b,Troy,Estrada,False,organization_member,,True,Security policy violation,2024-03-01 08:26:42
P2462V,framos,nguyenkenneth@example.net,Ys4Lk_rt+2M*,Jennifer,Mcdaniel,True,organization_member,25.0,False,,2024-07-10 02:33:22
U2463Y,pmcbride,hlewis@example.net,lEA4e3Uf(g_+,Nicholas,Perez,True,organization_member,,False,,2024-07-17 06:07:43
P2463W,osantana,nicolegrant@example.net,+6YWseOci&FN,Tonya,Galvan,True,user_professional,,False,,2024-04-05 10:20:57
U2464U,alexanderjordan,smithjohn@example.com,^Nv#QPo^E8+f,Ryan,Rodriguez,False,system_admin,61.0,False,,2024-07-10 06:41:48
P2464Z,jeanclark,rhondawade@example.com,l6BON*#jHp4_,Jessica,Richmond,False,nacb_admin,74.0,False,,2024-06-23 01:30:26
U2465A,cooperadam,mwatson@example.com,nCG^h6Hlm8OZ,Michelle,Hansen,True,organization_member,38.0,False,,2024-03-30 13:12:53
P2465X,uturner,calderonjulie@example.com,qE)q7HgfKG!8,Adam,Parsons,True,organization_admin,,False,,2024-03-25 02:52:28
U2466D,smithjose,iconrad@example.net,GU6di*yubz@E,Cynthia,Sherman,True,nacb_staff,78.0,True,Breaching confidentiality agreements,2024-05-25 20:23:29
P2466E,sdavis,pamela52@example.net,E*#1CdbZM$qJ,Jared,Perkins,False,nacb_staff,,False,,2024-06-30 15:30:30
U2467B,kristen37,williamskrystal@example.org,$)nVcr$48u4o,Thomas,Oliver,True,organization_admin,29.0,False,,2024-01-14 15:03:51
P2467H,mendozazachary,mfitzpatrick@example.com,_oUr+aM4t%14,Richard,Cox,False,user_professional,17.0,False,,2024-05-23 04:06:14
U2468D,tonyareed,nathan17@example.com,0sfj52Rl#goL,Debbie,Graham,True,system_admin,,False,,2024-03-31 13:06:44
P2468Z,matthewritter,annosborne@example.org,a)q4KReI+q2p,Nicholas,Martinez,True,nacb_staff,52.0,True,Suspicious activity detected,2024-06-11 07:39:41
U2469D,erica13,zjacobson@example.com,z3QOQq4q*$xm,Eric,Sullivan,True,nacb_admin,,False,,2024-04-06 02:05:28
P2469S,wkaufman,schmidtshawn@example.org,WB7#7DmKeXY*,Jenna,Johnston,False,user_professional,,False,,2024-01-04 03:21:19
U2470M,balljose,amywolfe@example.org,EhMi)9Mv2Js!,Courtney,Kerr,False,nacb_staff,,False,,2024-04-23 05:34:54
P2470H,jeffreybond,smithanthony@example.net,(P^l20Yx4&+3,Dakota,Martinez,False,user_professional,10.0,False,,2024-05-13 11:31:19
U2471Q,emily76,kelleypeggy@example.com,n^5$SlwIn^Xu,John,Daniel,True,organization_member,43.0,False,,2024-02-17 02:52:54
P2471L,ricardoharris,gdavis@example.org,*&d7XTlvOrfN,Wanda,Carey,False,user_professional,63.0,False,,2024-03-26 16:50:09
U2472I,christopher74,brobinson@example.com,_!z(7rUh&$1X,Michael,Richardson,False,organization_member,,False,,2024-01-15 10:47:54
P2472Y,jessedrake,psimon@example.org,@GhisPJdM!5%,Katie,Day,False,organization_member,,False,,2024-05-18 03:36:37
U2473J,aaron29,emilyshort@example.net,i_r8Aon9(!)C,Sharon,Williams,True,organization_member,,False,,2024-02-25 02:17:15
P2473N,johnsonbilly,brittany53@example.net,**lFM7Bn1Srl,Patricia,Morton,True,organization_admin,,False,,2024-03-12 05:29:02
U2474L,baileynancy,danielsisaiah@example.com,+TORt*kZA9g&,Susan,Brown,False,organization_member,96.0,False,,2024-07-05 22:34:22
P2474B,williamjacobs,michaelmiller@example.org,7#8T)JMx#3oF,Jeanette,Fleming,True,organization_admin,89.0,False,,2024-05-16 03:36:37
U2475Z,stephen56,gkramer@example.net,)n2kpAZ&BASM,Kenneth,Smith,False,organization_member,75.0,False,,2024-04-18 14:13:53
P2475P,randallstone,reginald52@example.org,r2tE8d6S*fDF,Lisa,Taylor,True,nacb_staff,,False,,2024-02-14 18:14:23
U2476C,uthomas,bsmith@example.org,z0m^qKab^V9R,Adam,Carter,True,organization_member,25.0,False,,2024-06-11 21:06:08
P2476T,onealchristine,nflores@example.net,9)khUNHG)z5R,Jesus,Braun,True,organization_member,41.0,False,,2024-02-26 06:10:14
U2477Z,ashley14,iwright@example.com,g2*#AiFi)9bC,Susan,Reyes,True,nacb_admin,,False,,2024-02-11 21:44:21
P2477W,richard27,dustin27@example.com,W(8zDX5l&(Yw,Matthew,Olson,True,organization_member,,False,,2024-02-20 13:21:43
U2478B,lanekimberly,marymiles@example.org,Ru1YYh)ds)CF,Nicholas,Gibson,True,nacb_staff,31.0,False,,2024-02-05 06:28:46
P2478Q,vanessastevens,melvingardner@example.com,Lt)0Nlwt7!yC,Barbara,Harmon,False,nacb_admin,,False,,2024-05-20 05:10:43
U2479V,stephanie65,barryavila@example.com,D_*pDMa#aS8G,Alexis,Parker,False,user_professional,,False,,2024-04-01 21:08:56
P2479I,george65,dholloway@example.org,9%28wYLi(vH6,Christopher,Rodriguez,True,nacb_staff,,False,,2024-04-15 22:15:11
U2480X,madison18,sbell@example.com,$7uZj3%t_4lK,Bradley,Curtis,True,organization_member,,True,Non-compliance with community guidelines,2024-06-10 10:46:05
P2480K,qmartinez,seannixon@example.com,no9XEVwSh%qz,Terry,Kane,True,organization_member,,False,,2024-04-04 22:09:08
U2481V,dcunningham,karen29@example.org,rn(M7Uz8WNB!,Amanda,Sloan,False,nacb_staff,86.0,False,,2024-02-26 18:26:53
P2481H,paulramos,nicolewallace@example.com,b(B2E@v$z%Fq,Heather,George,False,nacb_staff,,False,,2024-03-05 01:03:26
U2482J,tromero,contrerasjessica@example.org,_q7t)THv)qL!,Andrew,Merritt,False,organization_member,71.0,False,,2024-02-16 09:33:01
P2482O,dereklandry,henrysharon@example.org,&n7GiFxQ3u2Z,Tammy,Ingram,False,user_professional,5.0,False,,2024-05-28 22:08:33
U2483B,alec16,veronicabrown@example.net,TNIF$O_wp&5a,Lisa,Randall,False,organization_member,,False,,2024-02-03 01:31:53
P2483G,gloriaprice,brian81@example.org,(9CB%2SjWp_4,Adrian,Edwards,False,nacb_staff,28.0,False,,2024-06-29 21:15:44
U2484H,wanda91,kevin34@example.org,#2&mQm@+BkHK,Katie,Donaldson,True,nacb_staff,19.0,False,,2024-06-13 04:00:33
P2484N,carl36,laura14@example.org,s#jIMBkl3k3H,Douglas,Case,True,user_professional,80.0,False,,2024-05-23 18:57:42
U2485P,natashacastillo,josephmorris@example.org,0rQP#&xN)nCx,Candace,Hill,False,organization_member,,False,,2024-07-08 19:42:14
P2485Z,steinbrooke,chelsea28@example.com,vZXZtFpQ9(85,Cory,Pineda,False,nacb_admin,,False,,2024-05-17 16:45:20
U2486Q,tiffany20,baldwinsarah@example.net,c)HUGOHW+m8T,Mary,Lewis,True,user_professional,,False,,2024-03-26 20:38:47
P2486G,jeremymays,edwardskim@example.org,YM9&+wV*)0gO,Steven,Dudley,True,organization_member,80.0,False,,2024-03-16 02:52:21
U2487K,davidstokes,sarah70@example.com,n!aM0xXjw$N),Jennifer,Stewart,True,organization_member,20.0,False,,2024-06-25 00:13:44
P2487Z,qmassey,parker50@example.net,#dv5Izgf&%ey,Brendan,Palmer,False,organization_admin,56.0,False,,2024-01-27 08:27:21
U2488V,deannavalencia,thomassteven@example.org,HY$6Ylx1#Z3f,Gabrielle,Gray,False,organization_member,,False,,2024-06-08 02:46:58
P2488W,elewis,dennisnunez@example.org,!IG)v&lP%1c^,Brittney,Thomas,False,user_professional,22.0,False,,2024-02-03 20:55:12
U2489W,rtapia,riveraamber@example.com,AaT&0TWaG47),Kevin,Holland,False,user_professional,76.0,False,,2024-01-27 02:13:49
P2489W,hprince,megan04@example.org,3^$HbjJ1$8nO,Martin,Bass,True,organization_member,34.0,False,,2024-07-07 06:07:35
U2490V,broberts,mariagraham@example.net,5YQOGscM^f5C,John,Sullivan,True,organization_member,,False,,2024-02-05 06:10:01
P2490A,jeremynash,ycarrillo@example.net,*MLp4teS7my8,Carolyn,Allen,False,user_professional,,False,,2024-01-19 13:27:33
U2491O,patriciaochoa,mayokaren@example.com,L%5Ws+wXNy+G,Julia,Chen,True,user_professional,,False,,2024-05-01 18:02:11
P2491S,espinozatimothy,qballard@example.org,VK2dSLpV+e@6,Alicia,Cervantes,True,organization_member,93.0,False,,2024-04-16 11:15:20
U2492D,leslie64,anthony47@example.net,w5S7CBzXs&u1,Keith,Hall,False,user_professional,12.0,False,,2024-01-11 10:16:17
P2492G,michael49,sean32@example.org,8hQj3RF7fEH+,Elizabeth,Allen,False,user_professional,86.0,True,Spamming or abusive behavior,2024-02-06 04:10:46
U2493V,nreid,jesus34@example.net,Lp5Txp7VR%4!,Shannon,Brown,False,nacb_staff,,False,,2024-06-10 14:30:06
P2493B,michael31,michaellewis@example.com,T)wHIIbdrr11,Steven,Morgan,True,user_professional,41.0,False,,2024-03-16 23:26:45
U2494Q,michaeldavis,morgan77@example.org,0YpmUEcY(VGi,Lawrence,Hansen,True,organization_admin,17.0,False,,2024-03-25 23:05:24
P2494X,tsmith,ericawilliams@example.net,_9TQbB3ti2Ro,Nicole,Garza,False,nacb_admin,49.0,False,,2024-05-24 07:48:14
U2495Y,laraerik,lucerojeff@example.org,CC2mIeSs@QuL,John,Day,True,nacb_admin,56.0,False,,2024-02-23 17:44:12
P2495S,willie96,charlesjones@example.net,h9vPwr(y&qJe,Chad,Walsh,False,organization_member,55.0,False,,2024-06-15 08:46:54
U2496G,melissarice,sanchezjenna@example.net,S08Y5XHli*pd,Heather,Yoder,False,user_professional,,False,,2024-06-21 16:14:27
P2496G,karenwallace,nicholas60@example.org,%J21Kvng20I4,Juan,Hardin,False,organization_admin,41.0,True,Misrepresentation of identity,2024-06-14 23:05:08
U2497V,cgriffin,rodriguezjennifer@example.org,0$xTb8!O2Z2$,Shelly,Keller,True,system_admin,94.0,False,,2024-06-07 15:22:51
P2497Y,kaguilar,wanderson@example.net,BB^RJPe_+99P,Ronald,Jacobs,True,user_professional,,True,Security policy violation,2024-05-12 12:29:19
U2498R,anthonysimmons,lesterian@example.net,ac8Qm^VN#!IT,Natasha,Fletcher,False,nacb_admin,,False,,2024-04-15 06:51:32
P2498F,patrickbrooks,hernandezelizabeth@example.net,MJDI)uSc$7o$,Mary,Hines,True,organization_admin,,False,,2024-03-11 01:43:44
U2499G,fwilliams,cameronjoseph@example.org,7va!RhPAmlwB,Charles,Ward,True,organization_member,,False,,2024-04-25 05:47:32
P2499N,william26,ospencer@example.org,d6)mom$3A&ER,Ashley,Shaw,False,organization_member,,False,,2024-06-06 18:32:31
U2500I,christy96,cwatts@example.net,jClYStZ((y3+,Suzanne,Hess,False,organization_member,,False,,2024-06-11 09:49:34
P2500F,peter31,jamiesingh@example.net,+4n+cX!c958S,Brenda,Hall,False,organization_member,72.0,True,Spamming or abusive behavior,2024-06-16 01:04:27
U2501A,charles76,wallacekelsey@example.net,GB2%EmHvY!38,Brandon,Franco,True,user_professional,,False,,2024-07-03 10:50:09
P2501L,amandamartinez,xwashington@example.org,@8w1mW9jixJI,Benjamin,Dean,False,nacb_staff,83.0,False,,2024-04-18 02:54:14
U2502S,kimberly35,stephen10@example.org,+oKEu2Y)V1fI,Adriana,Sanders,False,user_professional,,False,,2024-06-26 03:03:55
P2502A,barbara35,barry62@example.org,f(g6VmIe5Ga9,Matthew,Harris,False,user_professional,,False,,2024-03-19 16:34:07
U2503J,tamaracampbell,cynthia26@example.org,b+J4Qr1s^LID,Randy,Mccall,True,user_professional,,False,,2024-04-30 15:39:51
P2503O,kim67,ronaldrivera@example.net,$6M4yKCrX9+*,Michele,Stanley,False,nacb_admin,,False,,2024-01-21 17:00:59
U2504N,smithtrevor,jason45@example.org,+E7HFz1Pd#M$,Jason,Nielsen,False,organization_member,,False,,2024-02-16 09:47:51
P2504F,fitzpatrickkatherine,michael92@example.net,)0Vm8#PG+bpk,Dawn,Johnson,True,organization_member,,False,,2024-01-12 03:53:31
U2505T,kanderson,courtney25@example.org,&69HyjmAFa#L,Meagan,Singleton,True,user_professional,,False,,2024-03-07 06:34:16
P2505P,tammy37,derekadkins@example.com,_1D9Qg6$Ki_f,Charlotte,Stone,False,nacb_admin,100.0,False,,2024-05-19 20:34:48
U2506I,kaitlynfarrell,asexton@example.org,@4eI2rM9$V$3,Albert,Callahan,True,organization_member,30.0,False,,2024-03-01 21:17:53
P2506G,bsolis,sjackson@example.com,Ee4H+4Hde_YY,Jorge,Costa,True,organization_member,,False,,2024-04-23 21:28:07
U2507W,xmoore,charleslewis@example.org,^Mdk26Bd#n$q,Kyle,Wilson,True,nacb_staff,73.0,False,,2024-03-11 01:03:15
P2507U,yvette42,jporter@example.com,$3H#qF46Dtxq,Stephanie,Nash,False,user_professional,76.0,False,,2024-05-21 10:56:16
U2508E,ecarrillo,nolanjennifer@example.com,_5dLH4Kh+$K+,Angela,Benitez,True,system_admin,51.0,False,,2024-04-15 21:08:46
P2508O,cortezwayne,williammorgan@example.org,1sLhbWfj@xD*,Karen,Sheppard,True,organization_member,,False,,2024-04-19 01:46:04
U2509Z,nlyons,chelsea02@example.org,oc#0M2QzfE2(,Jim,Day,False,organization_member,62.0,False,,2024-04-08 17:51:47
P2509Q,fthomas,xhammond@example.com,A_HGHYC(Fr8#,Ivan,Sparks,False,organization_member,,False,,2024-07-08 15:35:52
U2510O,ayalacharles,rphillips@example.com,%IkxjYTi5#C0,Michael,Bradley,True,nacb_staff,95.0,False,,2024-03-30 20:17:56
P2510L,shawnwatkins,gillsteve@example.net,1B#G1tQqo)H+,Regina,Hernandez,False,organization_member,,False,,2024-03-06 20:12:01
U2511M,sheath,dmiller@example.net,kKT%**y7)9WT,John,Powell,True,organization_member,66.0,False,,2024-07-17 18:34:49
P2511O,brandon31,briannashea@example.com,(h3s$5Hi*3TH,Aaron,Romero,False,organization_member,45.0,True,Non-compliance with community guidelines,2024-01-06 10:03:09
U2512M,lopezluis,jorge35@example.com,HF@DbNIn_4Lc,Dale,Blackburn,False,organization_member,31.0,False,,2024-04-23 15:37:10
P2512P,garciawendy,tinaclark@example.org,6q_J_hSg&9DZ,Kurt,Fox,False,user_professional,,False,,2024-04-23 15:46:09
U2513B,tannerwilcox,gregorygay@example.net,z4J$4Palaj7t,Christine,Wang,False,system_admin,80.0,False,,2024-06-04 21:00:03
P2513Y,fjacobs,kevin78@example.org,$x8AKezJ3gC3,Anthony,Rodriguez,False,nacb_staff,46.0,False,,2024-05-09 01:22:27
U2514F,ashley06,ugraves@example.net,*7+xf9IX%hFl,Michele,Turner,False,user_professional,23.0,False,,2024-06-28 21:23:42
P2514G,jeffrey55,acurtis@example.org,ApzcaWXx)5z1,Christopher,Smith,False,system_admin,,False,,2024-04-29 18:23:36
U2515Z,sbaker,smithcarolyn@example.net,P90LYdifeV+8,George,Morris,True,nacb_admin,,False,,2024-05-13 16:24:00
P2515M,keith19,emaxwell@example.com,%2aTxamK&1vL,Laura,Barber,False,organization_member,95.0,False,,2024-01-14 11:07:25
U2516O,fmartin,kjackson@example.org,11Oo&M!e^R7&,Sheryl,Dougherty,True,user_professional,60.0,False,,2024-07-05 13:36:59
P2516D,donald00,gainescorey@example.org,@1M@NzVkGY05,Robert,Donovan,False,nacb_staff,15.0,False,,2024-05-14 21:18:59
U2517V,daniel13,meyerchristine@example.net,u_9CxCcVB2tK,Joyce,King,False,organization_member,,False,,2024-06-22 07:22:00
P2517J,annette60,frenchtonya@example.com,_4JyCW#qjm%5,Sean,White,True,organization_member,,False,,2024-06-22 21:03:37
U2518R,shawnnguyen,xrivera@example.net,fn#W7MvfaK#C,Cristian,Riley,True,nacb_staff,50.0,False,,2024-03-24 16:08:18
P2518O,wilsonsusan,adamphillips@example.net,5^0!Gxfv^0L3,Laura,Thomas,True,nacb_staff,5.0,False,,2024-05-10 17:00:27
U2519X,juliecox,benjaminpace@example.net,kSDD1jGbfa*W,Amanda,Jenkins,False,user_professional,49.0,False,,2024-01-07 19:55:09
P2519O,xevans,sharongibson@example.com,a89q$$Nt)GNG,Melissa,Avila,True,organization_member,3.0,False,,2024-05-19 20:11:58
U2520H,kevinbrown,jonesmary@example.net,%D7afBj((!z1,Dawn,Smith,True,organization_admin,84.0,False,,2024-02-20 18:11:12
P2520R,ztaylor,robert19@example.net,9Z1)nj4Eq4SH,Patty,Garcia,False,organization_member,51.0,False,,2024-01-04 23:36:19
U2521T,cindy10,ysteele@example.com,73Es9WfqdqM$,Rachel,Anderson,False,organization_member,,False,,2024-06-22 09:36:59
P2521V,james79,cordovasusan@example.org,6!3Vg1$85IgP,Charles,Dean,False,organization_member,26.0,False,,2024-06-17 00:31:04
U2522S,michael41,carteralexis@example.org,R14I_peb)FKw,David,Lopez,False,organization_member,24.0,False,,2024-01-09 10:39:24
P2522P,sheryl28,welchmaria@example.com,EpS$uOa3F007,Rhonda,Horne,True,organization_member,89.0,False,,2024-03-08 00:45:12
U2523F,johnsonmichele,robertaboyd@example.org,@vHWdGqIu$21,Katie,Morton,True,organization_member,67.0,False,,2024-01-19 00:14:36
P2523K,jthompson,schase@example.org,Q3zAioxS68u+,Brandy,Ross,False,organization_member,,False,,2024-05-01 10:43:42
U2524A,averycarrie,tgonzales@example.net,Bb81O!qZy^7C,John,Long,False,organization_admin,,False,,2024-02-08 06:56:40
P2524X,jdoyle,nwilliams@example.com,w14R3cmWL2m$,Alexis,Dawson,True,organization_member,,False,,2024-02-08 10:47:07
U2525X,steven84,palmeralejandro@example.com,UUv9MOWwR%A2,Kristin,Ramirez,False,nacb_staff,,False,,2024-03-01 01:05:18
P2525D,deanna24,marie33@example.com,%E^Fk6Xw!7EK,Brian,Sanchez,True,nacb_admin,12.0,False,,2024-04-12 16:37:08
U2526E,qbarrera,wilkersonlaura@example.net,t)UDm0$r_I1B,Todd,Wright,True,organization_admin,,False,,2024-06-08 15:34:27
P2526W,zmerritt,lindsey00@example.net,t^Vt9BclUr^O,Erica,Chung,False,organization_admin,,False,,2024-07-08 14:45:04
U2527Y,gordonjenna,edwardsjames@example.net,q#57flGnBsJD,Derek,Brown,False,organization_member,,False,,2024-04-19 15:28:41
P2527B,rkirk,susan67@example.com,$p5m78(s^@9V,Marie,Sherman,False,system_admin,,False,,2024-06-08 04:25:19
U2528G,careybenjamin,evelyn72@example.com,)n36MJJpz#TN,Allen,Bishop,True,user_professional,92.0,False,,2024-06-26 17:05:24
P2528O,jon06,imclean@example.org,ExTJBq)y&1Lu,Jaime,Collins,True,organization_member,,False,,2024-06-21 13:14:52
U2529W,rebeccacummings,warnerdavid@example.net,p^5v*m^xQ3WS,Morgan,Thompson,False,user_professional,,False,,2024-02-26 16:18:48
P2529Z,qhanson,dperez@example.com,!GfV5B&wb!ln,Christopher,Thompson,False,nacb_admin,,True,Fraudulent transactions detected,2024-03-23 10:25:28
U2530H,cburnett,kelliott@example.com,b+&5RiUR^bAk,Harry,Jones,True,user_professional,36.0,False,,2024-06-17 16:51:08
P2530K,jamiegreen,asmall@example.net,_(7&+VOyW4!8,Dwayne,Osborn,False,organization_member,64.0,False,,2024-07-08 02:19:25
U2531Q,mark89,williamwilliams@example.org,+0J6B+m6(+p@,Ann,Hernandez,False,organization_member,68.0,False,,2024-04-15 23:54:23
P2531I,pauldominguez,nicolaswallace@example.net,Oh1cjE@V^uE1,Adam,Weber,False,nacb_staff,,False,,2024-05-31 13:23:38
U2532D,pamela24,smithspencer@example.net,)UJRz0wYGN11,Peter,Roberts,False,nacb_admin,72.0,False,,2024-05-14 23:21:14
P2532C,gilmorechristopher,matthew31@example.org,L$ZXb6S*IrXU,Kristine,Ferguson,True,organization_admin,,True,Security policy violation,2024-05-06 14:00:29
U2533K,kathryn48,kelly72@example.com,Q)pX9GTmw2Si,Denise,Richards,False,user_professional,68.0,False,,2024-06-17 20:09:50
P2533A,christina43,ahenson@example.com,@g0w#72doCDF,Bradley,Jordan,True,nacb_staff,60.0,False,,2024-02-01 05:07:51
U2534X,tonya97,austinjoseph@example.org,&^PqIh0b3Uiv,Jason,Bean,True,nacb_staff,47.0,False,,2024-05-29 12:37:11
P2534L,ericsmith,johnny12@example.com,+4l5vZegpc0P,Jesse,Gregory,False,nacb_admin,18.0,True,Security policy violation,2024-07-10 10:46:50
U2535S,ijohns,tamara15@example.com,woM&@UgW+5tI,Vickie,Harvey,False,organization_member,7.0,False,,2024-02-04 11:39:36
P2535F,pamela66,wsmith@example.org,rHqLJvqq7#Q+,Allen,Rogers,True,organization_admin,,True,Unauthorized access attempts,2024-06-12 07:17:16
U2536Y,gonzalezlaura,rodriguezpaula@example.org,^6XfyMfA(YYO,Michael,Werner,False,user_professional,67.0,False,,2024-06-27 14:49:08
P2536D,snyderann,vroberts@example.org,+*VVM37v27T7,Alexandra,Ford,True,organization_member,83.0,False,,2024-03-08 23:54:10
U2537H,brendajohnson,julie91@example.com,@#IAQtbmN_6p,Larry,Wood,True,user_professional,,False,,2024-05-25 13:38:18
P2537U,wendybernard,blankenshiphaley@example.org,dMvt_kF)!7K),Carol,Moore,False,nacb_staff,38.0,False,,2024-04-28 12:54:18
U2538M,wwatts,kimberly33@example.net,4p&uqSH2#)A0,Selena,Jones,True,user_professional,16.0,False,,2024-05-13 07:39:17
P2538J,rodrigueztiffany,kimberlymontoya@example.net,3$4zSfiK*H*X,Megan,Jones,False,user_professional,,False,,2024-01-07 13:04:57
U2539L,rhondagonzalez,paulaalexander@example.net,#Hj!Wxh7@b+1,Robert,Jackson,True,organization_member,1.0,False,,2024-05-17 18:29:00
P2539E,padillaraymond,barreratimothy@example.org,S9L*p4ZH!!Zw,Michelle,Johnson,True,user_professional,43.0,False,,2024-01-22 19:01:50
U2540L,mark62,ihudson@example.com,0x5DndkVF_Kk,Wendy,Walker,True,nacb_admin,6.0,False,,2024-05-17 01:44:41
P2540H,allen21,ujones@example.net,@ez9Nlco$Ia@,Kimberly,Jones,False,user_professional,,False,,2024-04-25 09:41:43
U2541F,hernandezjulie,cnelson@example.org,%79%EzxW!#No,Lindsay,Stewart,False,nacb_staff,,False,,2024-07-05 06:07:33
P2541H,kmcgee,wheeleranna@example.net,^IO41PLw%h+6,Jason,Cain,True,nacb_admin,,False,,2024-07-15 09:33:20
U2542E,thernandez,riggsjohn@example.org,&YC1fgeLcd1M,David,Fisher,True,organization_member,,False,,2024-05-06 06:51:03
P2542O,fmueller,robert68@example.com,xmg)Qk5X8&01,Ashley,Smith,True,organization_admin,,False,,2024-07-09 08:26:35
U2543N,jenniferharper,johnyork@example.net,h9Nb9@1vQ^_W,David,Huynh,True,nacb_staff,11.0,False,,2024-01-17 08:21:35
P2543A,lynnsmith,brittanymathews@example.net,(05U1p!bHzV$,Robert,Krueger,False,organization_admin,65.0,False,,2024-02-27 05:33:19
U2544B,brian93,iclark@example.net,I)h6HJDi(eST,Mike,Johnson,False,user_professional,49.0,False,,2024-02-08 10:57:59
P2544B,waderobert,randy28@example.com,jju7QC49X(ZA,Steven,Perez,True,nacb_admin,9.0,False,,2024-03-18 20:09:52
U2545O,wileyphillip,andrea32@example.net,#4wZcy)bbDqm,Jennifer,Hull,True,organization_member,37.0,False,,2024-04-17 07:25:29
P2545Z,kathy32,kbarber@example.net,3^^Uds_n@^$j,Richard,Smith,False,user_professional,,False,,2024-04-13 21:08:05
U2546L,johnsonrachel,smithsara@example.org,fM+JBoY%+@n1,Marcia,Jones,True,user_professional,94.0,False,,2024-02-19 15:55:57
P2546V,bergbrittany,florescarlos@example.org,8&*W8)lF%g^*,Daniel,Briggs,True,nacb_staff,,False,,2024-07-07 23:17:47
U2547U,smithalice,mmiller@example.net,!fT@ELqkIu23,Diana,Powers,False,nacb_admin,,True,Non-compliance with community guidelines,2024-07-15 06:46:45
P2547J,jane60,wharmon@example.org,&0O&ro6ccNCa,Taylor,Hill,True,organization_member,73.0,False,,2024-06-10 16:43:22
U2548H,qmathews,anthonygarcia@example.net,+H1tGLtjdYiG,Nichole,Simmons,False,user_professional,,False,,2024-04-13 11:00:05
P2548H,whitemegan,qsmith@example.org,)!JndYJABo9f,Misty,Jones,False,organization_member,,False,,2024-05-10 18:37:24
U2549V,laurasummers,mark86@example.com,2($DWdRa1aG9,Elizabeth,Parks,True,user_professional,42.0,False,,2024-03-22 07:04:26
P2549I,zacharystrickland,zmora@example.org,_K0#IIj*_rsC,Sara,Ortiz,True,nacb_staff,,False,,2024-01-30 17:28:45
U2550E,tjones,thomas01@example.com,nL!1hNn8t%sf,Justin,Martinez,False,user_professional,89.0,False,,2024-07-08 14:36:43
P2550I,joseph36,dchristian@example.net,8EF0nDbg_3NC,Joseph,Gonzales,False,nacb_admin,,False,,2024-02-10 11:58:15
U2551I,codylynch,jonesstephanie@example.net,GzNmeL*TO8N*,Kathleen,Evans,False,user_professional,,False,,2024-04-14 14:05:55
P2551D,laurennguyen,lancehiggins@example.org,6B1@bddtpjQS,Paul,Green,True,organization_member,,False,,2024-05-17 15:08:29
U2552H,hardywilliam,michael26@example.org,T&9v569ioOC^,Laura,Reed,False,user_professional,,False,,2024-03-11 00:44:16
P2552P,john76,elijahlester@example.net,(++utGhXh1D9,Kendra,Williams,True,user_professional,45.0,False,,2024-05-12 20:29:19
U2553W,cwilliams,ronald86@example.org,y)w0uuswKGEa,Ana,Wheeler,True,user_professional,3.0,False,,2024-05-20 22:24:24
P2553E,timothy07,kara73@example.org,n%(DlaC!jP5o,Billy,Moore,True,user_professional,5.0,False,,2024-01-28 20:08:11
U2554Z,martinezjerry,robert11@example.com,@_3NzGbz(1e3,Rhonda,Whitehead,False,organization_admin,,False,,2024-03-30 15:47:47
P2554J,jodywhite,victoriaporter@example.com,0K1ATaKyQ%)c,Gavin,Lee,False,organization_member,,False,,2024-06-26 21:56:37
U2555W,williamsjennifer,daniellestewart@example.org,)7Bg3aCyNiW5,Darryl,Howell,True,organization_member,,False,,2024-02-15 04:07:46
P2555O,vincent91,katherinebradshaw@example.org,A69i3Af6+am_,Daniel,Hernandez,False,system_admin,18.0,False,,2024-03-01 09:04:53
U2556P,craigpeter,martinjeffrey@example.com,E+s&LcTv+96R,Ryan,Harding,False,nacb_staff,,False,,2024-02-22 11:08:18
P2556D,leewright,matthewturner@example.org,!56J7rhaj7xS,Ian,Perez,True,system_admin,,False,,2024-05-15 19:09:03
U2557J,gloriathompson,sarahmyers@example.com,AI1tN48i*srm,Stephanie,Brown,True,user_professional,,False,,2024-04-22 23:49:43
P2557I,mooneypaul,ryan60@example.net,9oSLO@xz@$8I,Michael,Johnson,True,organization_member,49.0,False,,2024-07-13 04:11:02
U2558W,johnstonsamantha,rpeterson@example.net,)Ka+7ycb8+iB,Jacob,Brown,True,user_professional,,False,,2024-07-23 10:55:55
P2558C,karenwells,michelle04@example.org,!3R*uumNXBlm,Stephen,Ramos,False,system_admin,27.0,False,,2024-01-20 20:11:06
U2559R,ericamccoy,dustin17@example.net,g90)9KxQG6XT,Erica,Gonzalez,True,nacb_staff,,True,Unauthorized access attempts,2024-01-31 14:53:58
P2559O,herreraapril,dawn43@example.com,2)KO$8gE^4l&,Denise,Murphy,True,user_professional,45.0,False,,2024-01-02 09:29:06
U2560N,conleyraymond,ramirezcarla@example.net,#IW6FL4fbQN2,Chloe,Allen,True,nacb_admin,47.0,False,,2024-01-23 05:43:04
P2560G,davidharris,christina23@example.net,^_Fr7KveWlLo,Heather,Mooney,True,nacb_staff,,False,,2024-06-27 19:39:47
U2561T,ishelton,peter41@example.org,5Q^)vR+C+x@Z,Stacey,Richardson,False,organization_member,24.0,False,,2024-07-04 11:57:28
P2561B,shane43,qzimmerman@example.org,e$+L1vvR0@3V,Robert,Moran,False,user_professional,,True,Inappropriate content posted,2024-05-26 01:08:51
U2562K,noahreynolds,sarah35@example.com,JPJtARMu&88*,Cheryl,Blevins,False,organization_admin,9.0,False,,2024-07-06 12:09:06
P2562W,lleon,davisrandy@example.com,@YG2nLZb&Y(6,Kendra,Young,True,organization_member,,False,,2024-05-29 00:23:41
U2563Q,ngray,jamesescobar@example.net,%!s@3D^zxC80,Amanda,Jimenez,False,organization_member,14.0,True,Misrepresentation of identity,2024-05-06 04:48:28
P2563N,alexandersimmons,austinwillie@example.net,@AY%HwImWa%9,Elizabeth,Martinez,True,nacb_staff,,False,,2024-04-22 16:52:13
U2564R,robertmurillo,xsparks@example.org,B&)@UFdb3WH5,Bonnie,Roberts,False,organization_member,10.0,False,,2024-05-07 08:44:19
P2564F,thomasholly,christophermills@example.org,R%DUXqkqE51d,Philip,Smith,True,organization_member,42.0,False,,2024-02-27 07:55:45
U2565O,grantjeffrey,larrymiller@example.org,Z4lSqxx&*jmx,Jose,Wright,True,organization_member,,False,,2024-02-19 07:59:21
P2565H,hjarvis,joecamacho@example.net,&)cRWp0C5eG0,Alan,Dickerson,False,nacb_admin,94.0,False,,2024-07-19 12:57:15
U2566X,donna42,tammie69@example.com,W0SBFakR(hYX,Tina,Rivera,True,nacb_staff,91.0,True,Misrepresentation of identity,2024-04-01 02:59:45
P2566U,brendanmccann,ashleymartin@example.com,%GcVlpdpGV4A,Kimberly,Stevens,False,organization_admin,,True,Harassment of other users,2024-04-07 00:26:10
U2567E,aliciaaguirre,carolpowell@example.net,%ZUIo&A_59Wl,Teresa,Santiago,True,organization_member,35.0,False,,2024-07-22 08:28:44
P2567E,lisamarks,christopher44@example.com,JDaSg5Wy_OYj,Olivia,Nelson,False,user_professional,,False,,2024-04-26 12:02:58
U2568D,patricia14,james81@example.org,O!#5Uj8jzW86,Samantha,Clark,False,organization_member,,True,Harassment of other users,2024-05-14 19:17:14
P2568K,thudson,raychristopher@example.com,uC1HKsBVz@y%,Maria,Wilson,False,organization_member,,False,,2024-04-25 23:57:25
U2569M,kramos,tjames@example.com,$89wdS(b(tbV,Nancy,Walls,True,organization_member,,False,,2024-03-27 03:49:49
P2569B,jerry46,umitchell@example.org,yB+6liG!zu0W,Steven,Parker,False,organization_member,,False,,2024-06-06 03:16:27
U2570H,xlopez,garretttammy@example.org,IuW4qQ0wW)MH,Isaac,Patton,True,organization_member,,False,,2024-05-02 22:34:00
P2570D,urodriguez,shannondavis@example.org,%11T(xknoH*B,Yolanda,Carrillo,True,organization_member,89.0,False,,2024-01-23 15:08:26
U2571N,patricia68,michael69@example.net,BWf5!S1j0j&n,Suzanne,Hamilton,False,organization_admin,,False,,2024-03-19 20:36:31
P2571V,rachelgutierrez,wallacechristine@example.com,k)+SDSVprV2u,Antonio,Small,False,organization_admin,40.0,False,,2024-02-24 03:40:35
U2572N,krista06,sheena64@example.org,!!ZNECPce+0P,Roy,Castillo,False,user_professional,88.0,False,,2024-03-20 02:07:08
P2572D,dlopez,jessica40@example.org,&rLnFXhrEK02,Russell,Jordan,False,nacb_staff,69.0,False,,2024-01-19 20:38:44
U2573D,dlynch,graynathan@example.com,J27QwZw&klV),Ryan,Hamilton,True,organization_member,,True,Spamming or abusive behavior,2024-06-01 15:45:57
P2573H,bmaynard,tiffanyrichardson@example.com,X@2$SuRELbH+,John,Benjamin,True,organization_member,,False,,2024-05-13 05:38:38
U2574L,dawn14,martinezjennifer@example.com,)C6s2SdtKZz@,Samuel,Lee,True,organization_admin,94.0,False,,2024-05-12 20:37:27
P2574X,darrylgreen,jill41@example.org,)U+1iou^988D,Damon,Ramirez,True,organization_member,76.0,False,,2024-04-04 06:59:46
U2575D,williamchavez,tylergallegos@example.com,@nSCzxnRD5Gr,Chelsea,Long,False,user_professional,98.0,False,,2024-03-03 04:43:48
P2575O,higginsjoseph,patelthomas@example.net,(8gA9eKrN%Dy,Shannon,Hernandez,False,organization_member,,False,,2024-07-19 07:03:40
U2576I,carrie65,martinezspencer@example.com,mWSpJ*1IR4K(,Teresa,Anderson,False,system_admin,,False,,2024-01-25 03:53:23
P2576L,karaanderson,adamssamantha@example.net,+&6CsBn@XcPB,Tami,Mcgee,False,nacb_admin,94.0,False,,2024-07-22 07:24:49
U2577L,hansonandrea,david82@example.net,h$ADtC8_UG5G,James,Cooper,True,organization_member,52.0,False,,2024-07-22 12:46:11
P2577W,mackenzie91,dillonkevin@example.com,0+(S!*cwRY6w,Gary,Fischer,False,user_professional,8.0,False,,2024-04-23 00:33:26
U2578B,vicki84,garyperez@example.net,hhCLs*jc&B5*,Dale,Trujillo,False,organization_member,,False,,2024-04-05 07:20:25
P2578F,singletonshaun,jeffreygaines@example.org,d_U&RMqx%W0T,Erica,Larson,False,organization_member,,False,,2024-04-05 20:51:47
U2579D,luis90,jeremy06@example.org,K3#tRGzX&K3E,Aaron,Lambert,False,user_professional,,False,,2024-02-12 23:27:22
P2579P,ashley05,smithdaryl@example.org,!C1)DEiVcvGA,Felicia,Martin,False,organization_member,,False,,2024-02-22 14:34:38
U2580Y,ygreene,audrey28@example.org,@ztSMxyCze8!,Debra,Jackson,False,user_professional,35.0,False,,2024-01-07 05:33:07
P2580U,qcrawford,mccoybrad@example.com,7&J$ych#&4^d,Kelly,Andrews,False,nacb_staff,72.0,False,,2024-05-13 23:40:05
U2581K,parkscrystal,maryrodriguez@example.org,H_eVsKbxlP9N,Michelle,Brooks,True,user_professional,,False,,2024-06-29 04:37:49
P2581L,kathleenmoss,nelsoncourtney@example.net,2Xqh2Cf6@Yv),Benjamin,Ferguson,False,user_professional,,True,Fraudulent transactions detected,2024-06-27 06:39:21
U2582R,gregoryvaldez,turnersteven@example.org,O8l6lJ2h&hx%,Eric,Stewart,False,nacb_staff,36.0,False,,2024-05-07 20:05:32
P2582H,joshua80,tonya54@example.net,@4$Gf8M$)xzy,Brittany,Patel,False,user_professional,50.0,False,,2024-05-26 03:34:26
U2583E,robinaguilar,angela07@example.org,^3O&LPfiepI*,John,Mccall,True,organization_admin,77.0,False,,2024-02-24 10:23:53
P2583B,laurastanley,myerstina@example.com,42ee1UFs^z7s,Alex,Williams,True,system_admin,,True,Account reported by multiple users,2024-05-23 23:52:34
U2584N,mitchellmartinez,christinaschwartz@example.net,^$mIOfxrZR03,Matthew,Cochran,False,user_professional,,False,,2024-05-22 17:42:15
P2584G,pamela42,jamescrawford@example.com,^)GbUZ(Vc5z%,Laurie,Davis,True,nacb_admin,20.0,False,,2024-02-17 15:58:56
U2585R,daniel52,leedaniel@example.com,iv*#$Cgn#2Se,Tamara,Thompson,True,organization_member,98.0,False,,2024-07-22 05:38:13
P2585E,mike77,imelton@example.com,&5Tk^Yk9eFmg,John,Fletcher,True,nacb_staff,,False,,2024-04-17 06:51:21
U2586R,saraberg,steven88@example.com,)n^e4zadQ2B7,Jason,Reed,False,nacb_staff,,True,Breaching confidentiality agreements,2024-04-03 09:52:31
P2586J,maddenkari,kbender@example.org,I%3IkJw@%NVH,Emily,Jennings,True,user_professional,94.0,False,,2024-03-25 03:10:37
U2587S,ewilson,alewis@example.com,O_r5By4d_ipU,Denise,Heath,False,system_admin,97.0,False,,2024-03-05 19:08:08
P2587P,laurenheath,qwhite@example.com,0H4*SQYw)h7S,Shawn,Parrish,True,nacb_staff,22.0,True,Non-compliance with community guidelines,2024-01-26 11:47:43
U2588H,jimenezdavid,gonzalesjennifer@example.net,^!*kYTe&K8D#,Frederick,Reed,True,user_professional,,True,Misrepresentation of identity,2024-05-01 08:54:53
P2588S,nguyenkim,vincent19@example.org,2nRQuM3E*3ZF,James,Boyer,True,user_professional,,False,,2024-05-07 11:48:53
U2589F,qfinley,heathergomez@example.com,_+zOLx^r!M9n,John,Williams,False,nacb_staff,,False,,2024-06-02 05:07:26
P2589V,mathisjenny,sgray@example.com,6e3WlJoAx)8R,Angela,Holder,False,user_professional,,False,,2024-07-15 15:10:25
U2590D,william62,mcclainseth@example.net,58D#UNdm@_6H,Sean,Wilson,False,nacb_staff,64.0,False,,2024-04-12 01:14:03
P2590X,jennifer32,ggonzalez@example.net,3rKigk8q)Y1G,Barbara,Smith,False,organization_admin,,False,,2024-02-13 17:25:48
U2591P,jacksonmichelle,ymanning@example.net,#9ECkMl8w_0F,Robert,Roman,True,user_professional,91.0,False,,2024-07-04 11:33:21
P2591A,james87,rsmith@example.net,+50T77yhp&yw,Kathryn,Larson,True,nacb_staff,92.0,True,Suspicious activity detected,2024-04-21 14:43:36
U2592G,scott51,nicholstony@example.net,e&20VsXxr3wU,Elizabeth,Estrada,False,user_professional,,False,,2024-03-19 23:30:11
P2592L,jessicapatel,breanna32@example.org,5YH5hR(j0dB(,Michael,Thomas,False,organization_member,51.0,False,,2024-07-18 04:18:51
U2593V,natalieparker,jillian21@example.org,@9LcbRoRIuTp,Allison,Mayo,False,nacb_admin,82.0,True,Spamming or abusive behavior,2024-03-30 10:31:26
P2593D,perezamber,lemichelle@example.org,I0r*Tqi9@W7u,Stephen,Sawyer,False,user_professional,,False,,2024-06-12 09:55:02
U2594W,stephen34,courtney28@example.net,p#ZfK+6H$v28,Evan,Ramirez,False,user_professional,37.0,False,,2024-03-14 03:17:10
P2594R,crystalwatson,tranjustin@example.com,)mkk9Dbdj)(r,Timothy,Bridges,True,user_professional,,False,,2024-02-16 01:03:52
U2595H,omoses,richardwebb@example.net,&gnI^Vwgzj0g,Elizabeth,Novak,True,organization_admin,,False,,2024-01-27 10:00:22
P2595L,jacksonalexandria,katherine53@example.org,JIr%qd8f_6cZ,David,Murray,True,organization_member,78.0,False,,2024-01-02 00:08:38
U2596X,kylehill,zross@example.org,Y86@5Pl+gyy4,David,Mcbride,True,user_professional,30.0,False,,2024-07-08 09:04:47
P2596Q,lunajennifer,emilycunningham@example.org,#5q*EsvTm+z^,Brian,Cruz,True,user_professional,,False,,2024-05-28 01:47:30
U2597C,rpayne,william70@example.net,l@3*8uke1B**,Jessica,Kramer,True,system_admin,93.0,False,,2024-05-30 01:11:26
P2597O,nlang,mackkathryn@example.net,w&6oGm$36G6I,Sherry,Parks,True,user_professional,,False,,2024-01-22 13:25:37
U2598H,daniellerose,yhardy@example.com,!^zzvHJL)80F,Jessica,Becker,True,organization_member,,False,,2024-05-13 04:14:39
P2598F,bcruz,kristinsmith@example.com,*0LryNtNeUw8,Jean,Adams,False,user_professional,,False,,2024-01-04 14:11:26
U2599Z,jessica30,blakemanning@example.com,!v6KG@dznHK3,Jamie,Patel,True,organization_member,,False,,2024-04-20 14:08:37
P2599W,despinoza,heather11@example.net,IE9zQLqk^POr,Bryan,Ward,True,system_admin,,False,,2024-04-17 21:42:40
U2600P,stewartricky,kylemorgan@example.net,9I6p4WafCCO&,Clayton,Miller,True,user_professional,49.0,False,,2024-04-20 20:48:06
P2600S,justin17,paula42@example.com,(gE8vJ_$9cc),Alexander,Thompson,False,nacb_staff,83.0,False,,2024-06-01 00:36:58
U2601H,rharvey,trevordelgado@example.net,k0NOGXod+$bP,Edward,Donovan,False,nacb_staff,,True,Fraudulent transactions detected,2024-03-11 06:01:09
P2601R,devin49,colin87@example.com,$54Tl%#M7nhL,Michael,Clark,True,organization_member,9.0,False,,2024-07-10 11:21:36
U2602Z,brandon32,michellecontreras@example.com,UJ(n5J*onz2%,Angie,Underwood,True,user_professional,,False,,2024-01-03 18:32:07
P2602A,gonzalezrandy,angelasanchez@example.org,!P+^7NG!u8iY,Gregory,Wilson,False,organization_member,,False,,2024-06-23 21:07:58
U2603K,brittany27,arogers@example.com,R1u$TCnc^J#T,Darren,Johnson,True,organization_admin,,False,,2024-06-19 19:53:03
P2603S,ngomez,wayne28@example.net,cMM+)KboFD&9,Victor,Brooks,False,organization_admin,57.0,False,,2024-07-01 10:51:36
U2604U,chandlerronald,jimeneztami@example.net,&%5nZubmf#TC,Chad,Hernandez,True,system_admin,,False,,2024-07-08 09:33:18
P2604V,timothy95,bmiller@example.com,OM1xbsQ(1%xH,Jason,Salas,True,user_professional,93.0,True,Security policy violation,2024-07-24 08:17:07
U2605R,wongshawn,wreyes@example.net,7E&CYgvs)J8h,Michael,Ruiz,False,organization_member,89.0,False,,2024-02-25 16:03:21
P2605P,scottwalker,jensenerica@example.net,(4MOhLuK@@0l,Jose,Gonzalez,True,user_professional,,False,,2024-04-14 07:28:36
U2606C,washingtonholly,douglascobb@example.com,B+98(!qmi*ZO,Darlene,Sandoval,False,user_professional,46.0,False,,2024-02-21 22:50:32
P2606Z,nicholsmichael,makaylahouse@example.net,_)2x0DlbizyV,Kurt,Stanley,True,organization_member,,False,,2024-03-14 00:26:52
U2607I,christophertaylor,taylorwilson@example.com,0k(gl+ltE99P,Shawn,Pena,False,organization_admin,58.0,False,,2024-03-22 04:22:47
P2607X,alanthomas,ayalacheryl@example.org,+!nck57f6cBw,Crystal,Rodriguez,False,nacb_admin,,False,,2024-04-11 05:17:23
U2608M,tracyhernandez,josethompson@example.com,s&+5Z(Wp)a%!,Daniel,Powers,False,organization_member,79.0,True,Misrepresentation of identity,2024-01-02 08:39:05
P2608I,jennifer58,wendyanderson@example.org,6PqKwzLQ@3eQ,Mario,Wheeler,False,nacb_admin,28.0,False,,2024-05-24 01:30:14
U2609X,david83,william35@example.net,a7Li1!3m#30X,Brooke,Conway,True,nacb_staff,,False,,2024-01-09 00:39:08
P2609H,laura18,patrick52@example.net,iC47Wtaq63%h,Erin,Burgess,True,organization_admin,72.0,False,,2024-03-13 16:56:35
U2610U,anthonyjohnson,romanmary@example.org,hPJvX+bt&2K0,Kristi,Ruiz,False,user_professional,,False,,2024-03-27 16:30:39
P2610B,noah70,jasonstewart@example.org,+#rJZ&cplho1,Jennifer,Le,False,nacb_staff,,False,,2024-01-09 10:59:43
U2611E,haileyjohnson,kristenlynch@example.net,H@^4Pvsm*l_o,Evelyn,Mitchell,True,organization_member,,False,,2024-05-30 15:57:35
P2611U,rquinn,tiffany66@example.org,7oX@8+fH!^o2,April,Wood,False,nacb_staff,,False,,2024-02-13 09:26:19
U2612X,whughes,brianrose@example.net,!)1QKt)T@+v),Jennifer,Ryan,True,organization_admin,,True,Unauthorized access attempts,2024-06-16 06:29:51
P2612D,newtonmichael,kpeterson@example.org,)wANW9oo4iPX,Tammie,Cameron,True,user_professional,,False,,2024-01-08 20:30:44
U2613M,carrie62,sabrinawilliams@example.net,%P3PB1ZdK%9t,Chad,Perkins,False,organization_admin,8.0,False,,2024-03-13 10:03:31
P2613E,jonestina,travis62@example.org,$9LQx719cS(B,Margaret,Green,False,user_professional,,False,,2024-01-07 01:37:15
U2614W,yhoover,fisherronald@example.net,#4PkFTgD9!9i,Lorraine,Moran,False,organization_member,,True,Account reported by multiple users,2024-05-22 06:53:50
P2614H,cooperwilliam,adamsrichard@example.com,q%P(F0yPfuM2,Caleb,James,False,nacb_staff,,True,Inappropriate content posted,2024-04-24 01:54:26
U2615F,stoutleah,stacey83@example.com,lJ3lIkjTd#QJ,Victor,Walker,True,system_admin,,False,,2024-02-02 18:25:41
P2615W,whowell,bakerbarbara@example.com,#3zvn2MDokQ^,Jennifer,Salas,True,organization_admin,,False,,2024-04-28 23:44:52
U2616T,jamiestanley,parktimothy@example.com,ky(ka&z&E8G3,Emily,Brown,True,organization_admin,45.0,False,,2024-02-11 01:10:15
P2616F,samuelsmith,harperlisa@example.org,+iAcfMe+HR51,Karen,Rhodes,False,nacb_staff,,False,,2024-04-19 01:46:33
U2617A,colleen46,ysmith@example.com,(B3Y&^h7$0Jp,Tyler,Sanchez,False,organization_member,19.0,True,Non-payment of subscription fees,2024-03-20 20:41:09
P2617P,martinkristie,scottelizabeth@example.org,_WtR!VdCO!89,Nicole,Smith,True,nacb_staff,63.0,False,,2024-07-06 10:33:57
U2618Y,mendezmicheal,hartmandonna@example.com,7uM%R+$CF!f2,Paige,Phillips,True,user_professional,25.0,False,,2024-01-19 04:10:40
P2618L,lindseymaria,ojohnson@example.org,@R#3$TUf7rlv,Madison,Lin,False,user_professional,,True,Spamming or abusive behavior,2024-01-03 06:51:16
U2619Y,gabriel11,kathy04@example.org,_8ZhfLXX!1+m,Gregory,Gray,False,user_professional,,True,Unauthorized access attempts,2024-05-19 09:00:31
P2619I,blacksamuel,zvelez@example.org,l&+)jXWk*J7#,Aaron,Coffey,False,user_professional,,False,,2024-02-14 07:02:18
U2620X,davidkennedy,christopher39@example.com,$6P#UNNaXihe,April,Buck,False,nacb_staff,,False,,2024-06-23 16:21:52
P2620X,blackwellrobert,glopez@example.com,j#6WqkbHyeCm,William,Harris,True,user_professional,,False,,2024-06-06 18:15:11
U2621B,william34,daniel92@example.net,_sgQlCaYn2Mx,Michaela,Lopez,False,organization_member,98.0,False,,2024-07-14 01:38:35
P2621N,stephensmary,bglenn@example.net,JNE&bbrZ*6vK,Bryan,Thompson,True,organization_member,,False,,2024-04-21 22:09:21
U2622H,jasonhenderson,scott62@example.net,(xHdyatP93EC,Christopher,Howell,False,user_professional,,False,,2024-07-01 07:34:42
P2622A,lisabrown,paul02@example.com,fc5PcRjoRNK*,Erica,Davis,True,user_professional,6.0,True,Violation of terms of service,2024-07-20 20:16:04
U2623C,garciarichard,richard73@example.org,&0hKMaS)npeq,David,Hickman,False,organization_member,,False,,2024-02-21 19:33:58
P2623K,wschmitt,maria30@example.com,7I5MBYe1_+2+,Jessica,Erickson,True,user_professional,82.0,False,,2024-02-25 08:47:29
U2624U,candice96,cynthiabrandt@example.org,e(#5KG@t1Ykh,Marie,Meyers,True,user_professional,93.0,False,,2024-05-10 07:01:29
P2624R,danielle38,qbutler@example.com,(_4QTIkW@xLH,Anthony,Garcia,True,organization_member,,True,Account reported by multiple users,2024-06-24 06:29:35
U2625P,pearsonstephen,srobinson@example.com,yFU%bex5_M2T,Brenda,Giles,False,user_professional,,True,Suspicious activity detected,2024-07-05 17:21:47
P2625S,hcurtis,lisamadden@example.net,2rWauDdaG(j6,Douglas,Rogers,True,user_professional,54.0,True,Spamming or abusive behavior,2024-01-02 03:28:52
U2626Q,mtaylor,randykelley@example.com,@39Bmrl!#A%U,Alexandra,Hunter,True,organization_member,19.0,False,,2024-06-30 23:33:44
P2626F,laurenhill,melissa80@example.org,K&7w@TIr+Q*u,Sarah,Allen,True,organization_member,58.0,False,,2024-05-01 09:08:30
U2627R,abrown,kenneth51@example.net,!JwIAseq!34e,Matthew,Tran,True,system_admin,86.0,False,,2024-04-06 02:44:27
P2627D,muellerdawn,lrivera@example.net,)U6FqB)fC6%u,Kristy,Lowery,True,nacb_staff,43.0,False,,2024-06-02 19:11:00
U2628L,cbarton,erinspears@example.net,@Pw1bVEs&8Mv,Tyler,George,False,user_professional,74.0,True,Unauthorized access attempts,2024-06-12 18:13:59
P2628I,imontgomery,stephaniephillips@example.net,!n!Y9wTxg_W8,Angelica,Davis,True,system_admin,89.0,False,,2024-02-17 22:22:58
U2629C,turnerjonathon,smithrebecca@example.com,$Y6mA*x*$P_A,Melissa,Johnson,False,organization_admin,58.0,False,,2024-06-15 07:56:29
P2629E,wooddeborah,danielleanderson@example.net,9ivjV#fn*sQ(,Jocelyn,Marks,False,organization_member,47.0,False,,2024-02-14 17:31:10
U2630I,hughesbryan,reyesbrian@example.org,S*2MvLLVge4n,Mary,Daniels,True,organization_member,,False,,2024-06-19 23:41:08
P2630M,kimberlythompson,amandapearson@example.com,fJ5ACq9$G$Ri,Penny,Baker,False,organization_member,89.0,False,,2024-07-05 18:22:15
U2631A,arnoldrobert,beasleydeborah@example.com,$+C7BCTgsO4*,Brenda,Williams,False,user_professional,46.0,False,,2024-03-02 16:12:17
P2631M,kaylaboone,frazierterri@example.net,+PvB@BbzF6w6,David,Jackson,False,organization_member,83.0,False,,2024-06-27 01:39:05
U2632W,yoconnor,eric34@example.net,&99Dod6q*7E(,James,Gonzales,False,user_professional,39.0,False,,2024-05-30 11:55:13
P2632B,mwoods,jensenkaren@example.net,$52EcUx*2y2V,Andrew,Williams,False,system_admin,15.0,False,,2024-07-19 10:12:44
U2633I,vhawkins,christian47@example.net,!v77M1qi+3XM,Lydia,Brown,True,nacb_admin,71.0,False,,2024-02-12 12:11:10
P2633B,lance27,amy43@example.net,^4rPTPy#$xQX,Daniel,Howard,True,user_professional,4.0,False,,2024-03-27 04:24:07
U2634B,kmoore,thudson@example.com,WpExqzML#7%j,Allison,Leonard,True,nacb_staff,75.0,False,,2024-02-24 03:48:19
P2634L,kennedyangela,sotoandrew@example.org,X57MTkUt+slC,James,Collins,False,user_professional,86.0,False,,2024-02-01 06:44:42
U2635F,jameswashington,jgarrett@example.org,%gQmi5zEM1k8,Whitney,Jackson,True,user_professional,59.0,False,,2024-02-04 12:58:07
P2635O,vjohnson,bradycandice@example.com,QUy79FDphiO^,Jose,White,False,organization_member,53.0,False,,2024-03-08 08:27:22
U2636L,kwolfe,colemanglenn@example.org,^RZmg8Pm)X_Z,Peter,Brown,False,nacb_staff,12.0,False,,2024-06-30 21:35:55
P2636R,russelljohn,april51@example.com,Sb4O2omH&@LY,Rose,Key,False,organization_member,55.0,False,,2024-04-25 02:30:02
U2637Y,eduardo39,stokeslaura@example.com,I28_R)u4T_p9,April,Acevedo,False,nacb_staff,49.0,False,,2024-06-14 11:18:00
P2637H,uwilliams,ericrodriguez@example.com,e$P3WTxx1c4),Dustin,Hubbard,False,nacb_staff,,False,,2024-04-28 01:39:17
U2638P,hunterhall,howardjoshua@example.org,eeK+eC2u@6vG,Ashley,Murray,False,organization_member,6.0,False,,2024-03-01 06:56:39
P2638B,mitchellallison,jordangomez@example.org,+5N9zdYaduJa,Kelli,Carlson,True,user_professional,14.0,False,,2024-04-30 11:19:41
U2639R,adrian43,dfitzgerald@example.com,^8EuG0^l)REr,Phyllis,Hurley,True,system_admin,71.0,False,,2024-05-17 05:12:07
P2639K,joseph02,ftorres@example.net,&sSU8Otcubj5,Daniel,Berry,True,user_professional,23.0,False,,2024-01-19 10:04:58
U2640G,carrillotravis,donaldphillips@example.net,u4&sf4gn(bFB,Maureen,Santiago,True,nacb_staff,,False,,2024-06-30 22:03:11
P2640O,vanessa54,christine83@example.net,^LTK4Tdap9xU,Brandon,Garcia,False,nacb_staff,7.0,False,,2024-02-27 19:41:26
U2641A,shannon20,ymurphy@example.org,_%6UT5s1eFqA,Veronica,Wilson,False,system_admin,,False,,2024-05-31 18:55:34
P2641S,bradygregory,becky48@example.net,r74bDxd9(wnX,Brett,Murphy,False,organization_member,,False,,2024-03-30 14:43:21
U2642Q,kimberly43,david36@example.com,AZ%8PwwKq*qw,Stephanie,Hall,True,organization_member,,False,,2024-01-16 06:42:01
P2642S,juliehardy,zsullivan@example.com,&AlY(Qq@#4WT,Brandy,Nelson,False,nacb_staff,17.0,False,,2024-06-11 04:20:02
U2643Z,steven52,kimberlyjones@example.org,&ON0@yr_@0cD,Denise,Kirby,False,nacb_admin,,False,,2024-02-20 03:09:39
P2643R,wagnermichelle,donnabarr@example.org,(7o+plJsq!VJ,Brandon,Foster,False,organization_member,,False,,2024-02-21 09:10:05
U2644L,oadams,gallagherphilip@example.org,(d4j(IRmc911,Lisa,Mclaughlin,False,nacb_staff,73.0,False,,2024-04-17 17:24:00
P2644O,cheryllogan,anne43@example.com,E)w!Uhk!&!%7,Gary,Hall,True,user_professional,49.0,False,,2024-05-22 06:40:16
U2645N,mahoneyjoseph,martin95@example.com,Zv)8I4IetFZr,Colleen,Rivera,True,organization_member,39.0,False,,2024-01-04 23:12:15
P2645N,michael00,halejoseph@example.org,_OZKinOvK#5R,Andrew,Schroeder,True,user_professional,57.0,False,,2024-06-13 11:10:17
U2646Q,kaiserjames,robinsonelizabeth@example.net,8fcV+Aa_Pwo&,Bruce,Clark,True,user_professional,,False,,2024-05-29 03:10:43
P2646D,morrisonstacey,callison@example.com,0iyGtC)a%)kO,Mark,Bradley,False,user_professional,23.0,False,,2024-02-13 20:52:21
U2647F,michaelmcdonald,marshallmegan@example.net,#*)xs8JzrO36,Kari,Allen,False,organization_member,,False,,2024-02-05 13:49:36
P2647B,yturner,elizabeth43@example.com,97Rr1l@J%Euy,Adam,Mullins,False,user_professional,68.0,False,,2024-04-22 02:25:55
U2648U,samuelwebster,jonathan11@example.org,(DkfDs1ulnq8,Joshua,Soto,False,user_professional,44.0,False,,2024-03-28 20:11:30
P2648I,njackson,meltoncraig@example.net,o2^GwKk+Ng8@,Jacqueline,Robinson,True,organization_member,83.0,False,,2024-01-02 03:01:08
U2649X,miguelknight,wilcoxandrea@example.net,spHi0WIka_q8,David,Wheeler,True,nacb_staff,,False,,2024-04-20 18:29:28
P2649Z,patriciabarry,vanessahart@example.org,)U26Qy+hf!eZ,Ricardo,Stephens,True,user_professional,34.0,False,,2024-03-22 05:48:37
U2650P,johnanderson,michael01@example.org,l_#IOr_pRzU4,Lisa,French,False,organization_member,70.0,False,,2024-04-20 23:19:50
P2650V,stephanieperry,renee11@example.net,W1@HF6Jt@8C8,Joshua,Lee,False,organization_admin,76.0,False,,2024-05-01 14:46:10
U2651I,showell,nealbrandon@example.net,r17LWUM+**LT,Gilbert,Turner,False,nacb_staff,2.0,True,Suspicious activity detected,2024-02-11 05:54:56
P2651L,hayleyross,leonardmargaret@example.org,Vb9TY(Qb)Vvd,Sean,Tucker,False,system_admin,35.0,False,,2024-03-23 08:54:07
U2652W,sharonfitzgerald,jacquelinerichardson@example.net,!m4Yk#wtfKKR,Peter,Mason,True,user_professional,,False,,2024-01-07 10:37:30
P2652L,perezshirley,levicrawford@example.com,b)5Jy!jyqlcJ,Aaron,Rios,False,user_professional,,False,,2024-06-17 19:58:50
U2653Z,christopher09,victoriabaker@example.com,ltG_qp+M_Z7B,Cassandra,Brown,False,user_professional,,False,,2024-06-10 08:12:56
P2653S,lwatson,joshua96@example.net,52jsJl2d!CSH,Brian,Bowen,True,user_professional,,False,,2024-03-15 05:59:57
U2654A,clarklisa,donnascott@example.net,$D5QzskpN3nB,Hunter,Berger,True,system_admin,62.0,False,,2024-04-02 13:20:11
P2654K,desiree56,deborah72@example.net,VPMcW#It$J2M,Kevin,Mccoy,True,user_professional,,True,Multiple failed login attempts,2024-07-12 19:29:56
U2655C,richardgalvan,angela37@example.org,@3L44Hf0Cu_v,Matthew,Richardson,False,user_professional,28.0,False,,2024-05-03 10:42:48
P2655L,nathanfoster,qwilliams@example.net,p@0cNMQi(n__,Christopher,Wall,False,organization_member,,False,,2024-06-05 13:13:11
U2656V,daviddiaz,robertwhite@example.net,((nDx4Cg)61H,Stephanie,Anderson,True,organization_member,,False,,2024-01-02 02:39:49
P2656T,kbrown,dbentley@example.net,(36vSEu(k+q8,John,Lopez,False,organization_admin,96.0,False,,2024-03-24 15:14:10
U2657E,bartonsierra,mary46@example.net,LN7PKyj*h&q4,Sarah,Stevens,True,nacb_staff,,False,,2024-06-09 15:06:01
P2657Y,ramosamy,randyfitzgerald@example.com,^YXFOZfU@V8I,Linda,Carlson,False,user_professional,,False,,2024-05-01 06:34:03
U2658J,ashleywallace,xnewton@example.org,yq9OOKP2I$25,Rebecca,Briggs,True,user_professional,,False,,2024-02-24 07:46:43
P2658L,jeremy75,virginia25@example.com,u3jSaN5%$5g(,Daniel,Pham,False,organization_member,38.0,False,,2024-06-10 01:58:35
U2659V,wesley16,robinlambert@example.net,I)fJHcBqip7l,Olivia,Bass,False,user_professional,,False,,2024-01-18 09:17:59
P2659U,joshuapayne,johnnykeller@example.net,$yV!nntqp7Kz,Ryan,Hale,False,organization_member,,False,,2024-04-26 07:09:30
U2660E,shunter,howardpatricia@example.net,)P6xLqakZi*8,Mary,Wells,False,organization_admin,,False,,2024-05-16 21:56:08
P2660K,vincentcummings,mccarthyjennifer@example.org,#S()9Us*A@3N,Michael,Johnson,True,organization_member,47.0,False,,2024-01-02 13:18:27
U2661C,eric37,dicksonjoshua@example.net,&%FRud@bX*6W,Patrick,Chandler,False,user_professional,90.0,False,,2024-06-30 15:52:19
P2661X,cooperjustin,ronnie27@example.net,UF$%OhFY+p79,Rebecca,Banks,False,user_professional,,False,,2024-04-08 01:10:13
U2662B,tammythomas,michael75@example.com,47iV1bWlw8i%,Daniel,Costa,False,user_professional,,False,,2024-03-02 04:51:45
P2662Y,nsanchez,valerie27@example.org,Y4D%Disp&vXS,Lisa,Bishop,False,organization_member,,False,,2024-07-13 18:30:47
U2663S,allensteven,madisonbrown@example.org,##EZTdI#2QX0,Kenneth,Owens,True,organization_member,,False,,2024-01-04 06:28:11
P2663S,matthewlopez,chadnewman@example.org,IrrXKGBp2*v#,Kristin,Fisher,True,nacb_admin,,False,,2024-01-24 09:28:48
U2664R,nmanning,stephen82@example.org,Px!C&x2f#z6U,Robert,Mcfarland,True,nacb_staff,21.0,False,,2024-04-17 12:33:56
P2664I,timothyriley,dianaleonard@example.com,T0@Txpu7!WVM,Eileen,Green,True,system_admin,,False,,2024-01-24 14:01:43
U2665X,christianmclean,sallycampbell@example.com,RKhjNHKsL*7o,Jamie,Bush,True,system_admin,1.0,False,,2024-02-24 09:08:06
P2665P,enovak,michaelgibbs@example.org,ju3BItC&+$%6,Taylor,Grimes,False,organization_admin,,False,,2024-07-05 00:22:48
U2666T,myerswalter,stephanie98@example.net,p3V1+tSe&ZhY,Martha,Warren,False,nacb_admin,,False,,2024-06-28 16:53:46
P2666J,esweeney,diana31@example.net,6#JN1vbyPJ9(,Erica,Cross,False,user_professional,,False,,2024-01-03 20:00:54
U2667K,gjohnson,dlowery@example.com,&xVREZwq)5U9,Nicholas,Guzman,False,organization_member,22.0,False,,2024-03-01 22:22:25
P2667N,schneiderlynn,wrightmatthew@example.net,%8*zxb+w3ZQG,Dale,Wolfe,False,user_professional,,True,Inappropriate content posted,2024-04-07 16:43:50
U2668N,nmejia,frostsherry@example.org,8pNt2#X3@TBe,Patrick,Taylor,True,organization_member,,False,,2024-06-26 02:37:42
P2668M,tuckerkatherine,salinaspaul@example.com,vZ6)O5Rc*rty,Amanda,Sawyer,True,organization_member,,True,Use of prohibited software or bots,2024-05-15 00:27:13
U2669K,stephenbennett,wtaylor@example.com,MzqtEabZ##N5,Tracy,Ali,False,organization_member,,False,,2024-07-07 20:27:39
P2669S,joshuahernandez,tinagiles@example.net,%5F*b9A1)*#Z,Kyle,Ramirez,False,organization_admin,52.0,False,,2024-03-08 12:26:25
U2670J,ulowe,smithvanessa@example.net,9mFQsbSX#3uX,Curtis,Lewis,True,nacb_staff,,False,,2024-06-22 06:24:00
P2670F,candace24,ualvarado@example.org,jW%YWWxlDB01,Mary,Brown,True,organization_member,,False,,2024-03-11 17:23:34
U2671D,elizabethgomez,stevenosborne@example.org,&!xbbIoCpiq0,Jeremiah,Parker,True,user_professional,58.0,False,,2024-06-02 23:30:12
P2671W,pcarlson,pthomas@example.com,@SeJpHwh^v%5,Douglas,Campos,True,nacb_staff,42.0,False,,2024-06-13 23:29:43
U2672X,jeffreysandoval,bsimpson@example.org,2rNN5chD#PZ^,Steven,Parker,True,user_professional,100.0,False,,2024-01-24 23:17:10
P2672R,davidmitchell,wcastillo@example.com,H1$8BdVpe_kl,Carl,Patel,False,nacb_admin,,False,,2024-05-16 05:00:00
U2673R,stevenjimenez,hamiltonjeff@example.net,#k!kFFfARJa8,Katherine,Rocha,True,user_professional,75.0,False,,2024-01-17 03:00:13
P2673G,robertbarnett,david32@example.net,26Qydjkf(PXL,Jennifer,Russo,False,nacb_admin,,False,,2024-04-21 23:50:29
U2674B,kperez,smithtravis@example.org,*3%HWLi7y0hp,Paul,Willis,True,organization_member,,True,Use of prohibited software or bots,2024-02-09 05:31:52
P2674C,rmoreno,lharmon@example.net,r!r+MdbH+2!e,George,Bean,False,nacb_staff,67.0,False,,2024-06-30 16:09:40
U2675P,mgaines,connerarthur@example.org,titp^0Kf+8U8,Danielle,Adams,False,user_professional,93.0,False,,2024-06-02 01:54:36
P2675W,jackschwartz,benjaminwilliams@example.org,(vRKq^v5I0oI,Amy,Carter,False,organization_member,50.0,False,,2024-05-25 20:50:44
U2676M,lauragibson,wallaceallison@example.org,voE+b1AfjiCB,Ryan,Brown,True,system_admin,4.0,True,Violation of terms of service,2024-01-09 22:18:05
P2676B,charlesjoseph,amanda53@example.net,1%#BEZydcFB2,Courtney,Thompson,False,system_admin,70.0,False,,2024-05-03 09:47:30
U2677Z,taylorkimberly,hcollins@example.net,3@1Z2Vnl@J@w,Tommy,Robinson,False,user_professional,37.0,False,,2024-01-23 11:59:13
P2677X,cynthia30,ryan69@example.org,_CzHp+p76FMO,Cristina,Barajas,True,organization_member,,False,,2024-01-01 02:16:42
U2678E,kristopherriddle,lopezchristina@example.org,^ML1V)!mi96L,Mary,Stanton,False,organization_member,29.0,False,,2024-01-15 23:57:08
P2678L,christy76,sharonmendoza@example.net,xt#I9K6yy%n3,Nicole,Jensen,False,organization_admin,,False,,2024-07-10 23:10:24
U2679F,walkerrick,simmonskathryn@example.com,_&UpjA@L2l1%,Charles,Brooks,True,nacb_admin,95.0,False,,2024-05-18 11:59:50
P2679O,emckinney,weberpatricia@example.org,KSG_hPd!_8#9,Bianca,Hammond,True,nacb_admin,79.0,False,,2024-07-04 01:05:53
U2680K,zwhite,ryan90@example.net,beXxLfNv_7u!,Maria,Perez,True,user_professional,,False,,2024-03-10 00:09:12
P2680N,graveserik,scott65@example.org,n_y$8Qnkt@XO,Theresa,Cain,False,organization_member,,False,,2024-07-14 14:53:43
U2681N,rayala,brent86@example.net,M)$#$^27h3Lo,Danny,Wolf,True,nacb_admin,,True,Account reported by multiple users,2024-01-19 10:58:22
P2681U,brittany08,johnsonjohn@example.net,%v5UNw5AkuiQ,Tina,Reed,False,organization_member,,False,,2024-07-14 08:31:12
U2682N,michellecardenas,perezchad@example.org,3*XA2T$qJY98,Nancy,Trujillo,False,organization_member,,False,,2024-07-15 17:51:36
P2682V,angelajordan,bdavis@example.com,rPNoJkMu@5Pv,Sandra,Jackson,False,user_professional,49.0,False,,2024-06-28 11:29:56
U2683Q,johnyoung,htaylor@example.net,T^1MOiAqKr0L,Jacob,Kramer,False,user_professional,,False,,2024-03-16 11:28:13
P2683R,wilsondeanna,kimberly08@example.org,)LoLnptjd50G,Glenn,Ball,False,user_professional,2.0,False,,2024-05-26 08:09:57
U2684P,luceromaria,zacharymoreno@example.com,8_L^d%KIl%4T,Kimberly,Day,False,user_professional,59.0,False,,2024-02-20 09:10:58
P2684I,sarah95,bking@example.com,U*XwPms9BRk4,Andrew,Davis,True,user_professional,99.0,False,,2024-06-02 21:43:46
U2685W,fjennings,uduke@example.org,Qe7hQRecO_eI,John,Dillon,True,nacb_admin,,False,,2024-07-03 17:48:35
P2685N,acoleman,fmelendez@example.org,qx7XZTlc6!Dy,Stephanie,Fields,False,user_professional,58.0,True,Inappropriate content posted,2024-06-20 17:01:07
U2686A,aramirez,garciastephanie@example.com,q2aKb4cR$I!c,Wesley,Park,True,user_professional,,False,,2024-04-24 04:42:36
P2686R,tamarapeters,jamiethompson@example.org,Ls8yVu8I&L1Y,Anthony,West,True,user_professional,,False,,2024-05-17 15:04:14
U2687K,melissa10,imorris@example.com,v*n6RP3oyz#I,Rachel,Williams,False,user_professional,50.0,False,,2024-01-28 21:46:32
P2687H,brianfernandez,jaybishop@example.net,G0RMG#M1&u(y,Nicole,Martin,False,nacb_staff,30.0,False,,2024-05-13 07:19:23
U2688J,csmith,zosborn@example.org,Zs0eZb_a!*UZ,Robert,Lewis,False,system_admin,52.0,False,,2024-04-06 05:54:16
P2688X,awalker,ewilliams@example.org,%uPK00Kx4KoL,Stephen,Walker,False,user_professional,,False,,2024-06-14 22:34:33
U2689N,frank89,wrobinson@example.org,G#2cpZpWDlBm,Mark,Jackson,False,organization_member,,False,,2024-06-21 04:31:08
P2689Z,wjohnson,nicholeriggs@example.com,%4PRgXW8)Aim,Jeffrey,Melendez,False,nacb_admin,,False,,2024-01-01 20:37:19
U2690Z,jillianwilson,holly12@example.com,)Gja*Hrl^!7Q,Anthony,Bowers,False,organization_member,,True,Violation of terms of service,2024-07-08 13:31:10
P2690E,uwilliams,lindsay83@example.org,mP4OVNba0*VL,Brett,Davis,False,organization_member,72.0,False,,2024-04-05 20:33:40
U2691D,olsondavid,osmith@example.com,V7V47AKd@o01,Timothy,Mcguire,True,nacb_staff,85.0,False,,2024-03-28 18:34:05
P2691J,vmcintyre,xneal@example.org,)m&u2FYmN*Vw,Shawna,Petersen,False,organization_member,76.0,False,,2024-03-02 08:58:33
U2692F,devinsanchez,jeffreyhoffman@example.net,VZ+0NBdPOo(@,Warren,Ramos,True,organization_admin,,False,,2024-03-25 13:54:59
P2692F,dalton81,andrewrodriguez@example.net,X9KkOs8K*T!Y,Kaitlyn,Case,False,nacb_staff,5.0,False,,2024-05-16 22:33:48
U2693Y,williamsstephen,moorederek@example.org,lZ5CMaX8^4a7,Amber,Harvey,True,user_professional,52.0,False,,2024-03-04 10:42:18
P2693J,teresasmith,ashleycummings@example.net,27V%uCIdFq+4,Brian,King,True,user_professional,62.0,False,,2024-07-22 03:13:35
U2694C,donna11,gwatkins@example.org,&T8!Fe*Pu1XJ,Debra,Williams,True,nacb_staff,75.0,True,Breaching confidentiality agreements,2024-02-01 15:05:08
P2694F,johnsonkristen,umora@example.org,@YNQw+Dja9!F,Jonathan,Sullivan,True,organization_member,60.0,False,,2024-06-23 05:45:07
U2695X,ethan83,melissa00@example.net,Em%67KymoTV4,Emily,Horn,True,organization_admin,77.0,False,,2024-03-24 03:55:46
P2695C,henry41,smithchelsea@example.com,avE+^a_rv_0Q,Juan,Perkins,True,organization_member,,False,,2024-03-27 20:02:49
U2696Q,ohall,emily53@example.com,V#eWn7BzJRrx,Alice,Estrada,True,organization_member,69.0,False,,2024-04-28 20:03:59
P2696J,fdavid,campbellmaria@example.org,A_7trXp+TwUc,William,Chen,True,nacb_staff,7.0,False,,2024-02-04 16:05:39
U2697W,orodriguez,heidimcbride@example.org,#E+f7*NoKfIV,Kaitlyn,Marquez,False,nacb_staff,,False,,2024-02-12 13:18:58
P2697B,robertbaker,barbarahorn@example.org,3OwV@bCl!kff,Brittany,Fuller,False,organization_member,24.0,True,Unauthorized access attempts,2024-04-07 07:32:03
U2698P,fletcherkevin,wsavage@example.net,@5zXaA!zQxeE,Susan,Whitney,False,nacb_admin,100.0,False,,2024-01-07 23:15:18
P2698C,craigharding,christinedavis@example.net,SdOSH6Dnk_4P,Shelia,Pena,False,organization_member,,False,,2024-03-10 09:10:29
U2699H,toni09,austinmorrison@example.net,(5P)ku3Ht*7O,Gloria,Gilbert,True,nacb_staff,39.0,False,,2024-06-29 06:32:58
P2699C,ymcknight,kaylahudson@example.net,$7I*+HV3i2M*,Amy,Coleman,True,user_professional,83.0,False,,2024-03-26 20:26:24
U2700O,rfoster,parkerpaula@example.com,$xg)(ccse6S1,Rachael,Phillips,False,user_professional,,False,,2024-03-03 05:56:16
P2700T,oterry,youngbrendan@example.net,1^__Ii!w!OwH,Samantha,Werner,False,organization_member,28.0,False,,2024-01-22 14:34:40
U2701E,reidjodi,yjones@example.org,94w5@abz%DYS,David,Calderon,True,nacb_admin,54.0,False,,2024-01-16 04:06:54
P2701O,hwilliams,mitchelldaniel@example.com,&9MSrp#anlVz,Mark,Nelson,True,user_professional,,False,,2024-07-09 10:13:21
U2702F,rebeccalutz,banderson@example.net,@L&Jka_qg93o,Thomas,Morris,False,organization_member,,False,,2024-01-22 08:58:46
P2702A,wellssteven,kpeck@example.com,!2NU&5Du+5AX,Spencer,Smith,True,user_professional,,False,,2024-06-19 19:28:23
U2703O,imacias,ybowen@example.com,_B2xZ&Ayx+nQ,Stacy,Villarreal,False,organization_member,18.0,False,,2024-03-19 08:16:45
P2703Z,michael42,zwilson@example.net,1se8a(Dt^+Tv,Philip,Gill,True,organization_member,12.0,False,,2024-03-16 23:12:47
U2704T,mariarivera,briana86@example.net,cRCjJw3!q+8$,Edward,Robinson,True,system_admin,64.0,False,,2024-07-10 13:05:58
P2704A,raymondsolis,kelsey05@example.net,0dDH7YgbQ0&&,Brenda,Burton,False,organization_member,30.0,False,,2024-01-16 05:19:54
U2705H,tashagarcia,ncochran@example.com,z_AKZJ(1awy9,Timothy,Moon,True,organization_member,44.0,False,,2024-06-03 03:33:50
P2705Y,katherine11,ladams@example.org,04L_Ym2U*0HW,Holly,Dixon,False,user_professional,,False,,2024-02-08 03:42:07
U2706L,erikrubio,sabrina88@example.org,*e7I5f#ESJO1,Jason,Hernandez,True,organization_admin,,False,,2024-02-04 17:13:59
P2706Q,danielbranch,fbrown@example.net,#!wyWl#QY_T3,Benjamin,Lee,True,user_professional,98.0,False,,2024-04-12 23:49:05
U2707H,nicolelopez,kingcarrie@example.com,&F6yqUt_QC0R,Dana,Brown,True,nacb_admin,44.0,False,,2024-07-18 13:41:28
P2707J,adamsmatthew,angela13@example.com,e2$8($AmyuEL,Barbara,Gardner,False,nacb_staff,,False,,2024-03-19 10:11:08
U2708J,wigginssamuel,breid@example.org,y3LeFwD_)^5h,Annette,Espinoza,True,organization_member,,False,,2024-05-03 04:24:17
P2708L,elizabeth36,kevinstone@example.net,8)04VmOlTJMH,Grant,Atkins,False,user_professional,,False,,2024-06-15 12:35:46
U2709I,olsonhayden,tina62@example.com,_Qt9FbMB)4gp,Daniel,Douglas,False,organization_member,,False,,2024-03-01 12:19:17
P2709R,mary07,iking@example.com,#g5zI0mBj39Z,Robert,Anderson,True,organization_member,,False,,2024-07-06 22:02:03
U2710C,cjohnson,averykarina@example.org,%v9c0XYrJgUU,Sydney,Duncan,True,organization_member,,False,,2024-04-07 17:22:35
P2710K,kimberlybarnes,fnorman@example.com,55yu+gJH^5V0,Kristen,Cox,False,nacb_admin,,True,Multiple failed login attempts,2024-07-12 16:18:53
U2711Z,kingmelanie,rodgerskyle@example.net,2aXOd5w4^R@t,Shannon,Fields,True,user_professional,48.0,False,,2024-06-11 12:05:39
P2711F,sortega,gregory36@example.com,MLa8xx*d%7BP,Joseph,Wilson,True,organization_member,58.0,False,,2024-06-08 23:20:47
U2712M,richardcurtis,banthony@example.com,nxx2PJ*w4!*3,Colin,Jefferson,False,organization_member,,False,,2024-05-01 04:18:35
P2712Z,dflores,michael04@example.com,%EaKn^w@_S1V,Michelle,Santana,True,organization_member,45.0,False,,2024-04-07 10:56:55
U2713R,bflores,james71@example.org,z1jC7fa1Mi1@,Thomas,Kennedy,True,organization_member,,False,,2024-04-12 04:15:51
P2713V,kaylee15,ryanjones@example.org,k$5nW2Vwm%3X,Denise,Harris,False,organization_member,92.0,False,,2024-03-08 13:54:51
U2714H,ydunn,michelle38@example.com,792CaSr%Zr)9,Diana,Adams,True,user_professional,18.0,False,,2024-01-31 04:04:48
P2714G,esanders,davidrodriguez@example.net,_mvTz3C(s1i$,Scott,Santiago,True,user_professional,95.0,False,,2024-06-13 11:43:21
U2715T,kevinpalmer,lgibson@example.com,ZS1!sc1u3%In,William,Casey,True,organization_member,,False,,2024-06-16 21:54:23
P2715C,bgarza,oliviarhodes@example.net,ua18ZgFXH@X(,Joseph,Tanner,False,organization_admin,,False,,2024-04-29 08:45:45
U2716B,cindyrivera,liumichelle@example.org,^3WIis^r_#LE,Austin,Middleton,True,user_professional,,False,,2024-04-17 10:45:22
P2716W,moraeric,calebadams@example.net,T617Q$xK!2Mx,Marcus,Wang,True,nacb_admin,98.0,False,,2024-04-17 16:47:25
U2717M,jessicapope,hnorris@example.net,+a0Pu+JFoR^%,Timothy,Wood,True,user_professional,45.0,False,,2024-01-30 04:49:37
P2717K,tmitchell,lmoore@example.com,GbheA6c7+^4N,Michelle,Farmer,False,user_professional,3.0,False,,2024-03-22 23:51:57
U2718T,maryweber,jeffreyrodriguez@example.org,3DoVWyhw(i$H,Susan,Scott,True,system_admin,24.0,False,,2024-05-10 02:38:54
P2718F,nchavez,ehoward@example.com,ja_KPDYj0jM1,Joe,Hughes,True,system_admin,87.0,False,,2024-05-25 19:01:40
U2719I,laura72,zchavez@example.com,(2WAiyQ@v5D#,Hannah,Ortiz,False,organization_member,34.0,False,,2024-05-07 11:17:44
P2719E,brandon92,smithcollin@example.com,$s&ECowmh(8Q,Dawn,Brown,False,organization_admin,45.0,False,,2024-02-20 03:36:14
U2720Q,ravenklein,guzmanjeffrey@example.org,Pz6hWoV*!&X5,Shaun,Collins,True,system_admin,44.0,False,,2024-03-09 18:03:10
P2720Z,jessica58,sandra17@example.net,ZvXQ1KpQ*8D_,Tina,Casey,True,system_admin,72.0,False,,2024-04-16 12:07:51
U2721Y,amanda35,jamessantos@example.org,W)+5LhkB!Q6i,April,Walls,True,nacb_admin,88.0,False,,2024-01-16 07:41:29
P2721E,rodriguezmaria,seanmooney@example.net,Q@8YZ$v+vQ32,James,Melton,False,organization_member,14.0,False,,2024-03-27 15:10:33
U2722W,brenda27,katrinaclayton@example.com,$DoAj)Vv82Q$,Thomas,Frazier,False,organization_admin,,False,,2024-04-14 18:19:24
P2722L,katherinemclean,jason15@example.net,)Oc8&s_ay1Aa,Katherine,Wilson,False,organization_member,,False,,2024-06-30 05:12:40
U2723Z,jordanlopez,tammy71@example.com,A!lzKLDfzY86,Shelley,Lawson,False,organization_admin,53.0,False,,2024-06-19 06:39:12
P2723R,perrydavid,whill@example.net,+6m@aHhE+Xme,Suzanne,Oconnor,True,organization_member,2.0,False,,2024-02-26 06:55:39
U2724G,cdavis,timothyfuller@example.net,1ojW7U&jY*S^,Justin,Cantrell,False,nacb_admin,51.0,False,,2024-02-29 08:37:00
P2724U,leslie03,ryanbrandy@example.org,^65Ejv(YCT34,Sally,Frost,False,organization_member,,False,,2024-05-22 23:42:40
U2725T,rosalesrebecca,zharvey@example.net,@tVeNhSGmx8n,Kelsey,Powell,False,nacb_staff,,False,,2024-05-05 17:30:29
P2725E,piercecaleb,anthonyjones@example.net,%HK9XeE5P7gh,Rachael,Sutton,False,organization_member,,False,,2024-07-13 08:37:47
U2726M,jenniferburke,jill34@example.com,+mw!gTpty1O+,Andrea,Morris,False,organization_admin,42.0,False,,2024-06-26 21:23:32
P2726J,daybrian,reedcassandra@example.com,S*98C0o8+C9F,Olivia,Barry,True,organization_admin,,True,Misrepresentation of identity,2024-02-01 15:05:25
U2727F,jaime80,dawn80@example.net,Hq!NP!j)HXi5,Ronald,Baxter,False,user_professional,,True,Spamming or abusive behavior,2024-07-09 18:48:44
P2727W,mcdowellemily,amandabyrd@example.net,KL*1)Fvpt$Hd,John,Ochoa,False,organization_member,,False,,2024-02-23 00:49:36
U2728J,anitajohnson,ihernandez@example.org,)5JbjhJv6wt+,Ann,Dawson,False,nacb_admin,8.0,False,,2024-04-20 20:39:45
P2728Y,schroedercaroline,weberamanda@example.com,Vh_ORlf+@N3v,Joshua,Cox,False,user_professional,,False,,2024-02-23 22:00:06
U2729C,yellis,smithtracy@example.net,($dy9uvPw3LP,Belinda,Shannon,False,user_professional,25.0,False,,2024-01-27 03:02:41
P2729W,stephanie92,fcross@example.com,K96GZgdk8i&y,Jessica,Montgomery,False,user_professional,,False,,2024-06-21 13:02:00
U2730M,garyaustin,croberts@example.com,(HIz$lTj02qM,Joshua,Brown,True,user_professional,,True,Fraudulent transactions detected,2024-07-23 23:02:31
P2730M,mitchellallison,lawrencealex@example.org,(lv$YZ2emFM9,Trevor,Jones,False,organization_member,78.0,False,,2024-07-11 02:35:19
U2731L,erowe,xgreen@example.org,PPi8QCXt_q^X,Vincent,Williams,False,user_professional,,False,,2024-03-30 19:55:28
P2731T,zacharyestes,wferguson@example.com,#kQXNxa^nf5x,Ivan,Garcia,True,user_professional,1.0,False,,2024-02-05 08:54:06
U2732C,alanpetty,shannon80@example.com,*9(&7VU76v1M,Justin,Ortiz,False,user_professional,,False,,2024-06-05 15:34:30
P2732I,castillomarc,robinsonryan@example.net,iRqm$2Tvw+3T,Pedro,Walsh,True,organization_member,,True,Non-compliance with community guidelines,2024-07-04 02:51:54
U2733D,deborah02,joseph18@example.org,*96yjedl951B,Allen,Wilson,False,organization_member,,False,,2024-01-09 02:39:30
P2733T,lindsay75,rogersmisty@example.com,6+%(SabFv52z,Paul,Sanchez,False,nacb_admin,27.0,False,,2024-04-24 17:52:56
U2734N,jeffrey89,tamaranguyen@example.net,5baWUAWu^Sb6,Jessica,Alexander,True,organization_admin,,False,,2024-06-19 09:23:44
P2734V,nicholas76,allison77@example.org,(FY5soQ73$IB,John,Blankenship,False,nacb_staff,,False,,2024-07-01 12:55:18
U2735T,elizabethbarnes,bchen@example.org,oi6EU(Ro@(iX,Michael,Gonzalez,True,user_professional,,False,,2024-03-09 23:45:08
P2735C,hsmith,villegasjeffrey@example.net,k1Fo$mAj@Jcn,Keith,Diaz,False,nacb_staff,91.0,False,,2024-05-18 16:43:21
U2736V,daughertyryan,cookhannah@example.org,5)jm2Upr&YNC,John,Delgado,False,organization_member,39.0,True,Harassment of other users,2024-03-17 05:10:45
P2736W,julie13,icollins@example.com,api12cHJ$8ZZ,Rhonda,Murray,True,user_professional,56.0,False,,2024-03-01 13:22:44
U2737I,cynthiajohnston,qgriffith@example.net,@pDAQ2eh^w79,Melissa,Bryant,True,organization_admin,,False,,2024-04-30 23:35:48
P2737E,morrowleah,robert58@example.com,^0GHR*Ymyc8w,Juan,Butler,False,system_admin,44.0,False,,2024-04-14 08:25:09
U2738R,ronaldsmith,dpatton@example.net,p25mZErX)xLN,Stanley,Mendoza,True,organization_member,,False,,2024-02-14 12:49:22
P2738A,kara65,williamfrank@example.org,g%6)Hspcg2#!,Eric,Ruiz,False,nacb_staff,,False,,2024-05-18 01:01:29
U2739D,chrisdonaldson,aguilarjames@example.net,i89K(GaL^Zu),Randy,Cook,False,nacb_admin,,False,,2024-04-28 09:47:09
P2739W,shannonmitchell,asmith@example.net,+X)fPEctZ3oY,Kathryn,Cortez,False,user_professional,,False,,2024-06-01 17:06:51
U2740W,ucisneros,houstonkrista@example.com,M#vGqH^70h_8,Loretta,Stein,True,organization_admin,,False,,2024-04-27 16:00:47
P2740H,nicolemann,justin68@example.net,0FI_6fluuPtD,Eric,Barrera,False,organization_member,64.0,False,,2024-02-05 17:33:44
U2741P,dbrown,jonescody@example.com,r1(Ix_@9^2AY,Amy,Morgan,False,nacb_admin,,True,Violation of terms of service,2024-06-08 22:12:51
P2741E,albert65,jill81@example.com,f5K%ZT_bNZ)8,Adam,Phillips,True,organization_member,,False,,2024-07-15 06:42:09
U2742A,hperry,anthonyjulie@example.net,!4DcjTSF@IOt,Amy,Maxwell,True,system_admin,67.0,False,,2024-06-03 19:13:47
P2742Y,stacybrady,daniel33@example.com,D7^J3Awg@+6W,Michael,Hale,True,organization_member,,False,,2024-06-06 06:02:16
U2743V,gregoryalvarez,hilljose@example.net,6vS9!BPv+9nx,Kenneth,Guzman,True,organization_admin,,False,,2024-04-02 06:00:22
P2743W,athornton,derek45@example.com,fdQI!6fH&5!l,Tyrone,Estrada,True,user_professional,4.0,False,,2024-04-21 16:00:39
U2744B,emarks,patrick69@example.org,kjB*l2Xpar0y,Kari,Allen,True,nacb_staff,,False,,2024-01-10 18:45:03
P2744P,vnunez,wendyschroeder@example.org,&%2OLNpcXJMP,Patricia,Schmidt,True,user_professional,,False,,2024-02-08 08:55:37
U2745P,elizabeth81,chelsea58@example.com,&F+pk5)Sd3Jx,Mary,Wolf,False,nacb_admin,,False,,2024-03-28 01:39:26
P2745Q,debraclark,perezpaul@example.org,s0+wZk)g%lUh,Brittany,Collins,True,nacb_admin,,False,,2024-01-29 06:38:46
U2746F,ashley32,daniellebrown@example.net,!5Uq5XB)$Fts,Elizabeth,Ballard,True,user_professional,,True,Account reported by multiple users,2024-01-14 22:33:32
P2746P,jenniferlandry,wphillips@example.net,@45)Ufaj@kgY,Michael,Murray,False,nacb_staff,,False,,2024-01-19 00:36:35
U2747Q,juarezjeffery,bernardlinda@example.org,Lg(VBe5e(q3O,Rachel,Thompson,True,user_professional,,False,,2024-04-29 20:36:47
P2747N,jessica93,allencatherine@example.net,z#I3Irj)j^BT,Shawn,Richardson,False,organization_member,29.0,False,,2024-04-27 15:24:34
U2748B,ronald55,amycervantes@example.net,$9C)LSmf*3jk,Anthony,Snyder,True,organization_member,,False,,2024-04-12 13:02:52
P2748H,sylvia32,michaelsalas@example.net,!X2&Ac5m+8)M,Danielle,Ortiz,True,organization_member,,False,,2024-03-25 13:52:12
U2749H,jimmywhite,michael63@example.org,7cASc9bb!IJi,Matthew,Ritter,False,user_professional,1.0,True,Misrepresentation of identity,2024-03-13 19:35:36
P2749S,qdennis,murphytimothy@example.com,f*f34OZzHMey,Andrew,Walker,False,organization_admin,,False,,2024-06-27 13:53:44
U2750P,bcampbell,timothy32@example.com,91x8vPCi#nfj,Julia,Robles,False,nacb_staff,,False,,2024-04-21 15:35:01
P2750R,abrooks,gbowers@example.com,+Cv2V@v&dr9!,Douglas,Gross,False,organization_admin,35.0,False,,2024-06-28 10:08:06
U2751M,jose92,mark77@example.org,+OgP4p$tP2uy,Heather,Cross,False,user_professional,,True,Account reported by multiple users,2024-06-29 02:08:59
P2751K,gregory17,brianhuff@example.org,0v4CLaGo$xDh,Donald,Moore,False,organization_admin,95.0,False,,2024-05-12 16:47:28
U2752L,wayne07,lisalarson@example.com,teQ9U4Upv)u!,Stephanie,Rodriguez,False,organization_member,70.0,False,,2024-01-18 13:15:38
P2752G,sharon45,craigsmith@example.net,vN5@H9TmE$Je,David,Miller,False,organization_member,,False,,2024-03-13 02:09:19
U2753Z,kelseyguerra,wesley31@example.net,Wj2#0F(k$1fX,Travis,Jones,False,organization_member,,False,,2024-06-15 10:20:26
P2753F,joshuaellis,mvaldez@example.net,@0C+*Vpbio5!,Margaret,Villa,True,organization_member,,False,,2024-01-02 09:26:40
U2754D,marcsaunders,dean65@example.org,!3EZaKeM8E3m,Joseph,Bowman,False,organization_member,2.0,False,,2024-01-09 23:43:35
P2754W,fwhite,lambrett@example.net,lls60uyj##8A,Heather,Lyons,False,user_professional,,False,,2024-06-13 23:52:02
U2755N,rcooper,todd58@example.com,pef^M2Pu_2Ja,Colleen,Strickland,True,organization_member,,False,,2024-05-28 17:59:55
P2755O,mbaker,fball@example.org,x*G88WCo)(yC,Robert,Edwards,True,user_professional,29.0,False,,2024-01-09 20:36:26
U2756L,mikaylalee,maryflores@example.org,c31Js@iT^e)A,Kelly,Alvarado,True,user_professional,,False,,2024-05-26 03:52:43
P2756M,justinwalker,morrismario@example.net,j#sJ9ILoPjA(,Stacey,Johnson,False,user_professional,,True,Violation of terms of service,2024-01-25 22:08:18
U2757I,robert59,rbrown@example.com,MI6NeYdu#V)0,Monique,Lopez,False,organization_member,,False,,2024-05-02 12:30:00
P2757G,lbaldwin,cball@example.org,$jBjLe#oS4*(,Jacob,Jimenez,False,organization_admin,27.0,False,,2024-03-13 20:48:46
U2758R,hlopez,perezsandra@example.com,XveDLQVoB@22,Sandra,Mercer,True,nacb_admin,95.0,False,,2024-04-17 10:06:49
P2758U,edwin05,wwilliams@example.org,U2cjn7KihNE#,Laura,Martinez,True,user_professional,,False,,2024-03-20 22:44:08
U2759M,steven21,sarah30@example.org,jkWv7L+rP%ct,Matthew,Barton,True,user_professional,52.0,False,,2024-06-08 04:55:55
P2759K,harmonmichael,wesleyrubio@example.com,+Z%pu7Yqt97F,John,Livingston,True,nacb_staff,91.0,False,,2024-04-13 03:08:48
U2760J,jesseking,kenneth27@example.com,%&zw&A_p^@a1,Michael,Ross,False,nacb_admin,,False,,2024-03-01 16:12:26
P2760W,gregory15,longandrew@example.net,T3zqM4G&*8H*,Gabriel,Dawson,False,organization_member,45.0,False,,2024-03-03 20:09:21
U2761E,reynoldssteven,alex15@example.net,(C93lUHv1GMF,Amy,Davis,True,organization_member,,False,,2024-05-14 19:07:56
P2761F,amy31,santanakatherine@example.org,ZQ3f8#Xvj)$W,Rebecca,Cole,True,user_professional,,False,,2024-02-16 19:53:10
U2762A,natashamorris,michelleoneal@example.com,_VI3Mc%6@#F2,Margaret,Moore,True,organization_member,38.0,False,,2024-06-05 13:56:20
P2762B,sthomas,umontgomery@example.org,!8GOGW*agh1N,Marcia,Livingston,True,organization_member,,False,,2024-03-23 16:32:22
U2763P,glopez,harrissusan@example.net,%@a1C2%bQs_1,Christopher,Yang,False,nacb_staff,74.0,False,,2024-02-24 05:44:26
P2763A,roy80,chamberskatrina@example.org,gKHKM3Lp+$7!,Andrew,Flores,False,nacb_staff,56.0,False,,2024-04-25 00:15:57
U2764M,preston10,melissapaul@example.com,+bB4zWddG6fs,Scott,Wright,True,organization_member,69.0,False,,2024-01-04 17:23:47
P2764M,zbowen,itaylor@example.net,+7Be1FRw)Olk,Courtney,Gibson,True,organization_member,,False,,2024-05-28 02:19:13
U2765W,middletongilbert,susanthompson@example.net,&yCNlgWk5#94,Dana,Meyers,False,nacb_staff,8.0,False,,2024-05-10 02:30:42
P2765Q,allensarah,hwest@example.org,&BqXehPS7Z9m,James,Watkins,True,organization_admin,20.0,False,,2024-06-10 05:35:55
U2766N,ellenjimenez,randynolan@example.net,ul+UwWYwrV7w,Nicholas,Webb,False,organization_member,,False,,2024-05-21 02:26:16
P2766P,mtrujillo,ryan86@example.org,RFZ6NFpOP7Z#,James,Santos,False,nacb_staff,52.0,False,,2024-04-28 12:54:37
U2767X,yperry,ysmith@example.org,$0ZvSuFxle2B,Rebecca,Hawkins,True,organization_member,28.0,False,,2024-02-05 01:32:08
P2767I,kramercasey,katherinehorne@example.net,PRhvoQtQ!3zN,Jessica,Ramos,True,organization_admin,86.0,False,,2024-06-19 00:43:23
U2768S,james75,danieldean@example.net,jqGnd4l#+7Z5,Kenneth,Stafford,True,user_professional,,False,,2024-07-08 12:55:55
P2768X,diana23,rodneyjones@example.com,O%Y19suo+069,Deanna,Ramsey,False,organization_admin,,False,,2024-03-01 04:07:14
U2769G,jacquelinegeorge,lisabarnes@example.net,Y*tH5bxbd&4a,Monica,Waller,False,nacb_admin,68.0,False,,2024-02-12 07:06:30
P2769F,umiller,joseph22@example.com,9t5NCNvs#0LE,Renee,Rose,True,organization_member,,False,,2024-03-20 02:11:17
U2770M,christopher64,hkrueger@example.org,&SzB@7fyW0sA,Jennifer,Todd,True,user_professional,,False,,2024-05-04 14:41:58
P2770O,smithjasmine,yjones@example.net,K$Nl8UAl+@h2,Vicki,Jones,False,nacb_staff,,False,,2024-07-19 20:53:25
U2771T,frazierdavid,victoria37@example.com,#QK+Qd7o4v4w,Samuel,Rios,False,nacb_staff,47.0,False,,2024-01-10 15:42:29
P2771Q,zbecker,jared03@example.com,R7Q*2q3N!CQj,Wyatt,Perry,True,user_professional,,False,,2024-07-18 15:06:58
U2772P,malvarado,harringtondavid@example.org,tmU63YHb+nPZ,Jade,Cardenas,True,organization_member,,False,,2024-05-01 22:07:55
P2772F,jacqueline46,martinezkenneth@example.net,(th*aY%y1L0V,Adam,Velasquez,True,user_professional,96.0,True,Account reported by multiple users,2024-05-11 10:51:28
U2773E,kelleyronald,patrick56@example.org,#WYFRkIfW0dl,Cheryl,Chan,False,organization_admin,6.0,False,,2024-05-23 05:17:26
P2773F,rsanchez,holtdoris@example.net,@YzPhCf%4ex4,Michael,Singleton,False,system_admin,,False,,2024-06-29 07:26:50
U2774K,cthomas,kimberlyprice@example.org,$9&SZm1uMH)1,Emily,Coleman,True,nacb_staff,52.0,False,,2024-03-07 22:10:12
P2774Z,trangel,adamsandrew@example.org,#1d!7R9MIdcX,Katherine,Greene,True,organization_member,,True,Violation of terms of service,2024-02-25 12:07:23
U2775W,castrotara,dbarber@example.net,&naIBez&_14H,Christy,Gonzalez,False,system_admin,,False,,2024-05-31 17:18:36
P2775K,thomas71,brandongriffin@example.net,zeyK0t1WK_59,Grant,Matthews,False,user_professional,59.0,False,,2024-05-15 13:47:11
U2776L,vross,muellermary@example.org,#N3)NufE$$f_,Debra,Becker,False,nacb_staff,13.0,False,,2024-03-30 08:15:57
P2776G,natalie31,xperez@example.org,_67aRai^!xPA,Mary,Wilson,True,organization_member,80.0,False,,2024-04-04 09:02:27
U2777X,tarellano,ltaylor@example.org,+1nrL(uwC#0D,Valerie,Carr,True,user_professional,62.0,False,,2024-02-04 02:36:11
P2777L,wrightmary,emilywhite@example.org,owa!d1CvvJt#,Laura,Rodriguez,False,user_professional,,False,,2024-02-07 21:50:27
U2778R,duartebrenda,ereyes@example.com,#Qdi$of4&7uR,Elizabeth,Hendrix,False,organization_member,,False,,2024-02-07 01:21:25
P2778J,paulmartinez,caseywendy@example.org,J9)a1I4pgWG*,Patrick,Gonzales,True,organization_admin,25.0,False,,2024-04-29 01:55:39
U2779K,whitneyconley,yodercynthia@example.net,Ve(6tXq1nF7j,Lindsay,Williams,True,user_professional,,False,,2024-02-02 19:58:34
P2779U,skim,eray@example.org,$n99hBw2D1yW,Barbara,Alvarado,False,nacb_staff,,True,Breaching confidentiality agreements,2024-02-11 04:55:30
U2780M,megan36,zachary10@example.org,aK2qSXf#t(OA,Michelle,Doyle,False,organization_member,,False,,2024-07-17 21:50:17
P2780T,gary08,zmorse@example.com,H6PRK6nr+UET,Samantha,Salinas,False,user_professional,,False,,2024-06-05 08:42:20
U2781U,davistristan,snyderalexis@example.net,L%9Yj5Mu!^vx,Edwin,Simpson,False,organization_member,,True,Multiple failed login attempts,2024-05-20 13:53:48
P2781T,twu,younggerald@example.org,(kCOx)(zh5Tq,David,Williams,False,user_professional,40.0,False,,2024-03-13 20:38:37
U2782T,bbaker,romeroian@example.org,#UM3Qdqq*#d),Misty,Huang,False,nacb_staff,,False,,2024-05-04 09:25:07
P2782X,samantharose,david40@example.com,y2(xYOxh(AX^,Blake,Young,True,user_professional,,False,,2024-04-15 19:57:59
U2783V,anthonyyoung,wolfmichael@example.net,+UQU#^pp2M%t,Victoria,Mcclain,True,user_professional,,False,,2024-03-02 14:08:02
P2783K,jboyd,christopher23@example.net,yk7ZbD4gST5$,Timothy,Juarez,False,organization_member,5.0,False,,2024-03-14 23:27:40
U2784D,rita36,jonathancummings@example.net,+iUqvZgA82qW,Amanda,Johnson,False,organization_member,20.0,False,,2024-05-01 21:56:28
P2784V,luis53,perrymichael@example.org,_^1Aslsshb7D,Billy,Petersen,True,organization_member,60.0,False,,2024-01-13 04:55:57
U2785Q,kristen06,deckertracey@example.net,dNV0MB#w!*2J,Natasha,Morgan,False,organization_member,74.0,False,,2024-02-12 03:01:42
P2785K,robert86,johnnywatson@example.com,#7t(d!Jg@fVF,Pamela,Scott,False,system_admin,20.0,False,,2024-04-13 21:04:34
U2786P,robertspeter,jbauer@example.com,$OtMhMrNl0o#,Stephen,Johnson,False,user_professional,67.0,False,,2024-03-10 09:03:15
P2786V,julie73,ifields@example.org,#0*4xjPhVwU!,Nicole,Flores,True,organization_member,49.0,False,,2024-04-11 08:24:55
U2787C,sheri55,wangcraig@example.com,(N4ASb#C!5&u,Leah,Anderson,False,organization_member,,False,,2024-01-29 23:29:23
P2787D,billy64,gina87@example.net,#+IwS_El&1#6,Richard,Dennis,True,nacb_admin,,False,,2024-03-08 17:37:15
U2788N,cbryant,huffmanelizabeth@example.org,P(o6RvHn&%4T,Amy,Zimmerman,False,organization_member,,True,Non-compliance with community guidelines,2024-06-06 18:27:17
P2788C,jeffrey64,nicholas71@example.com,#8Vr$abpeMjk,Anna,Howard,True,organization_member,45.0,False,,2024-01-29 00:48:34
U2789J,barnesharold,bwilliams@example.org,N!60TdjnX$RD,Maureen,Clark,True,organization_member,,False,,2024-01-05 04:44:18
P2789N,ywood,dawn91@example.net,@NB_pqhcc94#,Kimberly,Torres,True,user_professional,,False,,2024-04-02 09:29:12
U2790C,ubrowning,mckenziemichele@example.org,IAEj!3ox*P3Y,Melissa,Smith,False,organization_member,,False,,2024-01-20 22:49:39
P2790L,mckinneyadrian,scottsloan@example.com,fA9D8(jN6@32,Daniel,Rogers,False,organization_admin,51.0,False,,2024-07-22 09:37:48
U2791R,iwalter,goodcraig@example.com,Cr&5vQowFG@^,Mary,Oneill,False,user_professional,11.0,False,,2024-01-28 08:45:31
P2791W,michaelnixon,reynoldssamuel@example.com,6#(tUHvC#c0%,Gerald,Jackson,False,nacb_staff,15.0,True,Use of prohibited software or bots,2024-05-01 02:49:39
U2792J,wagnernoah,pbeltran@example.com,59IIU_Mo&@Wt,Krystal,Gray,True,organization_member,,True,Account reported by multiple users,2024-06-28 03:09:10
P2792K,gjones,tweber@example.org,Z^+DMnLyNY1N,Maria,Hughes,True,organization_member,41.0,False,,2024-03-15 10:01:53
U2793O,pamelarobinson,ejohnson@example.com,2#0nR8xqzI#0,Jacqueline,Torres,False,nacb_staff,,False,,2024-04-30 05:43:25
P2793E,aaron45,petersonadam@example.org,&H)s0d!pK0WJ,Alan,Luna,True,user_professional,26.0,False,,2024-07-02 19:59:10
U2794A,laura76,yharris@example.org,76ZEOFoS+mZ$,Daniel,Turner,True,system_admin,76.0,False,,2024-05-28 00:51:12
P2794R,henryjohn,lisaowen@example.net,$10Y6Jwet0A3,Amanda,Cross,False,organization_member,,False,,2024-03-10 13:18:42
U2795N,bridget06,oharper@example.net,_5Nhq2Arbwy9,Cassandra,Burgess,True,organization_admin,,False,,2024-01-21 22:49:20
P2795L,andrewsdavid,rebecca77@example.org,G$2j+Y_qehCD,Taylor,Bender,True,system_admin,,False,,2024-05-19 02:04:02
U2796W,katherinehayes,johnmills@example.org,zst4HYwe(968,Brian,Roth,False,organization_member,1.0,False,,2024-03-30 19:32:43
P2796N,alexander00,ugarcia@example.com,FLfTNpMz_q9O,Pamela,Moran,True,user_professional,,False,,2024-05-30 21:12:38
U2797H,julian21,sethkennedy@example.org,*hMT19!Kh1by,Morgan,Ellis,False,user_professional,40.0,False,,2024-06-19 05:08:03
P2797M,mmunoz,melissawelch@example.org,^ezTkWqq9YNW,Laura,Costa,False,user_professional,98.0,False,,2024-04-10 02:40:35
U2798D,carlagarcia,tonychavez@example.net,18tE65)T&DKw,James,Shields,False,nacb_staff,4.0,False,,2024-01-20 00:38:49
P2798N,utaylor,aprilrodriguez@example.com,FSok6Z0ypzf%,Brian,Owen,True,nacb_staff,,False,,2024-03-24 05:43:20
U2799Z,hdavenport,christopher30@example.org,OH_)U&o3yJM1,Julie,Johnson,True,user_professional,,False,,2024-03-02 15:17:58
P2799O,idixon,shane41@example.net,$429%NnujDzW,Hannah,Cooley,False,user_professional,76.0,False,,2024-07-20 10:10:02
U2800U,igreene,tiffany58@example.com,j!c%AGyjkiG0,Kevin,Ramirez,True,nacb_admin,87.0,False,,2024-01-31 20:08:16
P2800L,watkinskevin,monicamiller@example.com,*49BgfRMydiB,Gabriel,Wade,False,user_professional,49.0,False,,2024-03-01 00:22:44
U2801A,wmarshall,sotomichael@example.net,^)+FOUl42#IL,Andrew,Valdez,False,nacb_staff,97.0,False,,2024-07-10 11:45:16
P2801S,jonessean,fwatson@example.com,A9_mpNLs^dh1,Alan,Peters,False,nacb_staff,24.0,False,,2024-05-24 01:31:50
U2802J,arobbins,annmurphy@example.com,e^CWAIxY)^2g,Nathaniel,Hernandez,True,nacb_admin,,False,,2024-03-21 07:26:49
P2802F,wsmith,davidwarren@example.net,Fjy!!zXn87PX,Angela,Ponce,False,user_professional,47.0,False,,2024-07-16 02:15:00
U2803Z,joseph17,hickslarry@example.net,#^9pdM#L&i%n,Paul,Kennedy,False,nacb_staff,2.0,True,Suspicious activity detected,2024-02-26 10:24:15
P2803T,josecole,bgonzales@example.com,#JKyQH*F1dp6,Elizabeth,Hansen,False,user_professional,,False,,2024-04-08 21:29:44
U2804T,perezbrendan,joshuaorozco@example.org,*^7cFlnduL9x,Phyllis,Reed,True,user_professional,71.0,True,Unauthorized access attempts,2024-01-28 13:51:58
P2804J,paul63,william31@example.net,G8TMKmf5@lPp,Timothy,Roberts,True,user_professional,75.0,False,,2024-06-19 13:05:42
U2805K,griffithamanda,gmeyer@example.com,SEx72Udu#9pS,Megan,Hunter,True,organization_admin,,False,,2024-01-18 20:47:54
P2805S,staceysmith,james55@example.com,+02XW_jcS(t6,Kimberly,Miller,False,nacb_staff,,False,,2024-05-02 01:52:16
U2806K,john24,laurenyang@example.net,E6NceIlk*1(e,Peter,Ayala,False,system_admin,19.0,False,,2024-05-18 05:54:06
P2806P,lewiscourtney,steve94@example.net,+n27RK9e#!oU,Amy,Juarez,False,organization_member,76.0,False,,2024-05-05 04:54:27
U2807G,john24,bishopabigail@example.com,ls6b5UWm#+94,Timothy,Chapman,True,user_professional,,False,,2024-02-10 07:42:36
P2807L,mcintyremark,smithbrian@example.net,a*YVkErW731D,Emily,Davis,True,organization_member,,False,,2024-04-02 07:16:01
U2808C,stephenandrade,gpatel@example.net,b60&FyVlt!%E,Joseph,Johnson,False,organization_admin,52.0,False,,2024-06-29 19:36:24
P2808S,madeline22,travis72@example.org,_*WKB)qa08et,Victor,Cook,False,system_admin,33.0,False,,2024-02-10 11:15:05
U2809P,castillomichael,boyeramber@example.org,eu_kQ7Xjw@9S,Wayne,Henson,True,organization_admin,,False,,2024-01-27 15:41:22
P2809Y,mosleyveronica,jenningsedward@example.net,($3YRR9afNT%,Kevin,Webb,False,nacb_staff,,False,,2024-05-27 12:46:22
U2810O,keith53,nlee@example.net,_hWcgOu_N4@6,Lisa,Mcguire,False,user_professional,,False,,2024-06-25 03:07:07
P2810A,hannah88,bbush@example.com,b6uNVh&E%v%Y,John,Meza,True,organization_member,7.0,False,,2024-05-06 00:43:03
U2811D,travisvalenzuela,cruzroberto@example.net,v4#tcmmT$0WP,David,Jones,True,nacb_staff,,False,,2024-06-19 21:27:06
P2811Z,sanfordheather,georgemoyer@example.org,nx6e@Lvyz#Ox,Gerald,Dawson,False,user_professional,69.0,False,,2024-02-05 08:30:06
U2812C,xhooper,katrina85@example.net,3P2UyEaq7+cD,David,Hughes,True,user_professional,96.0,False,,2024-01-13 03:03:34
P2812M,yangsarah,danielschelsea@example.org,+I1Fw&1xe2)V,Richard,Vasquez,False,nacb_admin,,False,,2024-01-03 20:10:17
U2813M,marilyn95,brian88@example.net,%60h6e9dutU5,Ricky,King,True,user_professional,66.0,False,,2024-05-07 21:55:55
P2813U,btrevino,michelle22@example.org,@2&JMkm$v6%E,Tara,Strickland,False,organization_member,,False,,2024-06-28 01:48:17
U2814V,ppatton,josewarren@example.org,h+H%LNp!d_8c,Bryan,Russell,True,nacb_staff,28.0,False,,2024-05-10 22:09:24
P2814A,kenneth56,smithabigail@example.net,!1CbQpfIAznB,Rachael,Baker,True,nacb_staff,,False,,2024-02-06 19:06:18
U2815T,peterwilliams,barnettfrancis@example.com,$4ba8kpnRaM4,Patrick,Singleton,True,user_professional,,False,,2024-02-21 05:26:16
P2815L,austinmackenzie,joycescott@example.com,2ZfV7AOk&u@T,Jessica,Decker,False,nacb_staff,44.0,False,,2024-04-04 09:06:44
U2816V,imiller,berryjennifer@example.org,K9wv7KvDOJa(,Mallory,Jackson,False,organization_member,,False,,2024-01-01 16:08:14
P2816S,cfisher,jonathan63@example.net,CnScfEMoT%S7,Cindy,Anderson,True,nacb_staff,,False,,2024-02-10 05:19:28
U2817K,hernandeztroy,smolina@example.net,oAa+UWvek$1s,Lynn,Lynch,False,organization_member,99.0,True,Non-payment of subscription fees,2024-02-08 16:40:29
P2817H,ybowman,michaelmartin@example.org,$64X_)u7IOmV,Jason,Tucker,False,organization_member,,True,Non-payment of subscription fees,2024-02-15 05:36:25
U2818Z,lisagibbs,jenniferarmstrong@example.org,ep6dH0Iz6q&$,Stephen,Barajas,False,organization_member,73.0,False,,2024-06-25 03:14:28
P2818G,jamesblackwell,christopher34@example.org,F69XESYer+dv,Johnathan,White,True,user_professional,,False,,2024-06-14 13:09:49
U2819I,lmorris,emilylee@example.com,gsLvlBkR!3eG,Donna,Jones,True,user_professional,25.0,False,,2024-05-12 11:29:53
P2819D,natalie11,kevin55@example.net,RzgMK+p4#7&l,Jennifer,Williams,True,nacb_staff,46.0,False,,2024-03-03 20:44:54
U2820V,williamblanchard,jenniferrodriguez@example.com,a48uz6rc^OiS,Derek,White,True,user_professional,59.0,False,,2024-02-13 00:58:02
P2820K,alex46,amanda92@example.com,+awAMc4i4Z7u,Cody,Montoya,False,nacb_staff,20.0,False,,2024-01-21 04:56:35
U2821K,cunninghamethan,william07@example.org,(HkLCWxH90^A,Brandi,Conner,True,system_admin,85.0,False,,2024-04-23 12:58:35
P2821L,josemoore,michelle93@example.net,@HZs6QuO2c)i,Tina,Williams,True,organization_member,100.0,False,,2024-06-19 05:15:29
U2822O,bmoore,joelscott@example.com,1+CXbRlwih7K,Sarah,Peters,True,nacb_staff,73.0,False,,2024-02-05 14:53:16
P2822E,nperez,sarah88@example.net,*AGjAb0U^q91,Bryan,Rush,False,user_professional,,False,,2024-06-12 14:59:28
U2823X,joshua37,jeffrey16@example.com,#B5jqhLw&e9V,Michele,Mejia,False,user_professional,,False,,2024-01-04 18:38:36
P2823O,carteramanda,henrywilliam@example.net,$+)+M_epDXT9,Kelly,Ortiz,False,nacb_admin,,False,,2024-04-21 14:58:42
U2824J,robinsonsteven,tiffany57@example.net,Ns&p!YJd)66F,Brooke,Paul,False,nacb_admin,10.0,False,,2024-05-08 02:41:37
P2824V,natalie43,tcollins@example.org,*3imegOl#Z3B,Joseph,Ramirez,True,organization_member,11.0,False,,2024-03-13 01:01:24
U2825P,markcox,patriciaclarke@example.net,!QtWiZki(6RK,Christopher,Glover,True,nacb_staff,,False,,2024-02-23 01:25:32
P2825E,traceystanley,maria10@example.com,)wl*ZWBvq0v0,Craig,Wilson,False,organization_member,79.0,False,,2024-05-01 21:15:58
U2826C,emma88,amandacook@example.com,)939pkAr_*jj,Martin,Hall,False,organization_member,94.0,False,,2024-05-07 11:01:17
P2826X,andrewsrebecca,robertcain@example.net,tI6iTgm!8a$8,Madison,Stewart,False,user_professional,,True,Breaching confidentiality agreements,2024-02-22 05:41:13
U2827U,angelica23,plewis@example.com,1%v15Gjgx#Mw,David,Davis,True,nacb_admin,,False,,2024-06-10 20:01:44
P2827M,njensen,ghansen@example.org,K!5*1^IyGiD3,Donna,Phillips,True,organization_member,,False,,2024-05-18 15:32:10
U2828E,jamessmith,jerry13@example.net,h882EL(xc+xT,Peter,Brandt,False,nacb_admin,8.0,False,,2024-01-21 13:52:59
P2828N,christy60,dwilliams@example.org,SdxX6@Uvia($,Jeremy,Smith,True,system_admin,33.0,False,,2024-02-12 02:36:17
U2829G,woodwillie,wcarrillo@example.net,BPF&j9IkIKn#,Lucas,King,False,nacb_staff,,False,,2024-05-16 09:05:22
P2829L,penningtoncarolyn,nquinn@example.com,Ym_+lKIl$bi7,Ashley,Graham,False,organization_admin,73.0,False,,2024-07-20 04:10:35
U2830Q,elizabethgutierrez,jesse33@example.net,VtGyvmMT@6z_,Kevin,Hays,True,organization_admin,43.0,True,Suspicious activity detected,2024-06-03 15:04:55
P2830E,wrogers,ccoleman@example.com,W(x7DskxnuYF,David,Martinez,False,user_professional,68.0,False,,2024-06-28 13:25:42
U2831S,stewartwilliam,schmidtmary@example.net,!8UvBQxv0O7K,Alan,Moore,False,organization_member,55.0,False,,2024-05-07 08:48:04
P2831U,schwartzmelissa,daniel93@example.com,c)n#S(g$xiG9,Kyle,Johnson,False,nacb_staff,94.0,False,,2024-06-01 05:32:22
U2832O,humphreydiane,mblack@example.net,cxkPRgmG&S!5,Angela,Bell,True,user_professional,42.0,False,,2024-03-05 19:57:59
P2832X,dsalinas,shafferjessica@example.net,Krb$2x*3x5gG,James,Randall,True,organization_member,92.0,False,,2024-02-12 07:11:49
U2833A,obennett,qsnyder@example.org,A(JAfQ*n&1wC,Joseph,Jones,False,user_professional,,False,,2024-06-09 11:17:44
P2833L,simschristopher,brian52@example.org,o@0GlW)l&C+C,Paula,Brown,False,organization_member,21.0,False,,2024-02-14 18:35:24
U2834Q,robinsonjennifer,robertrodriguez@example.net,^vBuk2Kj22kE,Shawn,Garrett,True,system_admin,32.0,False,,2024-05-06 00:39:07
P2834L,carol88,ksmith@example.org,9KxYb4(e#0og,Jose,Santos,False,nacb_staff,,False,,2024-02-06 00:41:13
U2835M,dvaughn,torresjerry@example.net,YMo9q8Th6v+1,John,English,True,user_professional,,False,,2024-02-21 16:42:26
P2835H,youngchristopher,uruiz@example.org,m^JIZJ+j#W5C,Joseph,Richmond,True,organization_member,,False,,2024-07-11 17:41:37
U2836S,rachel32,tkane@example.com,%lWjLQYF!9N2,Jacob,Palmer,True,nacb_admin,69.0,False,,2024-02-03 11:29:18
P2836O,patrickamber,deckeralicia@example.org,9v!t1Md%+uf#,Kevin,Scott,False,system_admin,47.0,False,,2024-05-04 19:24:49
U2837S,angela14,richard17@example.org,)!XzGt*JlR5t,Brian,Lowe,True,organization_member,54.0,False,,2024-03-31 09:24:00
P2837V,katiemorris,brianflynn@example.net,tPRAuIZhC_C3,Gabriel,Sanchez,True,organization_member,92.0,False,,2024-04-29 16:56:22
U2838Y,dominguezclaudia,toddharris@example.net,E)95jl5WTbhP,Renee,Everett,True,system_admin,,False,,2024-01-23 16:51:06
P2838M,xdunn,zcarey@example.net,*Q83$U8sa(+k,Shirley,Zimmerman,False,system_admin,,True,Non-compliance with community guidelines,2024-04-12 15:59:34
U2839N,murphyjoel,jaysawyer@example.net,!LVv(#3u2yxz,Stephen,Johnson,True,organization_member,11.0,False,,2024-03-06 03:54:02
P2839W,pcoleman,zachary30@example.org,@6eYu)e0hdOu,Mark,York,True,user_professional,,False,,2024-06-21 18:36:42
U2840L,chase10,clayton11@example.com,%q*De#r$&9iQ,John,Hansen,True,organization_member,,False,,2024-07-07 14:43:45
P2840R,jenningsrenee,dlynn@example.org,U*O^&Di&@!70,Robert,Tate,False,organization_admin,,False,,2024-05-23 17:48:16
U2841A,tbarnett,matthew19@example.net,*_X7LL^07vdm,Madison,Wood,True,user_professional,,False,,2024-06-19 22:56:59
P2841I,pirwin,ginabrooks@example.com,^3WV21mB99Vx,Krystal,Bailey,True,user_professional,11.0,True,Suspicious activity detected,2024-03-07 05:48:05
U2842C,danielfoster,grahamangela@example.com,J37MDrwRF()@,Ashley,Graham,False,nacb_admin,33.0,False,,2024-03-24 17:24:22
P2842N,zbaker,mpatton@example.net,z_c&9LrgHB2U,Deborah,Murphy,False,organization_member,8.0,False,,2024-01-10 00:04:06
U2843H,eramsey,lonnienorton@example.net,_&KUYcddiU6r,Rebecca,Rodgers,True,user_professional,,False,,2024-02-07 01:19:22
P2843G,robert76,acostacody@example.org,+%xSFOwQzE@7,Andrea,Dawson,False,user_professional,86.0,True,Spamming or abusive behavior,2024-03-03 02:55:47
U2844F,chelseajackson,samuel83@example.com,&%0cPFsvNLGQ,Erika,Dunn,False,organization_admin,40.0,True,Non-compliance with community guidelines,2024-05-23 20:19:46
P2844Z,kurtrodriguez,normantaylor@example.com,5gV1Ni)kq^2D,Lisa,Wade,False,user_professional,,False,,2024-02-05 12:40:56
U2845X,maldonadochristine,holly73@example.com,S5h+WN_KB^U^,Cathy,Johnson,True,user_professional,50.0,False,,2024-05-16 14:49:10
P2845S,sherylanthony,brettlewis@example.com,Op4APppR)EgK,Samuel,Myers,False,organization_member,7.0,False,,2024-06-16 02:31:42
U2846C,trevoraustin,joshua53@example.net,+8llx1pse4(G,John,Baker,True,nacb_admin,,False,,2024-02-18 17:14:11
P2846E,frostjuan,davismegan@example.net,A_(!1Ip*px_w,Brandon,Moore,True,organization_admin,67.0,True,Violation of terms of service,2024-02-05 01:32:17
U2847A,obrewer,bensonphillip@example.com,1%Q7Ei3UDNAa,Jennifer,Powell,False,user_professional,,False,,2024-06-15 05:14:33
P2847J,timothy51,yguerrero@example.com,!I7H$Hymd#At,Bradley,Evans,True,organization_member,65.0,False,,2024-06-02 01:21:54
U2848K,perkinswilliam,fletchermichael@example.net,_8bVwdFGNfFX,Erin,Sparks,False,organization_member,13.0,False,,2024-05-01 02:13:26
P2848Y,millerchristopher,edward37@example.net,H#1NzRijaq6s,Alicia,Hess,True,user_professional,,False,,2024-04-07 23:37:27
U2849Y,floydstephanie,rodriguezjanet@example.org,04WBS06N$#rP,Brittany,Bennett,False,organization_member,,False,,2024-07-16 00:23:45
P2849Y,jeremymills,julie10@example.com,H1jHcH@l@RVy,Megan,Reed,False,nacb_admin,52.0,False,,2024-06-14 19:19:30
U2850H,andrea52,hmckinney@example.net,+e7OGpl5P!2O,Katherine,Davis,True,organization_admin,,False,,2024-01-03 21:32:58
P2850G,brianle,averyjustin@example.org,_AJDhZud&8tu,Christopher,Harrison,True,nacb_staff,,False,,2024-03-25 22:46:26
U2851B,hgardner,dcrawford@example.net,*6seEsmevDMA,Roy,Cuevas,True,organization_member,87.0,False,,2024-05-16 14:20:57
P2851T,englishbenjamin,pmorrow@example.org,@6B+vkOb6i5C,Matthew,Mayo,False,user_professional,,False,,2024-05-05 02:55:14
U2852U,jessicamartinez,michaelparker@example.net,Y$FRty&B4*7),Caitlyn,Hendricks,True,nacb_admin,54.0,False,,2024-04-26 04:20:08
P2852K,raymondkelly,carla28@example.org,#*XmR2cT+M2o,Holly,Hoover,False,user_professional,40.0,False,,2024-01-27 19:02:32
U2853E,cmontes,ishields@example.com,%7CaEtLoyf@H,Kathryn,Wheeler,False,organization_member,62.0,False,,2024-05-23 02:31:54
P2853S,frank79,ljordan@example.com,7_1vO+4q!MxP,Jennifer,Brennan,True,organization_member,20.0,False,,2024-01-08 07:02:09
U2854D,nielsenkimberly,stephanieflowers@example.com,d3TxVlJ9*nF%,Brett,Williams,True,system_admin,,False,,2024-06-30 22:58:11
P2854N,kelli04,james88@example.net,zzs65$Vm#@WM,Ashley,Morgan,True,nacb_staff,,False,,2024-06-19 23:46:06
U2855D,miranda68,dennisbrown@example.org,d953kGlD(AOl,Lisa,Carson,True,organization_admin,,False,,2024-06-10 11:12:36
P2855Z,imiller,ericguerrero@example.net,x!3KS%wfwZtV,Daniel,Erickson,True,organization_member,70.0,False,,2024-01-20 08:45:34
U2856E,ryan17,moonglen@example.net,*_U(hYlh_C2Q,Joshua,White,True,nacb_staff,58.0,False,,2024-04-26 08:33:33
P2856M,david40,cynthia91@example.com,)A02iMxUmK6R,Marissa,Zimmerman,False,nacb_staff,28.0,True,Multiple failed login attempts,2024-06-12 11:52:34
U2857H,crystalgarcia,simpsonjohnny@example.org,_xJd1dlXHp6A,Christian,Mitchell,True,nacb_staff,,False,,2024-02-27 02:13:30
P2857G,tara89,dfoster@example.org,zQqwN1me^z2H,Julie,Mcmahon,False,nacb_admin,73.0,False,,2024-02-25 14:38:05
U2858M,christopherfranco,marywalters@example.org,$$m4(ExEfz72,Tammy,Hawkins,False,organization_member,15.0,False,,2024-01-05 06:01:04
P2858I,kimberly56,pamela64@example.net,@LK5PUkt#axs,David,Conley,True,organization_member,55.0,False,,2024-05-03 12:15:21
U2859H,jacqueline25,joseph99@example.com,g1SFzkhx_cFL,Brian,Walker,True,user_professional,,False,,2024-03-08 05:24:28
P2859I,rodriguezdonald,robert56@example.com,L1wbI%k%@($f,Tracy,Wallace,True,user_professional,,False,,2024-06-21 06:34:54
U2860N,ajimenez,younglisa@example.com,x#(2DnHir00X,Michael,Hernandez,False,organization_admin,,False,,2024-06-05 10:56:42
P2860U,vthomas,danielmckinney@example.org,##!03Qqn77YN,Corey,Hill,True,user_professional,41.0,False,,2024-01-13 19:21:24
U2861C,chanson,fwhite@example.com,(ZhegPDM!#9G,Mathew,Moses,False,nacb_admin,,True,Suspicious activity detected,2024-02-11 09:08:28
P2861I,shammond,fraziersamuel@example.org,sdDEW7p$@5S),Timothy,Patterson,True,user_professional,22.0,False,,2024-01-27 16:17:30
U2862Z,christine51,romeromeghan@example.org,a(Zt)^yB$1hU,Marcia,Clayton,True,user_professional,,False,,2024-01-15 12:28:19
P2862Y,tavila,lross@example.org,CIJ%bdzD_4X!,John,Nelson,True,user_professional,,False,,2024-03-16 13:12:48
U2863Q,ilopez,laurie38@example.org,ws0(VzvN&)uq,Bryan,Wilson,True,organization_member,,False,,2024-04-21 14:09:00
P2863L,gomezbryan,ahester@example.net,@D)eqncM9MHM,Kenneth,Reed,True,organization_member,,False,,2024-04-29 13:10:06
U2864Y,uwilliams,caseywilliam@example.com,(5pb&H*^+aNZ,Matthew,Hernandez,True,organization_member,91.0,False,,2024-03-01 10:36:09
P2864F,larry62,sarahlee@example.com,#n0QmGp_S8$r,Kristy,Mendoza,True,system_admin,11.0,False,,2024-01-28 01:01:32
U2865U,janicehill,alexisrichards@example.net,(L3wO%qqw(*X,Joshua,Wagner,False,system_admin,85.0,False,,2024-05-05 01:02:02
P2865J,carlsonlori,fhines@example.org,7EM*4dJtet3T,Grant,Smith,True,user_professional,,False,,2024-05-10 10:30:38
U2866J,tmorrison,debra54@example.com,TbWg5Of*#e$D,Alexandra,Lamb,True,nacb_admin,97.0,False,,2024-05-10 18:33:12
P2866O,robertserica,taylorsingleton@example.org,+%sDXCsN1y#d,Carl,Jordan,True,organization_member,84.0,False,,2024-02-03 05:32:13
U2867Q,rsimmons,meganward@example.com,8ow8Ow1j%$lu,Miranda,Smith,False,organization_member,79.0,False,,2024-05-21 08:16:41
P2867R,walkervicki,michealperry@example.com,)#^0W^Rg&+i5,Chelsey,Thomas,True,user_professional,,False,,2024-03-24 07:16:46
U2868V,sbrown,jerryhernandez@example.com,8IDJ$k8l&UT_,Kayla,Rodriguez,True,user_professional,,False,,2024-06-17 20:53:33
P2868R,cruzmark,harrismichael@example.org,D+788&Am9B_F,Justin,Vega,False,nacb_staff,96.0,False,,2024-04-14 19:33:43
U2869S,bbooker,jasonjackson@example.org,e7BuWrG#@okO,Shelby,Davis,False,user_professional,,False,,2024-06-14 22:12:41
P2869O,kevinreeves,jennifer67@example.com,g87ZpdPh&4H8,Kevin,May,False,organization_member,72.0,False,,2024-03-16 13:50:53
U2870Y,boydpatricia,johnny32@example.net,@z12Exd+u+0^,Rachael,Morrow,False,user_professional,,False,,2024-07-02 15:47:29
P2870Y,carrkristina,cschroeder@example.com,#h5k^J3Oi!RA,Carolyn,Liu,True,organization_admin,98.0,False,,2024-05-23 23:59:59
U2871T,perezronnie,gary20@example.com,%wF&MLd0(1!e,Crystal,Mccarty,False,system_admin,,False,,2024-01-28 03:53:10
P2871A,brandy59,smithannette@example.com,@tD5f3#g0YMw,Jeffrey,Thompson,False,organization_member,61.0,False,,2024-02-23 22:19:31
U2872Z,claudia03,usanders@example.net,@7)kS0_s8t@+,John,White,False,user_professional,75.0,False,,2024-07-06 17:42:52
P2872R,ehopkins,tmccarthy@example.com,L!!oj*SSAb4c,James,Waters,False,user_professional,,False,,2024-06-08 06:32:16
U2873T,brandonjackson,meadowsjustin@example.org,#pOibpO_F1PK,Christopher,Rice,True,organization_admin,,False,,2024-04-30 01:41:48
P2873G,joanne35,stevenanderson@example.org,JJ&b3Demt2+F,Angela,Mitchell,True,nacb_admin,57.0,False,,2024-01-30 04:22:22
U2874E,lorettahenderson,brian47@example.org,V6uIvU(vDBS!,Edwin,Bass,False,organization_admin,,False,,2024-02-03 13:04:13
P2874O,samantha19,carol87@example.net,W*(M%Diqi1^5,Tammy,Mathews,False,nacb_staff,,False,,2024-07-23 16:02:28
U2875M,saragregory,elizabethcarroll@example.com,Ym0iYL6ll@%5,Christina,Brown,False,user_professional,,False,,2024-02-20 12:29:20
P2875R,charlescampbell,angela90@example.net,@cG4EFKk@aJ8,Whitney,Davis,False,organization_member,,False,,2024-02-19 11:10:32
U2876A,jacksonerin,xjohnson@example.org,)@7!tR1ynI7P,Tracy,Harper,False,nacb_admin,2.0,False,,2024-02-17 13:01:08
P2876K,howardmorgan,garciatracy@example.net,%56EQzug7u!r,Aaron,Christensen,False,user_professional,,False,,2024-06-06 18:12:10
U2877Z,gilbertmichelle,ryantanner@example.net,PNB2DlhwFw$I,Gene,Campbell,True,user_professional,,False,,2024-07-13 16:49:15
P2877T,jessicashaffer,donna87@example.net,+17cQmlpq%g8,Eric,Davis,True,organization_member,,False,,2024-07-01 17:10:59
U2878X,deannaclarke,kimberlypatel@example.org,Fc3FgTuY6!02,Jose,Mcguire,False,nacb_staff,90.0,False,,2024-02-22 04:54:48
P2878L,rgomez,aarnold@example.org,nTCBV+mm!H5o,Janice,Cook,False,organization_member,,False,,2024-01-27 06:06:53
U2879L,snyderelizabeth,donnawhite@example.net,aD5elTAp%^bx,Robert,Ramirez,True,user_professional,,False,,2024-04-19 18:11:08
P2879P,wpayne,amy88@example.com,+AJe*Bh8V0gd,David,Walker,True,nacb_staff,,False,,2024-06-17 19:00:55
U2880D,april42,silvarobert@example.org,)+P2oDUxy66Z,Matthew,Hoover,True,organization_member,7.0,False,,2024-03-16 17:56:33
P2880R,shannon14,amylopez@example.org,XfkDOqE$^7WD,Calvin,Johnson,True,organization_member,,True,Violation of terms of service,2024-06-25 05:36:22
U2881X,melissaneal,perezjason@example.com,%PIR)@$z@91s,Elizabeth,George,True,organization_admin,72.0,False,,2024-03-11 20:36:07
P2881D,brendamccarty,vreyes@example.com,nAGI39Wp+9k7,Dawn,Hayes,False,user_professional,84.0,False,,2024-02-19 22:28:25
U2882C,dianehawkins,taylor62@example.net,_1FZKdFX#GkL,Jane,Mora,False,organization_member,,False,,2024-06-12 00:31:22
P2882K,jasonbailey,sarastrickland@example.com,Uo#Av+7$!xI4,Kelly,Frank,True,nacb_staff,87.0,False,,2024-05-13 02:16:55
U2883I,jo29,william73@example.net,*0)VMRmhw(X6,Tanya,Clark,False,organization_member,,False,,2024-04-10 02:12:24
P2883V,conniegarner,edward32@example.com,c+Hw)Cxh)2KM,Michael,Kennedy,False,user_professional,,False,,2024-03-05 13:21:27
U2884D,williamssheryl,fcombs@example.org,3SUdwv#u(lNi,Kathryn,Sullivan,False,system_admin,,False,,2024-01-26 22:05:39
P2884M,bookerapril,curtis30@example.com,CNom#z9kR%88,Jason,Wise,False,nacb_staff,34.0,False,,2024-04-29 21:13:25
U2885W,gregorycurtis,lisa35@example.net,&0q*lnIc*f9b,Corey,Lutz,True,user_professional,28.0,False,,2024-06-05 12:10:48
P2885Q,taylorkevin,lesterjulia@example.net,KXGzMuuE^$5P,Sandra,Diaz,False,organization_admin,,False,,2024-01-15 10:42:24
U2886U,phillipsrandy,huntlisa@example.net,%7T8e5VmmbhJ,Michael,Phillips,True,nacb_admin,66.0,False,,2024-01-06 09:51:19
P2886I,orogers,diane27@example.org,36kAC_*Q^ITz,Sergio,Campos,False,organization_admin,38.0,False,,2024-05-22 00:12:08
U2887H,cynthiadavidson,sarah31@example.net,lpeD#YVa*k8H,Christina,Hatfield,True,user_professional,,True,Account reported by multiple users,2024-06-10 04:43:40
P2887H,hmolina,cgibson@example.com,@w1rCXd+(3S5,Samuel,Rogers,True,organization_member,,False,,2024-04-17 21:23:53
U2888W,cookjennifer,dominicjordan@example.com,Knr4WNj8Cd@q,Matthew,Anderson,True,organization_admin,,False,,2024-02-11 10:32:14
P2888Z,schase,iraymond@example.net,9PQ8ogOd&uR!,Jessica,Wallace,False,nacb_staff,33.0,False,,2024-07-15 08:23:47
U2889S,yhiggins,justinjacobs@example.org,*A4NNvtTYos),Lindsey,Mcknight,True,user_professional,,False,,2024-04-01 12:15:29
P2889V,monicaroberts,pattonsandra@example.net,Vf0Z$oKad!Dm,Alexander,Glover,False,organization_member,4.0,False,,2024-04-28 22:08:08
U2890I,rhonda04,ybryant@example.com,@F9EI)2yzxO+,Benjamin,Hamilton,False,user_professional,,False,,2024-03-15 23:58:29
P2890M,aliciagreen,mcox@example.com,iF2^$NYx)8_U,Regina,Gilbert,False,organization_admin,,False,,2024-01-05 22:22:09
U2891S,kelleypatricia,acostasheri@example.org,$OLvIkC2y4fE,Barbara,Garner,False,user_professional,20.0,False,,2024-03-25 05:36:26
P2891X,allison60,utaylor@example.org,MR^f9Yfmy5LN,Lisa,Gonzales,True,organization_member,,False,,2024-03-04 15:01:28
U2892R,josephwilliams,bradley40@example.org,7B%f1Nr)w5!W,Michael,Perry,False,organization_member,,False,,2024-07-06 08:32:00
P2892I,gonzalezcorey,gpitts@example.com,su%8ZBSpHc*A,Ryan,Velasquez,False,nacb_staff,26.0,False,,2024-06-27 06:11:52
U2893B,noaharmstrong,amanda32@example.com,+1DCZ#i$8!ed,Ashley,House,True,user_professional,,False,,2024-05-29 17:06:05
P2893T,qjohnson,william97@example.com,CI!!r9LwncAI,Brian,Price,False,user_professional,71.0,False,,2024-03-23 00:44:49
U2894G,daniel59,martinezpatty@example.org,Y)3*QGj$j$8M,Anthony,Dodson,False,system_admin,,False,,2024-02-14 15:31:15
P2894W,andrew42,clarkashley@example.com,J9Z!Tba^MVh9,Robert,Mcbride,True,nacb_staff,,False,,2024-03-07 05:19:38
U2895R,jeffrey74,richard95@example.org,QrZ1@fD2B*L1,Sandy,Watson,False,organization_member,79.0,True,Harassment of other users,2024-01-27 09:56:18
P2895E,joehodge,nelsontimothy@example.com,xmlvqFbm^7KF,James,Owens,False,organization_member,6.0,False,,2024-03-12 03:26:06
U2896D,vargasleah,stevenfox@example.net,^@dznAiv4S5Z,Maria,Richardson,False,system_admin,,False,,2024-03-20 00:31:39
P2896V,edward86,anthonyedwards@example.com,+b1kD7Jl&@Y7,Megan,Anderson,True,user_professional,61.0,False,,2024-07-16 22:29:51
U2897L,brandon35,btaylor@example.com,)8+u^LeELiFY,Donald,Chavez,True,user_professional,98.0,True,Security policy violation,2024-07-08 10:14:44
P2897J,jennifer00,holly31@example.net,%G1HjCCpM!hs,Jessica,Simpson,False,nacb_staff,89.0,False,,2024-03-14 15:47:14
U2898J,danielsandrew,ksantana@example.com,c6PDB2hy(vwN,Michael,Miles,False,organization_member,10.0,False,,2024-05-07 05:48:18
P2898F,christinesmith,pnelson@example.org,aq#s!MN%8RH(,Eric,Lewis,False,organization_member,48.0,False,,2024-02-04 10:20:06
U2899E,zachary76,dale37@example.org,)9MjaFgWM9xP,Kimberly,Lambert,False,organization_admin,49.0,False,,2024-05-07 03:05:56
P2899C,maryjohnson,eric89@example.net,z7_N^Q#o_xF1,Curtis,Stuart,False,user_professional,,False,,2024-06-28 19:03:44
U2900N,romeroharry,wilkersonkyle@example.org,&t$0lY_lh!0i,Elizabeth,Martinez,False,organization_member,29.0,False,,2024-01-18 21:41:32
P2900Z,larrystewart,imcneil@example.org,%6Lui%Lpw4ge,Gabrielle,Martinez,True,organization_admin,,False,,2024-07-20 20:00:25
U2901D,lochoa,taracrawford@example.com,!KLQ^J%rF9&2,Tracy,Gonzalez,False,organization_member,68.0,False,,2024-05-17 02:40:59
P2901M,ysmith,irush@example.com,IbD+aYsr#1y!,George,Wilson,True,user_professional,,False,,2024-07-23 07:37:06
U2902T,wilsonkeith,candice29@example.net,4I9XdREM+NkF,Sarah,Bryan,False,nacb_staff,,False,,2024-04-19 08:34:45
P2902R,smithnathan,ujohnson@example.net,)j4hISCpZ7r5,Taylor,Mora,False,organization_member,46.0,True,Unauthorized access attempts,2024-06-29 23:57:51
U2903B,shawn69,dcole@example.com,!0G_UxWFLt^r,Johnny,Lee,True,user_professional,59.0,False,,2024-03-09 20:56:57
P2903A,jamie70,coxmichael@example.net,#0&EFH&yf5kJ,Kathleen,Wells,True,system_admin,,False,,2024-01-21 11:03:40
U2904F,plarsen,dwood@example.org,_7JjV*+#nmjC,John,Bowman,False,nacb_staff,,False,,2024-04-03 07:06:04
P2904B,parkercharles,ryan20@example.org,)TP3g$itdOby,Justin,Ramos,False,user_professional,,False,,2024-01-19 20:28:13
U2905V,escobarmichelle,kevin85@example.org,78QI3lpV%QSb,Christina,Carter,False,user_professional,,False,,2024-01-16 07:18:39
P2905A,jespinoza,roblesallison@example.com,_O0YKS$dPO$c,Christopher,Lee,False,user_professional,,False,,2024-04-03 08:52:47
U2906B,hollygarcia,max28@example.net,eg16f)^XV_DI,Mark,Miller,True,organization_member,,False,,2024-05-19 03:50:57
P2906G,josephkim,laura28@example.com,_(gGY5PlzVa4,Adam,Beard,False,user_professional,33.0,False,,2024-06-02 01:15:36
U2907I,phillipswilliam,petersaaron@example.net,6)A&Yd5k^mRg,Michelle,Rosales,False,organization_member,,False,,2024-02-19 05:29:22
P2907I,nathan08,johnsonchristopher@example.net,$y(Igugdzf1%,Charles,Jackson,True,nacb_staff,24.0,False,,2024-05-27 14:14:07
U2908H,jaime98,kimberly16@example.org,$(TfJcy^%J6^,Victoria,Benson,True,nacb_staff,,False,,2024-05-15 18:37:59
P2908Y,porterdavid,wtaylor@example.org,WM372O1wa4p(,Brendan,Williams,False,organization_member,,False,,2024-02-23 22:58:47
U2909C,smithfelicia,hudsonleslie@example.org,*9WFOOGJj16j,Paul,Bates,False,organization_admin,39.0,False,,2024-06-12 18:06:56
P2909P,justinpeters,deniserodriguez@example.org,@vXoA7ylY0Pg,Benjamin,Rodriguez,True,nacb_staff,,False,,2024-03-27 17:26:57
U2910Y,cruzwilliam,kaitlynbrady@example.net,b#gMh0LsY+pZ,Tonya,Harris,True,nacb_admin,57.0,False,,2024-06-17 16:17:37
P2910K,lopezjason,chencraig@example.org,sHi93AvzqNp@,Crystal,Thomas,False,user_professional,86.0,False,,2024-04-18 18:39:52
U2911O,murphynicole,amandaperez@example.org,%6XGeE&Av8EJ,Rachael,Spencer,True,organization_admin,,False,,2024-03-12 12:44:38
P2911U,dfranklin,victorialopez@example.net,!zX)n2g@(88D,Jason,Trevino,False,user_professional,38.0,False,,2024-01-10 06:40:15
U2912A,ewilliams,hthomas@example.net,s+MCgpE@q(9A,Jeffrey,Ayers,False,organization_member,69.0,False,,2024-03-23 17:25:31
P2912U,frederickrobinson,nicholasryan@example.org,otW(1E@k275(,Aaron,Ellison,False,system_admin,14.0,False,,2024-03-26 06:51:33
U2913U,jessicawilliams,pmiranda@example.org,Q2@Zl7Dlxa$h,Lori,Bishop,False,system_admin,64.0,False,,2024-06-29 17:03:55
P2913A,ashley78,martinezregina@example.net,U%umtUqe^5Kj,Barry,Jensen,True,system_admin,,True,Account reported by multiple users,2024-06-11 05:23:47
U2914M,nicholas17,boydterrence@example.org,af9UPVW1a#kS,Donna,Hernandez,True,organization_member,,True,Account reported by multiple users,2024-01-28 15:55:02
P2914U,paul00,jeremyanderson@example.com,@7+tmF&xVZM5,Garrett,Barber,True,user_professional,5.0,False,,2024-04-10 16:46:27
U2915F,smithjeffrey,jamesgross@example.com,4plx5TPi*uEk,Danielle,Serrano,True,nacb_admin,73.0,False,,2024-01-07 12:19:52
P2915I,josephtucker,juan40@example.org,^VEX5@3WB4et,Jason,Anderson,False,nacb_staff,40.0,False,,2024-06-21 13:13:01
U2916I,dorothy15,juanjoseph@example.net,%#xRF_b1mf03,Michael,Hunter,True,nacb_staff,61.0,False,,2024-05-10 08:19:15
P2916O,jennifer45,jesse34@example.org,%D9ZLsXd%&r4,Cynthia,Brown,True,organization_member,,False,,2024-05-24 05:37:40
U2917T,jonesdavid,thomas84@example.net,KTk5EV)zJ^yO,Carolyn,Turner,False,nacb_staff,,False,,2024-04-07 04:16:05
P2917J,kaitlyn83,cruzfrancisco@example.org,xhFipm5I+96E,Nancy,Wilson,True,nacb_admin,,False,,2024-06-17 17:28:39
U2918F,corey13,vjames@example.net,Nw1h9uF@*3J%,Robert,Becker,True,user_professional,,False,,2024-06-14 10:33:10
P2918G,linbianca,jeffery61@example.com,Q#nNp2UEG21f,April,Chung,False,organization_member,,False,,2024-05-07 00:54:12
U2919W,krystalwashington,dominguezjavier@example.com,*c0I#R#cB_JE,Kristen,Hunt,False,organization_member,3.0,False,,2024-07-06 08:37:03
P2919N,vsimmons,emily09@example.org,%izCr+s*f5wS,Brett,Fowler,False,user_professional,20.0,False,,2024-01-10 08:59:38
U2920N,patricia15,suarezmatthew@example.org,2^4Rr@PkDrYB,Joy,Price,True,organization_member,,False,,2024-05-10 21:25:05
P2920L,rosechris,wdouglas@example.org,!k7O!Q5g_Bth,Jasmine,Riley,False,organization_member,,False,,2024-01-05 10:01:59
U2921I,fnichols,lewisandrew@example.com,!gvTn&Bp002K,Samuel,Roberts,False,user_professional,,False,,2024-02-18 12:27:24
P2921E,tara43,fwatts@example.org,w81Ob(ot+R*Y,Keith,Palmer,False,organization_member,60.0,False,,2024-06-18 14:18:52
U2922O,christopherkerr,meganking@example.net,(03I^phn+)fW,Anna,Cannon,False,user_professional,,False,,2024-05-21 23:34:36
P2922K,millerandrew,bennettdiane@example.net,*SZP&9Cek0Db,Jennifer,Powell,False,organization_member,100.0,False,,2024-02-25 05:19:48
U2923J,emily94,gerald60@example.com,+6q&t#mxee*L,Kristen,Hawkins,True,organization_member,77.0,False,,2024-02-01 05:55:17
P2923R,johnsoncarolyn,jacob76@example.org,0wEFji8X*ZNI,Sarah,Gomez,True,user_professional,14.0,True,Multiple failed login attempts,2024-05-14 06:52:10
U2924R,joshua65,thompsondeborah@example.com,UWsNa6Bg!4#z,Jack,Mckee,False,organization_admin,,False,,2024-01-21 21:23:25
P2924A,xmitchell,joshuaramirez@example.org,#$5Hyt7n34@A,Kim,Allen,False,user_professional,,False,,2024-06-26 04:08:11
U2925W,hughesdavid,vparrish@example.net,g!99B*vE2OCH,Crystal,Jones,True,nacb_admin,29.0,False,,2024-05-15 09:26:03
P2925N,jefferyflores,smoore@example.org,Fe38DDD_w@Gv,Mario,Scott,True,user_professional,,False,,2024-02-14 05:04:03
U2926I,carlyford,lisa74@example.com,^B39tObpCzYs,Lori,Daniel,True,nacb_staff,1.0,False,,2024-01-11 16:17:14
P2926Z,chadchambers,epark@example.com,+Hw8Duchy89U,Lindsay,Roth,True,nacb_admin,32.0,False,,2024-07-09 16:08:34
U2927H,joseph95,natalie97@example.org,6^5(nwzA+sLD,Amy,Fitzgerald,False,organization_admin,,False,,2024-04-15 09:49:51
P2927K,smorris,inguyen@example.com,x4Nd!eRM+BU(,John,Smith,False,user_professional,,False,,2024-01-05 05:16:26
U2928V,alexander79,lbarnes@example.org,*2NmEtP(^WOc,Judith,Malone,True,nacb_admin,35.0,False,,2024-03-11 16:45:45
P2928U,harrisbrandy,floresashley@example.org,C^08aj(itbT^,Michael,Cunningham,True,organization_admin,,True,Violation of terms of service,2024-02-12 09:42:21
U2929V,franklindonald,hilljennifer@example.org,U8D#qLoa+()M,Brian,Washington,True,nacb_admin,80.0,True,Suspicious activity detected,2024-07-18 06:43:21
P2929E,baileystephanie,rachel29@example.net,n1V^cAf#J(4F,Mary,Mcneil,True,system_admin,65.0,False,,2024-03-03 07:16:24
U2930U,rbutler,millertiffany@example.org,yy8MJwrX%&$Y,James,Castro,False,organization_member,42.0,False,,2024-05-25 08:58:10
P2930V,yhernandez,traceyadams@example.com,)VhXi+6_IT0m,Melissa,Edwards,False,nacb_staff,24.0,False,,2024-04-29 20:17:27
U2931C,corybright,xhenry@example.com,YIALRloP_8EM,James,Bond,False,nacb_admin,31.0,False,,2024-04-14 12:50:04
P2931L,yolanda41,shaunlopez@example.net,*U9AJhl598VV,Jerome,Gates,True,system_admin,,False,,2024-07-11 16:58:16
U2932O,craiglee,kylearmstrong@example.net,^^zt8*7ed*7W,Jeff,Brown,False,user_professional,86.0,False,,2024-05-19 11:14:48
P2932Q,lvincent,wilsondawn@example.net,c21Wus9Y2n@#,Scott,Nelson,True,organization_member,,True,Violation of terms of service,2024-02-17 01:59:43
U2933J,julie27,ojones@example.net,S(Y2+V#w2v#$,Matthew,Jenkins,True,user_professional,1.0,True,Unauthorized access attempts,2024-03-13 14:02:08
P2933C,danielhudson,lawsonlorraine@example.net,_gu0XW^tMm(N,Melinda,Williamson,True,nacb_admin,45.0,False,,2024-03-18 21:51:56
U2934M,abennett,bishopamy@example.com,0%Lm(^U&xo6E,Debra,Griffith,True,user_professional,,False,,2024-03-10 06:18:51
P2934R,bleach,xburton@example.org,W17PnAu&7o$9,Edward,Lucas,True,nacb_admin,,False,,2024-06-17 01:22:09
U2935A,gjohnson,qjones@example.org,Y6qUiv+6!VIQ,Harry,Shaffer,False,nacb_staff,28.0,False,,2024-05-11 07:16:04
P2935P,larsonjames,barnesdiane@example.net,r9tWcdzm!hFv,Stephanie,Mccarthy,False,user_professional,,False,,2024-05-04 16:10:31
U2936Q,debra60,christophernewton@example.com,Y23R&BVt#&dM,David,Perry,True,nacb_admin,,False,,2024-02-17 14:21:51
P2936I,matthew53,logan89@example.net,$b1LNCkYBWLM,Willie,Oliver,False,system_admin,,False,,2024-05-19 22:16:39
U2937I,mckenzie42,jessicamartin@example.org,XbO6OC4i(Ht4,Dustin,Nguyen,False,nacb_staff,,False,,2024-03-05 18:35:04
P2937O,lawrenceangel,nbowers@example.com,HV)jW6Zi7$Hb,Isaac,Richards,True,system_admin,19.0,False,,2024-06-28 16:14:06
U2938K,mlamb,gtorres@example.net,*azEWu1(2^RZ,Michael,Smith,False,user_professional,,False,,2024-01-01 17:14:47
P2938O,lawrenceparker,kathy47@example.com,ZT0WHNgj#d(),Kayla,Maxwell,True,user_professional,,False,,2024-07-22 19:50:15
U2939B,mendezjose,masonking@example.com,rG6r!fKz@$yQ,Elizabeth,Fowler,True,user_professional,46.0,False,,2024-05-09 09:14:24
P2939L,martinezjessica,xsanders@example.org,)^Rw@2ydF56f,Steven,Hernandez,True,organization_admin,,False,,2024-07-14 01:54:49
U2940R,billwaller,hlong@example.com,BT^@1ZhyQrf7,Alexander,Martin,True,user_professional,,False,,2024-04-21 10:02:25
P2940S,rvang,robert22@example.net,(Gsc0Z4to1(2,Brian,Pope,False,user_professional,,False,,2024-02-19 16:23:08
U2941F,johnsbrittney,johnsonnatasha@example.com,+ncXPuv&B+o3,Alexis,Garcia,False,organization_member,35.0,False,,2024-03-21 01:30:41
P2941I,kristina09,michaelwalsh@example.com,kF**WI4g_1)4,Lisa,Hawkins,False,organization_admin,41.0,False,,2024-03-09 02:29:55
U2942Y,sfloyd,ftravis@example.net,v#5@Pq&^g5Ip,Erica,Wu,True,nacb_staff,,False,,2024-03-24 10:10:03
P2942R,woodkaren,marypage@example.com,9SH5sdXkS0s^,Melissa,Yates,True,organization_member,,False,,2024-01-04 17:14:00
U2943T,juan21,lisa03@example.com,&UH)iEuGm8xv,Brandon,Murphy,False,organization_member,56.0,False,,2024-02-27 13:47:35
P2943O,gibsoncourtney,chenjennifer@example.com,5h$!8IPri9)Q,Jacob,Delacruz,True,user_professional,,False,,2024-06-27 11:51:07
U2944U,urobinson,lyonsmitchell@example.org,K1p!J_l$)5s2,Joshua,Long,False,organization_member,9.0,True,Misrepresentation of identity,2024-07-02 18:41:53
P2944K,agarcia,whitneymichael@example.net,#&ZnO0ZcLx8$,Kendra,Hughes,False,nacb_admin,43.0,False,,2024-03-07 05:40:23
U2945I,xpierce,xbutler@example.net,5(8_$Od722Q0,Andrea,Ellis,True,user_professional,50.0,False,,2024-06-30 12:44:09
P2945J,ggutierrez,zthompson@example.net,Z*s1SLCtBX(p,James,Ramirez,False,organization_member,97.0,False,,2024-02-26 20:11:53
U2946Y,tammy90,kimberly91@example.com,xr6U7K1c&WX!,Jason,Chen,False,nacb_admin,,True,Suspicious activity detected,2024-04-20 00:05:48
P2946D,robertjones,wendy30@example.com,)I6m!pVnbu9R,Joshua,Robbins,False,organization_admin,70.0,False,,2024-05-16 12:55:21
U2947C,nray,dortiz@example.net,+&L%7Vnor7M_,Zachary,Richards,True,organization_member,48.0,False,,2024-02-11 04:45:02
P2947V,ellisjacob,joeljackson@example.org,z2Wr2DT8$6Pn,John,Rodriguez,True,nacb_admin,56.0,False,,2024-07-22 06:46:17
U2948Y,cruzjack,parrishdaniel@example.net,$Bl4CjzNi3hE,Jacqueline,Contreras,False,organization_member,,True,Misrepresentation of identity,2024-03-09 03:22:13
P2948Y,danielsryan,emily33@example.org,sh3Bmte0d)KO,Megan,Meyer,True,nacb_admin,45.0,False,,2024-01-09 15:41:33
U2949J,unoble,tiffany22@example.net,GRhCcgDTT!2(,Luis,Stevenson,False,nacb_admin,,False,,2024-04-12 03:51:57
P2949R,garrettluis,nmoore@example.org,l0!Tv6rY+thI,Larry,Coleman,False,organization_member,57.0,False,,2024-07-12 20:53:12
U2950Z,kimberlyware,meghan86@example.org,6_fDH5u4v_+8,Julie,Thomas,False,user_professional,,False,,2024-05-26 22:22:49
P2950R,howellmelissa,markgonzalez@example.org,_6wow3@zJR&A,Michael,Anderson,False,organization_member,,False,,2024-06-03 16:30:40
U2951Y,mirandaashley,sheilamendoza@example.org,+fHe+(413X3N,Diana,Singh,False,organization_member,9.0,True,Security policy violation,2024-04-07 15:51:32
P2951X,meganpotts,bonnie35@example.net,+R9IL8eRA6Ay,Jennifer,Anderson,False,nacb_admin,,False,,2024-01-18 22:55:27
U2952J,browncarolyn,catherinehudson@example.org,7MYZxPco!8Pd,Stephanie,Huff,True,user_professional,36.0,False,,2024-05-03 00:36:33
P2952Y,donald31,aaron53@example.net,v7AXNSxk)Wuk,Leslie,Thompson,True,organization_member,,False,,2024-07-13 11:48:52
U2953Q,michellesawyer,knavarro@example.com,g2uwOps8_ZHe,Kelly,Tate,False,nacb_staff,50.0,True,Harassment of other users,2024-03-26 01:09:25
P2953A,thompsonalan,kristen76@example.com,6)BUKSOu!wAl,Cassandra,Davis,True,organization_admin,94.0,False,,2024-05-04 19:48:53
U2954H,lopezrobert,barrerakyle@example.com,Cf_tsIBrVM3p,Keith,Brock,False,user_professional,10.0,False,,2024-03-18 15:20:14
P2954T,dawn28,adammartin@example.com,H*)jKbCkOvP0,David,Ferguson,True,organization_member,47.0,True,Harassment of other users,2024-05-11 09:43:34
U2955W,igibson,gregoryjames@example.org,niFfiJhyU3*9,Michael,Tucker,True,nacb_staff,68.0,False,,2024-02-09 08:32:26
P2955D,brittany08,morgantravis@example.org,y@*FLJaGr_E3,James,Torres,True,nacb_staff,,False,,2024-05-26 05:30:48
U2956R,jmcclure,destinybell@example.com,$l1LpN0zAxvH,Alexis,Barnett,False,organization_member,,False,,2024-03-19 06:17:40
P2956Y,haydenblake,mooresara@example.net,w_Z(mRJaaO97,Jennifer,Wood,True,nacb_admin,63.0,False,,2024-03-10 16:05:07
U2957O,melaniehaney,ycarlson@example.com,R0W^m1KAx07F,Jessica,Ross,True,nacb_staff,,False,,2024-01-16 04:29:07
P2957N,michaelroberts,louisjohnson@example.com,m2H^+tgu54TC,James,Garcia,True,organization_member,9.0,True,Fraudulent transactions detected,2024-07-11 02:18:54
U2958X,christopher60,coxcharles@example.net,_92J$_0n^z#y,Benjamin,Bean,False,user_professional,,True,Spamming or abusive behavior,2024-01-22 02:25:57
P2958Z,hillmichael,kimberly10@example.net,6*%Dspz(yo0T,Denise,Miranda,True,organization_member,,False,,2024-01-20 13:31:13
U2959W,markbarajas,williamswesley@example.net,(x#osKut+c5H,Abigail,Mckinney,False,user_professional,34.0,False,,2024-06-26 22:21:26
P2959A,cmendez,vfrank@example.com,wE69zxRL8)7B,Tammy,Smith,False,organization_member,,False,,2024-03-27 14:23:26
U2960V,hillsusan,katiecalderon@example.com,%yAM*3PO@1BM,Thomas,Carter,True,nacb_admin,49.0,False,,2024-06-15 20:14:44
P2960I,malik09,callen@example.com,(Eew*Zp&G8RI,Shawn,Kemp,False,user_professional,72.0,False,,2024-01-12 15:48:39
U2961X,hendersonamber,qgarcia@example.com,#x8xBWx@4qXN,Kevin,Duran,True,user_professional,,False,,2024-04-13 20:48:16
P2961F,antoniogray,lisawilson@example.net,xcM+f4P44eSR,David,Hayes,True,user_professional,,False,,2024-07-24 00:44:43
U2962W,weissjerry,brenda14@example.com,^QmI8dnti2R5,Dwayne,Lopez,True,user_professional,,False,,2024-06-09 11:25:31
P2962L,richardwagner,pburton@example.org,)wXZ3uR6q76Y,Debra,Alvarez,True,user_professional,45.0,False,,2024-04-03 09:45:17
U2963D,qhall,kimberlyyates@example.net,(t9HeNIfF!WB,Matthew,Ortiz,True,user_professional,,False,,2024-05-29 23:05:43
P2963R,kbrown,agreen@example.net,zY4@t!5bH&UM,Jennifer,Jordan,False,user_professional,,False,,2024-01-14 20:28:18
U2964H,npatterson,chenjames@example.com,*7QJ$eA+hw8w,Allison,Moreno,True,nacb_staff,,False,,2024-03-31 08:58:32
P2964R,traceybrown,mallory74@example.net,^y2J6MwhR7$z,Denise,Tran,False,nacb_staff,93.0,True,Inappropriate content posted,2024-06-26 20:52:52
U2965C,justin24,jonesmichael@example.net,4UN#J@fcy2Gq,Edward,Howell,True,organization_member,3.0,False,,2024-06-20 12:43:58
P2965F,gibbsdonald,joe50@example.com,wz_NVmz_#H1h,Erin,Barton,True,organization_admin,1.0,False,,2024-04-05 03:23:41
U2966H,qenglish,nicholasbryant@example.com,@_&0&XBvm&1t,Jacob,Hernandez,True,nacb_staff,19.0,False,,2024-02-19 09:40:09
P2966Y,makaylasantos,eroberts@example.org,CO1oLA9tv+K9,Melissa,Jennings,False,user_professional,60.0,False,,2024-07-14 02:24:34
U2967Y,robertholmes,jamesbyrd@example.org,^bT05Z2wuDi@,Timothy,Wagner,False,organization_member,45.0,False,,2024-02-06 05:48:40
P2967I,josephmartin,hamiltoncarol@example.com,2dV72zGy%g2m,Stacy,Neal,False,nacb_admin,39.0,False,,2024-06-05 10:49:48
U2968L,sjackson,frank98@example.net,X!^lJq5m8b09,Gary,Baker,False,user_professional,16.0,False,,2024-07-21 20:53:14
P2968M,thomasjustin,kennethwhite@example.org,*31cqTHqC6Fb,John,Moreno,False,user_professional,16.0,False,,2024-05-24 09:15:43
U2969V,brownmary,laurenharmon@example.net,E((g@Rt$ds9&,Mark,Nelson,False,user_professional,,False,,2024-05-22 22:09:09
P2969Z,smalllisa,smills@example.net,6)+zNKh#*x30,Mike,Phillips,False,organization_member,,False,,2024-05-07 09:43:06
U2970F,seth43,phunter@example.net,L4aPJ$sh5)o(,Richard,Lawrence,True,nacb_staff,32.0,False,,2024-01-19 10:01:41
P2970P,obond,fordnichole@example.net,7W(e3U0cv#Lg,Terry,Lowe,True,organization_admin,97.0,False,,2024-07-21 00:03:59
U2971R,andersonmichael,timothy72@example.org,98y9Bfc3)qi6,Cynthia,Hernandez,False,organization_member,,False,,2024-03-06 11:31:58
P2971J,stephensmith,yowens@example.com,D!%yJzpz@5f4,Sheila,Meyers,False,organization_admin,,False,,2024-05-21 06:11:11
U2972H,jacobellis,kathleen35@example.com,BJ1LpELekoQ!,Patrick,Roman,True,organization_member,,False,,2024-05-12 22:53:48
P2972P,timothydavis,michaelramirez@example.net,M&!@NVTww+r4,Tracy,Thomas,True,organization_member,39.0,False,,2024-05-05 22:45:17
U2973X,thompsonwilliam,robinsonjoshua@example.net,k_n4VPxWH@gF,Alyssa,Adams,True,user_professional,82.0,False,,2024-02-27 06:21:13
P2973J,sabrina48,nealangela@example.org,)4aITsvL3HcD,Christie,Rogers,False,system_admin,29.0,False,,2024-04-28 09:21:34
U2974H,alec33,ryanflores@example.net,l)2W_%e1@x#I,Donald,Brown,False,organization_member,,False,,2024-03-05 01:21:05
P2974A,imedina,danielmcintyre@example.org,1sX1Qo0cN@Dh,Daniel,Palmer,False,nacb_admin,89.0,False,,2024-07-19 10:29:23
U2975R,asantos,deansteven@example.org,@3UDRoHy6Cr@,Sophia,Bradford,False,user_professional,58.0,False,,2024-03-28 04:40:21
P2975S,leekristina,jchoi@example.net,*4Pk8qzjl5YH,Pedro,Pollard,True,user_professional,,False,,2024-04-14 15:07:01
U2976C,omarholt,vlucas@example.com,Z^KgI+nwWr!2,Kenneth,Brown,False,system_admin,94.0,False,,2024-04-19 04:32:28
P2976I,sandra95,taylor43@example.com,98p1oVt2Q(XP,Mark,Allen,True,system_admin,,False,,2024-07-09 02:17:18
U2977Q,noah36,castrosteven@example.com,K#RElwPZZ^0x,Joe,Holmes,False,user_professional,,False,,2024-06-22 03:51:29
P2977C,kimberlymiller,christine87@example.org,5f#s3TFpJw8j,Charles,Gross,False,nacb_admin,,False,,2024-02-07 01:52:06
U2978H,hannahjohnson,robert96@example.net,$t0dhrRgHS3f,Mark,Preston,True,user_professional,,False,,2024-01-13 01:20:48
P2978R,ulopez,hilljesse@example.com,s3Cx^ZSj^!lG,Ralph,Gibson,True,nacb_staff,,False,,2024-01-01 00:07:37
U2979F,thompsonelizabeth,powersdaisy@example.com,HCi9PAxCjM*J,Jennifer,Patel,False,organization_member,,False,,2024-04-19 20:26:26
P2979M,williamsdarrell,cruztina@example.net,hC92AIoZfU@P,Katie,Harper,False,organization_member,71.0,False,,2024-04-12 11:15:29
U2980N,ericanavarro,webbmary@example.com,$aAM7Zxu52Ga,Sally,Young,False,organization_admin,95.0,False,,2024-06-23 13:35:33
P2980V,thorntonjoel,richard08@example.com,$6sbQ7vNq7DP,Colton,Morse,True,organization_admin,82.0,False,,2024-02-13 14:00:01
U2981D,mbrooks,udavis@example.org,7ysT54K)!ApA,Michael,Bowman,False,user_professional,90.0,False,,2024-05-09 18:00:13
P2981T,timothysmith,sarah74@example.com,!vRuTo73^0nR,Nicole,Roberson,True,user_professional,80.0,False,,2024-01-28 13:24:30
U2982N,carsonjoel,jamie25@example.net,DPDvj2Nq4@s!,Morgan,Fisher,True,organization_member,63.0,False,,2024-03-14 03:07:13
P2982I,rebecca63,richardcaldwell@example.net,FIiyYNno!2vM,Sarah,Bryant,False,system_admin,18.0,False,,2024-03-24 03:35:44
U2983I,ashley11,langmichael@example.org,4&L6Hs*xgM6B,Nancy,Mitchell,False,user_professional,,False,,2024-05-18 04:33:23
P2983H,margaretsanford,zleonard@example.net,rzr1#Npvo^$b,Lisa,Gordon,True,organization_member,77.0,False,,2024-04-05 15:12:01
U2984R,johnstonjoel,harry78@example.org,&7ZBc@EB1_Vh,Glenda,Brooks,True,user_professional,,False,,2024-04-10 09:05:37
P2984E,amberfriedman,ogalvan@example.org,_5Ii$qr3PMlg,Vanessa,Fields,True,user_professional,39.0,False,,2024-04-26 16:02:02
U2985Y,ilynch,michaelherrera@example.net,9#5advc5K5ZN,Allison,Smith,True,organization_admin,6.0,False,,2024-02-19 15:55:46
P2985G,angienicholson,davidtaylor@example.org,^UCfssiwS80D,Ashley,Moore,False,organization_admin,55.0,False,,2024-02-17 11:31:35
U2986T,caitlyn50,jeremiahtran@example.net,f@9VdoWq**_D,Brenda,Stephens,False,nacb_admin,,False,,2024-03-15 15:39:25
P2986C,karenpope,kathryn00@example.net,3o2Hfiew+#6B,Connor,Williams,False,nacb_admin,83.0,False,,2024-01-14 23:44:38
U2987L,heatherrowe,iterry@example.net,)7nLHfms4WpF,Brittany,Crosby,False,user_professional,6.0,True,Misrepresentation of identity,2024-02-26 17:39:10
P2987F,lauren39,danawilson@example.com,I$0SjPvIJl0I,Victoria,Richmond,False,organization_member,71.0,False,,2024-06-19 11:43:01
U2988A,cfreeman,hulllisa@example.net,@32eNob7p@7N,Jean,Lawson,True,organization_member,,False,,2024-06-30 08:27:13
P2988R,dixoncassandra,peter21@example.org,u2Fo$us_%w0B,Roy,Alvarez,False,nacb_staff,5.0,False,,2024-03-06 06:41:58
U2989J,hrichardson,edwardgonzales@example.org,(XNmGTup$&45,Alyssa,Day,True,nacb_staff,21.0,False,,2024-03-22 09:23:36
P2989E,wsloan,ehenderson@example.net,0MQRIAoP#+e#,Daniel,Alvarez,True,user_professional,91.0,False,,2024-05-14 08:36:21
U2990U,qmays,mcbridedeanna@example.org,PJ4t7OiD7!aO,Morgan,Zimmerman,False,user_professional,51.0,False,,2024-01-10 10:58:46
P2990D,jporter,pbanks@example.org,BEMoRtsQB!2V,Mark,Roach,False,organization_member,92.0,False,,2024-02-01 11:24:40
U2991V,fbarrett,sanderschristine@example.net,c$mHb&Kxum2G,Mitchell,Cook,True,organization_member,,False,,2024-05-17 05:51:26
P2991G,emily38,bryantmichael@example.net,p_5hwf3crOR9,Steven,Riggs,False,user_professional,94.0,False,,2024-05-16 01:02:47
U2992A,mistyfranklin,isimon@example.com,%4MONdRcNTgN,Pamela,Knight,False,organization_admin,,False,,2024-05-27 17:57:53
P2992Q,katherinereed,bortiz@example.net,6f%4hxZU%8(D,Nicholas,Hill,True,nacb_staff,,False,,2024-06-06 23:15:40
U2993D,mckenziejames,michellenichols@example.com,1jnI1C8n_mWH,Robert,Anderson,False,nacb_staff,20.0,False,,2024-04-25 10:50:20
P2993A,nsmith,nicolecochran@example.com,Ux6pJA&i*1AI,Christine,Butler,True,nacb_staff,,False,,2024-05-14 03:34:21
U2994X,brownlindsey,kyoung@example.net,b&HdT+Pa#42V,William,Smith,True,nacb_staff,,False,,2024-02-05 13:21:19
P2994Z,bbush,hhernandez@example.net,)1x%5Feuwu59,Adam,Lawrence,True,user_professional,88.0,False,,2024-07-18 02:08:28
U2995N,nhodge,derekkennedy@example.org,#HYh_xiO2pFg,Justin,Lutz,True,organization_member,80.0,False,,2024-04-16 07:04:43
P2995D,hillpatricia,blackrobert@example.com,K!eB$h5zNEV(,Joseph,Johnson,True,nacb_admin,,False,,2024-05-15 10:53:47
U2996J,william01,dwolfe@example.org,_4*Q3JetzN^f,Jennifer,Phillips,True,user_professional,21.0,False,,2024-04-02 19:49:50
P2996B,emilyhernandez,jill70@example.net,s&FA7wAumQoo,Abigail,Pham,True,organization_member,,True,Suspicious activity detected,2024-05-01 05:29:44
U2997R,mcdonaldbrian,landrydenise@example.net,pI@GA1Fw*%Y7,Steven,Wilkinson,True,organization_admin,89.0,False,,2024-02-25 18:52:35
P2997Y,joshua02,qdecker@example.com,DK2FxZp)+#b^,Steven,Hughes,False,organization_member,7.0,False,,2024-01-13 13:47:35
U2998W,ibishop,vmorris@example.com,(@DoN9t(R550,Tammy,Sanchez,False,user_professional,50.0,False,,2024-05-09 15:41:26
P2998S,ehendricks,jessicaharris@example.net,tW0vTDuc^4hl,Paul,Mckenzie,False,user_professional,99.0,False,,2024-04-22 05:17:17
U2999Z,georgereynolds,crosskristen@example.net,E0IqC4PQ1Y!6,Andrew,Alvarado,True,nacb_staff,,False,,2024-04-26 11:25:59
P2999E,asantiago,schaeferemily@example.com,^0vHl4sf1KFh,Scott,Gutierrez,True,organization_member,,False,,2024-03-24 06:24:54
U3000R,thomasgarcia,houstonelizabeth@example.org,Gc(6Wh^+6u8q,Courtney,Torres,True,organization_member,79.0,False,,2024-05-07 17:59:58
P3000U,baileynancy,ian82@example.com,vO)RIot@5u@6,Martha,Ross,False,nacb_staff,,False,,2024-06-24 03:13:48
U3001W,lorifernandez,michael61@example.net,)U5#G+m8Xs6K,Kevin,Lopez,False,organization_member,42.0,False,,2024-07-10 00:25:33
P3001U,yalvarez,jill74@example.net,kg$$6kOt6vjK,Stephen,Silva,True,organization_member,51.0,False,,2024-03-09 04:41:10
U3002V,francisco21,mark01@example.org,@DV!l7&z82hQ,Maria,Harrison,False,organization_member,74.0,True,Account reported by multiple users,2024-05-18 07:27:03
P3002U,charlesgrant,abigail58@example.net,^psKI$7y39Pk,Anna,Parsons,False,user_professional,29.0,False,,2024-06-10 16:51:52
U3003M,tonybrown,carolyn93@example.net,%9d@1EmPJ6Td,Michael,Mcneil,False,nacb_admin,73.0,False,,2024-05-01 00:45:38
P3003K,qtaylor,campbelljeffrey@example.com,fYz%WVnnS+W4,Darren,Allen,True,nacb_staff,,False,,2024-06-16 02:55:03
U3004Y,hsmith,alexallen@example.org,E_W*Fn$GRaD2,Jenna,Brown,False,organization_admin,55.0,False,,2024-03-19 17:19:40
P3004P,ujones,jennifer63@example.org,MK8MLJRd(KuY,Kristi,Mooney,False,organization_member,,False,,2024-02-02 05:27:45
U3005U,rebecca41,walterseric@example.org,o!Q6KJ0T4bQ8,Julie,Peters,False,organization_member,,False,,2024-04-05 12:02:44
P3005A,gatkinson,xnguyen@example.org,6qQGSnwDz!4U,Joseph,Stevens,True,user_professional,,False,,2024-04-20 19:52:10
U3006E,simpsonemily,carolyn19@example.net,lvqpLyRFv)A0,Christine,Cantu,False,system_admin,36.0,False,,2024-04-05 10:45:43
P3006B,proctorrobert,lconley@example.org,OGc*9HErG#9F,Brittany,Johnson,False,user_professional,88.0,True,Misrepresentation of identity,2024-01-25 09:05:08
U3007S,curtislindsay,jamessimmons@example.net,#0bY&zOn0JSI,Robin,Warren,True,user_professional,56.0,False,,2024-01-07 07:28:20
P3007N,davidhernandez,thernandez@example.net,WS0Ecbs^55@+,Mark,Fisher,False,nacb_admin,37.0,False,,2024-05-21 08:55:21
U3008R,echurch,sullivanbrandy@example.net,9b@VPay@8PR3,Shannon,Johnson,False,user_professional,,False,,2024-04-20 18:07:17
P3008A,erobinson,vjefferson@example.com,i6vJj953!*V@,Joshua,Carter,True,system_admin,84.0,False,,2024-03-25 11:10:41
U3009O,paul36,turnerpaul@example.com,^iKB(lB95LS^,Travis,Lane,False,organization_member,,False,,2024-03-06 09:29:47
P3009J,deanandrew,taylorkramer@example.com,(3Z6RQc^ErpA,David,Baker,True,nacb_admin,,False,,2024-02-24 12:44:26
U3010U,umay,eharris@example.com,^7QWRlsq7dWH,Michael,Mcgee,True,system_admin,,False,,2024-05-13 17:49:17
P3010T,ytaylor,kevinbutler@example.com,!58WmUicMBrs,Janet,Livingston,True,nacb_staff,,False,,2024-04-22 17:12:57
U3011H,bowersjason,davidwright@example.net,%11Y+SDw@a)C,Zachary,Sanders,True,nacb_admin,66.0,False,,2024-02-08 12:33:45
P3011G,hallmegan,nhenson@example.com,GAJlFSyv*6R+,Sheila,Johnson,True,nacb_staff,70.0,True,Use of prohibited software or bots,2024-06-07 14:56:10
U3012I,moorejacob,jacqueline61@example.com,qgD2NcC7%MM1,Heather,Potts,True,organization_member,82.0,False,,2024-01-28 13:28:14
P3012L,wilsonjose,josephmorris@example.net,SL0o*5wq%NP^,Elizabeth,Kelly,True,organization_member,,False,,2024-01-04 07:14:23
U3013C,fostersusan,zcollins@example.com,wPL*cdWo3_U3,Greg,Rivera,False,organization_member,13.0,False,,2024-06-18 20:52:54
P3013I,dflynn,wattswalter@example.com,M^D1WSIue@nr,Sierra,Freeman,False,organization_member,,False,,2024-02-12 23:53:42
U3014A,ystrickland,smithpaul@example.net,Ytm94UyV@LQH,Aaron,Lynn,False,user_professional,92.0,False,,2024-03-16 07:06:26
P3014V,vargasjamie,sierra15@example.net,M7f^Q7ziUK2V,Harold,Woods,True,user_professional,,False,,2024-07-18 06:42:56
U3015D,millerlori,wandashepard@example.com,zMi@^*NtMIR9,Derek,Ramirez,True,user_professional,,False,,2024-01-31 19:45:11
P3015U,julie69,erin25@example.com,^TAcnXz_M71k,Wanda,Forbes,False,organization_admin,78.0,False,,2024-07-21 09:19:06
U3016S,willisangela,ojohnson@example.org,bv3TuyCYP%mD,Jason,Ramsey,True,organization_member,,False,,2024-04-04 00:23:32
P3016Z,kathleen05,michaelthomas@example.org,+*3P+8lr#!uA,John,Jackson,True,organization_admin,,False,,2024-02-05 22:51:12
U3017N,josephanderson,ramirezrobert@example.com,b8Lcd9k!ObS@,Robin,Smith,False,user_professional,,True,Use of prohibited software or bots,2024-02-28 03:23:32
P3017B,hjones,marshallwalter@example.org,te%^S6tg2+0L,Elizabeth,Brown,False,user_professional,,False,,2024-06-28 09:00:21
U3018J,kingandrew,lanelaura@example.com,$buZYuCpB4nM,Jacob,Kennedy,False,user_professional,62.0,False,,2024-04-05 20:03:54
P3018H,mjimenez,russellmoran@example.com,erCV@3Qb_7Fu,Jonathan,Logan,True,user_professional,73.0,False,,2024-04-25 11:26:22
U3019G,sandershaley,robertbeard@example.org,9LWcTmhJ#3CW,Kayla,Diaz,False,user_professional,29.0,False,,2024-05-11 08:55:34
P3019G,courtney89,carlmoss@example.net,%MQObBiR7NZW,Cole,Pace,True,organization_admin,,False,,2024-05-23 19:44:10
U3020Y,simmonskatherine,wyoung@example.org,E5vEQvDf#dF@,Patty,Flynn,True,organization_member,67.0,False,,2024-05-25 07:24:29
P3020O,brittany43,sandra48@example.org,DG846fEp!zS7,Katherine,Harrington,True,nacb_admin,,False,,2024-06-21 12:23:46
U3021U,pespinoza,cyu@example.org,G_e3Pnzbq_4i,Lisa,Guzman,False,organization_member,,True,Multiple failed login attempts,2024-03-18 02:35:14
P3021Q,dillonamanda,dustin98@example.org,n9v2L7nT#rSb,Wendy,Jimenez,False,nacb_staff,30.0,False,,2024-02-10 19:11:50
U3022A,jared17,lwhitehead@example.com,LUigFY*S$0Da,Nicole,Ramsey,False,user_professional,,False,,2024-04-30 14:01:15
P3022Z,hughesmark,stevenmcbride@example.org,+M&#Bwp$017R,Daniel,Newman,True,system_admin,83.0,False,,2024-02-13 16:26:04
U3023Z,barbarajohnson,thomasjennifer@example.com,#ScYxma1Q(4N,Tyler,Williams,True,organization_member,49.0,False,,2024-03-25 09:19:57
P3023J,castrojohn,rivassherry@example.org,SsgIhaG_N%5#,Robert,Kelley,True,nacb_staff,,False,,2024-02-15 12:28:30
U3024O,acampbell,stephanieharrell@example.net,480LrSJ8E)P5,Diane,Padilla,True,user_professional,19.0,False,,2024-01-28 04:00:19
P3024Q,yhartman,davidburns@example.com,uWH+8e2h2)3N,Robert,Long,False,user_professional,49.0,True,Harassment of other users,2024-04-15 18:16:50
U3025C,chelseamoses,heatherknight@example.net,BW6li2qn_70C,Sharon,Scott,True,organization_member,,False,,2024-01-29 02:52:52
P3025M,asloan,katie80@example.net,&a1pzlXf9WMe,Joseph,Bates,True,user_professional,28.0,False,,2024-03-15 11:55:51
U3026J,tiffanyhunt,mcculloughlaurie@example.com,07PpDK8q%pH(,Paul,Mckinney,False,organization_admin,45.0,False,,2024-04-19 23:11:12
P3026X,ascott,mburton@example.com,l%&hOwXxqmJ6,David,Garcia,False,nacb_admin,44.0,False,,2024-07-22 17:41:27
U3027D,andersonlisa,annatorres@example.net,)nr0Tqhn+n3J,Mark,Russell,True,organization_member,55.0,False,,2024-03-30 20:34:03
P3027T,rebecca69,zchristensen@example.net,g)Ge0)RefVAE,Brian,Flowers,True,organization_member,27.0,False,,2024-01-10 02:00:10
U3028U,richard91,michael99@example.net,DjWZE*j4I2*v,Katelyn,Robertson,False,nacb_admin,8.0,False,,2024-03-25 07:01:31
P3028S,rbrewer,john81@example.net,^P4guq+EL!NP,Kevin,Green,False,nacb_staff,17.0,False,,2024-04-13 06:03:56
U3029Y,dhoward,thompsonkristin@example.net,+)e(OR4J1oKz,Jasmine,Brown,True,user_professional,73.0,False,,2024-06-29 08:52:52
P3029I,falexander,wpeterson@example.org,4C3@BUlkhLC3,William,Williams,True,nacb_staff,66.0,False,,2024-03-07 23:59:02
U3030J,rfletcher,zachary80@example.net,OFsW(Ya$O1!3,Pamela,Gonzalez,False,system_admin,8.0,False,,2024-01-12 21:46:42
P3030Y,gonzalezfaith,christian92@example.net,SyHXPJpJ(0Ix,Kelsey,Perkins,True,nacb_staff,66.0,False,,2024-01-11 21:38:12
U3031U,emily20,jennifer64@example.com,zKp@tQ#&)3@j,Michael,Smith,True,organization_admin,6.0,False,,2024-05-25 14:15:38
P3031A,shane54,julie34@example.net,D!8$LrYjVH3O,Gregory,Frazier,False,organization_member,,False,,2024-01-17 11:15:22
U3032J,wallerjames,cynthiaroberts@example.net,#!2h1cWI8xDD,Joshua,Fox,False,organization_member,,False,,2024-02-23 01:11:22
P3032O,abridges,garzaevan@example.net,&(!VK$aq%C2@,Mandy,Smith,False,organization_member,,False,,2024-03-29 08:22:23
U3033G,wendypowell,davisclaire@example.org,xUW68Et@hy)W,Gina,Clark,False,organization_member,62.0,False,,2024-05-27 00:42:34
P3033A,weavergary,zsmith@example.org,P#XZ15QUFq)8,Robert,Lee,False,nacb_admin,,False,,2024-07-07 04:44:53
U3034U,ramireztyler,nramos@example.com,m$lTH6gDu25^,Tyler,Thompson,False,organization_member,12.0,True,Use of prohibited software or bots,2024-02-19 03:44:33
P3034H,schmidtphillip,thompsonjohn@example.net,6#Gl#7Sq5Y5c,Sharon,Schwartz,False,user_professional,,False,,2024-01-16 05:28:30
U3035J,sarah58,lisarobles@example.net,dSSIG6%a#P%8,Stephanie,Graham,False,nacb_admin,,False,,2024-04-18 14:54:27
P3035U,galvanjose,terrykathleen@example.com,NqN#Y1l5s8(o,James,Bass,False,nacb_staff,,False,,2024-05-02 00:21:18
U3036I,brownjennifer,millerjasmine@example.net,r6xXjW&p))oD,Christopher,Salazar,False,nacb_staff,6.0,False,,2024-06-18 12:02:06
P3036M,sandra55,fergusonjared@example.com,H$8awbWcbu8T,Dennis,Jones,True,user_professional,15.0,False,,2024-05-17 23:22:21
U3037E,phillipblake,brittany42@example.net,$P*i!Ua&s4Es,Jill,Morgan,False,organization_member,71.0,True,Fraudulent transactions detected,2024-06-12 13:06:56
P3037V,jasonmills,davisveronica@example.net,+J(Vuo0Dc4NX,Kristin,Hill,True,user_professional,,False,,2024-06-26 06:23:50
U3038A,jonesdavid,brandon39@example.net,0maYMZA)+*u5,Michael,Robles,True,user_professional,,True,Security policy violation,2024-07-24 09:47:36
P3038U,areed,lindsay77@example.net,2et0BIy)+LjU,Tracy,Davis,False,organization_member,77.0,False,,2024-01-16 07:19:07
U3039C,bhampton,cbuchanan@example.com,(@P)LdAg96r6,Tiffany,Potter,False,organization_admin,2.0,False,,2024-05-02 16:43:57
P3039Z,ekirby,pmcneil@example.net,^aq2rIG$nq_L,Jason,Johnson,True,user_professional,,False,,2024-05-30 10:03:11
U3040F,beverlysmith,janet33@example.net,YOtG##sW(s5R,Christy,Thompson,True,organization_member,1.0,False,,2024-04-04 02:34:07
P3040Y,victor50,krystalhernandez@example.net,l_r6CDFcACTr,Sean,Sanchez,True,organization_member,50.0,False,,2024-06-30 13:15:11
U3041O,tonyedwards,bbrown@example.net,(7zZv0^vplCx,Victor,Marsh,True,organization_member,,True,Harassment of other users,2024-03-04 07:35:49
P3041V,pierceeric,williamschristopher@example.com,s(pw7&ONesd4,Valerie,Jarvis,False,user_professional,,False,,2024-07-17 06:29:58
U3042Z,jason67,lindseycrystal@example.org,&S#wRLPgZL00,Chris,Jones,False,nacb_staff,,False,,2024-01-31 01:05:12
P3042J,reedkathy,wmunoz@example.org,^_KIjtQoW2Hf,Joe,Murphy,True,organization_member,14.0,False,,2024-01-02 02:32:28
U3043Y,butlerrobert,danielle98@example.com,_c72KVZf$m)t,Samuel,Todd,False,user_professional,88.0,False,,2024-03-05 07:19:30
P3043I,swalsh,derrick37@example.net,_)J3Z6sesg+9,Stephanie,Johnson,True,organization_member,,False,,2024-04-18 23:16:04
U3044W,frankgregory,khernandez@example.org,)@Va^uPyp3AC,Deborah,Taylor,False,organization_admin,75.0,False,,2024-06-22 11:22:15
P3044B,amy87,sheltonblake@example.net,)vJWrBnj+0EN,Kristina,Solomon,True,nacb_admin,89.0,False,,2024-04-16 05:38:19
U3045L,ryan15,rileymichael@example.org,bG0IeY2Rp*&Y,Sarah,Smith,True,nacb_staff,78.0,False,,2024-07-12 18:19:32
P3045J,anna63,christina40@example.net,^h%KxWWBZ0^Q,Anthony,Conrad,True,organization_member,59.0,False,,2024-02-07 17:10:23
U3046G,jjones,hkim@example.net,y^x4_BMMVfd5,Matthew,Montgomery,True,nacb_staff,,False,,2024-01-16 01:31:54
P3046X,bruce43,mrichards@example.org,Ws4LiU7ao$iT,Ryan,Jackson,True,user_professional,,False,,2024-05-09 15:33:23
U3047V,calhounbenjamin,alexmoore@example.com,npwzUzeE(77a,Samuel,Ellis,False,user_professional,7.0,False,,2024-03-27 16:10:34
P3047H,cthompson,zamoramiranda@example.com,vn3AC^ewS^aY,William,Mccarthy,True,system_admin,,False,,2024-04-19 05:32:45
U3048K,hubbardcarlos,smiller@example.net,w*Av9_^J*3bk,David,Harris,True,nacb_staff,,False,,2024-04-27 18:57:48
P3048W,whopkins,patriciadaniel@example.org,#v2&BY$kz!&#,Linda,Nielsen,False,organization_member,43.0,False,,2024-05-03 01:40:45
U3049T,codyhawkins,thompsondavid@example.net,xi6Js20s)4NM,Matthew,Wilson,False,organization_admin,,False,,2024-03-14 01:30:57
P3049M,longgregory,martin18@example.com,67#xGbysQ)X4,Katherine,Morales,True,system_admin,,False,,2024-05-15 01:38:51
U3050N,paige43,yolanda02@example.org,qREDYp)I#7BC,Deborah,Nelson,True,user_professional,,False,,2024-03-26 13:10:09
P3050V,stevensjacob,hcox@example.org,^l2CWl5TRCKL,Bryan,Payne,False,nacb_staff,72.0,False,,2024-06-26 10:13:01
U3051I,allison54,alane@example.net,6_8jugZBPC!T,William,Morrow,True,user_professional,,False,,2024-06-22 16:56:52
P3051T,keith79,btorres@example.net,^XbtyVvMt8S2,Amy,Wilson,False,organization_member,,False,,2024-04-22 01:25:12
U3052L,lisa12,susanturner@example.org,T0ZLnyP2@Wqg,Leroy,May,False,organization_member,3.0,True,Suspicious activity detected,2024-06-15 23:02:24
P3052V,jamesandrews,laurenbuckley@example.net,!01KM7tH&F(O,Lisa,Williams,True,organization_member,19.0,False,,2024-05-25 10:22:05
U3053C,martinezkyle,sduran@example.org,buLvB&9O_7(I,Monica,Rose,True,system_admin,24.0,False,,2024-01-05 15:29:54
P3053T,bryantsamantha,toddharris@example.com,C_f3P5u#97i*,Aaron,Crawford,False,organization_member,,False,,2024-03-08 17:46:19
U3054C,ytaylor,cbryant@example.com,+*4R$N8yF8BG,Laurie,Wright,False,nacb_staff,,False,,2024-06-25 16:32:35
P3054X,jennifer42,veronicaolson@example.com,k9QpgQ_u^YT(,Carlos,Kelly,True,user_professional,,False,,2024-04-13 15:00:31
U3055D,ricekatherine,damonyoung@example.org,9b^R$D3sAzG0,Austin,Camacho,True,organization_admin,,False,,2024-06-17 15:57:32
P3055X,angelacollins,brennansherri@example.org,4&1QZ$4f(5^&,Ashley,Wang,False,user_professional,,False,,2024-03-03 10:03:33
U3056A,bradleymcdonald,diazshelley@example.net,(5u$y27PwtEE,Michael,Floyd,True,organization_member,,False,,2024-03-25 06:57:29
P3056X,sandra68,deannamcguire@example.org,AP08byAy!#zD,Edward,Schwartz,True,system_admin,74.0,True,Suspicious activity detected,2024-03-21 13:59:43
U3057M,theresaramirez,matthewjames@example.com,#C1BlqN%dIKX,Rebecca,Howard,True,user_professional,24.0,False,,2024-07-10 12:57:45
P3057W,turnerscott,nwillis@example.org,f&2FVXJqUrtK,Joan,Hall,False,organization_member,,False,,2024-02-03 07:12:56
U3058Z,xconley,stokesgregory@example.org,r8VAYE^J**^q,Marilyn,Hernandez,False,organization_member,37.0,True,Harassment of other users,2024-02-29 03:58:02
P3058O,ramirezlisa,kristenrogers@example.org,ER1%Rn7D9FGG,Daniel,Yates,True,organization_admin,38.0,False,,2024-03-16 12:16:06
U3059F,jennifersanchez,anthony12@example.com,#9T%NvyYOrGl,James,Cole,False,system_admin,,False,,2024-03-06 06:38:28
P3059C,parkjenna,patrick64@example.org,&2r_nbYdH9Fk,Carl,Tyler,True,organization_member,,False,,2024-03-20 12:53:33
U3060G,maryeverett,annharris@example.net,R3@fP!Su*28n,Adam,Brown,False,organization_member,,False,,2024-07-24 13:07:17
P3060H,landerson,zoe71@example.com,X_Uy5nT1FG5V,Kevin,Allen,True,user_professional,89.0,False,,2024-07-22 06:35:44
U3061G,pcarr,bneal@example.org,_6NB4j(mV&It,John,Goodwin,True,nacb_staff,,False,,2024-05-19 12:00:36
P3061R,david36,ppage@example.net,3D%5EGxaEo1!,Michael,Boyd,False,user_professional,,False,,2024-05-14 02:40:35
U3062K,kimberlylopez,taylordavid@example.net,!Th26BRyW24B,Jackson,Snyder,False,organization_member,37.0,False,,2024-01-29 02:37:48
P3062E,qdavidson,jacobbarnett@example.net,mhjJJ1N8&3$n,Brian,Roach,True,user_professional,,False,,2024-01-16 10:56:56
U3063A,ztaylor,jacqueline41@example.org,kXIQyj&W%(5#,Mark,Gross,False,nacb_admin,46.0,False,,2024-03-25 13:13:37
P3063U,anthonygonzales,davistiffany@example.com,*Je16SoHs+dy,Matthew,Carrillo,False,nacb_admin,,False,,2024-02-19 22:33:42
U3064Y,wfrye,robert64@example.org,1&WDa6UNa$4b,Karina,Perez,True,organization_member,28.0,False,,2024-01-09 01:18:47
P3064R,xthornton,williamshannah@example.com,Lkh6B2JZR^l0,Tracy,Romero,True,nacb_staff,,False,,2024-03-21 00:32:03
U3065O,heather05,cathy55@example.org,@6V#jRic*v@6,Jennifer,Petty,False,user_professional,,False,,2024-06-13 20:41:42
P3065C,tammyfrancis,mariah57@example.net,O8W))Avf$4)E,Eric,Thompson,True,user_professional,26.0,False,,2024-01-19 22:30:49
U3066N,hendersonmark,sbernard@example.net,no7YaCjt#C*@,Kathleen,Alvarado,False,nacb_staff,,False,,2024-01-12 19:58:24
P3066R,tanyajohnson,beth19@example.net,8QP3JulE$5@^,Timothy,Chase,False,user_professional,45.0,False,,2024-05-20 05:58:29
U3067D,handersen,jeffhernandez@example.net,J)45AJ6baF03,Angela,Williams,True,organization_member,69.0,False,,2024-07-12 01:40:06
P3067Y,mrichardson,timothy33@example.net,&d!8GAbyxX8Q,Nathan,Rubio,True,user_professional,7.0,False,,2024-06-23 18:22:14
U3068Y,luke06,kaisertina@example.org,od2f(rFV%3YU,Meghan,Jones,False,organization_member,,False,,2024-06-22 12:38:12
P3068V,kelly74,richardsmith@example.com,8N9V4MLo@(s&,Robert,Jordan,True,user_professional,,False,,2024-05-23 06:53:38
U3069Q,hshepard,collinspatricia@example.org,#2Y*s2J9q2HK,Frances,Rivera,True,nacb_staff,27.0,False,,2024-06-06 22:32:01
P3069X,jamesjohnson,kirbyalicia@example.com,n%66XX#p2hJX,Todd,Collier,False,nacb_staff,,False,,2024-03-27 08:59:10
U3070X,rogersbrandon,nmassey@example.net,_U8mIu$*Zt5Q,Jessica,Hayes,False,user_professional,,False,,2024-06-03 22:26:00
P3070A,jcarrillo,caitlin22@example.net,QA!4R8Stm3)O,Audrey,Wagner,False,user_professional,,False,,2024-06-10 16:57:32
U3071X,bridget15,osimon@example.com,*4vzAGwTCrpF,Gabriella,Bailey,False,organization_member,,False,,2024-06-29 13:08:28
P3071Z,kingcrystal,melissa92@example.org,sL#!9NXgSEpx,Amy,Brown,True,organization_member,69.0,False,,2024-03-10 12:58:56
U3072R,alyssa14,cfoster@example.com,k$5_g%B^!tzb,Justin,Hernandez,True,user_professional,,False,,2024-04-18 03:38:09
P3072O,steven51,kliu@example.net,7sO)dBDm_UEY,Alicia,Ware,False,user_professional,80.0,True,Suspicious activity detected,2024-02-20 07:23:44
U3073L,edouglas,madisonsantiago@example.com,N*_5$YfYui$l,Brian,Ross,False,organization_member,,False,,2024-06-13 15:26:10
P3073A,melissarichardson,jonathanharrison@example.org,*1FPtVGMruXP,David,Harper,False,nacb_admin,75.0,False,,2024-05-13 11:53:04
U3074E,dwayne36,xbrown@example.org,v!DMAf7ct%0F,Kevin,Rojas,True,organization_member,,False,,2024-03-21 09:17:03
P3074E,sheryl94,parkersara@example.net,VKvNp1Nnp%58,James,Woods,True,organization_member,,False,,2024-03-26 02:25:43
U3075U,daniellestein,donna53@example.net,@Hb4KE$cj$_e,Jamie,Brown,True,nacb_staff,17.0,False,,2024-03-07 02:16:36
P3075V,zschneider,iadams@example.com,p%6Fcse&6n0L,Marissa,Sherman,False,nacb_staff,28.0,False,,2024-04-16 12:26:05
U3076J,pricehenry,ssaunders@example.com,oN8ktkgY8wU^,William,Watson,True,organization_member,69.0,False,,2024-02-21 04:31:16
P3076V,garciajoseph,kevin19@example.org,FWuF4WLc#E4B,Richard,Ray,True,nacb_admin,28.0,False,,2024-02-09 06:49:50
U3077U,treilly,robert63@example.com,_yNk+lN_6dDC,Tara,Allen,False,organization_member,,False,,2024-07-01 04:22:27
P3077H,wjordan,vvalencia@example.net,pG9YmrQPUeA#,Amanda,Kent,False,organization_member,,False,,2024-01-02 22:48:00
U3078W,uburke,sewing@example.org,SZM(jlz952tS,James,Palmer,True,organization_admin,,False,,2024-06-16 00:39:40
P3078V,dstevens,jnelson@example.org,U8@ZLttCR_u(,Christy,Williams,False,user_professional,,False,,2024-03-02 09:03:45
U3079H,maria62,thomasrobin@example.com,+5BxxHnpdL%+,Paul,Graham,False,user_professional,,False,,2024-07-13 17:58:28
P3079W,olivia33,dreed@example.org,C*(IDggV_&T1,Christopher,Fischer,True,system_admin,36.0,True,Misrepresentation of identity,2024-03-02 22:52:10
U3080T,martineztracy,donaldjohnson@example.com,Vn4awPUJc)*w,Mitchell,Turner,False,organization_member,,False,,2024-01-04 13:59:20
P3080Q,nsullivan,baileybetty@example.net,*ASqpRak$35o,Michelle,Jackson,True,organization_admin,66.0,False,,2024-01-04 00:23:07
U3081F,james10,shellyanderson@example.com,stzGRC*ma(7C,Brandon,Atkinson,True,user_professional,,True,Non-compliance with community guidelines,2024-06-14 19:53:04
P3081P,jluna,mmartin@example.com,f6(s2uvi^DZi,Bradley,Herrera,True,organization_member,29.0,False,,2024-02-16 02:47:49
U3082H,james99,ocampbell@example.com,()*)4byZ!F6A,Jennifer,Watson,True,nacb_admin,,False,,2024-05-23 01:48:39
P3082H,itaylor,shawadam@example.com,_2Bp1Nny*TKF,Jessica,Tucker,False,user_professional,87.0,False,,2024-01-24 21:17:14
U3083Q,bridgethurst,xbrown@example.org,f41f9kGa+zJ&,Monica,Mccarty,False,user_professional,4.0,False,,2024-02-25 17:02:21
P3083K,joseph11,qblack@example.net,*MYG7NxFoLYN,Michelle,Huynh,True,nacb_staff,6.0,False,,2024-01-25 05:17:48
U3084Y,peter30,bstanley@example.net,14nV!afM^&qL,Laurie,Kelly,False,user_professional,59.0,False,,2024-05-23 12:27:00
P3084I,richardrichards,paige09@example.net,)E02I29t52GZ,Carla,Schmidt,True,nacb_admin,3.0,False,,2024-03-06 22:04:41
U3085R,yphillips,gabrieljenkins@example.net,q%hDo5MyV3+),Rachel,Holland,True,nacb_staff,,False,,2024-04-16 03:44:12
P3085Q,greenpatrick,jessicaharris@example.org,kEO4Y9xnl&d3,Matthew,Johnson,True,system_admin,20.0,False,,2024-03-01 12:44:16
U3086Y,vhaynes,heather24@example.net,$7XCCY*JSc*t,Adam,Choi,False,organization_member,79.0,False,,2024-01-18 10:44:59
P3086K,orozcoanthony,andersendavid@example.org,G9fAjHOr@wkg,Roger,Barnett,False,organization_member,23.0,False,,2024-03-02 19:21:40
U3087M,jenniferlee,daniel61@example.com,UF2Kc#jR@8^H,Kevin,Rodriguez,True,user_professional,,False,,2024-04-07 22:13:39
P3087P,amber72,jeffrey78@example.com,Me(AcS#)9$Ln,Robert,Price,True,nacb_staff,,False,,2024-04-13 15:32:39
U3088S,rmckenzie,carrie33@example.org,GMBGbfnU@8b2,Justin,Hill,True,organization_member,44.0,False,,2024-04-09 04:19:20
P3088U,johnsonderrick,robertsjohn@example.com,&#5*pXJMcQzI,Megan,Ramos,True,nacb_staff,,False,,2024-04-09 19:03:13
U3089A,randalleric,smitheddie@example.net,$00kLPvI2sVU,Thomas,Gallagher,False,organization_member,,False,,2024-01-25 01:19:51
P3089C,michelleallen,hernandezdylan@example.com,!7B6sLep*z6b,Jennifer,Lewis,True,organization_admin,,False,,2024-06-21 10:02:31
U3090A,yterry,brandon17@example.org,08tOvm#3X1E^,Monica,Owen,True,nacb_admin,,False,,2024-02-14 18:45:39
P3090S,john43,kyle29@example.com,^E639r7krTXW,Rebecca,Melton,True,organization_admin,,False,,2024-02-12 23:07:13
U3091N,ortizjeffrey,emilymeyer@example.com,(@C^%xtjZX4E,Gary,Livingston,True,nacb_admin,,False,,2024-07-17 02:13:42
P3091U,christian91,ucox@example.com,84Oqo8p4N5@d,Sabrina,Green,True,system_admin,41.0,False,,2024-04-21 19:32:06
U3092U,brian74,andersoncaitlyn@example.net,8dnmrT(i*3QY,Joshua,Jones,False,organization_member,37.0,False,,2024-07-15 13:00:22
P3092S,dukejennifer,gutierrezdavid@example.org,M$oC1GPenu9C,Anthony,Owens,False,user_professional,56.0,False,,2024-02-06 16:50:05
U3093D,michealgriffin,marshtyler@example.org,v$wmt)Sn(2zN,Charles,Pacheco,False,user_professional,27.0,True,Violation of terms of service,2024-04-22 18:36:26
P3093P,amybailey,nathanmosley@example.net,p(6*iyNkhEA4,Amanda,Campbell,False,user_professional,80.0,True,Violation of terms of service,2024-05-06 22:02:50
U3094N,krodriguez,melissasnow@example.com,Kq16WTfa#9v!,Megan,Franklin,True,organization_member,,False,,2024-02-21 22:52:28
P3094J,otaylor,shicks@example.net,#p+xKo8YWu25,Harold,Turner,False,nacb_admin,11.0,False,,2024-02-09 14:29:05
U3095D,connor36,wmadden@example.net,IdPOO#qJ_5k4,Ralph,Liu,True,user_professional,,False,,2024-07-15 04:41:27
P3095V,cookphilip,amanda05@example.net,s(sJN2c8Hk2v,Krista,Woods,True,system_admin,,False,,2024-02-27 03:41:33
U3096P,roseflores,jonathan99@example.net,3n8dgoEfR!5L,Kimberly,Cox,False,user_professional,96.0,True,Violation of terms of service,2024-02-08 01:03:45
P3096Q,scottdawn,lisahenry@example.net,gw7LNos6%3_G,Jessica,Wright,False,organization_member,85.0,False,,2024-07-10 20:37:14
U3097I,wilsonmarisa,jennifer64@example.org,c)S@XpUi_%o2,Carrie,Harris,False,user_professional,,False,,2024-05-02 17:41:03
P3097T,rosekristi,heatherbond@example.com,j8)4VHvKbQlp,Stacey,Cameron,True,user_professional,,False,,2024-04-08 06:15:22
U3098V,kiaramiller,ethomas@example.com,8fENG0hu8$9b,Megan,Sellers,True,user_professional,,False,,2024-06-21 13:56:50
P3098H,marianunez,huntermichael@example.org,+R8Y_9Xp&U%Y,Tina,Watson,False,organization_member,58.0,False,,2024-05-08 19:03:50
U3099K,hollycarlson,burnsmaria@example.org,Pk3SFCTtf*KE,Carl,Morrison,False,organization_member,,False,,2024-03-31 21:37:46
P3099G,wbaker,robinsondustin@example.net,dMYZrJ0#^Zk2,Savannah,Bennett,False,organization_member,92.0,False,,2024-04-05 08:15:24
U3100Q,millersamantha,michelle42@example.org,A4cf*d(4^ucO,Abigail,Guzman,False,user_professional,,False,,2024-01-02 01:02:32
P3100G,kristy05,imartinez@example.com,cL3VtTO$$yk0,Leslie,Middleton,False,organization_member,,False,,2024-07-01 16:34:12
U3101M,anaallison,amycastillo@example.net,$PKxrNf97i3o,Peter,Wallace,True,user_professional,,False,,2024-02-18 21:06:44
P3101L,agarza,imullen@example.net,6)1qmRho!+6T,James,Byrd,True,nacb_staff,,False,,2024-01-14 03:31:14
U3102R,jacob03,michellewhite@example.net,$7Vk3aKh&xDe,Kelly,Howard,True,organization_admin,,False,,2024-04-26 19:11:12
P3102H,bli,sarahclay@example.org,5_vT4EN3yn^k,Janet,Cross,True,user_professional,20.0,True,Security policy violation,2024-01-21 14:10:18
U3103L,jonesdaniel,weaverdebra@example.org,@&(_3FqdpHF5,Alyssa,Richardson,True,user_professional,59.0,False,,2024-05-09 03:56:20
P3103P,tracy95,martinfaulkner@example.org,^o3DW8Nhq(WS,Bill,Moore,True,user_professional,75.0,False,,2024-02-26 16:48:32
U3104X,lindacohen,courtneyanderson@example.com,&1E8SIieZAS4,Jeffery,Garrett,False,nacb_admin,,True,Non-payment of subscription fees,2024-01-25 11:42:38
P3104G,ericksonjames,bryanscott@example.net,&x8vsl$ovGTS,Lauren,Johnson,False,nacb_staff,73.0,False,,2024-05-04 17:04:46
U3105N,jolson,dgarcia@example.net,vk&5$tM!%j1P,Alicia,Henderson,False,user_professional,,True,Unauthorized access attempts,2024-07-11 00:33:12
P3105H,villanuevasusan,swilcox@example.net,K^6uRFFkZJmS,John,Harris,True,user_professional,,False,,2024-02-06 08:41:00
U3106C,melissahays,amy75@example.net,F$1jZcZzyA63,Emma,Robinson,False,organization_member,25.0,True,Unauthorized access attempts,2024-05-14 00:22:43
P3106C,bethanyvillanueva,alexander71@example.net,n@#NBll_1R5J,William,Collins,False,organization_member,,False,,2024-07-17 11:56:51
U3107O,edwardsmorgan,kennedyaaron@example.org,#1*V54jW%06P,Jessica,Johnston,False,user_professional,95.0,False,,2024-01-18 14:32:43
P3107U,jennifermoore,logan53@example.org,xKkXeNfu$h73,Robert,Kennedy,True,nacb_staff,,False,,2024-04-27 19:56:59
U3108R,tjohnson,qmelton@example.net,&+0TB*g7MCAp,Jeffrey,Clayton,False,nacb_staff,91.0,True,Non-compliance with community guidelines,2024-05-20 11:44:37
P3108G,garygonzalez,john20@example.com,1q8YgB0vF$Fp,Tyler,Tran,False,user_professional,,False,,2024-06-04 12:10:46
U3109T,hodgespeter,edillon@example.net,IowC12JlwTW%,Troy,Larson,True,nacb_admin,50.0,False,,2024-06-01 03:56:49
P3109H,dhickman,gerald86@example.net,ucEB4Pgp(1La,Robert,Ruiz,False,nacb_admin,,False,,2024-03-21 06:13:36
U3110M,nramirez,yhaley@example.net,FQHmzsiVp3@&,Barbara,Miranda,True,organization_member,,False,,2024-03-18 02:01:14
P3110P,qhawkins,brownashley@example.com,MY7JhRosd4#C,Renee,Melton,True,user_professional,,False,,2024-04-24 18:07:15
U3111C,amyadams,dherman@example.com,$5Dv4xnWUTT9,Jessica,Dunlap,False,nacb_staff,93.0,False,,2024-02-15 09:02:59
P3111L,samantha33,wrightcaleb@example.org,l2Uo$J7Xj*^+,Courtney,Jensen,False,nacb_staff,,False,,2024-01-28 08:12:50
U3112P,jonesshannon,xmiller@example.com,TfMo44dG*Q4T,Kevin,Sanders,True,organization_member,95.0,False,,2024-05-18 11:15:14
P3112C,jared96,mason57@example.org,itSlMclm)2+^,Jessica,Burke,True,user_professional,14.0,False,,2024-05-01 11:39:30
U3113E,georgeconnor,vsmith@example.net,AqB5E3u0+6pk,Darren,Evans,False,organization_admin,,False,,2024-01-21 13:49:37
P3113G,feliciaquinn,figueroalauren@example.org,QWJKTiif)3RV,Michelle,Hall,False,organization_member,65.0,False,,2024-01-14 02:09:54
U3114B,tiffany89,ofoster@example.com,MrJ!J4rw%2Pl,John,Williams,True,user_professional,,False,,2024-05-28 06:06:06
P3114G,ejacobs,adamhenry@example.com,)XE$ItiSPv1M,Michael,Perez,True,organization_member,38.0,False,,2024-06-13 01:47:15
U3115Y,jonathan30,melissa63@example.net,*w1upZCjIk4J,Kayla,Baker,False,user_professional,63.0,False,,2024-02-29 11:45:52
P3115J,maryweber,john53@example.com,*7HHaIxdjphq,Travis,Lawson,True,organization_member,12.0,False,,2024-06-27 08:11:57
U3116O,larry86,jenniferperkins@example.net,8@btOMXncD_7,Roy,Reed,False,organization_member,,False,,2024-01-23 14:00:53
P3116V,barbarascott,dhunt@example.org,9dDrqbGD#jtF,Nicole,Porter,True,nacb_staff,85.0,False,,2024-06-08 07:28:38
U3117M,clarkdaniel,qbyrd@example.org,_k6_zNdmkL!F,James,Delgado,False,nacb_staff,,False,,2024-03-10 20:00:35
P3117F,dale49,zneal@example.com,$W$(BGKtQ9Ve,Denise,Strickland,True,user_professional,65.0,False,,2024-04-10 00:22:40
U3118S,schwartzthomas,anna46@example.org,l9B649&0!zga,Julie,Cook,True,organization_member,,False,,2024-05-17 19:46:52
P3118W,burtonsheila,fred57@example.net,@EXFC5axFN9J,Joann,Jackson,False,user_professional,82.0,False,,2024-02-15 01:01:40
U3119M,courtneychandler,jennifer70@example.net,vy0Mbege%+q1,Erika,Hall,False,organization_member,87.0,False,,2024-04-19 18:11:58
P3119Z,barnesdonald,brianmurillo@example.com,%8BYFssEHglO,Anthony,Wagner,True,nacb_staff,,False,,2024-02-27 20:15:48
U3120W,chase94,jmartinez@example.org,)0LCgSa_^Geh,Brenda,Blankenship,False,nacb_staff,,False,,2024-05-29 14:42:33
P3120U,robert21,maciasshawn@example.org,L(@w9BWa8K)y,Alicia,Fleming,False,organization_member,94.0,False,,2024-05-07 08:50:16
U3121S,garciacharles,aprilsimmons@example.com,26T^^J(A6Uu+,Brittney,Marsh,True,organization_member,42.0,False,,2024-05-12 15:24:54
P3121U,mcordova,morganandrew@example.org,T%42FTtG+OLH,Lawrence,Gentry,True,organization_member,,False,,2024-01-21 01:00:47
U3122S,jamesstephanie,johnsonlinda@example.net,G^hW2WDy+$7&,Philip,Wright,False,organization_admin,58.0,True,Misrepresentation of identity,2024-06-10 07:24:28
P3122S,jesusjones,hoodmary@example.org,OVSxUP+oZ(O1,Madison,Pena,False,organization_member,,True,Security policy violation,2024-05-03 22:05:23
U3123W,qsullivan,mooneylisa@example.org,_1^Sy(0((Tdf,Jose,Perez,False,user_professional,68.0,False,,2024-03-03 01:44:17
P3123K,fsanchez,sonyanavarro@example.com,(q9*M_nE&8jK,Katelyn,Rosales,False,organization_member,6.0,False,,2024-07-23 19:39:42
U3124I,christopher92,ithompson@example.net,^6XyY!jn36k!,Judith,Arroyo,False,user_professional,,True,Non-payment of subscription fees,2024-06-25 23:08:46
P3124K,hschneider,cbullock@example.org,#5@q0Z7uEH7A,Joy,Spencer,False,organization_admin,60.0,False,,2024-03-06 21:14:30
U3125P,whendricks,howelljacob@example.org,)GuEqFTf6XO$,Susan,Weber,True,organization_member,27.0,False,,2024-05-17 15:24:37
P3125B,daviskaren,peteredwards@example.org,Vl#7!IUd$#PX,Roy,Gibson,False,user_professional,,False,,2024-01-29 04:37:30
U3126U,connie29,alejandro75@example.com,@26PHtrH)nQp,Melissa,Bennett,True,organization_member,,True,Fraudulent transactions detected,2024-04-23 19:14:56
P3126J,martin01,davislaura@example.org,uHiZcGXv*5Qk,Anna,Clark,True,organization_member,32.0,False,,2024-01-23 12:52:53
U3127B,jorgevaughn,walkerrobert@example.org,%7GjhL$qiKz5,Ashley,Henderson,True,system_admin,26.0,False,,2024-03-20 18:36:49
P3127F,waynefox,charles98@example.net,Q*1(Op+kEuwd,William,Shepherd,True,system_admin,,False,,2024-06-29 23:19:36
U3128K,sandymurphy,courtney84@example.com,Y64UUnIu%T)H,Gabriela,Williams,True,user_professional,81.0,False,,2024-03-28 03:49:11
P3128K,jerryhiggins,victoria36@example.com,^d0YjwkE3l0K,Alexandra,Walker,True,organization_member,88.0,False,,2024-04-26 22:27:49
U3129Y,jgarner,mary30@example.com,kdV+a$^MGX7y,Ricardo,Smith,False,organization_member,7.0,False,,2024-06-02 18:49:01
P3129S,lawrencechristopher,moorenathan@example.net,Ou9PYjk)6*KF,Ruth,Brooks,True,organization_member,62.0,False,,2024-06-28 06:43:06
U3130S,stevenwilliams,kaylaferrell@example.org,#3005NDp3m08,Roberta,Weber,False,user_professional,,False,,2024-05-21 21:21:11
P3130D,hcarter,vsanchez@example.org,opGmnkjq%l7s,Kayla,Kennedy,True,organization_admin,,True,Multiple failed login attempts,2024-03-20 23:41:49
U3131X,brooksmelissa,fallen@example.net,3buNg_z6)7n7,Emily,Moody,True,organization_member,59.0,False,,2024-04-25 13:45:55
P3131N,phorn,dustin17@example.net,1rCRgvUu^lHL,Kimberly,Mosley,False,nacb_admin,81.0,False,,2024-05-14 18:14:22
U3132L,johnwhite,zdecker@example.net,&0oZwsM7VsFZ,Ashley,Nichols,True,organization_admin,,False,,2024-01-29 21:39:24
P3132Y,shaunwelch,susanoneal@example.org,)&7IGipPAyKS,Kristen,Smith,False,nacb_staff,6.0,False,,2024-01-10 22:01:22
U3133D,kimjulia,deannamorrison@example.org,iOD#cFn3+U3S,James,Thornton,True,user_professional,,False,,2024-05-02 17:40:48
P3133I,lynnwhite,cholmes@example.com,zreHId!)E)a9,Sharon,Schmidt,False,organization_member,48.0,False,,2024-02-01 23:40:26
U3134Z,hcarey,kimberly84@example.net,h7X9HjQ5!&mO,Gary,Rosales,False,user_professional,95.0,False,,2024-03-31 00:41:44
P3134T,grantrobert,rodriguezaaron@example.org,#0!(%Fw77AW@,Colin,Johnson,True,organization_member,78.0,False,,2024-01-06 05:06:55
U3135K,jogray,kathleen70@example.org,*5FJsOa6!!CB,Joanna,Daniel,False,system_admin,,True,Violation of terms of service,2024-06-22 20:09:38
P3135C,kellycarter,qprince@example.com,$H0pDFqkz9gu,Michael,Bond,True,nacb_staff,,False,,2024-05-14 20:09:26
U3136R,nicholasbowen,cruzamy@example.org,8j&*EZlg5@r6,Charles,Huffman,True,organization_admin,63.0,False,,2024-01-04 20:04:02
P3136Y,vstephens,ismith@example.org,mu$A&1OveYXn,Steven,Le,False,user_professional,55.0,False,,2024-01-21 06:20:57
U3137Z,alvaradorussell,moniquedavis@example.org,m$HEXBnutpv9,Robert,Byrd,True,nacb_admin,60.0,False,,2024-04-22 21:11:16
P3137C,jason46,carolbradford@example.com,3f1_ATBi*0c^,Carrie,Schwartz,False,organization_member,72.0,False,,2024-05-29 05:31:49
U3138F,johnathan82,hernandezallison@example.com,NtMP45M#%%!Y,Jennifer,Fleming,True,organization_member,,False,,2024-05-10 09:24:38
P3138K,mistykaiser,hshields@example.com,_85&rouNSwWc,Steven,Warner,False,organization_member,25.0,False,,2024-01-15 19:30:10
U3139Y,hannahmoore,unelson@example.net,1d2X)oGh(_Y+,Maria,Avery,True,user_professional,85.0,True,Unauthorized access attempts,2024-05-14 17:31:16
P3139E,terrilittle,suzanne58@example.com,*O$*KQ*a8)6f,Mandy,Williams,True,organization_member,,False,,2024-04-07 18:15:54
U3140G,michelereyes,blackchristina@example.org,cU0DpWPoSG#Z,Shawna,Torres,False,organization_member,21.0,False,,2024-06-10 01:49:34
P3140B,charles17,odommia@example.com,#SF$9UHbI_5t,Carla,Franklin,False,system_admin,50.0,False,,2024-03-22 11:32:34
U3141P,janegibbs,thorntonphillip@example.com,qN*krrXBm8Sm,Marvin,Hill,True,organization_member,74.0,False,,2024-02-27 04:27:45
P3141S,bjohnson,lwilliams@example.net,w^8h%Dub&96F,Dana,Patterson,True,user_professional,,False,,2024-01-16 01:40:59
U3142R,eddie59,ocarpenter@example.net,F4&W0CgSX6Sb,Kathleen,Johnson,False,user_professional,,False,,2024-06-17 22:42:01
P3142K,sarah78,sanchezhunter@example.net,Y2JvYIgv^bjz,Christina,Wilson,False,nacb_staff,,False,,2024-07-23 02:18:50
U3143B,kgibbs,adamking@example.net,Y07e1WiR@KeD,Sonia,Smith,True,user_professional,18.0,False,,2024-07-22 22:41:49
P3143A,april90,bmartin@example.net,ro6ID@eSD9!p,Kirk,Salazar,False,organization_member,,False,,2024-03-01 01:13:08
U3144G,bfoster,nicolefarrell@example.net,Q1LkZFYQ@Fxu,Dawn,Walton,False,user_professional,86.0,False,,2024-06-07 13:33:34
P3144D,wesley85,nielseneric@example.com,t_4*Rlcn$w78,Ryan,Melton,True,user_professional,51.0,False,,2024-03-30 11:50:54
U3145F,alvaradosheryl,katie30@example.net,Cb%gAn%4Vup5,Jonathon,Ochoa,False,nacb_admin,,False,,2024-06-14 21:51:58
P3145T,nathanielbell,carriedouglas@example.net,^8LJpKPrLX8P,John,Franco,True,organization_member,40.0,False,,2024-05-18 19:52:27
U3146A,jennifer85,spearsmelissa@example.net,*6v&o8q5k5Dp,Steven,Klein,False,organization_member,56.0,True,Suspicious activity detected,2024-07-08 14:00:40
P3146F,mary33,maryjackson@example.com,^Dn2Y4J1j^MQ,Jeffrey,Smith,False,organization_admin,,False,,2024-06-06 00:12:13
U3147G,amandastark,grodriguez@example.org,D*FGew!A%01d,Elizabeth,Wyatt,False,organization_member,,False,,2024-04-01 21:39:14
P3147N,tammyguerra,santosluis@example.org,s7#psDOyp)%4,Dylan,Ho,False,user_professional,,False,,2024-02-24 16:51:39
U3148L,brandy06,scottmarvin@example.com,140w+Zc$C#8Z,Michael,Phelps,True,organization_member,44.0,False,,2024-03-04 11:04:49
P3148K,jermaineeaton,gregory87@example.org,28%@J4yf#L1H,Lydia,Cook,True,nacb_staff,,False,,2024-04-30 18:57:03
U3149W,tmiller,walkersherry@example.net,1L3%&%ch^B9H,Julie,Shaffer,False,user_professional,16.0,False,,2024-01-28 08:47:59
P3149H,hannahbarron,cwheeler@example.com,#%ZRe3(d68q_,Nancy,Morris,True,user_professional,,True,Violation of terms of service,2024-05-10 13:37:56
U3150U,timothy47,kathrynfox@example.com,Qj4QiOCDt!SJ,Jason,Daniel,True,nacb_staff,,False,,2024-03-28 09:03:13
P3150R,leslievazquez,jamestaylor@example.org,Y+X3flWPox8r,Nathan,Turner,True,organization_admin,38.0,False,,2024-02-28 04:16:35
U3151C,victorjackson,karen95@example.com,8!63EtJy%3B3,Cheryl,Mueller,False,organization_member,,False,,2024-06-28 01:45:39
P3151Q,cole53,moorejohn@example.net,NxeydRFz#5@E,Alan,Black,True,nacb_admin,,False,,2024-07-05 06:28:35
U3152W,gacevedo,alexaprice@example.org,F2)ITZ87HiWb,Kendra,Brown,False,user_professional,,False,,2024-07-06 20:15:21
P3152S,philip69,krausejason@example.org,@@EqpZrq65X4,Ronald,Hurley,False,organization_member,62.0,False,,2024-01-18 04:10:55
U3153G,thomasjames,ycastillo@example.org,&7tRDKLG)b)A,Ryan,Peck,True,nacb_staff,85.0,False,,2024-03-05 13:25:20
P3153E,uhall,gravesandrew@example.net,nErDkJgodu3*,Jack,Bush,True,organization_member,,False,,2024-03-05 04:42:50
U3154T,amber52,brian08@example.org,7lLs4CMggpe^,Henry,Hill,True,nacb_staff,,False,,2024-03-18 08:45:54
P3154S,taylor18,drogers@example.org,%96T#vHdtI)L,Mikayla,Miller,True,user_professional,,False,,2024-07-14 10:51:45
U3155Z,xmartinez,joshuakhan@example.org,SssMGobW)Q@7,Yvonne,Smith,True,nacb_staff,90.0,False,,2024-01-15 21:15:55
P3155S,ramirezgordon,allisonthomas@example.net,p^qBD3Pj0pKQ,Mary,Ramirez,False,nacb_staff,,False,,2024-04-18 12:34:02
U3156I,littlejesse,jwilliams@example.com,CGvnPhVa_4KI,Christopher,Mcdonald,False,nacb_staff,,False,,2024-04-18 00:16:59
P3156N,christopher18,jonesgregory@example.com,&w5#k23x(W8G,Derrick,James,False,user_professional,55.0,False,,2024-01-31 07:43:09
U3157M,jamescopeland,dianaparker@example.com,kcn#mCKk6&l3,Anna,Oliver,True,organization_admin,,False,,2024-01-19 08:56:32
P3157M,vbaldwin,qsmith@example.com,RTM8qqz6!b5N,Gary,Martin,True,user_professional,7.0,True,Non-compliance with community guidelines,2024-07-06 03:13:37
U3158C,reidmelissa,rickysmall@example.net,a$u!3P_yxl2l,Joseph,Hale,False,organization_member,,False,,2024-01-23 14:54:17
P3158L,davidklein,csalazar@example.org,@0VcA#%qCv*m,Andrew,Wolf,True,system_admin,,False,,2024-06-19 02:32:15
U3159C,charlesgarza,jackbarton@example.org,9bZV7QTj@o+W,Phillip,Good,False,user_professional,84.0,False,,2024-02-07 00:32:47
P3159N,ddavidson,david92@example.org,S1CoxYXb$po3,Donna,Reilly,False,user_professional,,False,,2024-03-27 15:51:49
U3160J,victoriajensen,jennifer38@example.net,$(X2A+Kw4CH%,Mark,Jones,True,user_professional,84.0,False,,2024-02-19 04:49:33
P3160U,ryan21,anita04@example.org,s4J4IUcD*Ql7,Jennifer,Rivera,True,user_professional,95.0,False,,2024-05-05 08:43:04
U3161S,patriciaknight,david98@example.org,HiXiDrog@7As,Brandon,Lloyd,True,organization_member,60.0,False,,2024-01-09 03:34:49
P3161J,sandy30,frenchfrancisco@example.org,(+z#$9#nUR67,Debra,Smith,False,user_professional,,False,,2024-07-22 21:07:24
U3162B,greenmichael,michaelbarrett@example.com,U+0B5h8n6Imd,Sarah,Cobb,False,nacb_admin,66.0,True,Breaching confidentiality agreements,2024-07-23 09:30:12
P3162Z,karen31,bellnicole@example.net,cX7C2*YdD6!!,Dean,Barker,False,nacb_admin,97.0,False,,2024-07-14 22:49:02
U3163P,fwalsh,wesley44@example.com,yk2v+(+x#9aP,Jacob,Trujillo,True,user_professional,,False,,2024-05-31 12:51:01
P3163W,ghall,robinmiller@example.com,Esv7oTn@T$%z,Laura,Anderson,True,organization_member,,False,,2024-04-14 16:09:06
U3164Y,travis99,tammy15@example.org,$qmnbJMim2Uo,Linda,Lopez,False,user_professional,,False,,2024-04-05 04:36:49
P3164D,mistychambers,masonjustin@example.org,C8%EcbmiL!6d,Kimberly,Mclaughlin,False,organization_member,,False,,2024-02-25 01:06:31
U3165U,nancy66,andrew68@example.com,qTHntZEz+q8R,Dennis,Moran,True,user_professional,,False,,2024-02-19 09:30:58
P3165L,mccoyandrew,briancooper@example.com,mA4X6@Nu1+5A,Kimberly,Jones,True,user_professional,,False,,2024-01-30 03:17:28
U3166O,tonychavez,james20@example.org,+1F^eCyv#@w$,Scott,Pratt,False,nacb_admin,,False,,2024-07-10 16:49:26
P3166O,bhernandez,frankcombs@example.com,1GpdVhEe0&d0,Michael,Adkins,True,organization_member,7.0,False,,2024-04-26 13:12:51
U3167R,angeladean,anthony64@example.org,ztCwqGq2+08S,David,Anderson,True,user_professional,12.0,False,,2024-04-07 13:54:05
P3167I,younglauren,huffamber@example.net,%8V9Hi31*yoe,Theresa,Schroeder,True,system_admin,,False,,2024-02-19 08:53:44
U3168M,meredithhardy,stephen73@example.org,O5!CrmZN_$0W,Kenneth,Williams,True,user_professional,67.0,False,,2024-02-10 04:20:22
P3168Z,tmcgrath,jasondean@example.net,&8nTX+RoEYSc,Chloe,Garcia,True,system_admin,20.0,True,Suspicious activity detected,2024-07-01 16:55:34
U3169A,teresamoore,scott13@example.com,_Ad6mebY12T9,Samuel,Stewart,False,user_professional,52.0,False,,2024-03-26 11:01:29
P3169J,newmanlori,zhughes@example.net,#7#tLKS3+3Vc,Brian,Bailey,True,organization_admin,3.0,False,,2024-04-04 03:44:54
U3170Z,ethompson,amy62@example.org,ne*aIFEpyY#2,Laura,Middleton,True,user_professional,,False,,2024-01-04 11:09:29
P3170F,younglogan,ilee@example.net,e44T90We(3pU,Tony,Morse,False,system_admin,,False,,2024-06-20 06:58:36
U3171C,tmartin,coxjeffrey@example.org,9q_eWSuG%iMX,Jessica,Rich,False,organization_member,63.0,True,Violation of terms of service,2024-01-24 00:52:06
P3171Q,michaelgreen,michelle84@example.org,h@F2bLbhPr&z,Samuel,Gilbert,True,nacb_staff,20.0,False,,2024-06-12 21:43:56
U3172J,marvin28,sonya66@example.net,re1t6H6#j%04,Gregory,Moran,False,nacb_staff,97.0,False,,2024-03-06 15:09:06
P3172G,jason70,lopezmatthew@example.org,tZ&X@9UhSqq&,Larry,Johnson,False,nacb_admin,4.0,False,,2024-01-17 07:23:43
U3173L,cdavis,jobrien@example.com,_7UUx5U(4glA,Michael,Chen,True,user_professional,18.0,False,,2024-04-07 14:32:42
P3173Y,pvargas,lewispeter@example.net,C@45hCBAg5RP,Paul,Miller,True,user_professional,,True,Security policy violation,2024-07-14 09:19:57
U3174G,amyhill,antoniowhitaker@example.net,@4T9BuoLB36D,Nancy,Cantu,True,user_professional,80.0,False,,2024-06-06 03:24:32
P3174E,denisechavez,patrickwalker@example.com,@Q4Ug30Jz7ye,Jose,Landry,True,user_professional,55.0,False,,2024-06-13 03:37:54
U3175U,sean38,amanda86@example.com,7X1#K&cT8fwB,Carlos,Tucker,True,nacb_staff,66.0,False,,2024-02-01 18:51:01
P3175X,simmonshannah,qday@example.net,ZSF8cyxh+FlV,Paula,Zimmerman,True,nacb_staff,90.0,False,,2024-06-06 16:12:48
U3176H,moralessharon,karenwells@example.com,(8KocHie+$DA,Adam,Castillo,False,user_professional,24.0,True,Multiple failed login attempts,2024-04-01 21:52:15
P3176Q,lmason,leonardtara@example.com,vcT@bBRM@5Al,Ryan,Patel,False,organization_member,89.0,True,Unauthorized access attempts,2024-06-01 21:01:35
U3177E,michael78,james09@example.org,Z(j8nEnPm!5x,Teresa,Harper,False,organization_admin,90.0,True,Misrepresentation of identity,2024-02-10 15:13:35
P3177H,tspears,milesmaria@example.com,^gJl^9OsRLpo,Todd,Martin,True,organization_member,15.0,True,Breaching confidentiality agreements,2024-01-08 08:05:11
U3178H,amandawilliams,fcook@example.com,zh59RDvDE$yN,Renee,Potts,True,nacb_staff,,False,,2024-01-22 11:23:47
P3178G,aaron08,rday@example.org,U)9MvGrbZH0%,Douglas,Morton,False,nacb_staff,,False,,2024-04-18 22:50:08
U3179R,colemanpam,jtorres@example.com,+K93M(PdnNEN,Stacy,Mathis,True,system_admin,,False,,2024-02-11 23:41:39
P3179D,smithalbert,mariabarton@example.com,TVNy*0Me&9AW,Shelby,Gray,True,nacb_staff,49.0,False,,2024-03-02 11:21:23
U3180T,patriciacastro,ryanlane@example.net,KQ&lwwDWh^2J,Christopher,Johnson,True,organization_member,,False,,2024-01-30 21:44:16
P3180R,ggarcia,amy53@example.net,a1Nb83TxdsD#,Nicole,Robertson,True,user_professional,,False,,2024-02-15 07:11:34
U3181Y,andrewmurray,kimberly05@example.com,1MYOogND(X2u,Tammy,Ward,False,user_professional,2.0,False,,2024-06-20 09:03:41
P3181G,barbarapratt,suzannesanchez@example.com,!R4KHBqz!a2F,Sherry,Brennan,True,nacb_admin,12.0,False,,2024-03-11 01:50:44
U3182N,orussell,xfox@example.org,BCF*#zk2^06c,Rachel,Grimes,True,nacb_admin,,False,,2024-04-09 19:07:32
P3182N,millermarissa,gregory82@example.com,z%SvPFb0!6rp,David,Kim,True,user_professional,,False,,2024-01-14 03:24:29
U3183R,egonzalez,alexandra68@example.net,c0xRL(ac&swD,Megan,Morgan,False,organization_member,,False,,2024-06-02 20:23:00
P3183Z,zunigaandrea,barnettdaniel@example.org,k)I#+Dsfni9Z,Lee,Taylor,True,nacb_admin,68.0,False,,2024-05-01 19:39:51
U3184Y,hernandezamanda,randerson@example.org,yXH1Pmv@i@(X,Diana,Kennedy,True,nacb_staff,,False,,2024-02-24 02:15:03
P3184P,nathaniel78,jsmith@example.org,&!0EeZKQwjLQ,Travis,Williams,False,nacb_admin,,True,Unauthorized access attempts,2024-06-20 17:55:52
U3185K,petersonmichael,robert66@example.org,()Yl5ENao)F&,Monica,Gonzalez,False,organization_member,,True,Security policy violation,2024-03-07 01:35:37
P3185G,jefferyweiss,julie18@example.org,@9sp^XRh8dgI,Robin,Alvarado,True,user_professional,77.0,False,,2024-07-03 21:54:23
U3186A,iwright,todd95@example.com,cvcL1ywSE%9h,Kurt,Perry,False,organization_member,,False,,2024-02-25 15:19:00
P3186Z,kimberly68,thomaslutz@example.org,)Z$HHgVrwR77,Bruce,Walker,False,nacb_staff,83.0,False,,2024-07-04 05:31:18
U3187D,ericrios,ewingisaiah@example.net,&6IPg1QDwv39,Rachel,Thomas,True,organization_admin,44.0,False,,2024-02-17 09:15:31
P3187E,flopez,vyang@example.org,@ID3wd8$w4rJ,Gregory,Sanders,False,organization_member,62.0,False,,2024-05-06 18:25:35
U3188J,roger39,christina69@example.net,38lb$XKp$h+n,Dennis,Clark,True,nacb_admin,,True,Security policy violation,2024-03-09 15:46:04
P3188Q,mccalljohn,chad37@example.net,(T7KSfN)cel8,Pamela,Williams,False,organization_admin,92.0,False,,2024-02-03 03:31:39
U3189Y,qward,kkeller@example.org,_H9%^mOjZ0JN,Laura,Vincent,False,user_professional,,False,,2024-03-02 21:45:48
P3189G,rodriguezlisa,justin71@example.org,E(fETAPd$6Ku,Jennifer,Nichols,False,organization_member,,False,,2024-07-08 13:32:52
U3190O,brenda32,thomasmarie@example.net,*HF*9Obp(z31,Cheyenne,Perry,False,organization_member,,False,,2024-05-19 08:55:45
P3190S,joseph96,bradybrandon@example.org,%bRlvHM1VP9#,Robin,Jenkins,False,user_professional,,False,,2024-04-27 18:42:16
U3191A,reedtheresa,erinryan@example.com,43Y_^UPjHh1o,Eric,Pierce,True,nacb_staff,,False,,2024-02-04 16:27:25
P3191E,davisteresa,kimcrystal@example.org,5Q*@rQHrk9f3,Keith,Myers,False,nacb_admin,,False,,2024-05-04 06:43:21
U3192L,pmorgan,molson@example.net,yC10i7k2+)CA,Stephanie,Ryan,True,user_professional,,False,,2024-04-15 17:09:18
P3192R,ghernandez,thaynes@example.net,CO4Mz8lm^PCE,Kayla,Rice,False,user_professional,,False,,2024-03-05 03:18:01
U3193N,denniskevin,gloverchristopher@example.net,O+54BGLnp+xs,Vincent,Jones,False,user_professional,,False,,2024-07-18 12:29:54
P3193B,evansmark,urogers@example.org,Wr7Q+*m&3_JO,Terri,Kelley,True,nacb_staff,48.0,False,,2024-05-08 02:04:41
U3194M,isolis,ewilliams@example.org,6H+FIAbid&1d,Sarah,Wilson,False,user_professional,,False,,2024-06-24 18:53:34
P3194N,hugheseric,eric18@example.net,l&3S&YSjrqR6,Adam,Holden,False,user_professional,,True,Suspicious activity detected,2024-02-01 07:35:15
U3195U,laurahammond,kevingaines@example.com,^$hqxI8ls2oH,Kaitlyn,Miller,False,organization_admin,77.0,False,,2024-02-20 06:31:02
P3195G,christopher50,kristenclarke@example.org,_Ug($Yda74GZ,Linda,Stevens,True,organization_admin,36.0,True,Misrepresentation of identity,2024-05-08 16:57:00
U3196M,kjackson,margarethoward@example.com,_0(dTTPt%0$X,Amanda,Mitchell,False,nacb_admin,,False,,2024-07-23 09:47:54
P3196R,rroach,lwalker@example.org,(g$4Tw(v3d+n,Angela,Burke,False,user_professional,,False,,2024-02-22 05:18:59
U3197L,fbowman,tmcdonald@example.org,F6(+Uqv#Q@gK,Brianna,Christensen,False,organization_member,88.0,False,,2024-05-12 01:09:10
P3197S,daniel81,kentdavenport@example.net,_h+h1QCu#))e,Kara,Adams,False,organization_member,22.0,False,,2024-04-27 06:58:18
U3198T,gonzalezkevin,reedmary@example.org,kD6WoxU&u%LJ,Sandra,Nelson,True,organization_member,,False,,2024-04-11 06:40:17
P3198K,swatts,ltran@example.com,rJ+NN$ad#0^C,Brittany,Smith,False,nacb_admin,43.0,False,,2024-03-26 14:53:10
U3199N,hthompson,igibson@example.org,x%9a&t$vpOZ8,Tyler,Weber,False,organization_admin,,False,,2024-01-07 20:22:33
P3199P,goldensean,mary48@example.net,0o5)5YsdFsXK,Frank,Wright,True,nacb_staff,,False,,2024-03-05 06:55:30
U3200T,ddiaz,ysnyder@example.org,AV5e4#7t9@$A,Brittany,Bowers,True,user_professional,72.0,False,,2024-05-17 06:50:33
P3200E,lindsayleonard,brittany20@example.org,9Zp4Hd#)!nT5,Suzanne,Young,False,organization_member,,False,,2024-05-25 06:45:44
U3201V,yboyd,benjaminschroeder@example.com,^F2WiHZ)X(^B,Marc,Warren,True,user_professional,42.0,False,,2024-01-11 19:44:22
P3201W,cathy46,briannamiller@example.net,ELP@E1Zd7!R6,Leslie,Gonzalez,False,organization_member,34.0,True,Multiple failed login attempts,2024-03-22 20:07:13
U3202X,yhopkins,cynthia89@example.org,9u1VZwKuFn&$,Pamela,Sloan,True,user_professional,,True,Harassment of other users,2024-01-09 09:23:49
P3202O,joshua99,stacey46@example.net,t$K^YguG2X6%,Lee,Pena,True,organization_member,,False,,2024-05-13 05:01:52
U3203H,melissahaney,rebeccazamora@example.org,N*&M+7FdwjSW,Felicia,Mccarty,True,nacb_staff,86.0,False,,2024-03-30 11:05:21
P3203X,raymondrandy,tburns@example.org,+F#&eppKL6hU,Derrick,Mcgee,True,user_professional,81.0,False,,2024-01-28 12:15:47
U3204B,stanley26,carpentercaleb@example.com,R$Hfxobt&h9*,Elizabeth,James,False,organization_member,,False,,2024-02-07 17:19:14
P3204S,david27,youngjennifer@example.org,#2e(*LNf5hoY,Wendy,Wyatt,False,nacb_staff,,False,,2024-02-08 17:33:53
U3205V,kelleychris,amanda39@example.net,&YmhgO%!$6Z!,Bianca,Ford,True,organization_admin,,False,,2024-03-17 05:41:55
P3205H,zbush,kim91@example.org,O%5Ypq7ujhCh,Meagan,Taylor,False,organization_admin,96.0,False,,2024-04-13 05:21:25
U3206K,pjoseph,charlesgraves@example.org,^xdNs*%h0L6n,Stanley,Andrews,True,nacb_admin,,False,,2024-04-23 11:25:52
P3206Z,stevenholland,richardmoran@example.net,l0593fQuAi(t,Keith,Francis,False,user_professional,61.0,False,,2024-01-08 22:50:02
U3207T,alex94,khill@example.org,)+7UekuIOc+J,Carlos,Scott,False,organization_member,,False,,2024-01-11 20:48:30
P3207Q,craigweaver,woodsteven@example.net,^2s9V__f%f4#,Christopher,Mcfarland,True,user_professional,,False,,2024-03-10 16:54:43
U3208T,sarahrich,clarkchristian@example.com,+i6qJz#p)*24,Austin,Evans,False,user_professional,,False,,2024-03-23 14:30:25
P3208N,pennylove,ylevine@example.net,PIO1bL#qr$s!,Cynthia,Collins,True,organization_member,,True,Account reported by multiple users,2024-06-21 06:06:36
U3209U,jonesdeborah,samuel53@example.com,QwX2CIky%Q6F,Raven,Mendoza,False,organization_admin,39.0,False,,2024-04-28 09:02:34
P3209M,rogerduarte,kelli57@example.com,_2uMTjTk4pl#,Victoria,Yates,False,nacb_staff,,False,,2024-01-25 02:30:29
U3210A,josephbennett,christopheradams@example.org,YKu@S^gg%2SL,Willie,Hernandez,False,nacb_staff,38.0,False,,2024-03-16 05:23:40
P3210K,ericgordon,cindymckay@example.com,r!_l7Z#c)tQ),Emma,Cox,False,organization_admin,73.0,False,,2024-07-21 07:34:19
U3211G,lgriffin,riddlecrystal@example.org,X)rO6BCmzV1Y,Theresa,Riggs,False,user_professional,,False,,2024-01-21 13:59:31
P3211N,baileydeborah,jeff23@example.org,U+X2kf4$ce2j,Angela,Oneill,True,nacb_admin,,False,,2024-04-29 14:07:56
U3212X,lynchlisa,gabrielmorris@example.com,vx0(Ood8u2Qk,Bradley,Sanchez,True,user_professional,,False,,2024-02-09 01:55:17
P3212K,christophercallahan,wilsonjessica@example.net,+i8TGaCm&he0,Sean,Mckenzie,True,organization_member,68.0,False,,2024-07-05 15:44:11
U3213F,victoria37,browntracy@example.org,_4JWCb5h*mhN,Natalie,Madden,False,nacb_admin,,False,,2024-04-26 13:35:45
P3213X,shellystewart,johnsondarlene@example.org,e5WIpiZ*)(q(,Catherine,Lopez,False,organization_member,,False,,2024-01-19 00:16:27
U3214G,derrick24,haydenkrystal@example.com,^X8bWnOw#PK@,Patricia,Powers,False,organization_admin,26.0,False,,2024-06-15 19:49:59
P3214D,hfreeman,ryanellis@example.org,_2Tez^G4jP)G,Tina,Hickman,False,user_professional,8.0,False,,2024-04-05 19:38:16
U3215E,hubbardcarol,richmondmario@example.org,Hk6X#TaG+8Ep,Erin,Jones,True,organization_member,,False,,2024-07-09 20:52:47
P3215M,timothy44,kathleenstafford@example.org,BY%bLmoUuzl1,Deborah,Rodriguez,True,nacb_admin,88.0,False,,2024-02-13 01:29:57
U3216U,murphymike,mmarshall@example.org,bHu7L)eDl#(R,Michelle,Calderon,False,user_professional,,False,,2024-07-04 22:32:30
P3216S,natashabryan,ghunter@example.net,YDT1Ripst&qC,Elizabeth,Glover,True,organization_member,85.0,True,Inappropriate content posted,2024-03-08 15:27:09
U3217Q,morrisbrett,tarapetersen@example.org,XB8km3ndQ(Dt,Matthew,Jordan,True,organization_member,21.0,True,Security policy violation,2024-02-08 00:31:39
P3217H,amendoza,fwheeler@example.com,P)a4PCMviXry,Hannah,Ramirez,True,organization_member,,False,,2024-02-27 20:31:53
U3218D,erin76,monicaturner@example.net,h&Dbz#PV)$2Z,Heather,Johnson,False,user_professional,,False,,2024-06-12 09:58:11
P3218P,kgraham,jessica95@example.com,8E+TM^xV)zfF,Danielle,Davidson,True,nacb_staff,,False,,2024-06-15 08:32:50
U3219T,rodriguezpatricia,uanderson@example.com,!c9RgvzwgHJx,Megan,Smith,True,user_professional,,False,,2024-07-02 23:18:22
P3219G,laurariley,travissexton@example.net,mO@1ZKDxm*fp,Isaiah,Yoder,False,user_professional,,False,,2024-07-10 19:44:17
U3220Z,kristie17,prestonphillip@example.net,%5bCno&tnIzN,William,Chase,True,nacb_staff,,False,,2024-05-16 20:16:52
P3220E,bobbyperez,carolynwood@example.net,Y4kEep5joup(,Christy,Shah,True,organization_member,,False,,2024-04-27 01:56:15
U3221E,bryantmichael,housejames@example.net,vL04ReGgDv^x,George,Luna,False,organization_admin,,False,,2024-02-18 04:48:42
P3221S,ashley63,ccollins@example.com,1!pAtw1!^l#H,Elizabeth,Anderson,False,nacb_staff,,False,,2024-02-17 19:18:24
U3222W,justinwashington,mcdonaldcynthia@example.com,$#u2T3EqMB8m,Elizabeth,Wright,True,nacb_staff,29.0,False,,2024-05-10 19:01:31
P3222H,millsbrendan,krystal65@example.org,#V(BaU#sA4mi,Nicole,Mcgee,False,nacb_admin,,True,Breaching confidentiality agreements,2024-07-09 11:33:46
U3223U,knoxstephanie,castillorichard@example.com,%&0DNNJe*i14,Chelsea,Fuentes,True,user_professional,,False,,2024-01-22 01:38:14
P3223M,bradleyjeffrey,patelgary@example.net,#oMULjAL_C1Y,Jeffrey,Haynes,False,user_professional,,False,,2024-03-15 18:12:11
U3224V,kimberlykennedy,erik63@example.org,*q$MEnc3cXS6,Joshua,Richardson,False,user_professional,8.0,False,,2024-06-10 00:22:18
P3224J,erinsteele,bradleyphelps@example.org,g)9iSOl!vY$R,Bruce,Krause,False,organization_admin,,False,,2024-01-07 21:39:27
U3225S,riverskimberly,rodneywilliamson@example.net,s#V^ZsPvp#6),Angela,Sanders,True,organization_member,,False,,2024-02-15 07:09:42
P3225F,rlowery,hortonkatherine@example.com,qp9Icu$Oo%me,Sara,Castillo,True,system_admin,,False,,2024-03-16 23:06:09
U3226G,russellkaren,charlotte66@example.net,J+G6*RbKeCcZ,Mark,Lewis,True,organization_admin,46.0,False,,2024-03-29 08:27:16
P3226L,nicole99,alicia26@example.com,)sY)Aj#Z8_(M,Christopher,Buckley,True,organization_member,,False,,2024-06-28 07:31:37
U3227C,hollandnatasha,manuelduran@example.net,4+hY_C*jc*26,Robert,Mckenzie,True,nacb_staff,15.0,False,,2024-03-17 13:49:35
P3227X,shelbyanderson,robertsveronica@example.com,Aa(tZOmR&gu8,Christopher,Perry,True,organization_admin,,False,,2024-06-25 01:10:21
U3228M,hwatson,juliangarcia@example.com,adJKl$1t)3Cd,Micheal,Jones,True,user_professional,,True,Non-payment of subscription fees,2024-07-04 07:01:09
P3228M,krystal87,thomas52@example.net,#n$W4Z%a4)je,Kathleen,Conley,False,user_professional,,False,,2024-01-28 19:56:23
U3229N,johnromero,sandersronald@example.org,^10wDbFmyz9z,Michael,Wilson,False,organization_member,84.0,True,Security policy violation,2024-04-16 08:59:02
P3229M,charris,vsmith@example.org,E_Za9q_C@3A3,Nicole,Martinez,True,user_professional,,False,,2024-02-11 20:09:18
U3230G,yodertroy,justinadams@example.org,dK7ROrHK#(fs,Lisa,Clayton,True,organization_member,64.0,False,,2024-04-11 01:56:07
P3230M,davidcruz,diana29@example.org,G97nA#WM)iqP,Andrea,Howard,True,nacb_staff,71.0,False,,2024-01-09 17:35:29
U3231U,jermainesmith,ericcunningham@example.com,!0q@ifal4cxO,Vanessa,English,False,user_professional,29.0,False,,2024-04-14 20:56:43
P3231G,mark48,zflores@example.com,c0gC+gA)^2Z),Rachel,Mcclain,False,organization_member,99.0,False,,2024-03-06 02:24:35
U3232I,itrevino,kprice@example.org,*@R3O4WfHl8V,Michael,Hall,True,organization_member,98.0,False,,2024-07-23 01:41:17
P3232L,melissa15,christopherlopez@example.org,@27NxBb#VVDT,Brian,Moore,True,organization_member,25.0,False,,2024-02-14 02:44:19
U3233G,lawrencemedina,calvinmacdonald@example.com,%#2+PFgs^*DR,Terri,Shaw,True,user_professional,,False,,2024-05-26 10:36:41
P3233Y,uking,tracy69@example.org,$lvQON3t60Ly,Ronald,Allen,True,user_professional,96.0,False,,2024-07-01 19:35:14
U3234D,aaron49,qwilliams@example.com,@y0D8jLwBRm2,Scott,Clark,False,nacb_admin,95.0,False,,2024-06-15 23:27:55
P3234N,michelle03,andreagomez@example.com,hce+VP)gCc16,Grace,Brooks,True,user_professional,,False,,2024-04-01 03:21:04
U3235Z,johnsonmadison,thomas91@example.org,uy5*UkJ$^gbD,Rodney,Grant,True,organization_admin,,False,,2024-05-14 19:18:47
P3235Y,mitchellquinn,pvalentine@example.com,(3#wBLtyDh3o,Sherry,Benson,False,organization_member,68.0,False,,2024-06-20 13:46:56
U3236W,juliawhite,qball@example.net,h2c_WAblD246,Stephen,Grant,True,nacb_staff,,False,,2024-06-09 16:29:16
P3236G,cooklinda,jessicamartinez@example.com,m&3xHn6)h_&n,Brandi,Phillips,False,nacb_staff,22.0,False,,2024-01-02 17:27:38
U3237N,kara49,brownjonathan@example.org,$4ljJHBvllRw,Melissa,Taylor,False,nacb_admin,68.0,False,,2024-03-29 07:27:23
P3237E,jlindsey,ekim@example.org,w7LH*sxr!C65,Christina,Hall,False,organization_member,,False,,2024-02-11 01:35:43
U3238N,jill29,donald96@example.com,E)dM0QxYyI9e,Alexandra,Parker,True,user_professional,,False,,2024-02-27 13:33:09
P3238B,brogers,barkerbrad@example.net,f$8JfD&vi6Tu,Larry,Nicholson,False,organization_admin,28.0,False,,2024-07-09 13:46:51
U3239F,kathleenthompson,karen26@example.com,F)(1P4bM#)uF,Patricia,Booth,False,organization_admin,,False,,2024-07-17 22:49:49
P3239L,sherrymartinez,thompsonbrittany@example.net,69*1YmuJ7U9n,Sarah,Hanson,False,organization_admin,,False,,2024-06-27 12:26:45
U3240V,brewerdavid,josephherrera@example.com,c&EaGeexvn1y,Lisa,Nelson,True,organization_member,,False,,2024-05-11 16:00:49
P3240C,shawnlove,nguyentiffany@example.net,ilftUGrK$0QS,Cody,Williamson,False,user_professional,,False,,2024-01-29 22:01:35
U3241S,chrishansen,ajones@example.org,5X!CWq0h)n#F,David,Curry,False,nacb_admin,,False,,2024-02-12 02:18:29
P3241U,durankristen,browntiffany@example.com,^E%9LaUu^x8(,Jonathan,Krueger,True,system_admin,91.0,False,,2024-05-16 12:13:35
U3242J,richard82,christian06@example.org,$0C!ueXrlSUX,Michael,Tyler,True,organization_member,54.0,False,,2024-06-30 01:19:51
P3242O,qbaker,vgregory@example.net,$mgOFQtyufD2,Melissa,Butler,False,organization_member,63.0,False,,2024-06-08 21:13:45
U3243F,jason90,william14@example.com,_tXvr!PzzQN1,Michael,Mcmillan,True,organization_admin,,False,,2024-01-16 01:29:00
P3243Z,markhuang,rochadustin@example.com,+3KfIACaOvsL,Steven,Bennett,False,organization_member,,False,,2024-04-29 15:22:30
U3244Y,fbrown,ricky74@example.net,#GWKiRic_a5(,Brian,Dixon,False,user_professional,,True,Fraudulent transactions detected,2024-01-24 09:50:41
P3244U,christianrodriguez,donnahenry@example.org,DyvuaWe1@WS2,Joshua,Barry,False,organization_member,84.0,False,,2024-03-08 17:03:07
U3245L,ntaylor,kmarshall@example.com,@tIMX4q0ll7p,Henry,Wilson,False,organization_member,,False,,2024-01-24 21:36:19
P3245P,kellymurray,ashley41@example.net,4Ty3C@ys&M)M,Joshua,Williams,True,nacb_staff,20.0,False,,2024-04-15 15:02:21
U3246H,carolyn12,leonardandrew@example.net,00IlnKsV%(gL,Sarah,Decker,False,nacb_staff,23.0,True,Multiple failed login attempts,2024-05-13 06:45:09
P3246Y,jasmine12,jasminemay@example.com,%6vFju(LUI7!,Timothy,Flores,False,nacb_admin,62.0,True,Harassment of other users,2024-02-02 19:32:35
U3247V,bsullivan,aaronsanchez@example.org,)Gyb+tNp3qfT,Wendy,Turner,False,user_professional,98.0,False,,2024-04-30 07:49:22
P3247A,keith33,sjohnson@example.com,Av7lGj@aj%_S,Eric,Johnson,True,user_professional,19.0,False,,2024-05-23 19:18:24
U3248E,sydneyrichardson,vwilliams@example.net,+r2HWq5bC@)V,Gregory,Bates,True,organization_admin,,False,,2024-02-12 03:43:13
P3248B,zchurch,jordansheri@example.com,OprZ2*8S(3xS,Andrew,Burton,False,organization_admin,13.0,True,Suspicious activity detected,2024-02-22 16:25:48
U3249X,nanderson,teresamiller@example.org,D*LFsIHkTk0^,Mitchell,Rodriguez,False,organization_member,87.0,False,,2024-05-20 19:17:40
P3249I,lisarobertson,edwardsanders@example.org,)MN0Ax@A&urC,Diana,Townsend,True,organization_member,1.0,False,,2024-01-10 03:01:23
U3250J,swillis,samanthahenry@example.net,j7TzOF#v*@QZ,Samuel,Valencia,True,user_professional,80.0,False,,2024-04-09 20:58:57
P3250E,patricia89,whitebrooke@example.net,!JZAQBuj$c4E,Kevin,Davis,False,nacb_admin,53.0,False,,2024-06-25 14:28:09
U3251Q,hannah85,royholland@example.org,O7WZzPcHaB$a,Crystal,Bauer,False,user_professional,,False,,2024-03-02 09:03:43
P3251H,hprice,scotthines@example.com,+95lZj6w+iGh,Ian,Hall,False,organization_admin,25.0,False,,2024-03-17 22:13:40
U3252I,sford,sherrybarnes@example.org,s+4RB6rGKh1y,Christina,Roy,False,user_professional,,False,,2024-07-14 05:02:15
P3252S,lisakaiser,gnorton@example.org,EwT7DOyob#Mw,Brian,Roth,True,organization_member,,False,,2024-06-11 09:52:48
U3253D,rcarroll,jessica06@example.com,czmFhP_t%37),Renee,Cervantes,True,user_professional,44.0,False,,2024-06-11 07:18:21
P3253P,cruzrobert,abigail25@example.net,+F$pQXsd)D@7,Brian,Diaz,True,organization_member,66.0,False,,2024-07-17 23:31:31
U3254B,lschultz,linda74@example.org,^eNgij_a9AZj,Marc,Santos,False,organization_member,,False,,2024-02-16 09:23:08
P3254F,mdorsey,kevin87@example.net,1#up7Xx_yfO),Jason,Alexander,False,organization_member,,False,,2024-02-26 17:16:54
U3255W,toddmoore,ronnie33@example.org,9%1!$S(r!cIY,James,Bell,True,organization_admin,10.0,False,,2024-01-22 09:22:48
P3255C,hhines,thomas96@example.com,)Q0qH4imIZ)_,Sandra,Oliver,True,organization_member,,False,,2024-06-28 14:24:02
U3256C,fpatton,ruthmcintyre@example.org,r^h%WnIh9g1+,Daniel,Davis,True,user_professional,,False,,2024-01-07 18:54:24
P3256P,billy23,thompsoncaitlin@example.net,2xE2kWBs#J#0,Jennifer,Fowler,False,user_professional,32.0,True,Misrepresentation of identity,2024-06-21 12:15:06
U3257S,brownaustin,huntjennifer@example.net,))yeFKtpo784,Hailey,Allen,False,organization_admin,,False,,2024-03-15 18:45:13
P3257D,mathewnoble,shannon36@example.org,#91FTe8J@cs&,Claire,Riley,False,organization_member,69.0,False,,2024-05-22 21:18:46
U3258J,parkerleah,kimberly26@example.net,Kcu5SqJ5c20$,Emily,Anderson,False,user_professional,,False,,2024-02-16 02:17:23
P3258O,jason65,danielle88@example.net,_st_L_p!^&2o,Anita,Hinton,False,user_professional,,False,,2024-01-20 01:08:58
U3259Q,rhodesglenda,blopez@example.org,&45)sGCi%Ui1,Joseph,Harris,True,organization_member,,False,,2024-01-15 09:06:37
P3259W,freemanjohn,danielavila@example.com,xl#ZyGU^R_05,William,Wilson,False,nacb_staff,,False,,2024-04-20 09:38:18
U3260M,ryankelly,daniel39@example.org,cn9BHgFS8&cb,Robert,Day,False,organization_member,,False,,2024-02-28 21:50:55
P3260F,carteranthony,justinhawkins@example.org,PzB9dLKS)_7!,William,Deleon,False,organization_admin,90.0,False,,2024-03-15 01:23:16
U3261V,emmacross,jeffrey20@example.net,uI2@FCfyi%wZ,Catherine,Roberson,True,organization_member,46.0,False,,2024-03-29 15:11:13
P3261G,jonesjerome,chris05@example.com,U)70CIvefQ6g,Daniel,Cox,False,user_professional,,False,,2024-05-11 10:26:55
U3262F,stacyhunter,tasha48@example.org,9yVwvc#gKW(+,Amber,Rangel,True,organization_member,,False,,2024-01-31 10:11:51
P3262X,johnrodriguez,jacksonjoshua@example.net,&DCLd9gv!w0w,Samuel,Schwartz,False,organization_member,,False,,2024-07-23 21:25:43
U3263G,paula96,rossspencer@example.net,i4ZdPkCB%9iC,Terri,Wood,False,nacb_admin,79.0,False,,2024-07-23 09:49:09
P3263R,jacobbutler,megan25@example.net,vcrSOn(d^*7U,Tiffany,Soto,True,organization_member,,False,,2024-07-17 00:08:10
U3264V,scottgreen,donna80@example.net,(NF31poE@5Y%,Eric,Bird,True,organization_member,,False,,2024-04-14 14:05:46
P3264U,mjones,ywhite@example.net,%@0iAYKycWQV,Aaron,Castro,True,organization_member,,False,,2024-06-22 01:40:33
U3265F,jwall,shane34@example.net,71ORi0mV)G05,Michael,White,True,organization_member,75.0,False,,2024-07-18 17:10:44
P3265Z,jonathanharris,gsims@example.com,Y44f#rOv+E5J,Fernando,Smith,False,system_admin,,True,Use of prohibited software or bots,2024-06-11 23:31:10
U3266N,kevin58,jacksonadam@example.com,2g3*CGeF($BG,Jillian,Garner,True,user_professional,65.0,False,,2024-02-16 05:59:13
P3266S,maureenwells,stokeselizabeth@example.com,*8rkGQqUYfq(,Jennifer,Jackson,False,user_professional,,False,,2024-07-14 19:17:56
U3267G,heathersmith,brandibonilla@example.org,DSm#M2Hi9GX4,Amanda,Holmes,True,nacb_admin,,False,,2024-05-19 15:10:27
P3267K,stacey08,pearsoncaroline@example.net,c@730TvpZLTX,Robert,Martin,False,organization_member,,False,,2024-03-25 17:57:54
U3268A,wendytaylor,fscott@example.net,@Z4$kyQ(P#$Z,Donald,Jones,False,organization_member,4.0,False,,2024-07-06 21:10:43
P3268Y,gsimon,scott30@example.net,Rs4$y_lV+4PA,Jason,Mccarthy,False,organization_admin,85.0,False,,2024-01-30 18:43:49
U3269D,beth98,adamjohnson@example.com,W@#fT9uiUZ@4,Mark,Lutz,False,user_professional,52.0,False,,2024-04-30 03:06:40
P3269X,brownmegan,xacosta@example.net,%V&42IRzQX!g,Sean,Smith,True,user_professional,,False,,2024-02-26 10:53:02
U3270B,wilcoxsusan,moorekristin@example.org,_)9IFhtMYARQ,Kenneth,Taylor,False,nacb_admin,43.0,False,,2024-02-10 21:06:47
P3270E,williamthomas,christina97@example.org,YrO&1YB(R_#W,Jesus,Young,True,system_admin,,False,,2024-06-02 09:38:25
U3271D,ykennedy,rlove@example.org,(j9NbRr15MkU,Sara,Kelly,False,nacb_admin,80.0,False,,2024-02-11 00:22:29
P3271G,melissa47,merrittsamantha@example.com,j!4V4Kro%!7T,Donna,Hernandez,False,user_professional,,False,,2024-05-27 09:11:59
U3272A,briantaylor,tracy13@example.net,8j#RYN_raw9v,Ann,Phillips,True,organization_member,37.0,False,,2024-03-03 03:30:03
P3272T,scottray,barbaraleon@example.org,P3PVMs+e8+1$,Isaac,Burnett,False,system_admin,,True,Breaching confidentiality agreements,2024-01-01 02:48:17
U3273K,rlong,davidmyers@example.com,Q6JVR^pv%TA9,Veronica,Beard,False,nacb_staff,,False,,2024-07-15 20:57:25
P3273H,hectormoore,chavezdaniel@example.net,F)7eoGu%cfbV,Jon,Madden,False,user_professional,25.0,True,Misrepresentation of identity,2024-04-30 23:39:44
U3274H,odavenport,david64@example.com,zL2UeFES*^P$,Joshua,Mosley,False,nacb_admin,76.0,False,,2024-01-01 02:16:24
P3274C,vsmith,kristina76@example.com,)_6vIy4UY&*6,Robert,Young,False,nacb_staff,23.0,False,,2024-06-24 02:26:11
U3275G,mnguyen,danielcook@example.net,bq3$frPH$!VE,Andrew,Valenzuela,True,nacb_staff,12.0,False,,2024-01-09 09:08:03
P3275R,mosstodd,toddkrista@example.net,r@kMiq)g5b8N,Brian,Simon,False,nacb_staff,57.0,False,,2024-04-06 20:54:46
U3276I,jhuffman,beckerbrian@example.org,I)K@3LmBX)_4,Kelly,May,True,organization_member,14.0,False,,2024-01-08 11:39:00
P3276V,shelleylopez,mmanning@example.com,M&u!m#Zop5Wv,Sherri,Benson,True,nacb_admin,,False,,2024-03-16 18:14:07
U3277L,michael53,sallen@example.org,Q#)Q5BjS46e6,Natasha,Martinez,True,user_professional,44.0,False,,2024-01-25 10:17:20
P3277G,obennett,bautistabarbara@example.net,2_ODh!Rr+!78,Rebecca,Crawford,True,nacb_staff,,False,,2024-01-15 02:26:06
U3278C,unichols,amygarcia@example.org,P*&vfDdQt10l,Nathan,Ferguson,True,user_professional,26.0,False,,2024-05-14 20:13:28
P3278D,matthewroberson,unelson@example.org,F0bfnuBL78N(,Kevin,Shelton,False,nacb_staff,,False,,2024-06-13 15:21:27
U3279E,wadams,hallmanuel@example.org,ducFUuL5^#9M,John,White,False,organization_member,81.0,False,,2024-04-05 19:28:07
P3279Y,stephaniereynolds,susan25@example.net,*e2CN&s(sz8W,Olivia,Smith,True,user_professional,82.0,False,,2024-03-25 00:01:00
U3280X,matthew09,jphillips@example.org,2+!7kFz2q+#x,Alison,Johnson,False,organization_member,,True,Non-payment of subscription fees,2024-02-07 10:30:13
P3280J,ronaldmartinez,scott75@example.net,m#VzeSPjXY5),Nicole,Lopez,True,organization_member,,False,,2024-05-27 16:42:59
U3281U,joshua60,leahhobbs@example.com,0jQ4f9Su(a_$,Patricia,Erickson,True,nacb_admin,,False,,2024-04-06 04:45:47
P3281H,sgarcia,juliecruz@example.com,4cD^@qtGwM6Q,Hannah,Lynn,False,nacb_admin,42.0,True,Security policy violation,2024-04-15 05:54:03
U3282B,churchalex,johnjohnson@example.org,_l0BMMQgI(TJ,Janet,Jefferson,False,organization_admin,,False,,2024-04-08 00:42:01
P3282A,goodsharon,eesparza@example.net,R9UaY#cW*!4b,Oscar,Jordan,False,organization_member,71.0,True,Inappropriate content posted,2024-03-31 17:44:46
U3283L,thomasking,harrisbobby@example.com,_krOZv9^d2yH,Derrick,Turner,False,user_professional,,False,,2024-03-01 08:49:28
P3283V,uadkins,sharpbenjamin@example.net,@Z0NaMfBkH%N,Bradley,Harrell,True,nacb_staff,71.0,False,,2024-01-28 04:36:40
U3284K,susan61,thomasamber@example.org,gYM3Oezkq%S5,Melissa,Coleman,False,organization_member,75.0,False,,2024-06-20 20:33:35
P3284M,drodriguez,henryschmitt@example.net,uG5dhkt*&_%S,Amanda,Mckee,True,organization_member,51.0,False,,2024-01-18 16:27:05
U3285C,lisa92,jonathanspencer@example.net,$g@fM#$sL)07,Wendy,Summers,True,user_professional,,False,,2024-02-01 08:45:20
P3285F,iknox,tom62@example.org,E4Y%_qBZ)xIz,Laura,Fox,False,user_professional,,False,,2024-04-03 04:44:48
U3286G,mcohen,lorijohnson@example.net,w3s#aKXu$SHL,Jessica,Brown,False,nacb_admin,,False,,2024-05-02 19:32:43
P3286H,james91,lori56@example.com,_5dLRSg7FU4y,Gary,Martinez,False,organization_member,35.0,False,,2024-04-14 08:27:18
U3287W,victor06,herrerajeffrey@example.net,QNvRtJUzb#4r,Jacob,Green,True,nacb_staff,,False,,2024-01-30 11:40:25
P3287O,aliciatrevino,glenngarcia@example.org,&5Ft#e#x)0eW,James,Gonzalez,False,user_professional,58.0,False,,2024-01-30 08:52:26
U3288X,thomasleah,rogersjoseph@example.net,_*v23)gH0_6Y,Jared,Garcia,True,organization_member,,False,,2024-01-26 01:32:01
P3288M,estesdeborah,ronnie02@example.com,Zx*DjBwl_7WN,Michelle,Richardson,True,nacb_staff,,False,,2024-01-04 13:34:37
U3289D,katherine18,cherylsmith@example.org,$241IfnwQXWw,Matthew,Duran,False,user_professional,66.0,False,,2024-02-04 13:10:10
P3289R,rodriguezkatherine,ronnie88@example.org,CN&wZzGwK+1I,Eric,Singh,True,user_professional,,False,,2024-07-07 07:29:04
U3290V,juarezcassandra,amy64@example.org,tK1FGr(H_@HL,Allison,Davis,False,user_professional,53.0,False,,2024-05-13 09:02:33
P3290J,owilson,dixonemily@example.com,$3e8xzlr%TcF,Daniel,Hughes,True,organization_member,72.0,False,,2024-03-13 01:40:29
U3291E,christopherthomas,manuel56@example.com,h)4HWlwf42H@,Chris,Mitchell,False,nacb_staff,,False,,2024-02-20 01:45:47
P3291N,briansantiago,davidfowler@example.com,AJ@6SyAitHJJ,Kimberly,Schwartz,True,user_professional,5.0,False,,2024-01-31 16:37:45
U3292V,rhall,fdaniel@example.net,k^kG_S3_laz0,Scott,Martin,True,user_professional,56.0,False,,2024-04-23 14:24:58
P3292J,ymcguire,jessica12@example.org,D&0P9yWdai2d,Allison,Benton,False,organization_member,97.0,False,,2024-02-21 08:59:42
U3293F,kathleengreene,fwarren@example.net,@uM4CLgshfcu,Kyle,Torres,False,user_professional,1.0,False,,2024-02-20 10:08:00
P3293Z,dawn56,ajames@example.com,e973Bt)X_Egi,Daniel,Gray,False,organization_admin,12.0,False,,2024-05-10 10:00:20
U3294I,devoncruz,kimberlyduncan@example.net,!p7Qg8c8v^0C,Denise,Patel,True,user_professional,,False,,2024-03-10 22:19:12
P3294D,zellis,cindy03@example.com,Xu(C_Zox+4VJ,Kimberly,Mcmahon,True,user_professional,76.0,False,,2024-04-16 01:32:32
U3295S,howardmcclure,ledwards@example.org,9573enp8!z%G,William,Powers,False,user_professional,,False,,2024-05-19 21:26:19
P3295X,warnerchris,hoffmansean@example.org,^VF1_%q%@0c!,Jeremy,Mosley,False,organization_admin,10.0,False,,2024-06-30 12:44:10
U3296O,kevin49,aramirez@example.org,@RHBNi!Fxs3m,Kimberly,Roberts,False,organization_member,,False,,2024-07-09 00:51:12
P3296R,elizabethbutler,kingmegan@example.org,@sz2ntUo4LFm,Megan,Brock,True,user_professional,,True,Violation of terms of service,2024-03-10 11:00:46
U3297Y,gregoryadams,robertburns@example.net,$UOrw5LzS*5U,Shane,Poole,True,organization_member,66.0,False,,2024-03-02 12:00:58
P3297B,mckinneydennis,mario96@example.org,y@3N+zMy5zSY,Stacy,Bonilla,False,organization_member,,False,,2024-02-06 05:31:20
U3298Y,blanchardamy,brownalex@example.com,(V9NNsGvvuDm,Russell,Wilkins,True,organization_member,,False,,2024-04-20 20:55:13
P3298A,wilcoxrichard,jeffrey11@example.com,OvFEQYCRZ)0a,Kathryn,Mcguire,True,organization_member,,False,,2024-01-12 03:45:05
U3299I,lewisandrew,jsutton@example.com,kn2UIR7l^s&#,Jennifer,White,False,nacb_admin,51.0,False,,2024-05-08 10:55:03
P3299J,alexa11,jmurphy@example.net,oVLmZ#vNt%4P,Kevin,Macdonald,True,organization_member,52.0,False,,2024-05-04 20:08:26
U3300W,jeremy65,eobrien@example.com,_Pxy8BVyW0q6,Rickey,Mcclure,False,nacb_admin,71.0,False,,2024-05-22 14:44:12
P3300B,cynthia09,john73@example.com,&ISqAi)TL89x,Brandy,Brooks,True,organization_admin,,False,,2024-05-09 15:34:37
U3301G,ebarrett,sherryneal@example.net,_i8E!9gxI&QT,Kimberly,Tyler,False,organization_member,,False,,2024-07-01 10:25:36
P3301Z,jacob58,mary99@example.net,X_l4Uzk7)^7E,Candace,Woods,True,organization_member,23.0,False,,2024-02-16 09:50:07
U3302O,elijahburke,wellsaaron@example.com,!+8Vx(qY34VD,Brett,Ray,False,nacb_staff,62.0,False,,2024-02-18 02:58:35
P3302Z,hamptonelizabeth,jholland@example.net,+lkGVsWuJ19R,Nathaniel,Morton,True,user_professional,79.0,False,,2024-05-10 13:10:18
U3303O,allenchristopher,katrina68@example.com,$3DhDQcV#zh#,Lindsay,Smith,True,nacb_admin,,False,,2024-06-14 06:37:38
P3303X,omccullough,nmartin@example.org,%DBAmR)c8_J8,Claudia,Leon,True,user_professional,41.0,False,,2024-06-04 05:32:42
U3304A,yellis,ryan17@example.org,$T@8SrcxCsQS,Laura,Gibbs,False,user_professional,5.0,False,,2024-04-14 04:53:53
P3304Q,wmorgan,williamruiz@example.com,%uceI35p99Zw,Alexander,Curry,False,user_professional,,False,,2024-07-17 23:28:02
U3305F,andrewrichardson,edward65@example.com,_0(_cFPq!KZ&,Kimberly,Jensen,True,nacb_admin,,False,,2024-01-24 04:43:34
P3305P,jbaker,patrick19@example.com,_wz8TMJd4XLx,Lisa,Perry,True,nacb_staff,,False,,2024-01-17 02:08:47
U3306J,charlesfuller,nwalton@example.com,ZH884feyvPB&,Michelle,West,True,organization_member,91.0,False,,2024-06-01 12:10:09
P3306I,ienglish,watsonandrea@example.com,_5tB5Zk7^ibp,Vanessa,Giles,True,organization_admin,38.0,False,,2024-04-04 22:22:13
U3307W,randy27,brittanysingh@example.com,&%4gQspS&2Un,Joseph,Hurst,False,nacb_staff,,False,,2024-06-10 18:27:30
P3307K,ronaldholder,james44@example.com,Cn0$ChZ(beF4,Amy,Bell,True,organization_member,25.0,False,,2024-04-22 06:40:48
U3308F,ashley45,pattersondiana@example.com,lCQt)uMj)6GT,Jennifer,Butler,False,user_professional,9.0,False,,2024-06-04 21:35:17
P3308X,berryelizabeth,fosteramanda@example.org,bNgbKGm9!%68,Michael,Norris,False,user_professional,12.0,False,,2024-06-29 04:50:00
U3309E,lisa34,sharon86@example.org,00%t+Y_t#*BR,Willie,Scott,True,organization_member,48.0,False,,2024-05-01 22:43:35
P3309U,leeelizabeth,jjones@example.net,mBI_8j6w&5DQ,Scott,Henson,True,user_professional,8.0,True,Security policy violation,2024-04-03 18:25:58
U3310Y,stephensdiane,whitematthew@example.org,H^@CCofhP&0R,Brenda,Mcintosh,False,nacb_staff,,False,,2024-07-09 04:17:39
P3310W,jamesperez,ulewis@example.net,oKo#_k*YK0mY,Kayla,Ward,True,organization_member,,False,,2024-03-02 07:52:42
U3311S,sara91,michael88@example.com,ry7PfPyTtW1!,Christopher,Mejia,True,organization_member,,False,,2024-03-09 23:54:33
P3311R,mark97,bethdunn@example.com,Ug_fK3EjIlhG,David,Garcia,True,user_professional,,False,,2024-02-08 04:55:25
U3312G,rkelley,antonio76@example.org,#6Lu#f9n)u_Z,Walter,White,True,nacb_admin,,False,,2024-03-08 15:46:53
P3312M,christopher62,rodriguezmaurice@example.net,#8PyDF)eA@ec,Robert,Smith,True,user_professional,,False,,2024-07-21 13:12:52
U3313Q,claudiajones,carolyn47@example.net,b)6*AspaJfVX,Randy,Bennett,False,user_professional,59.0,False,,2024-03-06 12:08:29
P3313F,craigsimpson,timothy17@example.com,nZ86Ira7tqi),Brittany,Gray,True,organization_member,,False,,2024-07-11 05:38:50
U3314M,zcalderon,teresadavis@example.net,6SSAtDnyx^9B,David,Simmons,False,organization_member,,False,,2024-03-02 18:00:33
P3314R,kjones,christinarobinson@example.net,CC7)9jk_$B^R,Judy,Clayton,True,system_admin,,False,,2024-06-20 00:06:48
U3315O,sandra83,vaughandavid@example.net,$9Y_xz!)b8z!,Debra,Campbell,False,organization_member,,False,,2024-04-29 01:11:57
P3315V,wilcoxmark,arthurzimmerman@example.org,I#@XWtcYe&@0,Sara,Norton,True,user_professional,,True,Security policy violation,2024-07-04 23:53:34
U3316X,mccoyneil,robert13@example.net,*o_3*2Oi#@4Z,Antonio,Klein,True,user_professional,57.0,False,,2024-03-03 09:49:13
P3316P,donna89,clarkmichael@example.org,Y@f(RMGeK^V6,Andrea,Nguyen,False,nacb_staff,56.0,False,,2024-01-04 06:09:36
U3317J,manncourtney,mcdanieljerry@example.com,xexQ7UjC&T4#,Brittany,Stein,False,nacb_admin,,False,,2024-04-18 07:36:29
P3317U,goodmantimothy,millermariah@example.com,5n^gR%jd%0GG,Joyce,Patel,True,user_professional,60.0,False,,2024-01-17 10:06:52
U3318C,christina25,sarah22@example.net,#7IGrw$UYaIF,Stefanie,Morales,True,organization_member,81.0,True,Security policy violation,2024-04-17 22:05:52
P3318L,gomezbrian,murraymarie@example.org,x+mLmOay*Bj2,Anthony,Small,True,nacb_staff,26.0,False,,2024-02-04 00:41:18
U3319I,jamesdouglas,edward09@example.com,W2#fl(TN)tJK,Justin,Brown,True,organization_member,66.0,True,Misrepresentation of identity,2024-02-17 03:27:36
P3319B,robertlee,webbdonald@example.net,6x@dFx1i(od%,Pamela,Copeland,True,user_professional,,True,Non-compliance with community guidelines,2024-07-07 22:27:43
U3320X,frank21,robertsjohn@example.org,D3^8FFxYG)A2,Logan,Williams,True,organization_admin,,True,Harassment of other users,2024-05-27 05:30:23
P3320B,wbeasley,kimberly55@example.net,y4x_ZDnxe_o6,Dana,Rodriguez,False,nacb_staff,,False,,2024-06-25 23:11:03
U3321Q,michaeltaylor,lmoore@example.net,m5HvGIWyt6(K,Rebecca,Reid,False,system_admin,86.0,False,,2024-05-10 04:21:18
P3321W,olsonscott,zacharyknight@example.com,%9BtKbFzqBB0,Dawn,Gonzalez,True,organization_member,53.0,True,Harassment of other users,2024-05-23 19:23:19
U3322G,jesse17,haley15@example.com,r@5AIIz85yU&,Brenda,Atkins,True,user_professional,,False,,2024-04-20 08:21:21
P3322V,jessica18,nschultz@example.net,k0uWe40Am3b%,Sarah,Clark,True,user_professional,37.0,False,,2024-04-29 01:14:20
U3323Z,annalewis,whodges@example.org,yD_cHgOf@X6I,Shannon,Wilson,True,user_professional,,False,,2024-02-18 17:25:29
P3323T,cory91,kimberlygarza@example.net,(WXhUA*O*002,Jonathan,Collins,True,nacb_staff,,True,Misrepresentation of identity,2024-06-08 07:19:26
U3324E,ryanlucas,lisamarshall@example.org,JYCupcSW#G40,Christine,Diaz,True,organization_member,,False,,2024-02-06 23:38:19
P3324K,trujillokatherine,tinajones@example.com,(8A+c^ul3pTo,Kelly,Reynolds,True,user_professional,39.0,False,,2024-06-11 19:27:04
U3325R,wlambert,diane52@example.net,+fxJZRSc%NZ2,Andrea,Graham,False,organization_member,100.0,False,,2024-05-20 05:35:37
P3325R,qthomas,katherinecurry@example.net,UBB(e1LuY+zx,Keith,Johnson,True,organization_member,,False,,2024-04-14 19:55:19
U3326O,lcollins,qking@example.com,#$IlQ%(xsx0E,Keith,Jordan,True,nacb_staff,,False,,2024-04-04 21:36:40
P3326J,kirkbrandon,morganlori@example.org,eRpgGnuw)#E2,Lisa,Bell,True,nacb_admin,,False,,2024-03-04 07:35:55
U3327I,morrismark,timothyknight@example.org,szIWr(5#$87a,Renee,Cruz,False,nacb_staff,12.0,True,Multiple failed login attempts,2024-06-22 10:14:17
P3327E,butlerdustin,danielsleah@example.com,nn(9WgBowteE,Brendan,Smith,True,nacb_staff,51.0,True,Suspicious activity detected,2024-06-14 17:51:30
U3328B,samueljohnson,harrisamy@example.net,c8)49u_d#N5T,Crystal,Hull,True,organization_admin,97.0,False,,2024-07-21 20:50:24
P3328V,tford,shannonphilip@example.com,*N6fXBmRvW)V,Jamie,Lutz,True,organization_member,74.0,False,,2024-03-16 06:52:17
U3329L,nathanielharper,sharon58@example.com,7K6Z4IxE#PjK,Zachary,Brown,False,nacb_staff,83.0,False,,2024-02-28 18:33:06
P3329J,vickie12,ebrown@example.net,+yKRFgJui!89,Jason,Johnston,True,nacb_admin,24.0,True,Account reported by multiple users,2024-03-09 02:16:31
U3330X,hayesbrandon,ztorres@example.com,E*n0MIyuuO+_,Keith,Stewart,False,user_professional,59.0,False,,2024-02-03 16:20:15
P3330Q,fferguson,williamsjason@example.net,A^w!PccW0T0u,Travis,Myers,True,user_professional,,False,,2024-01-24 12:09:22
U3331Z,kaylafowler,ryan78@example.com,AV0xOLpfN+rr,James,Robertson,False,organization_admin,10.0,False,,2024-05-22 08:32:14
P3331L,amanda50,michael66@example.org,6bFXJ@Lb+3cV,Susan,Taylor,False,nacb_staff,,False,,2024-01-22 16:58:22
U3332Y,larryzavala,obrooks@example.net,X$3_DFlDja6a,Emily,Burke,False,nacb_staff,,False,,2024-03-01 18:30:00
P3332Z,bryce78,saramiller@example.org,ITq^&Wz(K+42,Melissa,Craig,False,organization_member,,False,,2024-04-22 08:39:16
U3333H,ahanna,brian66@example.com,r8h7NN3u^2D8,Michelle,Alvarez,True,organization_member,,False,,2024-07-07 05:18:33
P3333S,ryanallen,karenrodriguez@example.org,&6e(jKwtbFNd,Scott,Bass,False,user_professional,,True,Inappropriate content posted,2024-01-08 04:06:43
U3334A,randy59,dstephens@example.com,xKUkjc3W#j9P,Adrian,Scott,True,organization_member,90.0,True,Account reported by multiple users,2024-06-09 06:57:13
P3334X,ianmoreno,vickiejackson@example.net,#m@kbiuVX09J,Madison,Reilly,False,user_professional,,False,,2024-01-15 09:17:21
U3335J,gonzalezmary,michaelramirez@example.com,X!MI!0Zr5gJh,Mary,Novak,True,organization_admin,,False,,2024-03-01 16:34:52
P3335K,ryan64,johndalton@example.net,&9iJhjkwF5zB,Joseph,Blake,True,nacb_staff,43.0,False,,2024-04-08 15:36:18
U3336X,laurenanthony,freytracy@example.org,Z0+e^)9WpeC),Lisa,Moss,False,user_professional,66.0,False,,2024-05-19 04:07:24
P3336R,townsendheather,erincowan@example.com,#3Df8frkLphl,Samantha,Boyer,True,user_professional,,False,,2024-04-20 18:54:21
U3337I,ithomas,braundiana@example.org,Z7D+6e6PO5yM,Daniel,Briggs,True,organization_admin,,False,,2024-02-07 11:50:43
P3337J,brandon78,perezamanda@example.com,Os^9UyRy1b6q,Michael,Griffin,True,user_professional,,False,,2024-04-27 02:40:15
U3338P,hoopermichael,michelledavidson@example.com,hmZD!7tr(6@G,Karen,Ferguson,False,organization_member,57.0,False,,2024-02-11 10:32:10
P3338Y,marissaponce,jsparks@example.net,48fTwFKb(WEQ,Paula,Reyes,False,user_professional,25.0,False,,2024-06-30 05:15:24
U3339O,howelljulia,kwallace@example.net,0!3&GylRw6)M,Joshua,Jones,False,nacb_staff,66.0,False,,2024-06-01 15:03:37
P3339S,holly45,ashlee06@example.net,9uN1S56%&iIK,George,Johnson,True,user_professional,,False,,2024-02-19 22:06:46
U3340V,wortiz,pamelalowe@example.net,OgiCQBuyg+u7,Lisa,Espinoza,True,user_professional,19.0,False,,2024-04-28 23:08:33
P3340M,william54,pconner@example.org,_iIqjYoxA7tk,Deborah,Parker,False,organization_member,81.0,False,,2024-05-25 04:28:04
U3341V,garrisonjustin,daniel02@example.org,IO0YRQuYs*3A,Jeffrey,Gordon,False,organization_member,53.0,False,,2024-02-17 21:56:35
P3341A,elizabeth00,xrichmond@example.org,_eID0z(z2j5j,Mark,Keller,False,organization_member,43.0,False,,2024-03-03 04:10:49
U3342W,nguyensamuel,williamssherri@example.com,!7sYnyI2j3Y_,Jeffrey,Pitts,False,organization_admin,35.0,False,,2024-03-09 02:23:13
P3342D,gerald76,qcoleman@example.org,e&#Tk9$taP4V,Jennifer,Clarke,False,user_professional,60.0,False,,2024-05-26 15:47:10
U3343I,karensmith,cliffordmiller@example.com,%9jEVb1u!iJ0,Gregory,Boone,True,organization_member,,False,,2024-01-28 18:43:05
P3343M,edoyle,cindy32@example.org,%uownMjSs4C@,Shelly,Haley,True,organization_member,63.0,False,,2024-04-29 09:41:59
U3344B,leslie57,martinwilliam@example.com,3ST#6k0u%Oby,Mary,Ferguson,True,user_professional,67.0,False,,2024-03-17 02:08:22
P3344A,robertmayer,nelsonholly@example.net,&y*mKI2zin0H,Eric,Nguyen,True,user_professional,36.0,True,Harassment of other users,2024-07-14 10:45:21
U3345Z,hernandezthomas,moorejoseph@example.net,Uyg_&D&n#5fU,Scott,Bullock,True,organization_member,18.0,False,,2024-05-22 01:38:05
P3345X,brittanyferrell,ohernandez@example.net,$0Sf@ipl!8dz,Kathleen,Jenkins,False,organization_member,1.0,False,,2024-02-06 13:44:35
U3346J,jennifer80,madeline32@example.org,y!#Gwd_DaG5&,Wendy,Weaver,False,nacb_admin,74.0,False,,2024-04-02 08:49:59
P3346Y,cpena,brian60@example.org,_YG&L3EdX$8S,Gerald,Davis,False,system_admin,15.0,False,,2024-03-29 10:30:34
U3347O,ryan24,jenniferdiaz@example.net,S@2X3sUhnNoP,Randall,Harris,False,user_professional,21.0,False,,2024-06-10 04:55:49
P3347E,jeremy74,xjackson@example.com,FiDPBFb)%L&1,Stephanie,Singleton,False,nacb_staff,89.0,False,,2024-05-18 00:39:21
U3348B,justin92,bonillatracy@example.net,&3qibFHnKCG(,Bryan,Baxter,False,nacb_staff,,False,,2024-01-05 00:54:12
P3348A,leelisa,rlandry@example.net,1@8$Pvri$PK9,Gary,Espinoza,True,nacb_staff,87.0,False,,2024-05-18 11:09:07
U3349M,umurphy,loganchristopher@example.net,G(V8lV+uJnT2,Andrea,Spencer,True,user_professional,,False,,2024-07-09 05:25:30
P3349Z,anna06,sarias@example.org,nGAkLXzcU%1^,Meredith,Sanders,True,nacb_staff,,False,,2024-02-07 00:42:26
U3350W,rebecca81,cbrown@example.net,_zRrUy9$6YDK,Brittany,Thompson,False,organization_admin,47.0,False,,2024-02-25 05:31:20
P3350C,fmccarthy,amandabradley@example.org,b#zIH0hjmS_1,Kaitlyn,Acosta,True,user_professional,50.0,True,Harassment of other users,2024-02-21 06:08:11
U3351R,drivers,stephanieatkins@example.net,#67HunstSg2k,Joel,Johnson,False,system_admin,87.0,False,,2024-02-26 16:02:35
P3351A,mary78,kevin05@example.com,w5EDZatou+5j,Cheryl,Hill,True,organization_member,16.0,False,,2024-03-24 13:16:27
U3352Y,uchandler,davidschultz@example.org,DqneICwu&61q,Jonathan,Blair,False,system_admin,,True,Suspicious activity detected,2024-04-05 06:22:35
P3352Z,woodardmelanie,isaac50@example.org,4&7Ju2)qX9dg,Frances,Patel,False,user_professional,37.0,False,,2024-03-28 15:45:40
U3353Y,taylorrichard,tracy60@example.com,HLu56cDp$g^@,Heidi,Jackson,True,user_professional,65.0,True,Breaching confidentiality agreements,2024-06-08 03:06:11
P3353F,wcummings,dolson@example.net,@(#^5Exp$%6b,Kyle,Williams,False,organization_member,,False,,2024-04-15 15:34:12
U3354Q,hhorn,lisa19@example.com,w+aqJ5PZ^kc3,Jennifer,Coleman,False,organization_member,26.0,False,,2024-04-20 21:14:59
P3354E,jeffreynichols,sue96@example.org,@gh2M9re&UHQ,Michelle,Macias,True,organization_member,11.0,True,Security policy violation,2024-06-22 01:36:05
U3355C,amandamurillo,cristina97@example.net,d(&n&2Llk)hM,Daniel,Hayes,True,organization_member,,True,Security policy violation,2024-07-14 21:22:44
P3355F,acunningham,brianstephens@example.org,2rFJyOBp!rXB,James,Arnold,False,nacb_staff,64.0,False,,2024-06-28 00:02:48
U3356C,josephanderson,katherinedaniel@example.org,9(%Ho%Rp)mr$,Mary,Berg,True,organization_member,,False,,2024-03-11 19:46:12
P3356D,smithlori,heathjames@example.org,#p8YKd_j#75i,Andrew,King,True,organization_member,,False,,2024-06-29 05:35:24
U3357A,john91,jeffrey42@example.com,84&ziUyJdP1Z,Joshua,Henry,True,nacb_admin,,False,,2024-03-23 05:59:17
P3357K,kyle24,parkspaul@example.com,MDVzr4T)f8E+,Tammy,Wheeler,False,organization_member,84.0,False,,2024-05-23 21:01:43
U3358J,wallacekenneth,andrewatkins@example.net,Yj1gDtX$9&T0,Angela,Hess,True,organization_admin,84.0,False,,2024-04-22 06:05:51
P3358M,robertoreynolds,lisa19@example.org,9wcqPWez)SPd,Julie,Noble,False,user_professional,,False,,2024-05-01 04:33:43
U3359Y,hhays,briananderson@example.org,A(6FrWSh3mEj,Alexander,Bailey,False,organization_member,,False,,2024-07-19 22:14:11
P3359X,stephenperry,steve86@example.org,t1YY0WFl)1^Y,Jennifer,Goodman,False,organization_member,,False,,2024-02-14 04:34:52
U3360T,scross,pking@example.com,RVFIkEvv(0JA,Lauren,Ingram,False,nacb_staff,,False,,2024-06-09 16:36:49
P3360A,thompsonandrew,bryantjonathan@example.org,)418OGzqku&u,Matthew,Holloway,True,nacb_admin,,False,,2024-01-31 14:59:53
U3361K,wilsonjason,dominicreynolds@example.net,j%E&vjCn8prL,Adam,Bolton,True,nacb_staff,64.0,True,Inappropriate content posted,2024-05-09 19:29:14
P3361S,scottgabriel,ydennis@example.net,6E0&0+Qg)iZI,Robert,Stephens,False,organization_member,21.0,False,,2024-04-26 00:03:51
U3362B,shelley24,cphelps@example.net,@YxJh0sap0EK,Judy,Anderson,True,organization_member,69.0,False,,2024-04-24 18:27:43
P3362L,russell54,kbarber@example.net,%nIV6ZiZ$2t),James,Norris,True,organization_member,,False,,2024-06-04 11:22:02
U3363P,patrick75,hweber@example.com,U07I1bf++6LY,Wyatt,Jones,False,organization_member,97.0,True,Security policy violation,2024-04-15 08:28:49
P3363T,cynthiakim,mccormickvictoria@example.com,a*9+HEexwR!e,Jeffrey,Johnson,False,user_professional,52.0,False,,2024-05-26 18:22:40
U3364V,eringilbert,kathryndavis@example.net,d^Hp4veyqt7V,Mary,Chaney,True,organization_admin,,False,,2024-04-13 05:56:53
P3364J,daysara,joshuamontoya@example.net,1ecE(HQj_8r6,Jessica,Branch,False,nacb_admin,,False,,2024-01-06 20:15:28
U3365D,fhall,william62@example.net,x19AaJlx_2BV,Lisa,Campbell,True,nacb_staff,,False,,2024-01-30 09:25:30
P3365J,zmiller,brandonhenson@example.net,#QI+NdO)i3$q,Pamela,Estrada,False,nacb_staff,60.0,True,Violation of terms of service,2024-04-09 02:48:58
U3366V,brentrobinson,hjackson@example.org,&R7XmLcm5eCr,Angela,Burke,True,organization_member,,False,,2024-02-09 10:24:46
P3366H,browngloria,christinaevans@example.com,l&COgt%uJq2B,Karen,Cooper,False,organization_admin,15.0,False,,2024-04-15 20:38:20
U3367M,jday,lopezdaryl@example.org,qfDpnN@rX%8k,Michele,Fox,False,organization_member,36.0,False,,2024-01-13 23:41:25
P3367M,xwalter,romerosteven@example.org,81RDvNpj^1HB,David,Weaver,False,organization_member,,False,,2024-05-28 22:24:48
U3368H,lambertmegan,vallen@example.net,A0QfcYfc#1+i,Sandra,Smith,True,user_professional,75.0,False,,2024-04-20 21:59:48
P3368X,hunteralyssa,brandyreynolds@example.com,5RgTN!vr^^*2,Jonathan,Hanson,True,organization_admin,100.0,False,,2024-01-09 04:00:15
U3369Y,mitchelllarry,oanderson@example.net,D9r^gClsQ$P9,Heather,Garcia,False,user_professional,,False,,2024-03-12 18:43:38
P3369P,grossjoseph,hmelendez@example.net,+IPZ#pno@77O,Philip,Scott,False,user_professional,,False,,2024-07-13 10:13:15
U3370H,athompson,tonycopeland@example.org,#$A5XGgwVs_+,Emily,Wheeler,False,organization_member,,False,,2024-01-20 19:05:32
P3370W,smithcharles,john87@example.org,N+@2^QloSM10,Emily,Gutierrez,True,organization_member,,False,,2024-04-07 17:47:18
U3371R,qkim,murphysean@example.org,#^vNzbMvl85L,Michael,Jackson,False,user_professional,,False,,2024-04-03 01:30:23
P3371K,stacyhernandez,crystaladams@example.com,)&cTNg9Oe2Tu,Sean,Phelps,True,nacb_admin,,False,,2024-06-05 20:43:30
U3372H,lisapope,hstanley@example.net,_KUVGSd9x0(Z,Alexandra,Wiggins,False,organization_admin,,False,,2024-02-14 09:08:55
P3372M,tracywhite,amber01@example.com,C@d@Nkhd#l!9,Jimmy,Powell,False,organization_member,,False,,2024-03-27 21:06:07
U3373K,williamscody,kwheeler@example.net,*D6Q#zxG9#Bs,Joseph,Brown,False,organization_member,,False,,2024-05-05 01:51:44
P3373Z,andersonamy,donovanjay@example.com,@b53nxHD)_LJ,Hannah,Anderson,True,user_professional,44.0,False,,2024-06-17 17:02:28
U3374U,tara50,jamesserrano@example.com,Ybi3wAxK%^Al,Amy,Hayes,True,organization_member,24.0,False,,2024-02-12 19:33:55
P3374K,gabriela63,cody53@example.com,F8cLIvy9E$09,Christopher,Thompson,False,user_professional,,False,,2024-02-20 17:47:46
U3375E,manndaniel,jonathan60@example.org,kHE&&@*f(1P_,Elizabeth,Lewis,True,organization_member,,False,,2024-06-01 17:17:36
P3375X,daltonjoy,montgomeryjustin@example.net,@KPArvB_XF9#,Janet,Norris,True,user_professional,42.0,False,,2024-05-21 22:58:34
U3376Q,jjohnson,wolfejames@example.org,F##p7NsaO%lr,Tyler,Nguyen,False,system_admin,,False,,2024-04-01 21:40:00
P3376Q,jessicamorse,michaelaadams@example.com,^0FGSz+fM@i@,Robert,Hull,True,user_professional,8.0,False,,2024-06-19 03:04:15
U3377L,josephsellers,cbennett@example.org,#cQEL_Sq95&f,Darren,Robinson,True,organization_member,,False,,2024-05-08 20:46:21
P3377K,mitchell35,austinanderson@example.com,kyS+IZTcF*W3,Kenneth,Pitts,True,user_professional,2.0,False,,2024-04-02 08:54:52
U3378E,mary49,melissa75@example.net,&xRqi)vy)j3b,Suzanne,Kennedy,False,nacb_admin,,False,,2024-06-21 19:19:46
P3378C,martinmelissa,jonathan96@example.com,#rv!2Eh4!Du8,Michael,Alexander,False,system_admin,,False,,2024-03-14 07:09:00
U3379O,christinecameron,kbowman@example.net,!KSK@03L5bDr,Emma,Norman,False,user_professional,78.0,False,,2024-05-02 17:57:30
P3379R,lisacook,katherine11@example.org,_Vc$i3ReZhX*,Lori,Todd,False,organization_member,62.0,False,,2024-03-27 17:05:57
U3380Y,gutierrezkenneth,valeriealvarado@example.org,F^TdTcRvdM$7,James,Johnson,False,user_professional,,False,,2024-03-24 18:32:27
P3380N,jenkinsandrew,underwoodhaley@example.org,)xI_Zhce1Xax,Alyssa,Jackson,True,organization_member,19.0,False,,2024-04-22 15:48:03
U3381Y,duanegomez,hdunlap@example.com,_Q6J#%lecg@D,Kristin,Davis,True,user_professional,,False,,2024-05-23 06:48:00
P3381I,jacqueline49,gaineskelly@example.com,!6Mo&x3zqmfN,Kristopher,Maynard,True,organization_member,,True,Breaching confidentiality agreements,2024-06-16 20:12:21
U3382I,tsilva,johnsondanielle@example.org,*yLTQgqj7c$n,Brett,Rollins,True,user_professional,,False,,2024-06-03 10:22:10
P3382P,raymondhowell,mballard@example.org,@4KP#jVk$6O9,Gerald,Farmer,False,user_professional,88.0,False,,2024-05-02 09:53:59
U3383Q,debraroberson,jacksonmary@example.org,_$3Z+fujxukW,Kayla,Odonnell,True,organization_member,,False,,2024-06-03 15:51:13
P3383E,hancockandrew,aperez@example.org,%hQ7Xv7)MQe9,Melissa,Johnson,True,system_admin,33.0,False,,2024-03-02 12:07:11
U3384Q,cynthiastewart,devin30@example.com,#Re3)Dggd_Xe,Maria,Acosta,True,user_professional,,False,,2024-07-08 21:23:18
P3384Q,tonya40,jjones@example.com,*aN3T+Ra8ps$,Kelly,Kelly,False,nacb_staff,,False,,2024-01-28 10:31:17
U3385B,hkennedy,nlyons@example.com,)WHB3Bp%$(02,John,Hall,True,user_professional,63.0,False,,2024-07-14 19:56:27
P3385K,davidsonbrittany,jessicabarton@example.com,@nVvDv_Vg6U4,Lisa,Gonzalez,False,nacb_staff,,False,,2024-01-03 09:31:51
U3386Y,chad51,lucas00@example.net,PDKWkFb5#3JQ,Jonathon,Jackson,False,organization_member,,False,,2024-04-29 21:50:27
P3386M,annafrank,toddhill@example.net,gB%@GwczeQK5,Alyssa,Cook,True,user_professional,89.0,False,,2024-06-01 17:27:59
U3387Y,randall72,qclark@example.org,058d9tSk%$K0,David,Rodriguez,False,nacb_admin,,False,,2024-05-04 20:13:26
P3387G,jbarron,osbornbrian@example.net,%G2ObmBle2(t,William,Jones,False,organization_admin,,False,,2024-05-11 19:26:51
U3388J,brooketurner,ashley35@example.com,%3fmcoi&!eCr,John,Nelson,True,organization_member,,False,,2024-04-06 06:55:46
P3388T,smithandrew,lisalewis@example.com,l8(J3BurEN4M,Kimberly,Clark,False,organization_member,46.0,False,,2024-02-10 01:31:38
U3389F,barbarascott,joyceburgess@example.net,dsX0Wi(E*b4h,Teresa,Wagner,True,organization_member,,False,,2024-01-19 04:19:41
P3389D,jrojas,martinezlauren@example.net,K1b%JdEWI2Bx,Phillip,Gutierrez,False,organization_admin,,False,,2024-03-03 12:38:14
U3390U,wheelerelizabeth,mcguirecharles@example.org,a@jyEt@T0Es0,Harry,Hernandez,False,user_professional,,False,,2024-04-25 04:54:33
P3390C,xgibbs,daniel09@example.com,)y9K#QOly_t0,Justin,Hickman,False,nacb_admin,43.0,False,,2024-04-08 20:30:24
U3391Z,williamruiz,moneill@example.com,hKHtnH$m)F99,David,Lin,False,user_professional,75.0,False,,2024-06-14 19:17:50
P3391F,elizabeth02,aaron72@example.net,N(!(6PaazayL,Erica,Jackson,True,nacb_admin,32.0,False,,2024-06-02 16:13:16
U3392X,larry15,kaufmanstephanie@example.com,cd1Q#iPfX&wb,Noah,Preston,False,nacb_staff,,False,,2024-02-05 00:06:01
P3392T,colemansherry,gatesdiane@example.net,NFbbsq!u*9Jy,Pamela,Barker,False,user_professional,,True,Multiple failed login attempts,2024-04-18 05:59:07
U3393S,charris,emilykim@example.net,^2Yun)Nb&qX@,James,Welch,True,user_professional,,False,,2024-06-25 22:05:41
P3393L,dennis54,zkelley@example.net,WjI)Aasg$(1R,David,Robinson,True,organization_member,,False,,2024-05-23 00:20:24
U3394V,richard48,matthew45@example.org,%3@BtMfarpL),Shelly,Hernandez,True,user_professional,,True,Account reported by multiple users,2024-02-27 05:22:35
P3394Y,gwalters,brandonmason@example.net,(8yfONvk2EbK,Anita,Tate,False,organization_member,51.0,False,,2024-06-19 05:08:43
U3395N,colinmartin,nwhite@example.com,#p1)HPBsO3XC,Jennifer,Bailey,False,user_professional,,False,,2024-04-25 21:10:30
P3395Z,justinkelley,yflynn@example.net,yy8H6Vxj&0Hu,Randy,Young,True,user_professional,30.0,False,,2024-02-09 15:13:15
U3396F,john28,vmontgomery@example.com,f7Hwl0Nbn5G^,Donna,Williams,True,nacb_staff,,False,,2024-02-04 20:52:14
P3396T,robertbailey,ymyers@example.net,LS1cTMVl@jQH,Peter,Ayala,False,organization_member,87.0,False,,2024-03-26 11:06:15
U3397G,tiffany33,taylorwilliams@example.org,5a3*EefT3!FT,Tracie,Powell,False,nacb_staff,54.0,False,,2024-07-02 20:58:24
P3397E,brucepacheco,amandavaldez@example.org,0blR&1x0cp6@,Jennifer,Lam,True,organization_member,,False,,2024-04-29 09:59:36
U3398T,morsewilliam,sherrireyes@example.com,h2+^ax0y98ZI,Jason,Jennings,False,user_professional,19.0,True,Non-compliance with community guidelines,2024-05-18 14:10:12
P3398Y,knoxmatthew,pfranklin@example.com,h_J9Ylsh1wt2,Brandon,Rosales,True,nacb_staff,52.0,False,,2024-03-13 22:38:01
U3399Q,ccook,juliegriffin@example.org,*9Rr+BiY$DS_,Kaitlyn,Bell,False,organization_member,75.0,False,,2024-01-23 00:01:58
P3399Z,sherry16,barnesbruce@example.net,AMeDRi(O9$D2,Paula,Scott,False,nacb_admin,15.0,False,,2024-03-11 23:17:01
U3400U,miacooke,kyle67@example.net,tUM(18Ob(GQQ,Stephanie,Carson,True,organization_member,83.0,False,,2024-06-21 07:01:05
P3400E,allison66,williambutler@example.net,FWwj6PjVB*MT,Robert,Garrison,False,user_professional,,False,,2024-07-15 11:58:34
U3401U,carpenteramy,jon19@example.com,@N22$BgD)5(O,Rachel,Love,False,system_admin,85.0,True,Account reported by multiple users,2024-01-15 19:40:16
P3401Z,hodgespatrick,rwebb@example.org,R$+9Mvo&lFTi,Tim,Davidson,True,nacb_admin,84.0,False,,2024-04-07 11:16:15
U3402Q,john60,fernandezheather@example.com,IH4#jbTX#7Ts,Kristin,Daniel,False,organization_member,97.0,False,,2024-06-15 21:50:09
P3402W,george68,jonathan09@example.org,qEALGZtV)1Ds,John,Terry,True,organization_member,50.0,False,,2024-06-26 16:21:08
U3403Y,robertbrennan,cookgeorge@example.net,q*#prDQw1!8A,Rebecca,Woodward,False,organization_admin,,False,,2024-06-24 09:16:15
P3403B,pwilson,leondeborah@example.net,%pM2usbS1PUT,Joseph,Morton,True,user_professional,,False,,2024-05-14 17:03:55
U3404Z,leerichard,juan23@example.org,+^wYaAzWX8_d,Joseph,Bryant,False,organization_member,70.0,True,Breaching confidentiality agreements,2024-05-14 17:33:24
P3404C,david82,hzuniga@example.com,81+Oh4@Sy0_*,Alejandra,Goodman,True,organization_admin,97.0,False,,2024-03-31 08:49:38
U3405F,hurleyluke,martin77@example.com,B%7xubxYY$+N,Marie,Salas,True,organization_admin,45.0,False,,2024-05-31 01:08:11
P3405K,xstone,reginadonaldson@example.org,I@Qs9_Yn9M%B,April,Roy,False,user_professional,100.0,False,,2024-07-16 01:36:39
U3406I,james47,fcunningham@example.com,&%7yl1lvdngB,Kathleen,Reynolds,True,user_professional,,False,,2024-05-18 18:38:00
P3406Z,summer91,nicholasstone@example.com,r!zBZWW^$4IW,Patricia,Delacruz,True,organization_member,,False,,2024-04-24 01:16:43
U3407B,chelsealittle,qthomas@example.com,DdGJ$#bVn(8i,Melissa,Daniel,False,user_professional,73.0,False,,2024-01-08 01:38:35
P3407D,acostalori,butlercrystal@example.org,)85N4(i%Efh0,Donna,Gonzalez,True,nacb_staff,,False,,2024-05-07 15:49:16
U3408M,wherrera,laura43@example.org,IRW2MExjL@FD,Matthew,Patel,True,user_professional,82.0,False,,2024-01-15 08:56:36
P3408J,bowens,denise90@example.org,r3H)ZM#g!OSI,James,Lang,False,organization_member,,True,Suspicious activity detected,2024-06-18 03:39:22
U3409X,pamelahenry,yoderhunter@example.net,%WgeI(is700Q,Brenda,Bradley,False,nacb_staff,60.0,False,,2024-04-09 17:45:20
P3409Z,leonardcharles,ryanhowe@example.net,O+536UVwhWeo,Jeffrey,Wise,False,organization_member,,False,,2024-03-22 04:17:17
U3410M,david47,brandy56@example.net,cYB8A@b+4)@^,Robin,Meza,True,organization_member,63.0,False,,2024-06-09 14:39:31
P3410E,michael78,emason@example.net,*vKiok)AK14*,Kimberly,Wilson,True,organization_member,,False,,2024-04-07 17:26:37
U3411M,rachel04,brittany15@example.org,8x!3cfuV^4OF,Rodney,Bernard,True,organization_member,1.0,False,,2024-03-23 04:57:29
P3411Z,kwilliams,frank97@example.org,@(XhRUoqr024,Sarah,Keller,False,system_admin,86.0,False,,2024-05-12 03:16:49
U3412T,bonnie66,jason37@example.com,@m5gBu0vc(Ym,Amanda,Lucas,False,organization_admin,41.0,False,,2024-06-05 17:28:50
P3412E,cfrank,sharonpreston@example.org,*UKjR*yM5!*N,Maureen,Moore,False,user_professional,65.0,False,,2024-05-28 10:41:52
U3413K,sandraestrada,mstewart@example.com,0wD6BPeu#z#C,Brandon,Lindsey,False,organization_member,61.0,False,,2024-06-18 21:16:12
P3413Y,eugene49,richardkim@example.com,W4qZi7Ll+(2K,Joshua,Hunter,True,system_admin,,False,,2024-06-18 15:56:01
U3414U,dominiqueburgess,zthomas@example.org,&39QbOcr_gN$,Tonya,Martinez,False,organization_admin,25.0,False,,2024-06-19 19:29:23
P3414N,jacksonnicolas,franklinbeth@example.org,+v9lay3VEJ8J,Jessica,Bailey,False,nacb_admin,21.0,False,,2024-03-03 17:13:41
U3415W,kara83,kellystewart@example.com,&fw5marg5uCU,Joseph,Swanson,False,nacb_staff,63.0,False,,2024-01-21 12:37:57
P3415X,jennifer46,kathylarson@example.com,)w0S5VYowNbc,Kim,Burch,True,organization_member,45.0,True,Fraudulent transactions detected,2024-06-25 12:11:38
U3416N,david18,ichapman@example.net,96Yppd^s&C34,Dylan,Shelton,True,organization_member,,False,,2024-05-25 18:24:53
P3416E,xpalmer,anthonyschmidt@example.org,@6X%kHPT1Ezz,Todd,Garcia,False,user_professional,34.0,False,,2024-02-17 08:46:03
U3417E,laceypreston,angelahaynes@example.org,^9QvCK1#8*fk,Kathryn,Hernandez,False,user_professional,,False,,2024-06-25 11:04:47
P3417N,bakermichael,ggoodwin@example.com,@6%vJ+UyE5U6,John,Brown,False,user_professional,67.0,False,,2024-01-08 09:59:47
U3418B,justin45,sarah92@example.org,ulh^Sg@x#@4Y,Craig,Smith,True,user_professional,,False,,2024-07-15 23:40:47
P3418A,robertsrichard,stephaniesmith@example.com,Q^0#D+up%dRr,Elizabeth,Jones,False,user_professional,,False,,2024-04-01 12:51:57
U3419X,ohayes,jenningsmary@example.net,+9LYOBak0rP1,Raymond,Diaz,True,nacb_staff,56.0,True,Inappropriate content posted,2024-02-25 13:08:42
P3419V,wilsonwilliam,vtorres@example.net,_I3w34kF9DaS,Jamie,Blevins,True,nacb_admin,,True,Inappropriate content posted,2024-03-05 14:25:38
U3420G,jameslyons,connerjulie@example.com,0j4FZhM5o&nb,Katherine,Davis,False,user_professional,,False,,2024-01-16 13:25:47
P3420D,melissahaley,hobbsmary@example.net,2Q*ElY0w*#ao,Kendra,Jones,False,nacb_staff,,True,Account reported by multiple users,2024-02-04 22:56:08
U3421I,jeffrey31,mtapia@example.org,StSyIeAf&4TM,Brendan,Thomas,True,user_professional,57.0,True,Non-compliance with community guidelines,2024-02-17 10:22:32
P3421V,jessicamartin,ttodd@example.org,(PPp66#x4e2D,Stephen,Hart,False,organization_member,88.0,True,Violation of terms of service,2024-01-10 15:53:21
U3422V,jessedavis,vjenkins@example.org,F2$a%KR^74IH,Jack,Townsend,False,nacb_admin,7.0,False,,2024-04-05 04:14:11
P3422P,xthomas,desiree60@example.net,6M%VCggx!s1T,Frank,Perez,True,organization_member,,False,,2024-07-03 16:49:07
U3423Q,vchang,cookkelly@example.com,zx5i6ifpp)Um,William,Perez,False,user_professional,,False,,2024-07-20 07:19:57
P3423H,hadams,alan22@example.net,7R(#0RyKpGek,Jennifer,Collins,False,nacb_admin,99.0,True,Spamming or abusive behavior,2024-05-03 02:20:41
U3424U,jhill,vperry@example.com,Fx4@bvSlA+9g,Carrie,Davis,True,nacb_staff,,False,,2024-05-22 19:50:03
P3424Z,cstone,vbrooks@example.org,xS3I&7tyq_8O,Sharon,Thomas,True,organization_member,84.0,True,Account reported by multiple users,2024-05-21 04:41:29
U3425I,garrettmary,ginasmith@example.org,!Z8$RYzaI!CE,Mark,Garner,True,user_professional,,False,,2024-01-22 16:13:49
P3425W,icox,brianruiz@example.net,O^AC*4Ve&&S&,Kerri,Duffy,True,user_professional,,False,,2024-05-04 11:24:00
U3426O,alexanderrodriguez,spearsamanda@example.org,b@V7%pVlZ)4D,Anthony,Cabrera,False,nacb_staff,,False,,2024-02-15 08:28:59
P3426D,rchambers,tgallagher@example.com,Y!h2*WgTQK&X,Christopher,Gray,True,user_professional,8.0,False,,2024-05-31 13:05:53
U3427V,tmonroe,sarah42@example.org,whINd$9$@290,Chloe,White,True,organization_member,,False,,2024-02-26 21:21:32
P3427K,marnold,joneskristin@example.net,&D7rm1j!OOcX,William,Mack,False,system_admin,54.0,True,Breaching confidentiality agreements,2024-01-18 20:39:42
U3428H,calderonlisa,joseph94@example.net,ta)0LQUu9O!L,Christopher,Smith,False,organization_member,,True,Inappropriate content posted,2024-07-12 07:48:43
P3428W,debbiewalls,william80@example.org,+L2$2ETkP@&P,John,Cruz,True,nacb_staff,,False,,2024-02-08 21:20:07
U3429G,cunninghammaria,leetyler@example.org,^R@KBekEo398,Denise,Arnold,True,user_professional,,True,Unauthorized access attempts,2024-06-12 09:37:41
P3429U,grogers,jmcbride@example.net,SL$8Mft2FT8+,Destiny,Merritt,False,user_professional,89.0,False,,2024-02-28 12:57:46
U3430I,qbenson,brownaaron@example.net,S*Nzi)asWF63,Martin,Johnson,True,organization_member,,True,Security policy violation,2024-04-02 13:15:40
P3430B,jacksonedgar,butlerstanley@example.net,(KKDiTr4V0De,Guy,Gutierrez,True,nacb_staff,25.0,False,,2024-06-21 14:01:24
U3431E,dennis20,tracymoody@example.com,+c03RAiv4!)X,Rita,Hahn,False,nacb_staff,48.0,False,,2024-02-15 11:02:44
P3431Y,heidi78,cmccann@example.net,9!&5Fd$ixPJH,Tiffany,Thomas,True,nacb_staff,19.0,False,,2024-02-11 20:52:46
U3432S,hernandezelizabeth,hjones@example.org,+MVRXzP$I6%t,Rhonda,Ortega,True,nacb_staff,,False,,2024-04-10 22:01:35
P3432W,eray,rachel66@example.net,mT65CzeL0f!%,Daniel,Walker,False,user_professional,,False,,2024-02-28 01:05:21
U3433P,clopez,christinenewton@example.com,c1OB2RjK^Z$j,Courtney,Gutierrez,False,organization_admin,22.0,False,,2024-01-12 00:59:15
P3433I,theodorehicks,dawn85@example.org,uf0H@mGH$sYl,Jose,Cantu,True,user_professional,,False,,2024-01-21 12:51:08
U3434Y,burkeadam,pagejessica@example.org,#k%U3Nu50yWJ,Heather,Wilson,False,nacb_staff,62.0,False,,2024-06-07 13:22:27
P3434V,eflores,emilyphillips@example.com,K$@9BPft$Sgl,Mercedes,Chambers,False,nacb_staff,60.0,False,,2024-02-23 19:42:42
U3435E,hammondchase,ramirezshelly@example.org,n7f1cLFD_8XK,Gregory,Owen,False,user_professional,,False,,2024-03-19 07:55:31
P3435U,dave25,jorgeramirez@example.net,nGBXtLqr%yV7,James,Fuentes,False,user_professional,,False,,2024-03-17 15:00:00
U3436W,adamslouis,beth78@example.net,S9esLpk6@9X!,William,Lopez,False,organization_member,,False,,2024-05-05 13:41:06
P3436Y,jeffrey79,john12@example.com,d4)JqxtvI4Bf,Holly,Velasquez,False,user_professional,94.0,False,,2024-05-19 05:19:21
U3437T,briandavis,milleramber@example.com,_5eDhwD*x4Ci,Andrea,Jones,True,system_admin,,False,,2024-04-25 07:32:52
P3437W,erinwilliams,lclarke@example.net,Q$3x&Asn#BhV,Regina,Smith,True,organization_member,56.0,True,Non-payment of subscription fees,2024-04-02 17:07:14
U3438S,wileybrad,justin48@example.com,%86!5YEywSmn,Joann,Harris,True,system_admin,21.0,True,Breaching confidentiality agreements,2024-04-21 01:57:10
P3438J,pdaniels,williamwoods@example.net,&x242EgnsV7C,Jonathan,Elliott,False,nacb_admin,64.0,False,,2024-01-08 21:15:07
U3439C,amber09,audrey49@example.net,j3E(mtxcb6Ec,Peter,Greene,True,organization_member,,False,,2024-04-12 05:43:13
P3439G,fcooper,ryancosta@example.net,s%8%kEQ$w#UM,David,Sanchez,False,organization_member,,False,,2024-02-12 05:42:13
U3440R,snyderkelly,athomas@example.net,!3yLrDfJFrE4,Jennifer,Myers,True,user_professional,67.0,False,,2024-02-26 03:09:16
P3440T,hamiltonerica,petersonpaul@example.net,e5q)FFNj@09B,Angela,Mclaughlin,False,nacb_staff,,False,,2024-06-12 17:06:10
U3441L,john54,gmoore@example.org,UVD9EEsCKB(V,Pamela,Morgan,False,organization_member,,False,,2024-01-11 13:12:38
P3441G,websterlisa,icosta@example.com,F5@#ePgO(EGY,Jay,Juarez,True,user_professional,,True,Fraudulent transactions detected,2024-05-10 00:09:33
U3442J,edwardspaul,kevin08@example.com,@0rMMgId_7%5,Kimberly,Clark,False,organization_admin,,False,,2024-07-09 12:51:45
P3442A,bthomas,danielduran@example.net,n62SxAqwh@aG,William,Diaz,False,organization_member,17.0,False,,2024-07-10 12:04:07
U3443J,michaelestrada,royarmstrong@example.org,BlLah9kK4Fj&,Jeffrey,Knox,False,organization_member,56.0,False,,2024-06-26 15:16:58
P3443J,breanna89,timothywallace@example.com,+fOJeFf#s5wp,Gabriel,Hansen,True,organization_admin,,False,,2024-07-16 23:36:46
U3444X,gibsonalyssa,maryjones@example.com,T#E2LkLd*hWI,Terri,Thornton,False,user_professional,,False,,2024-05-23 16:41:46
P3444M,sandradiaz,mreeves@example.org,hLj3I3jW+(x*,Anthony,Davis,False,organization_admin,39.0,False,,2024-05-11 10:27:01
U3445E,estradanathan,kellysanchez@example.org,P$^8(Qkj*47W,Lawrence,Robinson,False,system_admin,,False,,2024-04-18 23:37:14
P3445M,lesliegreen,richardspaul@example.org,)14AWBLjsB&J,Charles,Lopez,False,organization_admin,,False,,2024-02-21 00:03:21
U3446O,clarkcrystal,theresa75@example.net,+WGEkAu8J9OV,Terri,Castillo,False,organization_member,,False,,2024-03-01 02:09:55
P3446L,kristenobrien,jeffrey28@example.com,0yR3@Lk6o&15,Rebecca,Rodriguez,True,organization_member,43.0,False,,2024-04-29 07:50:58
U3447Y,clee,brian50@example.net,@#MS*Hd$wQ8D,Robert,Arnold,True,organization_member,,False,,2024-01-16 08:43:14
P3447O,malonedaniel,cindy15@example.com,B@SvQ72gM47S,Kimberly,Blair,True,nacb_staff,,False,,2024-03-31 12:22:30
U3448W,davisarthur,shelby13@example.org,c3AxxIn++2hH,Vincent,Miller,True,organization_member,,False,,2024-06-11 16:53:27
P3448W,wcain,elyons@example.com,V0eIcJxd(zYP,Michelle,Raymond,True,user_professional,,False,,2024-07-21 23:13:24
U3449V,jasonunderwood,josephsalazar@example.com,)%p!2HwDn2X&,Steven,Hill,True,user_professional,61.0,False,,2024-07-04 17:29:47
P3449W,bhall,michaelreed@example.net,__kgN^GqCL3I,Christopher,Anderson,False,nacb_admin,,False,,2024-04-02 23:06:07
U3450B,janiceparker,paul01@example.com,N8!8DIm2)zn$,Matthew,Duke,False,organization_admin,,False,,2024-03-04 06:28:29
P3450V,uortega,fgarcia@example.org,BkbYTVwp+m7J,Oscar,Ponce,False,nacb_staff,,False,,2024-06-19 09:04:52
U3451M,jamiepetersen,daniellekhan@example.net,_E)g#Zfkiqj6,Megan,Jefferson,False,nacb_admin,41.0,False,,2024-05-20 21:01:56
P3451A,bradleyweaver,sabrina10@example.com,LD!UhmUq)Ai4,Amanda,Taylor,False,organization_member,,False,,2024-03-12 22:41:14
U3452A,bethanymeyer,nicholascampbell@example.net,I#1ZHTxl$+99,Tara,Harrell,True,nacb_staff,52.0,False,,2024-05-19 04:37:28
P3452O,ericwest,rachaelhuang@example.com,)^6Ak2Re_$Cw,Amber,Garner,False,organization_member,35.0,True,Inappropriate content posted,2024-02-25 23:03:20
U3453X,tphillips,jerrymoore@example.org,57Wf#fTe#u9a,Gary,Hernandez,True,nacb_admin,86.0,False,,2024-03-08 22:01:04
P3453P,timothyjimenez,zfuller@example.com,*R_@7lqx#9Ty,Tammy,Long,True,system_admin,,False,,2024-05-25 16:45:54
U3454V,ojenkins,deleonjennifer@example.org,#4@1)Jx2Y%Py,Taylor,Shields,False,user_professional,,False,,2024-03-24 18:12:05
P3454V,allen26,mklein@example.com,H+44bGHb()8L,Joseph,Adams,False,user_professional,71.0,False,,2024-04-20 23:16:08
U3455P,lbanks,carmen62@example.net,g+N3Ap$P%kVs,Ronald,Daniels,False,organization_admin,,False,,2024-05-08 17:49:03
P3455M,mayrodney,mathewbailey@example.com,7P3jEE*imq+s,Joel,Singh,False,nacb_staff,3.0,True,Multiple failed login attempts,2024-05-25 22:48:06
U3456Y,jamesrichardson,jcooper@example.org,oIXBxB)N!1gi,Dylan,Anderson,True,organization_member,11.0,True,Non-compliance with community guidelines,2024-03-11 12:57:28
P3456D,heather03,nancy02@example.com,+wuv4JsAi62),Erik,Baldwin,True,user_professional,,False,,2024-01-04 04:56:37
U3457Q,grahamtara,tford@example.com,^Ny(_#QuB0s8,Laura,Doyle,False,organization_admin,,False,,2024-03-21 01:23:10
P3457J,floresmegan,egarcia@example.net,1#64VsLkgycX,Angela,Gray,False,organization_member,61.0,True,Security policy violation,2024-06-04 19:49:06
U3458N,maxwell39,turnerkaren@example.org,1HJV589c^*O4,Kristopher,Vargas,True,user_professional,,False,,2024-01-27 08:11:34
P3458P,erikbrown,larsonstacey@example.org,gX7^FFa#9BsF,Regina,Brown,False,nacb_admin,,False,,2024-02-20 13:39:08
U3459J,donna95,jeremylogan@example.org,6Sv35Hap!PKF,Joseph,Johnson,False,organization_member,18.0,False,,2024-06-23 09:48:34
P3459Q,meghan27,burchheidi@example.com,$vvTGsUGi0WW,Kelly,Miller,False,user_professional,30.0,False,,2024-05-02 01:13:12
U3460E,jacob45,christopherhaley@example.org,%V*#e8Bl%vGw,Daniel,Smith,True,user_professional,59.0,False,,2024-07-04 07:24:09
P3460J,roberttaylor,mgibson@example.com,^I8lYUubJs%2,Ashley,Zuniga,True,nacb_admin,,False,,2024-05-27 00:53:41
U3461M,laraphilip,eddie65@example.org,+^6OPxp&+eQv,Shannon,Fritz,False,organization_member,40.0,False,,2024-02-01 15:01:10
P3461I,jacqueline44,lwallace@example.org,s+0NNxJtisDK,James,Day,True,organization_member,,True,Use of prohibited software or bots,2024-01-07 14:05:50
U3462V,eperez,kristen01@example.com,*e^afA!c@9BK,Sarah,May,False,user_professional,22.0,False,,2024-01-08 11:56:22
P3462F,wadekyle,mark03@example.org,+cmLBveX(&p8,Kyle,Wallace,False,organization_admin,37.0,False,,2024-06-16 03:26:53
U3463T,sheri04,vgonzalez@example.org,h5J2Uhp9xo&o,Natasha,Brady,True,nacb_staff,18.0,False,,2024-03-01 20:21:12
P3463A,james25,cameron97@example.org,S@VxC0UvVc!8,Lindsey,Wolfe,True,nacb_admin,,False,,2024-03-30 16:21:50
U3464U,elizabethle,johnsonedward@example.com,!wlPhnTaC5A4,Michael,Gilbert,False,organization_admin,60.0,False,,2024-01-11 16:11:05
P3464Z,cody23,leah03@example.org,vHOf8KmPw($w,Walter,Tyler,True,nacb_admin,,False,,2024-02-11 10:22:57
U3465H,mgarrett,sschneider@example.com,Mvp+FerX^%3L,Casey,Wiley,False,nacb_admin,,True,Inappropriate content posted,2024-01-19 17:35:01
P3465O,matthewhansen,kimberlylee@example.net,^6z7vUgsvpcY,Lee,Pena,True,user_professional,,False,,2024-06-24 14:37:51
U3466A,ismith,angelagilbert@example.net,L9JpOtIP#pef,Cheryl,Nguyen,False,organization_member,77.0,False,,2024-04-30 00:44:20
P3466S,jenniferguerrero,hillxavier@example.org,Ux)UHuhV+0GZ,Deborah,Bennett,False,nacb_admin,63.0,False,,2024-06-17 05:27:41
U3467J,aaronschultz,millermichael@example.org,A+4tTEMk+NBy,Rebekah,Smith,False,organization_admin,95.0,False,,2024-05-01 21:38:30
P3467M,tammyhood,terrilowe@example.com,C$1ptrJc*F@2,Kathleen,Collier,True,nacb_admin,,False,,2024-04-07 03:23:06
U3468H,kimberly54,clarkbrandon@example.net,I@SB7uKl3a*E,John,Pratt,False,nacb_staff,93.0,False,,2024-03-01 03:35:49
P3468H,coopersusan,aprilbullock@example.net,)7$igbo11EKU,Anna,Chung,False,nacb_admin,99.0,False,,2024-02-10 19:01:21
U3469N,kimberlybrock,xpope@example.com,$0v^MxN2GRAv,Kaylee,Brock,False,user_professional,,True,Account reported by multiple users,2024-01-12 10:44:49
P3469R,jamesking,davidkemp@example.com,n^2jqkdhhF$Z,Tracey,Robinson,False,user_professional,59.0,False,,2024-02-10 12:33:58
U3470D,ryangallegos,landerson@example.com,Ljk8AmtMwS^A,Joshua,Lopez,False,user_professional,,False,,2024-01-01 09:51:27
P3470J,melissamckee,martincandice@example.org,yO4CXuJZI@BQ,Amber,Christian,True,user_professional,,False,,2024-06-16 18:22:15
U3471N,robert89,nathanielscott@example.com,C^yM0Pqw!ZYZ,Christopher,Long,True,nacb_staff,7.0,False,,2024-06-20 23:09:51
P3471J,danielortiz,ilee@example.net,J7g5DRCly@@0,Robert,Spencer,True,nacb_admin,75.0,False,,2024-01-06 13:42:20
U3472X,kelli47,michael37@example.net,8VpVy#unB20_,Stacey,Barnes,True,nacb_admin,,False,,2024-06-10 12:58:06
P3472X,khutchinson,juanjones@example.net,%9*KjofFwj@y,Lisa,Ryan,True,user_professional,35.0,False,,2024-04-18 04:43:26
U3473V,shawn74,robinsonrebecca@example.net,+aRQdHsO^FZ2,Todd,Fox,False,organization_member,44.0,False,,2024-07-23 17:47:49
P3473Y,kimberly34,nsmith@example.org,pc%+WI$t6v%9,Brian,Compton,False,user_professional,,False,,2024-04-11 22:08:57
U3474C,ewilliams,valentinecrystal@example.org,j2xDUbJn#^OF,George,Schmidt,True,organization_member,,False,,2024-01-24 20:55:08
P3474R,ashleydean,david74@example.com,_3I83tr)D(fo,Gwendolyn,Macias,True,organization_admin,,False,,2024-04-26 04:23:24
U3475R,michele49,calvin63@example.org,Bcg4pDI+(^SD,Ashley,Mcguire,False,user_professional,,False,,2024-03-26 00:02:08
P3475T,alanbates,amber29@example.org,s^CJoBIao*9%,Katelyn,Cox,False,user_professional,15.0,False,,2024-06-27 14:41:21
U3476M,fmathews,aaron83@example.com,kh5Q5N+#&6KR,Thomas,Hanson,False,nacb_staff,,False,,2024-05-04 18:21:05
P3476X,alice31,stephanie44@example.com,)BD7T!Hs_MnQ,Stacy,Bird,True,nacb_admin,,False,,2024-04-27 03:11:52
U3477U,lucas40,smithvanessa@example.net,Q(u3CLLGmkTY,Kimberly,Stone,False,organization_member,17.0,False,,2024-06-19 20:47:11
P3477H,whiterebecca,rriley@example.org,*QN6MVajMB0$,Cheryl,Williams,True,user_professional,66.0,False,,2024-06-01 06:04:08
U3478T,christopherbautista,ymcpherson@example.com,!x0QiXiqR4BK,Linda,Perry,True,nacb_admin,,False,,2024-04-06 08:33:55
P3478R,michael75,paige78@example.org,pmOlrBfm%47C,Andrea,Clark,True,user_professional,,False,,2024-06-08 08:05:35
U3479Q,lyonstamara,connie60@example.net,@731V39e1CAy,Cindy,Spencer,False,organization_member,74.0,False,,2024-03-02 00:13:02
P3479P,wmorris,robertrussell@example.org,_t3Dp1bu!B2O,Karina,Bradley,False,organization_admin,,False,,2024-07-15 01:35:03
U3480G,michellekane,bakerjonathan@example.com,#!PdZSyjC119,Kevin,Cantu,False,organization_member,38.0,False,,2024-07-14 11:03:46
P3480N,jennifer48,jason55@example.com,p+3mNS!v^*Nh,Alexander,Garrison,True,organization_member,36.0,False,,2024-04-09 05:27:40
U3481P,benjaminmeadows,christopher73@example.net,B0EUq7^S%)4n,Stacy,Hood,False,user_professional,,False,,2024-03-31 17:11:38
P3481K,lisathomas,ginaknight@example.org,uUEN0im!!9Is,Joyce,Spencer,True,user_professional,64.0,False,,2024-05-14 00:19:35
U3482E,monica51,eric36@example.com,+x8NspqL$4p!,Kimberly,Clark,True,organization_admin,70.0,False,,2024-05-17 22:32:20
P3482E,christiankirby,dunnchristie@example.net,4TuG0CMn^8SW,Yolanda,Taylor,True,nacb_staff,49.0,False,,2024-01-04 22:28:52
U3483W,melissa36,ymurray@example.net,@QVjWJzi77I1,Michael,Orr,False,user_professional,,True,Violation of terms of service,2024-07-14 05:28:07
P3483N,youngkathleen,thomasmark@example.com,d0IZ1eCpk&dx,Bryan,Richard,False,nacb_staff,1.0,False,,2024-02-10 15:31:36
U3484I,marksamanda,petersenlisa@example.org,99VO5*yv!@I_,James,Black,True,nacb_staff,,False,,2024-03-10 01:28:45
P3484N,jorgehernandez,jeancastaneda@example.com,*p%KT0r!*^3B,Maria,Harris,True,organization_member,,False,,2024-05-05 11:35:14
U3485R,amcmillan,qhoward@example.net,(!GMxo#z93l#,Patricia,Atkins,False,organization_member,39.0,False,,2024-07-15 00:44:29
P3485H,samuel39,charleshowe@example.com,A1jf+muq)AF$,Jennifer,Ortiz,False,system_admin,,False,,2024-04-14 01:27:34
U3486C,umora,erica26@example.com,_IV&hXFqZS6C,Guy,Johnson,False,user_professional,83.0,False,,2024-05-29 02:51:08
P3486Y,victoriadavid,michellelewis@example.net,h$4XWlDZjAC7,Stacey,Jackson,False,organization_member,,False,,2024-02-22 11:15:19
U3487Z,sthornton,nlopez@example.org,!70#JGtiMi%E,Linda,Salazar,False,organization_member,69.0,False,,2024-02-22 07:27:24
P3487N,daniellebennett,sonya45@example.net,*hH%2#r)8PJu,Cody,Welch,True,user_professional,,False,,2024-02-22 19:28:37
U3488F,joshua68,hoodbenjamin@example.net,a6OU*BGO!sRS,Daryl,Moreno,True,user_professional,41.0,False,,2024-03-07 23:26:56
P3488F,charlesperez,anita16@example.org,+0nNMq1cs%#(,Brian,Parks,True,system_admin,,False,,2024-07-01 20:58:40
U3489M,michellejones,amandatucker@example.com,gr6LJSpt&7K3,Stephen,Ward,True,user_professional,85.0,False,,2024-02-06 23:19:23
P3489A,michaelbradshaw,gmaddox@example.net,sif7DgEloy^Z,Claudia,Randolph,False,user_professional,,False,,2024-03-02 04:41:17
U3490H,larnold,collinsjacqueline@example.net,*rV)JJc_0$Q&,Brian,Richard,False,organization_member,,False,,2024-05-07 19:09:05
P3490E,tray,stephaniepotter@example.org,mv^19Qx*^_9(,Kristen,Romero,True,user_professional,,False,,2024-05-01 19:24:46
U3491A,tflores,jjoyce@example.org,r*0T*bDecV7a,Robert,Walton,False,organization_admin,10.0,False,,2024-07-11 18:18:17
P3491P,emullins,uscott@example.com,4bcm7(VniRU),Shane,Gonzales,True,organization_member,,False,,2024-06-23 20:15:36
U3492L,ostanton,hwilliams@example.com,pYXbX5b%(#9g,Mark,Bailey,True,user_professional,,False,,2024-02-27 04:17:22
P3492H,vincent37,byrdjoshua@example.com,&X_GAe@$9F18,Paula,Patterson,True,nacb_staff,37.0,True,Suspicious activity detected,2024-03-11 03:23:18
U3493G,gjuarez,walkergabrielle@example.net,t4Y*d%^kLPkE,Jonathan,Horn,True,organization_admin,39.0,False,,2024-03-18 09:07:54
P3493J,tracy69,turnerronald@example.net,i2e^oznib6Aq,William,Barry,True,user_professional,19.0,False,,2024-06-28 13:38:56
U3494C,timothykeller,vcraig@example.org,#4Lu60CatRAG,Lisa,Walton,True,organization_admin,,False,,2024-05-12 21:29:38
P3494F,jesserodriguez,patrickjones@example.net,r#4WudbzpepR,Jonathan,Garcia,False,nacb_staff,81.0,False,,2024-04-25 13:17:01
U3495O,lawsonjacqueline,dannypowell@example.com,@D@K9_Cn9Qy5,Steven,Cline,False,nacb_staff,43.0,False,,2024-01-02 18:12:18
P3495U,cynthia67,samuel68@example.net,30!8F#Lim!JS,Alexander,Johnson,False,nacb_admin,,False,,2024-01-30 23:10:36
U3496M,dianastevens,kingnicholas@example.net,E)$FAwl)^oa0,Brian,Olsen,False,nacb_staff,15.0,False,,2024-01-05 20:20:47
P3496O,tara51,donnaking@example.com,3zbun%Kv@S1L,Theodore,Anderson,True,nacb_admin,89.0,False,,2024-01-17 23:39:57
U3497I,christopherchavez,tcrawford@example.org,^ijXG#*mo$7E,Diana,Ramirez,False,organization_member,71.0,False,,2024-04-07 05:25:29
P3497H,ewalker,deborahanderson@example.net,r49&SbcBNO!Z,Bobby,Lopez,True,organization_member,,False,,2024-03-23 03:51:43
U3498V,lgomez,atkinsheather@example.org,F!@uHpuJLz3&,Jennifer,Dean,False,organization_member,94.0,False,,2024-04-04 20:47:19
P3498P,stephenrhodes,scott89@example.com,#K@0Suu2&b0u,Michael,Smith,False,organization_member,14.0,False,,2024-05-22 13:51:05
U3499K,bethmann,shelly31@example.net,$4c5QvUjo!3u,Tabitha,Gould,True,nacb_admin,,False,,2024-06-11 08:51:27
P3499W,john94,riveratiffany@example.net,H&7XpuSOdVo+,Vanessa,Ray,True,organization_admin,,False,,2024-06-15 20:55:07
U3500N,hoffmanbrandon,higginsnicholas@example.net,)D^^2NmP6pD8,Tiffany,Miller,False,nacb_staff,,False,,2024-03-06 13:13:26
P3500K,sfowler,nmiranda@example.com,k&0M^PrjmwRE,Tanner,Welch,True,user_professional,46.0,False,,2024-06-26 02:28:43
U3501I,davidlee,courtney06@example.org,g!a10+Jmbs4G,Jacob,Gross,True,user_professional,,False,,2024-01-20 00:29:54
P3501I,alyssamatthews,guerrerosergio@example.com,x0DVc5El@UcV,Cody,Thomas,True,organization_member,56.0,False,,2024-03-03 20:27:09
U3502P,kellyrosales,annschmidt@example.net,#*QPqh+ET)2+,Mark,Dean,True,user_professional,,False,,2024-06-02 09:29:01
P3502W,johnsonemily,stephanie78@example.com,GjJ!7YXw2jc!,Maureen,Turner,True,user_professional,75.0,False,,2024-01-30 05:13:27
U3503B,julie22,veronica64@example.net,$@OQOQV&Vf73,Kyle,Rivera,True,user_professional,41.0,False,,2024-02-23 17:40:09
P3503S,johnsonthomas,jesusmullen@example.com,2sAcmc7&#iO6,Ashley,Flowers,False,nacb_admin,,False,,2024-07-02 13:14:17
U3504K,gperez,angelahoffman@example.com,_*7N2AFdwC!5,Matthew,Bell,False,nacb_staff,94.0,False,,2024-02-16 12:30:12
P3504O,juliaraymond,lauren19@example.org,_Gd3DlirQD(c,Misty,Yates,True,organization_member,65.0,False,,2024-01-16 00:56:28
U3505B,alove,audrey52@example.net,jS+7JxQxX_gy,Javier,Pearson,False,user_professional,,False,,2024-06-07 06:40:09
P3505U,redwards,elyons@example.org,DG6tKoaVs^PR,Brian,Conley,False,organization_admin,,False,,2024-06-22 12:29:34
U3506S,david98,wardmelissa@example.org,Ra+P0TCnz(Av,Jeffrey,Moss,False,user_professional,,False,,2024-02-12 11:51:15
P3506T,tsanchez,davidcrawford@example.com,ifb3CThh)6X9,Donna,Martinez,True,nacb_admin,69.0,False,,2024-04-05 22:21:23
U3507F,underwoodvictor,christopher38@example.org,72G&^kY51I(y,David,Flores,True,organization_member,45.0,False,,2024-04-24 18:55:47
P3507D,tonyandrews,steven89@example.org,ZX$dWpCSH20k,Scott,Smith,False,organization_admin,,False,,2024-07-11 05:30:12
U3508W,astanley,christopher67@example.org,q55amXeL&+Nh,Melinda,Collins,False,organization_member,,False,,2024-05-15 05:38:24
P3508W,adrian44,moorejustin@example.net,u*RT23mbim7Z,Jennifer,Meyer,True,nacb_staff,,False,,2024-03-04 20:27:20
U3509Y,kimberlylang,vanessa98@example.com,_4tE9!UcRO3y,Jessica,Brandt,False,nacb_staff,,False,,2024-01-28 13:11:58
P3509X,guerrerocatherine,singletonangela@example.net,5+!hOypI5+#7,Juan,Deleon,True,user_professional,10.0,False,,2024-03-29 11:21:23
U3510N,suzanne46,ricardo88@example.net,d*xpKC#pdyZ6,Scott,Martin,False,organization_admin,93.0,False,,2024-04-28 17:55:20
P3510L,lisa63,brittanyallen@example.org,UPzF25Oh4^Sj,Jessica,Baker,False,organization_member,,False,,2024-03-06 03:55:06
U3511H,derek41,annakelly@example.com,oG3wEz_g)UxF,Bryan,Clark,True,user_professional,,False,,2024-07-01 13:57:16
P3511H,phebert,emunoz@example.org,7E*5cEak^e^h,Donald,Collins,False,user_professional,,False,,2024-03-30 16:01:36
U3512V,crawfordsusan,ronnie44@example.org,53OUvwkd%3ow,Stephanie,Parker,False,nacb_staff,,False,,2024-06-19 17:29:22
P3512N,shelly54,hhansen@example.net,+2gnSyFgzxfl,Tyler,Smith,False,user_professional,84.0,False,,2024-03-03 14:22:36
U3513P,alexa32,elizabeth25@example.net,2QjpM#n&y)m3,Debra,Fowler,True,organization_admin,40.0,False,,2024-01-10 03:16:09
P3513W,lynnjones,carlakelly@example.com,L$7yUz^iRvu9,Heather,Harris,False,nacb_staff,12.0,False,,2024-07-14 08:43:03
U3514E,hdiaz,rthompson@example.org,WgzfS7YcL4A(,Christopher,Taylor,True,user_professional,,False,,2024-05-03 23:04:39
P3514M,jameswallace,mark09@example.org,#fvL1YTzxnx3,Alex,Brown,False,organization_member,43.0,False,,2024-05-25 17:43:21
U3515B,sydney02,vmeyer@example.org,KjKQ09Zz&8K7,Dawn,Kelley,False,organization_member,,False,,2024-07-23 08:39:38
P3515K,seanhall,taylormichael@example.org,F@3^CKtC))F5,Phillip,Hahn,False,organization_member,,False,,2024-02-27 17:31:30
U3516P,alexis98,jbecker@example.com,u1m*x$1wMSyP,Deanna,Pope,False,nacb_admin,43.0,True,Spamming or abusive behavior,2024-03-07 19:44:11
P3516Q,alexander11,michelle31@example.net,dfaN2FPB4@5c,Jasmine,Bailey,True,user_professional,,False,,2024-04-06 06:31:10
U3517A,maryjacobs,sarah22@example.com,#sNnIfj9P5X8,Emily,Dunn,False,organization_member,44.0,False,,2024-07-10 09:48:01
P3517B,weaverjared,swiggins@example.org,$8B8$pQzYjE7,Justin,Gardner,True,user_professional,85.0,False,,2024-02-10 02:47:59
U3518W,tstephens,zlucero@example.com,&!4buxY@daeX,Brian,Frank,True,organization_admin,80.0,True,Account reported by multiple users,2024-01-03 06:16:45
P3518B,dthomas,thomasjackson@example.net,a6)PIvmfJcF#,Stacy,Harris,False,nacb_staff,,False,,2024-06-27 04:09:18
U3519T,lucasapril,william72@example.com,7WLSlyTnw$6M,Lori,Grant,True,organization_member,,False,,2024-03-21 16:20:15
P3519B,michael70,qgarcia@example.com,3&muyQMz)e1W,Vanessa,Lynch,True,user_professional,,False,,2024-05-17 01:52:19
U3520Q,qmelendez,brittanysmith@example.net,+RHqOZMN&0Hq,Steven,Moore,False,user_professional,,False,,2024-01-30 19:35:44
P3520F,mcintoshkenneth,smithjessica@example.net,F&ZZ8LPP7d!5,Morgan,Hogan,False,organization_member,94.0,False,,2024-04-25 02:25:52
U3521K,stevenjones,jason91@example.com,Ybvv7Ymu%Ssj,Peter,Hill,True,organization_member,21.0,False,,2024-04-27 07:16:30
P3521A,hayden77,james13@example.org,%s*eJhLird(2,Matthew,Ruiz,True,user_professional,,False,,2024-01-19 09:11:14
U3522T,michellewilliams,nolansierra@example.net,$xOBYc@y$1I_,Travis,Spencer,False,nacb_admin,78.0,False,,2024-04-07 06:51:05
P3522C,carterjennifer,andrea90@example.org,)4BXQ&(d#+#c,Wayne,Glover,False,system_admin,,False,,2024-05-20 09:30:33
U3523G,joshua26,williamsjohnathan@example.com,4AY)JDkw_4!G,Sharon,Walker,False,nacb_staff,14.0,False,,2024-01-26 22:57:21
P3523P,denise63,rebeccaknapp@example.com,K@2J#qYaqF(z,James,Young,False,organization_member,21.0,False,,2024-07-15 15:05:44
U3524F,reneewilliamson,cooknicole@example.net,aw1JzdOt8%X0,Benjamin,Miller,False,organization_member,71.0,False,,2024-01-20 08:43:58
P3524Z,darlenebishop,anthony06@example.com,V(5JtqhqMoLL,Melissa,Thompson,False,organization_member,,False,,2024-04-12 02:18:48
U3525C,taylor46,bmoore@example.org,#2K7caem^Qul,Mark,Jackson,False,nacb_admin,3.0,False,,2024-07-05 07:27:54
P3525F,chloe04,xwalker@example.org,(eJ6BFq96qGs,James,Pierce,True,organization_member,,False,,2024-02-10 07:23:01
U3526V,strongjoshua,birdleah@example.com,C$8tDky+Ua5x,Joshua,Carter,True,user_professional,84.0,False,,2024-01-07 13:57:12
P3526S,alexis88,david33@example.org,(0oELS7IHQFg,Catherine,Moore,False,nacb_staff,86.0,True,Account reported by multiple users,2024-06-01 22:52:22
U3527U,ffuentes,dawnrosario@example.org,1B1I6lgpd_MY,Patrick,Wright,True,organization_admin,,False,,2024-05-29 00:35:29
P3527S,mrussell,john32@example.net,0$m!D8fUqwEB,Donald,Howell,False,system_admin,1.0,False,,2024-05-26 19:26:12
U3528L,christine26,nicholas59@example.com,%0(cpLcAn%vU,Victoria,Taylor,True,organization_member,,False,,2024-01-12 10:36:15
P3528O,chaneycourtney,stephenbell@example.com,WC$5H^yxr&3r,Francisco,Hoffman,False,user_professional,87.0,False,,2024-05-08 14:55:16
U3529S,devinthompson,pstone@example.com,(VnL*nNa9E7Y,Craig,Lopez,True,organization_member,,False,,2024-01-22 03:12:15
P3529T,ckelly,patrickedwards@example.org,%O0%DH_s7MJB,Debbie,Anderson,True,user_professional,,False,,2024-03-17 00:49:26
U3530G,kimberly34,valenciadeanna@example.org,C_0KW!ssLrn%,Jonathan,Owen,False,organization_admin,,False,,2024-02-02 17:33:11
P3530G,matthew54,jessica90@example.com,XamBdNb1(4U+,Alexis,Smith,True,organization_member,,False,,2024-03-20 08:21:43
U3531P,maria84,joeingram@example.org,Er9+)vH(1VMa,Anthony,Robinson,True,user_professional,,False,,2024-01-28 06:29:33
P3531L,laurengarcia,robertchavez@example.org,MguS6jz874$_,Melissa,Tapia,False,organization_member,,False,,2024-01-02 10:23:58
U3532W,josephwright,wnguyen@example.net,TpOLeTef$8Ou,Jocelyn,Wilson,True,nacb_staff,,False,,2024-07-12 02:16:28
P3532W,bpena,grayjessica@example.net,)ei^Z(iZ4wiJ,John,Gutierrez,True,user_professional,,True,Security policy violation,2024-01-14 04:52:57
U3533X,bobbyhamilton,gmartin@example.com,3Y%Q(HOkn!5_,Thomas,Smith,True,organization_member,,False,,2024-04-10 17:50:59
P3533K,samantha25,gloverkelsey@example.net,_9)8inki#!FQ,Carolyn,Miller,True,organization_member,,False,,2024-03-08 09:09:01
U3534Q,ashley17,ocarpenter@example.net,AEIqAWJj4JD#,Sarah,Young,True,user_professional,,False,,2024-05-27 14:56:34
P3534B,nschroeder,christinafloyd@example.com,Z!%tLeDPw201,Michael,Murphy,False,nacb_admin,2.0,False,,2024-06-21 04:28:05
U3535B,mayerjeffery,moorecourtney@example.org,!5#6uZd1CByV,Mariah,Villarreal,False,organization_member,50.0,False,,2024-02-23 21:58:41
P3535Z,finleyaaron,julie17@example.net,%IHiVV61F93X,Anthony,Moran,False,organization_admin,,False,,2024-01-08 04:26:45
U3536A,nathaniel30,joshuaunderwood@example.com,!6d7MG3lwtZh,Michael,Deleon,True,user_professional,47.0,False,,2024-05-04 18:22:07
P3536E,joseelliott,ylynn@example.net,rRNZ72Gr+UJ),Joseph,Morris,False,nacb_admin,27.0,False,,2024-01-26 16:29:59
U3537Z,robert19,longjames@example.org,98A&M@91#gR%,James,Diaz,False,user_professional,43.0,False,,2024-03-19 02:36:41
P3537F,cameronschmidt,rodriguezkristy@example.net,OR3@UcAhT!Qw,Felicia,Smith,False,nacb_staff,85.0,False,,2024-04-02 17:16:45
U3538H,matthew83,zjones@example.net,qpO7Byn2oUU#,Timothy,Taylor,False,user_professional,55.0,False,,2024-03-04 21:35:35
P3538D,barnettphillip,emily00@example.net,8#68PXQbB1z8,David,Lewis,False,organization_member,,False,,2024-02-25 03:54:47
U3539Y,rpotter,wsantos@example.net,MzEi)7O1a9^_,Heidi,Hill,True,nacb_staff,69.0,False,,2024-02-22 08:21:26
P3539F,reginaldcooper,tiffany70@example.net,Z^0MvS_i9K4K,Ashley,Price,False,nacb_staff,76.0,False,,2024-02-12 09:51:07
U3540N,linda54,pamelaharris@example.com,B*yVKi7*nv3C,James,Schroeder,True,nacb_admin,,False,,2024-04-23 06:17:36
P3540P,alexis86,jillhenry@example.net,&Kb1XDtIzCtX,Autumn,Scott,False,user_professional,61.0,False,,2024-03-16 01:38:34
U3541X,poconnor,hoffmanemily@example.com,X^rDnCA++0^H,Robert,Sawyer,True,nacb_admin,,False,,2024-07-03 03:45:22
P3541H,wfletcher,tina69@example.com,^2US@5tX@sDs,Kimberly,Hernandez,True,user_professional,17.0,False,,2024-02-26 06:27:02
U3542Y,samuel06,davidjuarez@example.net,M7mRGNyvF$20,Matthew,Bowen,False,organization_member,,False,,2024-05-30 16:09:10
P3542G,bairddarryl,cooksusan@example.net,1lyyOGlm(9NV,Adriana,Bradford,False,nacb_staff,,False,,2024-07-21 04:25:57
U3543R,sextonsteven,john85@example.org,Q6SAGMRu^eD),Keith,Nunez,False,organization_member,56.0,False,,2024-03-03 13:27:39
P3543K,amygraham,chris34@example.com,(Ru(gQy1B_25,Bryan,Clark,True,organization_member,35.0,False,,2024-05-17 21:39:09
U3544L,gsantiago,sharonmorales@example.org,M_IiTQYh2U+N,John,Lopez,True,user_professional,,False,,2024-01-05 06:38:10
P3544H,tracy81,wfoley@example.net,x_tb5qAzZjhm,Phillip,Lewis,True,user_professional,,False,,2024-06-02 03:29:12
U3545Q,mmcdonald,jacobwood@example.net,O%J@W7IiBLTv,Jesus,Fuentes,False,organization_member,22.0,False,,2024-01-21 19:08:00
P3545P,melissa92,sarasmith@example.com,+A0vHJUk80Al,Sarah,Lopez,False,nacb_staff,,False,,2024-06-27 15:56:27
U3546Z,hjones,rodriguezwilliam@example.com,S6&trfNx(*f3,Robert,Dickson,False,organization_member,57.0,False,,2024-04-24 17:58:09
P3546G,peckjennifer,tiffany58@example.org,n)PPu4zOgt8(,Alvin,Lynch,True,organization_admin,,True,Non-payment of subscription fees,2024-05-26 09:10:52
U3547W,erincruz,wwong@example.net,#5wnPVmb2vCy,Gregory,Stone,False,organization_member,92.0,True,Unauthorized access attempts,2024-01-30 09:15:48
P3547X,weissamy,srobinson@example.org,2&Opeeyt@)k4,Sarah,Rogers,False,organization_member,40.0,False,,2024-01-06 04:54:58
U3548G,ublack,williamschristina@example.org,@1MTlWVw&74*,Matthew,Jackson,True,system_admin,,False,,2024-04-12 03:26:42
P3548A,jacqueline50,phamdorothy@example.org,&6Aav*BnmbEb,Kimberly,Gibson,False,organization_member,23.0,False,,2024-01-12 20:47:52
U3549Y,victoria20,jwalker@example.net,HosLl4Bv4&U5,Michael,Day,True,organization_member,60.0,False,,2024-05-06 12:22:13
P3549T,curtis93,brittanyallen@example.org,5e(n3pPm@^08,Cheryl,Hunter,True,nacb_staff,,False,,2024-01-16 09:20:28
U3550T,kariclay,freyes@example.com,_$V6rzeizs5R,Johnny,Johnson,False,nacb_staff,,True,Multiple failed login attempts,2024-01-01 21:21:42
P3550U,james83,russell00@example.com,_C9ktRFJ17OP,David,Allison,True,organization_member,26.0,False,,2024-06-09 02:35:07
U3551S,shawn92,russellandrea@example.com,W3CnkEyx_tuY,Adam,Torres,False,organization_member,,False,,2024-06-04 21:00:26
P3551R,nrodriguez,katherinerobles@example.org,_y7gXgsufPbI,Sarah,Mckee,False,nacb_staff,,False,,2024-06-26 22:23:44
U3552D,maria73,katrinacampbell@example.com,Q_3+PTluGWBR,Chase,Wood,True,organization_admin,2.0,False,,2024-05-15 04:18:46
P3552D,calvinperez,sharon52@example.net,6K2WblDCSA9$,Nathan,Grant,False,nacb_admin,71.0,False,,2024-01-05 22:42:05
U3553J,madison06,teresaclark@example.net,%6&8YFgmwHl5,Juan,Graham,True,nacb_admin,25.0,False,,2024-04-10 23:19:55
P3553L,nathan17,zachary08@example.com,u_3XljVE%hbA,Jack,Miller,True,nacb_staff,,False,,2024-07-12 10:02:24
U3554Z,arroyojulie,dmanning@example.net,1X1FRBzjvU!B,Jane,Walker,False,organization_member,36.0,False,,2024-02-14 21:26:56
P3554W,wesley99,goodmanedward@example.net,j7Z6oY2R$kPf,Brian,Kennedy,False,organization_admin,58.0,False,,2024-04-03 22:30:03
U3555V,jon40,vincent74@example.org,&hJO5Ca23@F7,Debbie,Mcgee,False,organization_admin,7.0,False,,2024-07-14 13:02:50
P3555S,cassandra39,hperkins@example.com,6ETG13Rve)kj,Angela,Francis,False,nacb_staff,67.0,False,,2024-01-26 11:32:22
U3556X,ngonzalez,chadadams@example.org,eh$(pYcr4RRJ,Bianca,Young,True,organization_member,59.0,False,,2024-01-03 01:25:14
P3556P,patriciagarcia,maynardmichael@example.net,Nu0HhDyrsvJ^,Fred,Barajas,False,organization_member,30.0,False,,2024-06-29 16:43:41
U3557F,portermarisa,jacobdavis@example.net,BCk&osBnHz^5,Matthew,Nichols,True,nacb_staff,74.0,False,,2024-01-27 01:08:20
P3557L,heather44,elliottstephanie@example.org,P(9&uzeFSwfC,Richard,Wise,False,user_professional,34.0,False,,2024-02-04 04:46:43
U3558L,russoscott,calebcampbell@example.net,#caUIKaHH7C),Robert,Coleman,True,organization_member,76.0,False,,2024-03-01 22:41:56
P3558A,cynthiaerickson,annacummings@example.com,c&oKX%h^y119,Karen,Barron,True,system_admin,,False,,2024-02-19 15:10:54
U3559S,javier04,codyperez@example.com,7t1Vpz2x(!sJ,Joseph,Brown,False,nacb_admin,97.0,False,,2024-06-02 16:53:36
P3559U,william70,zdouglas@example.net,(fH!oKhL3s^j,Jessica,Jimenez,False,user_professional,,False,,2024-07-15 05:37:21
U3560U,danielle87,umartinez@example.net,L13LdHzHE%e1,Cynthia,Kane,False,user_professional,,True,Fraudulent transactions detected,2024-02-18 05:10:20
P3560Q,betty78,steven43@example.org,A9D1*HVrI+)8,Joel,Roman,True,organization_admin,43.0,False,,2024-04-15 14:47:36
U3561D,timothy67,prhodes@example.net,czxiEsiM@C02,Jessica,Cole,False,nacb_admin,9.0,False,,2024-03-28 08:15:11
P3561Z,nperez,uhowell@example.com,CX^#74Hz3(T),Lisa,Logan,False,user_professional,67.0,False,,2024-04-23 02:11:27
U3562E,jeremybarnes,sandovalmark@example.org,^!6ED(q5wBV2,Briana,Torres,True,organization_member,30.0,False,,2024-01-06 02:59:08
P3562M,teresahahn,jacksonnicholas@example.net,Mp$7TOPhQzZ7,Rebecca,Stevenson,False,nacb_staff,96.0,False,,2024-06-25 18:23:06
U3563C,gkelly,bnguyen@example.com,HyI&@oaiC8yG,Sean,Murphy,False,user_professional,3.0,False,,2024-03-04 09:59:10
P3563I,stonejason,nramirez@example.org,_4iXsGqF@^KX,Kevin,Henry,True,organization_member,,False,,2024-01-10 13:28:48
U3564D,stephen38,timothy14@example.net,_v&Vw@kH65S3,Victoria,Sanders,True,organization_member,83.0,False,,2024-02-02 21:38:37
P3564C,hayneserik,lclark@example.net,O1fZOm3%+(N0,Robert,Koch,False,user_professional,71.0,False,,2024-05-05 09:22:12
U3565J,elizabethdiaz,jholder@example.com,F6a+9PO&JvD_,Gabriel,Salazar,True,nacb_admin,,False,,2024-01-05 12:07:33
P3565G,keithcopeland,victoriawilliams@example.com,d+r*zKKgnrr2,Christina,Diaz,False,user_professional,,True,Non-payment of subscription fees,2024-06-25 19:27:58
U3566L,robinsoncharles,dwaynecook@example.org,9hpl5RWiWpJ%,Erin,Crawford,True,user_professional,,False,,2024-03-05 14:17:48
P3566T,smiller,aford@example.org,!i8^vYwU9H#h,Omar,Reed,False,nacb_staff,,False,,2024-03-16 17:30:49
U3567K,daisy14,donald97@example.net,KNA4QeGT#2rO,Anna,Santiago,True,organization_member,46.0,False,,2024-07-21 03:59:34
P3567B,woodrichard,sallen@example.org,!lT(Yvw^d8ZX,Daniel,Hansen,True,nacb_admin,,False,,2024-04-16 12:22:17
U3568T,keithwalker,tammy05@example.com,awGh9dZ(!4zQ,Emily,Newton,True,user_professional,71.0,False,,2024-04-02 12:47:56
P3568U,ronald44,colin81@example.com,R@(tCLBylU5T,Lisa,Williamson,True,nacb_admin,,False,,2024-04-13 16:48:57
U3569S,wpeterson,lauradavis@example.com,JTit91Jbm%gC,Desiree,Olson,True,user_professional,,False,,2024-05-24 23:55:13
P3569K,wayne89,brooksmatthew@example.net,$7jHP1^2Phrl,Justin,Briggs,True,nacb_admin,,False,,2024-07-04 18:27:18
U3570N,wilsonsavannah,pduffy@example.org,!i9(na6tu(2E,Andrew,Mack,True,nacb_staff,30.0,False,,2024-06-06 23:18:55
P3570J,sethjohns,dennis63@example.com,@OANxhw$b9ti,Dana,Stokes,True,user_professional,,True,Account reported by multiple users,2024-06-19 07:35:06
U3571G,otorres,dkeller@example.net,)i1XUf%pD3N$,Timothy,Robinson,False,nacb_admin,44.0,False,,2024-07-09 18:20:43
P3571X,hreyes,laura13@example.com,ceG^SwQ7A0mZ,Ruth,Wright,False,user_professional,31.0,False,,2024-05-29 13:05:53
U3572H,xkennedy,pward@example.org,4hqgwALV&anJ,Sierra,Hardy,False,nacb_staff,,False,,2024-03-14 22:08:26
P3572Y,steven03,brenda26@example.org,l1Y#oKFw*R19,Randy,Higgins,False,organization_admin,77.0,False,,2024-02-21 07:44:29
U3573F,lsmith,kzhang@example.com,$NDzW33f1ypZ,Austin,Cochran,True,nacb_staff,19.0,False,,2024-02-10 01:56:18
P3573Z,singletonstacey,evan21@example.net,2n$C3spk(+2a,Franklin,Gray,False,user_professional,,True,Suspicious activity detected,2024-04-08 00:09:53
U3574J,jennifer55,gregoryreid@example.net,QIE2o9ay&pzJ,Nancy,Patel,False,organization_member,,False,,2024-04-08 09:33:57
P3574G,melanie84,tsherman@example.com,1*3NjLCk*@Iq,Justin,Leblanc,False,system_admin,,False,,2024-01-31 09:09:54
U3575D,adrian11,mahoneybrian@example.net,%NbqXd!0!5Tr,Gerald,Rice,False,organization_member,,False,,2024-03-12 06:42:21
P3575O,khickman,pmoore@example.net,qwjAD1YcM)V!,Teresa,Fernandez,True,nacb_staff,25.0,False,,2024-05-05 15:25:22
U3576Y,kathy56,brittany84@example.net,)r5IEOr9f3Gf,Douglas,Mccarty,False,user_professional,63.0,False,,2024-01-15 14:27:20
P3576Q,mendozamatthew,uwalters@example.net,y2NOxTTr)V+i,Christina,Bowen,True,organization_member,73.0,False,,2024-03-30 03:57:02
U3577G,joneal,lauraerickson@example.net,x8UMr@x@*xSq,Carrie,Dixon,False,organization_member,53.0,False,,2024-05-26 13:28:56
P3577Z,heather30,ewillis@example.com,^&9Ra91k7T*%,Judy,Ward,True,user_professional,26.0,False,,2024-06-12 14:19:11
U3578T,veronicarussell,ryanwilliamson@example.com,(0EnvaD$45$f,Larry,Hall,False,organization_member,,False,,2024-02-28 07:46:29
P3578U,paul04,wardpaul@example.com,soWPryPL)9KJ,Martha,Lee,True,nacb_admin,,False,,2024-03-22 00:15:11
U3579X,steven18,renee04@example.org,Nxk*P5do)6Tp,Joseph,Hicks,True,organization_member,,False,,2024-03-04 17:13:54
P3579D,judy08,hendersonerin@example.net,zo9oWi&5((Bb,Rose,Mason,True,system_admin,,False,,2024-01-17 19:03:18
U3580W,pbarrett,freynolds@example.com,U3fgdEgNHdM*,Stephanie,Lee,False,nacb_staff,,False,,2024-02-16 16:26:19
P3580G,lisawilson,michael72@example.net,@9PRy7vWZoIb,Luis,Cruz,False,organization_member,24.0,True,Spamming or abusive behavior,2024-02-11 22:04:15
U3581X,ibarr,stevencook@example.org,N4ip@B9g%2XA,Jessica,Reeves,True,organization_member,30.0,False,,2024-03-06 19:16:42
P3581T,melissajohnson,lauramartinez@example.org,0892!YJrU@B!,Jaclyn,Stuart,False,user_professional,,True,Suspicious activity detected,2024-02-05 23:53:59
U3582U,dmcdonald,dwolf@example.org,lLJUC8iG*x5F,Emily,Collins,True,organization_member,,False,,2024-04-17 04:10:46
P3582X,guzmanmckenzie,matthew04@example.com,y^0LfZecSoQh,Jose,Gomez,False,user_professional,,False,,2024-03-19 16:47:23
U3583J,michaelkhan,christophersteele@example.net,IlGX9CEnmx2!,David,Jones,False,organization_admin,9.0,False,,2024-01-02 14:31:14
P3583E,mhughes,santanarobin@example.net,xFP_WtezLX9P,Mary,Cook,True,organization_member,,False,,2024-06-25 00:47:52
U3584S,hannah57,lhiggins@example.com,(DXDPVlj_1q3,Amanda,Wang,True,user_professional,,False,,2024-07-22 22:05:02
P3584O,bradleydenise,nicole41@example.org,@c1l$ELNb$Ei,Amanda,Richard,False,organization_member,,False,,2024-04-13 07:26:09
U3585G,vanessaholland,obutler@example.org,%lP982Dme8GU,Brandon,Crawford,False,organization_member,70.0,False,,2024-06-16 18:48:09
P3585F,huntsarah,isharp@example.net,V^3_Ngru_x)Q,Susan,Wiley,False,user_professional,54.0,False,,2024-05-30 14:37:07
U3586N,christine53,meghan95@example.org,4(ghHowG1oc2,Jennifer,Cruz,True,user_professional,45.0,False,,2024-02-29 04:55:41
P3586I,rachelsummers,holmespaula@example.com,cd0uxXj*I*lc,Logan,Choi,True,organization_member,,False,,2024-05-25 02:28:19
U3587Y,grant27,bdorsey@example.org,BU8Jet9q)%O#,Sandra,Ashley,False,nacb_admin,,False,,2024-02-06 16:37:49
P3587R,cory01,ellissamuel@example.org,)iXkAi2559UO,Jessica,Sanchez,False,organization_member,55.0,False,,2024-01-24 19:28:27
U3588O,matthew61,vpatterson@example.net,RL)wmgiB!1Z5,Samuel,Young,False,nacb_staff,,False,,2024-02-26 11:32:12
P3588M,qsnyder,jose08@example.net,&r$^pZc(!3xX,Daniel,Wilson,False,nacb_staff,75.0,False,,2024-05-13 12:59:14
U3589N,coreyjohnson,kathleen27@example.com,Qh0oDcea(m$0,Monica,Tyler,False,organization_admin,82.0,False,,2024-01-08 09:42:56
P3589V,erinsmith,shannonsanders@example.com,zZN3RadIM0)1,Michael,Wallace,True,user_professional,,False,,2024-02-18 05:48:19
U3590T,bsmith,pperry@example.net,l+2sMiJnn+pU,Edward,Lucas,False,system_admin,,False,,2024-01-10 17:10:14
P3590V,allenfarley,onguyen@example.net,Y@w11Cp&%)%M,Matthew,Chung,True,nacb_admin,,False,,2024-07-06 20:41:17
U3591Y,kathleenramos,johnsonjeffrey@example.net,!5d2#Me$stiG,David,Case,False,system_admin,,False,,2024-07-08 07:33:39
P3591N,hooveredward,sandersmark@example.org,!+4OEbgALqs),Nancy,Washington,False,system_admin,62.0,False,,2024-03-28 07:33:51
U3592A,thompsonscott,stoneheidi@example.net,&pS7X9x)^KO4,Katie,Brown,True,user_professional,,False,,2024-03-15 07:45:28
P3592U,lindaramirez,andrewweaver@example.org,E1c(CJ)o!fEL,Tyrone,Ross,False,user_professional,,False,,2024-07-18 17:44:47
U3593I,alyssajohnson,shellyyoung@example.com,f9zYKn!l!Q*y,Stacy,Shelton,False,nacb_staff,,False,,2024-05-15 15:13:02
P3593F,kyoung,jle@example.org,#iZTe(ke4^6U,Jessica,Harrison,False,user_professional,80.0,False,,2024-04-01 19:15:41
U3594X,brownchristine,stephanieduncan@example.org,UadjQIgd*6)D,Meghan,Garrett,True,nacb_staff,,False,,2024-01-11 02:45:01
P3594E,hgarcia,michaelbrooks@example.net,f$ZC0DHhK&lS,Matthew,Aguirre,False,nacb_staff,28.0,False,,2024-02-05 01:47:18
U3595N,johnwhite,vchaney@example.org,5h6RCCjt%m6q,Mary,Smith,True,user_professional,,False,,2024-03-15 10:39:41
P3595Y,harringtonjames,dgarcia@example.net,C#6Qifdxm16h,Taylor,Rivera,False,organization_member,,False,,2024-05-14 15:13:42
U3596T,cheyennesalas,rodriguezcharles@example.org,SdfEqsp5k$6q,Deanna,Johnson,True,nacb_staff,89.0,True,Fraudulent transactions detected,2024-05-28 05:31:17
P3596N,ogilbert,elizabeth49@example.com,$B8Hpm9SR$Er,Michael,Williams,False,user_professional,26.0,False,,2024-04-18 16:29:10
U3597G,brownchristy,leejimenez@example.com,$yPoArQrBg41,Ashley,Sawyer,False,organization_member,,False,,2024-01-20 17:11:40
P3597K,andreabaird,rflores@example.com,+0P0@n0f&5zO,Amber,Goodman,False,nacb_staff,,False,,2024-03-30 02:27:46
U3598U,lopezshawn,holdercrystal@example.net,_Tdp2Xy477H^,Nichole,Lee,False,user_professional,36.0,True,Use of prohibited software or bots,2024-04-14 14:34:34
P3598G,lewisjoshua,martinezmichele@example.net,^o0#wRSmD@96,Alicia,Cruz,False,nacb_admin,,False,,2024-05-19 08:59:54
U3599B,matthew39,khopkins@example.com,m9OC+hw)(LWl,Jennifer,Alvarez,True,user_professional,12.0,False,,2024-04-14 05:53:18
P3599T,amyschultz,emcintosh@example.net,@J4V!9SvR(6D,Juan,Compton,False,organization_admin,48.0,False,,2024-04-16 15:24:44
U3600I,mirandakey,bonnieadams@example.org,6Pby5Csg5&RJ,Pamela,Clark,False,organization_member,,False,,2024-04-23 08:17:03
P3600L,ballchristian,lisalambert@example.org,tIV+Zdz^!8SJ,Cheryl,Miranda,False,nacb_admin,27.0,False,,2024-02-21 14:46:07
U3601X,kristin17,johnsonlogan@example.com,yXll*Iw1)5i),Ashley,Weiss,False,nacb_admin,,False,,2024-04-22 21:32:52
P3601C,cgonzalez,madelinefischer@example.com,9n(VUsOQ!%g!,Karen,Horton,True,nacb_admin,,False,,2024-02-16 03:03:26
U3602L,oscar59,leemichael@example.com,%zG3%qg&m1ap,Samuel,Nelson,False,organization_member,38.0,False,,2024-07-02 03:53:12
P3602U,patrick34,rileyerika@example.org,aTfBV%&o_$2J,Stacey,Pena,True,user_professional,47.0,False,,2024-06-13 21:02:40
U3603K,wreyes,harryperez@example.com,xCW5Qf@a1^eF,Diana,Lambert,True,organization_member,,False,,2024-01-06 13:37:48
P3603V,gdoyle,micheal12@example.net,(z$6SVQmBli9,Stephanie,Castillo,False,nacb_staff,65.0,True,Non-compliance with community guidelines,2024-05-06 01:29:48
U3604I,ngarcia,yorkjennifer@example.net,N7G8GuRZ(BBy,Ricardo,Castro,True,organization_member,58.0,False,,2024-03-22 04:51:06
P3604W,darrylwilliams,tfitzgerald@example.org,#iQA7UaXqRfz,Ryan,Erickson,False,nacb_staff,85.0,False,,2024-03-03 01:37:34
U3605Y,rachelharvey,aross@example.com,_4*U3$IPSwVh,Crystal,Miller,True,user_professional,19.0,False,,2024-01-28 21:41:13
P3605Z,juanbrown,rwalsh@example.org,#EPAY*smp6Np,Xavier,Sullivan,True,organization_member,65.0,False,,2024-06-19 21:30:55
U3606J,kimjennifer,sherrycollier@example.com,MP2GsuAi&N2I,Jonathan,Hernandez,True,nacb_staff,16.0,False,,2024-06-04 18:10:12
P3606Y,qdavenport,johntrevino@example.com,)54Fj0e+mBrA,Brian,Greene,False,user_professional,7.0,False,,2024-02-25 21:45:59
U3607M,diana16,bryanporter@example.org,^X25ruc9d5$Z,Kimberly,Bell,True,user_professional,,False,,2024-01-02 11:48:01
P3607H,amber61,eroberts@example.net,@k5slkBCO)JI,Jose,Campbell,True,user_professional,7.0,False,,2024-04-29 15:56:35
U3608O,davidrose,dalethomas@example.com,$K3C_V*dwR11,Rebecca,Clayton,True,user_professional,,True,Non-compliance with community guidelines,2024-06-28 15:29:11
P3608E,aimeephillips,bparker@example.com,A1(pH#bt&#Nf,Jessica,Fisher,True,organization_member,94.0,False,,2024-03-11 13:55:14
U3609E,johnmarsh,sue49@example.org,4Ij_GZfu*iBw,Cathy,Guerra,True,nacb_admin,,False,,2024-01-11 01:23:23
P3609F,mark59,davisdavid@example.org,hI2xDwVQK!V6,Michelle,White,False,user_professional,,False,,2024-02-14 09:38:32
U3610T,qmiller,devin26@example.org,**#3t9cO1zqX,Christine,Smith,True,user_professional,91.0,False,,2024-05-22 22:22:38
P3610G,jeffreyboyer,ashleemeyer@example.org,#04MWeufLe2$,Susan,Martin,True,organization_member,,False,,2024-01-01 07:03:59
U3611S,wwatkins,twarren@example.org,%(8#94ez0&Dj,Sonia,Evans,True,user_professional,97.0,False,,2024-01-08 12:24:24
P3611L,ljackson,vhayes@example.org,$gx2ZQDFN+(b,Douglas,Dixon,False,organization_admin,,False,,2024-03-02 17:31:08
U3612L,elizabeth57,gouldjames@example.com,5N1+LZdE)p8W,Alicia,Smith,False,user_professional,,False,,2024-06-12 12:42:08
P3612D,peterwood,josephkaufman@example.org,6eMda0$Z_0n0,Alison,Clark,True,nacb_staff,66.0,False,,2024-05-03 17:28:58
U3613A,brandy19,duanetaylor@example.com,P^mOg)@ti@6R,Patricia,Higgins,False,organization_member,77.0,False,,2024-07-10 08:47:06
P3613E,walkerdouglas,timothy19@example.org,j&7KGLwtG!8X,Bobby,Burgess,True,organization_member,,False,,2024-01-02 09:51:02
U3614Z,zacharyharris,kevin89@example.org,4U5QcFrn!xuG,Christian,Alexander,True,nacb_staff,,False,,2024-06-25 07:09:48
P3614Y,xrobinson,jason96@example.com,9cbT4YwsgPp(,Belinda,Reynolds,False,organization_member,,False,,2024-04-17 07:33:11
U3615W,melissaoliver,bradchan@example.org,(1)Ds9CtWh6W,Christina,Kennedy,False,user_professional,,False,,2024-04-29 23:44:24
P3615C,sbeck,quinnsusan@example.com,(mE)TBq!t$t4,Connor,Watson,False,nacb_staff,,False,,2024-04-24 21:35:18
U3616V,vmccarty,rosedouglas@example.net,a)5&IQzot*+n,Bryan,Hogan,True,nacb_staff,,False,,2024-04-06 09:32:47
P3616T,harrisonshari,latoyabrown@example.com,F)t0uXxoD#UZ,Sandra,Case,False,organization_admin,,False,,2024-05-20 16:11:59
U3617C,soniawatson,crichardson@example.net,Z*BOx1il@7Z2,Timothy,Kim,False,user_professional,,False,,2024-06-27 02:01:50
P3617S,scottshawn,wrightpamela@example.org,%$1T8%tM$SLy,Debra,Bishop,False,organization_admin,,False,,2024-03-04 20:17:23
U3618U,gregoryjohnson,markbowman@example.com,(0_5fV4H%4XM,Stephanie,Schneider,False,user_professional,43.0,True,Account reported by multiple users,2024-03-08 22:32:43
P3618B,mcneilmaria,jennifer91@example.org,r2yzgVj^&p3Q,Sara,Johnson,False,user_professional,57.0,False,,2024-02-21 22:00:09
U3619G,joseph46,leebrandy@example.net,%AT83lGu@61S,Logan,Travis,True,organization_member,22.0,False,,2024-04-01 21:47:26
P3619C,fknight,cjones@example.com,w(0FhlTbST*g,Jack,Ortiz,True,organization_member,,False,,2024-04-19 17:00:23
U3620D,bakermary,graygary@example.org,u5qLfonU*gbW,Mark,Clark,False,user_professional,85.0,False,,2024-03-03 05:52:47
P3620O,lopezhayden,michael05@example.com,!r%FPhG049!H,Lisa,Allison,True,organization_member,87.0,False,,2024-02-18 20:45:01
U3621S,bakerbarbara,eritter@example.com,_8DmzOySRO&I,Jennifer,Mcintyre,False,organization_admin,38.0,False,,2024-01-22 16:29:13
P3621V,yharris,jesse86@example.net,W^6jV6*b7yZJ,Claudia,Kaiser,False,user_professional,,False,,2024-04-16 17:29:42
U3622X,baileyallen,morgan21@example.net,_v1tAPMvhUUB,Lisa,Lopez,True,organization_member,,False,,2024-05-11 21:12:41
P3622P,ashley37,chris55@example.net,Dt4RIs1%w!8R,Linda,Silva,True,nacb_staff,1.0,False,,2024-05-26 02:46:57
U3623G,aalexander,kenneth63@example.com,&hG8%lgoN2@v,Kevin,Williams,False,nacb_admin,11.0,False,,2024-07-19 03:02:22
P3623D,raven94,julie11@example.net,%+XFmm^CX*5Z,Shawn,Smith,False,user_professional,96.0,False,,2024-03-22 15:38:07
U3624G,oprice,dherrera@example.org,#GQQ1HDp^87%,Morgan,Nguyen,True,user_professional,,False,,2024-01-18 22:43:33
P3624L,nortonmelissa,larry45@example.com,Ve88xVoJ#SmL,Kathleen,Brooks,True,user_professional,,False,,2024-02-09 07:24:38
U3625M,carriegray,hodgestephen@example.com,kI0UI%nS%h%9,John,Mitchell,True,user_professional,2.0,False,,2024-01-14 18:29:19
P3625N,whitakerterri,caitlin46@example.net,(05IN0dsu4$P,Duane,Smith,True,organization_member,86.0,False,,2024-04-21 14:34:23
U3626D,jane60,samuel54@example.org,JB^iyH6Ag8O$,Gina,Peterson,True,organization_member,,False,,2024-07-21 13:16:43
P3626G,tiffany23,justin02@example.net,t$5KRztQOkwP,Victor,Keller,False,user_professional,,False,,2024-03-24 22:57:27
U3627P,christianprice,tinagraham@example.org,gv4(#OizI$f1,Melissa,Turner,True,organization_member,61.0,False,,2024-06-09 20:41:53
P3627K,pamela48,medwards@example.net,2H$Qqg(ua!2p,Melissa,Chandler,False,user_professional,8.0,False,,2024-05-20 09:00:07
U3628Q,kennethwiley,mcleanjoseph@example.net,iv4JhXpCVgM@,Sandra,Sanchez,True,nacb_staff,,False,,2024-01-13 05:48:56
P3628Y,stacypetersen,montoyatodd@example.org,9w9YFiBi&O)*,Megan,Watts,False,user_professional,10.0,False,,2024-03-09 22:54:11
U3629W,milesbruce,benjaminmejia@example.net,+ZD^)LdZ4re@,Erica,Avery,True,user_professional,41.0,False,,2024-01-28 19:15:53
P3629X,harrispriscilla,samantha77@example.org,jvOTY$t9!M6e,Mike,Hartman,False,nacb_admin,,False,,2024-02-28 07:41:08
U3630Z,lbenson,qsnyder@example.net,1Q7BMD*y$ij4,Christina,Martin,True,user_professional,,False,,2024-04-05 06:39:57
P3630P,whitewilliam,michael58@example.org,Li0xQQBm4*bl,Lisa,Fields,False,user_professional,27.0,False,,2024-02-21 20:06:37
U3631W,vperez,jacobsonmary@example.org,26SMXeDe+&(+,Sarah,Jackson,False,organization_admin,67.0,True,Fraudulent transactions detected,2024-07-18 11:48:01
P3631W,fieldscandace,lindsaynelson@example.net,qFz9HI!b15*D,Krystal,Smith,False,nacb_admin,53.0,False,,2024-04-29 16:10:03
U3632V,christopher38,michaelhuber@example.com,!0nqZqg#2%oR,Adrian,Harris,True,organization_member,,True,Security policy violation,2024-01-27 00:09:01
P3632M,leechristopher,lmiller@example.org,%lf0drTeheN@,Alisha,Brown,True,organization_member,84.0,False,,2024-04-17 21:36:31
U3633N,jordanmeghan,uwong@example.net,0&MJLxs^#B8a,Frederick,Jacobs,True,user_professional,82.0,False,,2024-05-16 22:09:18
P3633Z,ethan15,mkirk@example.net,%I#4O!nb#Etq,Danielle,Thompson,True,nacb_staff,,False,,2024-07-04 22:41:14
U3634X,twalker,grayjessica@example.org,!)6c8Hu#cX4n,Robert,Martinez,True,user_professional,,False,,2024-01-25 15:57:21
P3634M,michaelkim,sarahmorgan@example.com,_!RM8Foxx09T,Paul,Buckley,True,organization_member,,False,,2024-01-03 12:08:02
U3635A,gmeyer,erinfischer@example.com,(iNNlB^(Ap6Q,Jonathan,Brown,True,organization_member,10.0,False,,2024-03-26 07:52:16
P3635M,amandacunningham,aaronjohnson@example.net,Q#x_8TUraNtQ,Eric,Rivera,True,user_professional,,False,,2024-01-04 06:12:52
U3636O,molinacaitlin,wcain@example.net,BW)(Vazux%44,Cathy,Garrison,False,organization_member,32.0,False,,2024-07-15 13:13:05
P3636P,zachary03,wcooley@example.org,*_^r2Dg8Ha84,Joseph,Williams,False,user_professional,,False,,2024-02-05 05:21:39
U3637S,kyle99,torrescandice@example.org,Cv@2WShPF^d^,Ryan,Jones,True,organization_member,41.0,False,,2024-01-04 06:32:00
P3637J,paul97,brian42@example.org,%DFf@$OV&5rg,Peter,Obrien,True,nacb_admin,50.0,False,,2024-05-02 18:58:37
U3638M,aaron11,murrayalex@example.com,&#9MYWmdem*),Thomas,Contreras,True,system_admin,3.0,False,,2024-06-30 13:35:22
P3638I,allisoncarson,johngordon@example.org,G*6hL$mHdwJ*,Virginia,Hernandez,True,nacb_staff,26.0,False,,2024-04-24 07:31:30
U3639I,ysimpson,heather91@example.org,+$kFSk3dOK3a,Regina,Brooks,False,organization_member,,False,,2024-05-18 12:41:59
P3639V,zglover,millsanthony@example.net,M4xAXnZdQmK^,Keith,Mosley,True,user_professional,,False,,2024-04-11 00:53:36
U3640K,fbernard,jennifermcfarland@example.net,1N8#rUghH8XR,Brian,Evans,False,organization_member,,False,,2024-03-04 05:43:17
P3640R,riverakristy,lrodriguez@example.net,@ovmQWtw^^9N,Karen,Mccoy,True,user_professional,,False,,2024-07-22 08:44:37
U3641V,staciesalazar,melissa38@example.org,fS50qJex#s8e,Deborah,Mason,False,nacb_admin,,False,,2024-06-08 11:54:19
P3641I,ortizeric,adamslaura@example.net,@CKx!DBan+5I,Megan,Davis,True,organization_member,19.0,False,,2024-06-30 20:40:27
U3642P,marquezlindsey,stewartnicholas@example.org,7Bv4&GpUWp)G,Henry,Bean,False,organization_member,,False,,2024-02-13 10:06:26
P3642C,barronnicole,sweeneyjonathan@example.org,f)14&MGxwkxW,Andrew,Roberts,True,user_professional,36.0,False,,2024-03-09 10:33:13
U3643Y,bruce59,tammywebb@example.net,&d0kPEj+0FKQ,Terrence,Hopkins,True,nacb_staff,,False,,2024-01-23 05:27:18
P3643C,lisarodriguez,xaviersanders@example.com,!6H0Wao%7MOu,Kristy,Barnett,False,system_admin,,False,,2024-07-23 20:48:03
U3644H,olsonkathy,sharon74@example.com,m4#0PddJZcO3,Shelia,Vincent,True,organization_member,44.0,False,,2024-01-20 02:05:16
P3644J,robert74,michaelhenry@example.org,)e2Eh*9^U67T,Brendan,Obrien,False,organization_member,39.0,False,,2024-06-10 09:53:19
U3645T,ihanson,ryankim@example.net,!3B@W5Zb&zo_,Timothy,Brown,False,nacb_admin,97.0,False,,2024-07-04 00:33:20
P3645C,amanda46,drocha@example.org,xAZkExs@D_9q,Stephanie,Hamilton,False,organization_member,,False,,2024-01-22 20:20:43
U3646O,barrettsandra,michael06@example.org,)60IVyi1eD2U,Jasmine,Price,False,user_professional,,False,,2024-04-30 10:14:01
P3646W,garrisonbrittney,qcarroll@example.org,7zD)XiM$!61&,Julie,Simpson,False,organization_admin,,True,Breaching confidentiality agreements,2024-03-28 17:50:27
U3647R,gallowaytanya,cgriffin@example.com,F$0XNtUy@zSk,April,Walker,True,nacb_staff,,False,,2024-04-11 14:06:26
P3647M,richard49,patricia78@example.net,k&RBv5AwSL+n,John,Martin,True,organization_member,,False,,2024-03-01 18:00:58
U3648J,gregoryhall,gary12@example.com,@3SJ3s@vvPwR,Evan,Cruz,False,user_professional,,False,,2024-01-27 00:37:10
P3648O,samanthasims,collinsrhonda@example.com,wif#7BNy+QNW,Sara,Smith,True,user_professional,,False,,2024-03-08 11:33:41
U3649U,malonechristopher,brian32@example.com,IR#3qImryQ&4,Angela,Brown,True,nacb_staff,8.0,False,,2024-03-04 13:14:25
P3649V,curryrobert,ilucas@example.com,&T&M9s9r93Tm,Ellen,Carroll,False,user_professional,27.0,True,Spamming or abusive behavior,2024-06-19 12:54:48
U3650U,terrysherry,james38@example.net,GEZj(gjh@9VF,Joshua,Willis,False,organization_admin,86.0,False,,2024-05-21 20:20:16
P3650G,boydjacqueline,sandersstephen@example.com,RQ@l(AyVL@i3,Leah,Smith,True,nacb_admin,31.0,False,,2024-02-18 03:49:51
U3651G,lharris,ndavis@example.org,#*)KYRPzYo09,Philip,Solomon,True,user_professional,,False,,2024-01-18 20:11:41
P3651Z,diana33,blankenshipshelly@example.net,DOTwb+YA911_,Belinda,Gonzalez,False,organization_member,57.0,False,,2024-06-22 04:34:17
U3652H,krista83,huynhlindsay@example.com,8s9rRfPwm_s2,Jeffrey,Nelson,True,user_professional,99.0,False,,2024-03-15 13:49:58
P3652A,scottwilliams,kevinpotter@example.com,b4O_x4&^ot2t,Heather,Gonzalez,True,nacb_admin,92.0,False,,2024-03-11 10:27:31
U3653J,lindasteele,mcleancraig@example.net,Kh51DBrl$U!U,Benjamin,Johnston,False,nacb_admin,,False,,2024-02-09 23:37:21
P3653W,gonzalezsamantha,sylvia10@example.net,*7K_Si(mf+(8,Christina,Small,True,nacb_admin,88.0,False,,2024-02-10 13:21:39
U3654O,amyblackwell,lmiller@example.org,YibD1%*x&&S5,Eric,Nelson,True,organization_member,72.0,False,,2024-02-25 14:35:07
P3654C,vincentmegan,avang@example.com,ma+9Av0T$P2_,Kimberly,Tanner,True,system_admin,24.0,False,,2024-07-22 03:46:10
U3655K,usantiago,snowjohn@example.net,)xV$dFyHTt!9,Kenneth,Mcknight,False,nacb_staff,32.0,False,,2024-04-27 17:19:45
P3655O,vedwards,lmoore@example.net,6rO)GNNy&Gr%,Daniel,Baker,False,organization_member,,False,,2024-04-18 15:13:10
U3656F,michellereynolds,djackson@example.com,%5K_8_h797+w,Larry,Cobb,False,user_professional,79.0,False,,2024-07-22 22:46:39
P3656A,johnhorn,jennifermendoza@example.com,@7zdC$n%&tLa,Deborah,Torres,False,organization_member,60.0,False,,2024-03-15 16:41:52
U3657W,nguyenjoshua,elizabethwright@example.com,f0*JQQSdcl48,Diana,Ross,True,user_professional,62.0,False,,2024-03-09 10:50:15
P3657H,meghan48,bakerjay@example.com,kGytx1met+dR,Elizabeth,Foster,False,user_professional,,False,,2024-05-09 23:44:58
U3658J,mosslindsey,jparker@example.com,po5Jxycy0(@M,Nancy,Contreras,False,nacb_staff,,False,,2024-05-06 04:21:41
P3658S,amendez,michele53@example.net,aB2Cqix9Xa+Q,Amy,Vega,False,organization_member,,False,,2024-05-29 02:29:22
U3659W,zimmermanjordan,marshallyvonne@example.net,_5E))s%tmgx0,Jessica,Johnson,True,organization_member,,False,,2024-07-12 14:45:09
P3659I,sarahanderson,dana37@example.net,I$ELdAl*ei3Z,Stephanie,Braun,True,user_professional,,True,Unauthorized access attempts,2024-06-09 22:14:00
U3660J,ywilliams,vedwards@example.com,v!5LNzNH_1wL,Kevin,Collins,False,nacb_admin,,False,,2024-02-26 20:21:31
P3660M,ifischer,brandi66@example.org,MI5LQDse&GxR,Bryan,White,False,user_professional,71.0,True,Inappropriate content posted,2024-02-17 23:34:30
U3661A,robertholmes,rogerstroy@example.net,L)*U!6Lp9!V*,Lauren,Collins,True,user_professional,19.0,False,,2024-07-06 14:36:57
P3661E,bakerdana,pmorales@example.org,64XStOMk^Dze,Trevor,Peck,True,organization_member,,False,,2024-03-01 22:02:33
U3662S,brenda58,ralph41@example.com,k3^^t+)hRR9S,Karen,Allen,False,organization_admin,89.0,False,,2024-06-09 06:32:46
P3662E,banksnathan,pattersonmark@example.org,jupGi_LX#&4L,Michelle,Cook,False,user_professional,58.0,False,,2024-07-18 21:23:09
U3663W,smithjulie,barrongordon@example.com,a(deq5B1$4SB,Jennifer,Dunlap,False,organization_member,,False,,2024-07-14 20:14:53
P3663F,ebass,maria64@example.net,!9UD(jSK_2J+,Kimberly,Kelly,True,organization_member,34.0,False,,2024-02-10 14:09:11
U3664C,heather56,allen64@example.org,(vl0WcCEraL$,Andrew,Cole,False,user_professional,57.0,False,,2024-02-18 02:31:22
P3664E,lisahiggins,danielstokes@example.org,!4BNZeH8wjxc,Kristen,Young,False,nacb_staff,45.0,False,,2024-02-14 14:01:21
U3665D,carladennis,kreeves@example.com,7itwYCom%4Ms,Carol,Rollins,True,organization_member,,False,,2024-05-20 01:17:39
P3665T,huntermatthew,shannon31@example.org,(b0ZOVwd2&8S,Tammy,Parker,False,user_professional,90.0,False,,2024-02-17 16:56:44
U3666O,cabrerakrista,jonescynthia@example.com,sL6^ik(a@FwV,David,Figueroa,True,nacb_admin,,True,Unauthorized access attempts,2024-05-21 15:33:37
P3666W,austin20,hartalex@example.org,kySYv5IpI*6#,Michael,Hall,True,organization_member,,False,,2024-06-12 05:34:27
U3667T,bakerstephanie,antonio06@example.org,vc4(HvV4&0aH,Xavier,Horton,True,nacb_staff,,False,,2024-01-26 23:03:44
P3667L,charles20,kelly91@example.org,#e$yJ1Tj3(II,Amanda,Mason,False,nacb_admin,75.0,False,,2024-04-16 15:57:49
U3668Q,fbennett,ldiaz@example.com,Xit7Eaf13z#s,Nancy,Guzman,False,nacb_admin,,True,Non-payment of subscription fees,2024-06-05 14:23:38
P3668A,steven49,fordstephanie@example.net,*@yPSRzvN^S7,Julian,Rodriguez,True,nacb_staff,44.0,False,,2024-07-12 00:21:18
U3669Y,fgonzalez,robingutierrez@example.com,E(!4KMt)cWpJ,Brett,Ferguson,True,user_professional,27.0,False,,2024-05-21 06:14:40
P3669B,sandracohen,robert08@example.org,(9wX0nSrCqUz,Nathan,Richardson,False,user_professional,86.0,False,,2024-01-21 09:33:23
U3670J,melissa47,james93@example.com,v+E6byrc4WI6,Hannah,Porter,True,organization_member,95.0,False,,2024-03-21 12:00:18
P3670L,shelby69,shannonshaw@example.com,%PoqOSNy*a2x,Anita,Carter,True,user_professional,,False,,2024-05-20 03:10:45
U3671T,oorr,humphreywillie@example.com,hKTj2M2t*8)7,Darryl,Newman,False,organization_member,,False,,2024-03-01 00:36:33
P3671A,annette46,dwhitehead@example.org,r!6UwLzYlrsR,Barbara,Calhoun,False,organization_member,38.0,False,,2024-03-31 08:22:15
U3672V,normanguerrero,jamie84@example.com,t3n&LXer7@9X,Alexandra,Branch,True,user_professional,,False,,2024-03-09 09:03:15
P3672V,taylor59,colleenjordan@example.org,@1ur0AzLTn(V,Cody,Burns,True,nacb_admin,15.0,False,,2024-02-14 04:36:15
U3673N,xbailey,itanner@example.org,c5aR7KR3(9P6,Hailey,Hernandez,False,user_professional,,False,,2024-03-31 12:45:03
P3673V,rebeccachang,ashleyspencer@example.net,u(c4BodqH^!8,Jason,Mayer,False,organization_member,,False,,2024-03-02 23:57:01
U3674P,scott66,daniel52@example.org,WD@L55BbwK3%,Kenneth,Nolan,False,nacb_admin,,False,,2024-06-06 14:16:21
P3674B,adrianmurphy,turnerjared@example.com,(7Cphqy$!d1j,David,Bowman,True,nacb_admin,,False,,2024-04-29 08:57:44
U3675E,roachjames,fuentesthomas@example.org,Ea%+7nxRk+5B,Tiffany,Rodriguez,True,organization_member,40.0,False,,2024-03-11 15:46:07
P3675E,kevinsilva,rblevins@example.net,2Y)PvPCzn@Y5,Anthony,Patrick,False,user_professional,38.0,False,,2024-01-27 17:44:51
U3676M,cody87,julia03@example.net,2U8Yl$Um_(2e,Daniel,Morgan,True,organization_member,,False,,2024-04-22 09:56:51
P3676A,ahansen,knoxcynthia@example.net,+FQ6Uh4dI0qB,Alicia,Ramirez,False,organization_member,28.0,True,Multiple failed login attempts,2024-06-23 02:06:59
U3677L,wilsonmonica,christinesmith@example.org,$^BIYJUwC61c,John,Allen,True,organization_member,,False,,2024-01-27 03:22:52
P3677G,anthonywilson,barneserin@example.com,#nKCYqdqc1zv,Lisa,Jennings,True,nacb_admin,,False,,2024-06-20 10:58:38
U3678O,matthew88,ismith@example.net,ME92Qu*QZ^I^,Brandon,Rivera,True,organization_member,,False,,2024-05-22 08:19:53
P3678X,wendybanks,jrogers@example.com,m@^@2C%sdenm,Jennifer,Harvey,False,nacb_admin,,False,,2024-02-24 12:56:57
U3679M,christinejohnson,jessicatorres@example.org,3_Ua9CcJ%u%F,Mike,Soto,True,organization_member,6.0,False,,2024-06-27 22:33:31
P3679M,uramos,lshannon@example.org,1%76#xGjjhAT,Kelsey,Jones,True,user_professional,,False,,2024-02-25 02:30:57
U3680X,tsilva,ruth10@example.com,PI5*7XpuOdKc,David,Gonzalez,True,user_professional,39.0,False,,2024-04-04 19:38:25
P3680T,dawnnorton,williambutler@example.net,3cE5aU*y&S#L,Stacey,Brown,True,user_professional,,False,,2024-03-13 20:05:26
U3681M,adam88,blee@example.org,$D*cUX632qhB,Angela,Johnson,True,organization_member,,False,,2024-04-30 22:31:01
P3681W,jackbennett,lhobbs@example.com,7jx#Vszqs0cP,Logan,Meyer,True,system_admin,48.0,False,,2024-06-28 12:55:05
U3682T,yjames,paula03@example.com,(64S3eq5ruQP,Kyle,Blackwell,False,user_professional,,False,,2024-07-14 15:26:08
P3682O,nelsonlisa,thomaskim@example.com,_8oJ%(nq1cM$,Emma,Shelton,False,nacb_admin,,False,,2024-05-01 05:56:31
U3683Z,joannawood,stevenjohnson@example.net,^_OCoGSl!9CX,Zachary,Harper,False,nacb_admin,,False,,2024-07-21 01:00:46
P3683X,johnsonmichael,jordanjohnston@example.com,+sD8Wpe3syr&,Todd,Velasquez,False,organization_admin,10.0,True,Security policy violation,2024-04-02 07:32:18
U3684E,lindseystephen,andrewmiller@example.net,@OeMw7OD_%X9,Maria,Sims,False,organization_member,56.0,False,,2024-01-19 01:56:01
P3684G,tayloradam,jonescrystal@example.net,C@JlvW32^y5Y,Joe,Hinton,False,user_professional,,False,,2024-05-19 21:25:05
U3685W,yvonne57,bradfordgerald@example.net,)P9(3FbE)gui,Kelli,Johnson,True,user_professional,,False,,2024-06-16 11:32:35
P3685B,wthompson,vlee@example.com,$rGY!loCw2sp,Rachel,Solis,False,organization_member,,False,,2024-04-02 19:48:45
U3686Y,mary97,zcollins@example.org,(N(0Dzn)DMg2,Christopher,Sosa,False,user_professional,,True,Misrepresentation of identity,2024-07-10 01:29:02
P3686D,ruizjackie,joshua73@example.net,V(099N0!htJN,Elijah,Montoya,True,organization_member,74.0,True,Misrepresentation of identity,2024-07-01 10:10:26
U3687Y,charleshansen,marie57@example.net,VcUEjnu7+3KQ,Christopher,Miles,False,user_professional,15.0,False,,2024-07-16 07:47:10
P3687X,rodriguezkaylee,martineznathan@example.net,$&0Pf!z*2dJ),Erika,Sanders,True,organization_admin,20.0,False,,2024-03-14 20:57:17
U3688E,kevinmckee,wilsonmichele@example.org,+^19&Urn#q1J,Jose,Robertson,True,organization_member,,False,,2024-01-28 20:00:26
P3688N,debbie52,llogan@example.org,!3T^DZc8CP$8,Erin,Conley,True,organization_member,34.0,False,,2024-04-28 05:01:37
U3689N,watkinscarolyn,caseyjohnson@example.net,(UyIYNFcK^04,Brandon,Rogers,False,organization_member,,False,,2024-01-13 15:54:10
P3689K,sally48,freemanalexandra@example.com,g5YM6PLk&8Sx,William,Elliott,True,nacb_admin,,False,,2024-06-29 18:55:40
U3690G,andre96,whitemichael@example.net,e@8xcHv4dogl,Tanner,Marshall,False,nacb_staff,,False,,2024-04-03 10:42:31
P3690J,jason48,harrisjane@example.com,(kO_xki^*5YB,Bobby,Henderson,True,user_professional,71.0,False,,2024-01-02 13:23:41
U3691U,qjohnson,connie94@example.com,QV%N*Tt5*5hr,Kelly,Clark,False,organization_admin,,False,,2024-06-28 16:23:48
P3691G,christopher81,jeremy68@example.net,$$wl#ZSmjH25,Jason,Harrison,False,nacb_admin,,False,,2024-07-16 05:45:36
U3692K,burkepaula,xlloyd@example.net,_je)4jRas&Pk,Olivia,Turner,True,organization_member,,False,,2024-01-26 00:02:01
P3692A,toni10,cowanpatricia@example.org,xy1_Q(_vCW$7,Suzanne,Richardson,True,user_professional,97.0,False,,2024-01-17 02:58:05
U3693C,yrivera,cassidywatson@example.net,@M3ZDi#8e4Gc,Jennifer,Harrell,False,organization_member,28.0,False,,2024-01-10 10:14:28
P3693Y,flynnbianca,tramirez@example.com,h^ZY%!x2hY4%,Angela,Huerta,False,user_professional,,False,,2024-05-06 03:50:23
U3694F,brianna60,xhuffman@example.org,&s(lex#Ob3Sj,Angela,Marshall,True,organization_member,,False,,2024-01-05 17:38:48
P3694U,esweeney,tlopez@example.org,_aj5%x&(&a2B,Bobby,Williams,True,user_professional,,False,,2024-01-09 02:49:26
U3695I,joshua01,victoriadaniel@example.com,)T9PMOByhz)p,Michael,Daniels,True,user_professional,,False,,2024-06-19 03:13:47
P3695Y,merrittgeorge,haynesroger@example.net,d*2JSncQ#v$t,Debbie,Walker,True,organization_member,,False,,2024-01-16 18:10:17
U3696F,janet18,josephscott@example.org,(&WkVfhlxdJ5,Shane,Dunn,False,system_admin,9.0,False,,2024-07-05 23:00:36
P3696P,robinsonchristine,brenda04@example.com,DdF1YKn_V*Sy,Megan,Carey,True,user_professional,95.0,False,,2024-07-15 05:52:37
U3697E,tamaradelgado,deborahcarr@example.org,iw29X$jE*!4k,Diana,Nichols,True,user_professional,,False,,2024-06-06 22:03:36
P3697K,bwalker,jennifer72@example.org,6x+4hIwz3k&a,Tyler,Sherman,True,user_professional,35.0,False,,2024-03-15 02:41:11
U3698O,justin47,brenda43@example.net,^nkVdoSr72Qi,Bryan,Douglas,True,nacb_admin,,False,,2024-05-27 13:15:30
P3698A,jacquelinewilliams,lewisteresa@example.org,6ZaQ(paP#e@U,Lisa,Thomas,True,organization_member,,False,,2024-01-01 02:55:58
U3699C,tracey07,owhite@example.org,#0&IqL50*mlc,Diana,Adams,False,user_professional,36.0,False,,2024-01-02 15:56:40
P3699P,troy53,jasonmcgee@example.net,@uLMFEvOe0G#,John,Anderson,True,user_professional,,False,,2024-04-19 19:32:49
U3700G,kboone,aliciamclaughlin@example.org,&037tEs32yX_,Carrie,Cook,True,organization_admin,,False,,2024-03-28 12:45:54
P3700P,sobrien,paulnunez@example.net,$(6I6CqqleCg,Joshua,Williams,False,user_professional,95.0,False,,2024-06-18 03:26:22
U3701N,pgibson,ajohnson@example.net,uMOFJNAbt1$6,Kimberly,Joseph,False,user_professional,37.0,False,,2024-01-10 09:17:04
P3701K,gregorybrandon,nunezjohn@example.org,!uEXXy5p_B#7,Jacqueline,Wilson,True,nacb_staff,77.0,False,,2024-07-03 14:00:55
U3702N,luiswashington,michael11@example.org,*D9IlXSbF(8Z,Melissa,Freeman,False,nacb_admin,55.0,False,,2024-06-05 13:03:33
P3702G,ioneill,meghangilmore@example.org,8y$cZ%zHEb(8,Jasmine,Banks,True,nacb_admin,33.0,False,,2024-06-23 03:58:49
U3703N,rrhodes,wendy60@example.org,Z2S*iwViM3Of,James,Shepherd,False,system_admin,,False,,2024-07-15 11:13:12
P3703W,youngtimothy,qstuart@example.net,U@IcjzSl_4TX,Tyler,Black,True,nacb_admin,81.0,False,,2024-05-30 02:35:04
U3704S,andrewwashington,torreskayla@example.net,^#@VuBmRb3FE,Michael,Hartman,True,user_professional,,False,,2024-03-23 16:03:11
P3704Y,mary42,joshua18@example.com,#ovSw%IL30BN,Danielle,Wilson,False,nacb_staff,,False,,2024-05-25 13:54:06
U3705Z,sydney67,kelseyconway@example.net,l1e7XNy&*&@Y,Teresa,Johnson,True,user_professional,,False,,2024-04-30 15:51:45
P3705K,davidthomas,derek71@example.com,ucu1Eo9VE(wr,Tara,Murphy,False,organization_member,57.0,False,,2024-01-12 18:57:08
U3706F,christine92,mccallsandra@example.net,Cm*3ZY@isFDe,Kristy,Lewis,False,user_professional,6.0,False,,2024-05-09 06:28:03
P3706N,courtney15,lovenichole@example.net,3+TmWvi1&76P,Melissa,Bradley,True,organization_member,,False,,2024-01-17 04:37:56
U3707T,jamescarter,charles16@example.com,)YN8ClEl(8s$,Rebekah,Dillon,True,organization_member,48.0,False,,2024-04-27 10:13:00
P3707D,aaronjohnson,bridgesdennis@example.net,+*S(Tybiv!A5,Joseph,Kent,False,organization_admin,,False,,2024-06-30 23:06:45
U3708N,tleonard,eandrews@example.org,Klpm3AM26^w2,Elijah,Miller,False,organization_admin,,False,,2024-04-05 09:37:26
P3708S,susan34,curtisjessica@example.org,(wp0!PoY!fp%,Jennifer,Gates,True,organization_admin,,False,,2024-02-07 22:46:28
U3709P,christophermoore,allison98@example.org,ww$!FN(r0)4k,Rebecca,Hodges,True,organization_member,87.0,False,,2024-07-09 23:13:49
P3709J,bethany10,hernandezwilliam@example.net,_1On@%igm9rm,William,Roberts,False,user_professional,21.0,False,,2024-07-02 23:47:38
U3710J,travis52,terry06@example.com,93(Dmg0Z$!7@,Marcus,Adams,False,organization_admin,78.0,False,,2024-07-15 02:35:37
P3710G,agallagher,rojascalvin@example.com,bwjkv_Ke!_N4,Natalie,Mclean,False,user_professional,9.0,False,,2024-01-02 13:15:38
U3711S,coreyjackson,scline@example.com,#14psVJrA*CW,Dana,Cruz,True,user_professional,78.0,False,,2024-04-11 18:24:21
P3711K,cynthiafranco,williamselizabeth@example.com,G9DvbHP_l(C_,Angela,Macias,True,system_admin,21.0,True,Account reported by multiple users,2024-04-07 23:34:06
U3712F,lewiscynthia,rebecca98@example.org,ND)V0qNv9mi8,Rachel,Moreno,False,user_professional,,False,,2024-05-10 21:44:15
P3712W,nknight,riosjeremy@example.org,_7+rfFkrJrP&,Susan,Murray,True,organization_member,,True,Non-payment of subscription fees,2024-04-06 05:39:49
U3713N,jennawilliams,nathan29@example.com,*!JGbj)N79Ui,Misty,Gray,True,organization_member,61.0,False,,2024-06-20 03:06:14
P3713O,garciasean,julie75@example.org,%cM#QT7gF5jY,Shawn,York,True,organization_member,56.0,False,,2024-02-26 05:12:55
U3714H,arnoldelizabeth,robertsanders@example.net,$$7SotmOgKX%,William,Mitchell,True,user_professional,,False,,2024-01-30 11:51:05
P3714H,william62,vcaldwell@example.net,D1Nyi#Gp+yK9,Daniel,Hawkins,True,user_professional,,False,,2024-02-25 04:34:11
U3715R,tholden,jhuynh@example.org,jJ2Oyp7O()E@,William,Williams,False,organization_admin,,False,,2024-03-10 19:40:08
P3715C,ajimenez,gklein@example.org,&2kxs%w3IlDA,Briana,Sherman,False,organization_admin,88.0,False,,2024-06-16 21:38:00
U3716T,kayla20,iwilson@example.com,@qU5TwZEw%7&,Melissa,Joyce,True,user_professional,,False,,2024-03-12 15:54:13
P3716N,kristinahuerta,harringtondanielle@example.org,b1&r9Tbxh2(8,Lance,Williams,True,user_professional,82.0,True,Non-compliance with community guidelines,2024-03-25 01:47:53
U3717N,gnorris,ubrown@example.net,1a3mK(zz*FF2,Crystal,Wallace,True,organization_member,32.0,False,,2024-02-18 06:13:32
P3717E,dmitchell,allenchristopher@example.com,#$Y&6Oj4Pi31,Annette,Lowe,False,organization_member,,False,,2024-05-01 15:10:01
U3718C,crawfordemily,maria75@example.com,*f#DAOnax2@1,Corey,Austin,False,nacb_admin,,False,,2024-05-14 14:17:58
P3718Y,christensenalicia,briangriffin@example.net,#H16#g4jaAGM,Tony,Anthony,True,user_professional,,False,,2024-01-04 02:47:49
U3719I,mariamitchell,robert40@example.net,a3+J%tqk+hCV,Gabrielle,Grimes,False,user_professional,,False,,2024-01-20 15:01:28
P3719N,brownmonica,raydonald@example.com,**Q2Bnz^hRg9,April,Bell,True,user_professional,95.0,False,,2024-06-05 15:08:07
U3720A,rachael17,jjohnston@example.com,Aez%TFh8&0r^,Michael,Ponce,True,user_professional,,False,,2024-04-02 10:49:47
P3720C,marnold,hoganaudrey@example.org,cy)A3KAh8o)0,Stephanie,Thomas,True,user_professional,,False,,2024-07-22 19:39:40
U3721I,bernardlori,nunezelizabeth@example.com,)ENnC4tDwum1,Kayla,Durham,False,user_professional,,False,,2024-01-10 19:36:17
P3721Z,wendygibson,michaelchavez@example.com,#nI8Oy0Lv*xD,April,Acevedo,False,user_professional,83.0,False,,2024-03-07 06:54:51
U3722Q,montgomerytony,reynoldsalexis@example.org,4EbMXcKt%#qX,Todd,Chase,False,nacb_staff,,False,,2024-03-22 13:55:05
P3722T,willisdwayne,mharris@example.net,OWC*au59$6gR,Jillian,Mcbride,False,organization_admin,70.0,False,,2024-01-30 17:22:08
U3723U,johnleonard,edwardslaura@example.net,xfoQBv+0#5ke,Krista,Clark,True,user_professional,,False,,2024-01-27 11:50:42
P3723V,amy13,kingmichael@example.com,3vaoDYe^_r2U,Michael,Phillips,True,user_professional,3.0,False,,2024-06-13 07:50:08
U3724Q,collinsadrienne,kristen55@example.com,+%4YAs+gjgoQ,Whitney,Smith,False,nacb_staff,12.0,False,,2024-03-04 01:06:25
P3724T,eandrews,runderwood@example.org,z1@hc5Pe*Xz5,Phillip,Allen,False,nacb_staff,,False,,2024-01-01 20:41:56
U3725C,teresajones,alvaradoalexandria@example.com,X^X&TFr3s%04,Melanie,Larson,True,user_professional,,False,,2024-01-29 09:08:04
P3725F,carloswilliams,chennathan@example.com,gB_ZNtWJ%s3S,Michael,Benson,True,organization_member,77.0,False,,2024-04-08 05:36:29
U3726B,eherring,michellekim@example.org,67DRtirm_BYL,Jessica,Gillespie,False,user_professional,69.0,False,,2024-02-24 10:40:10
P3726L,parkermonica,carlsonheidi@example.com,pa7F)pJ@9%8S,Carolyn,Mueller,False,organization_admin,69.0,False,,2024-02-05 16:23:28
U3727L,vturner,joseph40@example.org,&aFCN%mcCpc2,Tristan,Williams,False,nacb_staff,44.0,True,Breaching confidentiality agreements,2024-06-26 02:46:49
P3727U,barry02,sporter@example.org,uZI97Kzg_Nct,David,Jensen,False,organization_member,29.0,False,,2024-03-24 07:03:28
U3728G,stewartsandra,amber74@example.net,O_mq7Y#b_+Gk,Jason,Nichols,False,organization_member,75.0,False,,2024-05-10 01:40:01
P3728Q,richardturner,adamskinner@example.org,(yte6DSm00#*,Andrea,Hart,True,nacb_admin,,True,Spamming or abusive behavior,2024-02-06 02:26:14
U3729J,dcosta,rebecca81@example.net,0FKehN0v%dAn,Karen,Martinez,True,system_admin,,False,,2024-01-01 01:53:37
P3729D,uhernandez,bmalone@example.org,%dE+wd#H!x1b,Tiffany,Melton,False,nacb_admin,,True,Breaching confidentiality agreements,2024-06-13 21:02:32
U3730X,catherine50,lydiaerickson@example.org,#4EU)V8dUva(,Charles,Anderson,True,user_professional,,False,,2024-03-22 04:29:08
P3730J,joseph37,zgonzalez@example.net,B#7w1Qrbyl0E,Cheryl,Murphy,True,user_professional,,False,,2024-02-15 02:42:55
U3731U,burnsderrick,dustinmora@example.org,*u5RRlSHoDk4,Kayla,Smith,False,organization_admin,33.0,False,,2024-06-22 16:50:28
P3731T,brandon62,jessejohnson@example.com,zwu(tR8Tbp2L,Amanda,Collins,False,user_professional,35.0,False,,2024-07-20 04:39:39
U3732L,caroljohnson,cheyennecarter@example.net,j57xXzLf&Va%,Brandon,Leach,True,user_professional,,False,,2024-05-19 03:54:53
P3732C,kliu,nancy13@example.org,!XrTtE#S6HKh,Cindy,Collins,False,nacb_staff,70.0,True,Non-payment of subscription fees,2024-03-04 01:57:51
U3733J,ruizandrew,robbinsandrew@example.com,+ZfTXyyi%1R!,Roberto,Smith,False,system_admin,62.0,False,,2024-06-26 16:26:48
P3733E,rosejoshua,lgray@example.com,(8TKrm#xULSd,Thomas,Russell,True,organization_member,,False,,2024-03-14 22:41:13
U3734I,arios,rayjessica@example.com,KE#*+2Teay*3,Nathan,Hogan,False,user_professional,18.0,False,,2024-05-23 11:38:56
P3734O,christian23,robert49@example.com,C$2_DvNIa(b7,Ashley,Contreras,True,user_professional,,True,Multiple failed login attempts,2024-03-16 06:14:42
U3735Z,wendy87,mgross@example.org,92c_sisKgEHT,Heidi,Underwood,True,organization_admin,68.0,False,,2024-06-14 12:53:30
P3735B,johnstonjames,longrobert@example.com,S_3ztBLb_Y0y,Donna,Garza,False,user_professional,,False,,2024-02-12 09:27:09
U3736M,gonzalezjames,juanhernandez@example.com,+5Czensk!_Xh,Brian,Smith,False,organization_member,,False,,2024-05-24 23:07:21
P3736L,ashley98,amandamullins@example.com,3nRFj)C8$mgE,Michael,Rodriguez,False,user_professional,,False,,2024-07-01 17:30:13
U3737X,gpalmer,sierra84@example.net,Nr1tD0vektJ&,Joel,Wright,True,organization_member,24.0,False,,2024-06-05 23:58:56
P3737L,bschmidt,jenniferevans@example.org,(4IVa5ptklIx,Jason,Howell,True,organization_admin,80.0,False,,2024-02-01 03:17:54
U3738A,johnwade,richardsnicholas@example.net,+4yvG$Sjbe(c,Melody,Duran,False,nacb_staff,91.0,False,,2024-03-14 19:20:48
P3738E,hermanryan,karen50@example.net,5e_wy$MX_^8F,Elizabeth,Wang,True,user_professional,,False,,2024-03-04 02:25:31
U3739H,geraldpalmer,stephanie28@example.net,$1KzpRtl$IWv,Crystal,Houston,True,organization_member,,False,,2024-03-09 01:14:36
P3739C,bobbytorres,jonesgabriel@example.net,@R80$UixXGrV,Paula,Diaz,True,nacb_admin,,False,,2024-05-31 17:53:14
U3740E,tina13,karenclark@example.org,g#4jI5EXjx0J,Dawn,Suarez,False,nacb_admin,,True,Suspicious activity detected,2024-01-09 14:43:09
P3740R,donaldrobinson,anthonywright@example.org,%o#DNgM*BC6(,Michelle,Mills,False,nacb_admin,28.0,False,,2024-04-20 22:47:30
U3741I,kristenrichmond,sheryldiaz@example.org,+N5eK%WyK^zO,Yolanda,Rojas,False,organization_admin,42.0,False,,2024-04-18 05:00:30
P3741Y,ichandler,griffincynthia@example.com,%4sAlNXdhIIR,Gary,Thompson,True,nacb_staff,,False,,2024-04-27 09:35:40
U3742O,perrynicole,jenningsshannon@example.com,FCcLm2LsY@%3,Emma,Carter,True,nacb_staff,,False,,2024-01-14 14:52:41
P3742P,rogerhuff,burgessraymond@example.org,nfF1KEWEg^Bi,Marie,Gardner,False,nacb_staff,,False,,2024-04-02 09:09:03
U3743X,smithrita,josephgarcia@example.net,he3jrmYpk!tQ,Allison,Shannon,False,system_admin,98.0,False,,2024-03-07 21:27:32
P3743R,markfisher,denise30@example.com,#Hf8jY3b4uSD,Andrew,Morgan,True,nacb_staff,2.0,False,,2024-05-08 00:44:00
U3744L,andrewclark,thomashannah@example.com,+PwRQS^R2CP0,Amber,Flores,True,user_professional,48.0,False,,2024-06-26 18:21:34
P3744W,sotomelanie,james24@example.net,T46)BzyJwhPr,Richard,Smith,False,organization_admin,,False,,2024-03-03 03:16:47
U3745M,laura92,jmack@example.org,#smKuZaj+9CK,Alicia,Acosta,True,organization_member,1.0,False,,2024-01-07 09:04:04
P3745Z,wilsonderrick,kevin59@example.org,c#dMNxh4l691,Alex,Beard,False,nacb_admin,,False,,2024-07-12 23:54:42
U3746X,florestheresa,marvinnorris@example.com,^B23G8fgB&F5,Stefanie,Mcgrath,False,user_professional,,False,,2024-05-16 20:13:13
P3746M,clarkmichelle,wongsandra@example.org,VuwD*v!kJD5#,Ryan,Walker,True,nacb_staff,,False,,2024-03-18 14:04:10
U3747S,kevinaguirre,jennifer99@example.com,_XtpggsfE5BS,Evan,Gross,True,nacb_admin,,False,,2024-06-29 10:38:57
P3747E,osnyder,reedbruce@example.org,601+Pqk(S$Yw,Matthew,Walker,False,user_professional,,False,,2024-05-09 07:14:04
U3748U,jennifermurphy,heidireyes@example.com,6cM&JKqd9Ku5,Jared,Miller,False,organization_admin,,False,,2024-02-04 10:20:40
P3748C,mwest,kdillon@example.com,RD*2Vje_yZsj,Kristen,Lucero,False,organization_member,,False,,2024-06-20 01:48:34
U3749H,victoria90,chad48@example.net,dG#)94l&Fy0U,Bradley,Taylor,True,organization_member,,False,,2024-05-07 15:02:41
P3749Z,samantha27,ginatate@example.net,$^^gESgXi8W%,Amanda,Rowe,False,user_professional,,False,,2024-02-17 15:03:28
U3750Q,anthony09,xbruce@example.org,_1*DyfVT_E3N,Riley,Rice,True,user_professional,35.0,False,,2024-05-17 00:50:11
P3750S,hernandezdevon,wagnercassidy@example.org,E8SKL1%##p(@,Paul,Cook,True,organization_member,84.0,False,,2024-02-05 11:49:18
U3751C,danielle98,andersonbrandon@example.com,3P4zPw0e&%T^,Darrell,Anderson,False,nacb_admin,,False,,2024-06-11 12:42:10
P3751A,jamiejackson,debramclean@example.net,5)n3XLq^&A6S,Kathleen,Wood,False,organization_admin,,False,,2024-01-14 16:22:03
U3752K,williamsscott,droberts@example.org,&4(Kow&S!2NM,Sean,Frank,False,organization_admin,,False,,2024-01-26 23:50:15
P3752J,timothy99,michaelwilson@example.org,Sk*Ga*+L@M8P,Brandon,Brown,False,organization_member,,False,,2024-03-01 18:57:52
U3753Z,shawnayers,rrodriguez@example.net,&1VnY^lU7utr,Melissa,Weaver,True,organization_member,,False,,2024-02-24 13:00:09
P3753G,brooksbenjamin,robertjackson@example.org,)_s^q+HqYN4H,Daniel,Williams,True,user_professional,28.0,False,,2024-01-17 19:43:16
U3754K,kimberlygiles,parkerpeter@example.com,Tl5C&SRs#ki3,Joel,Mendoza,True,nacb_staff,,False,,2024-01-21 06:27:31
P3754Q,brianrandolph,florescindy@example.net,3V6_QodKBWH_,Brittany,Hayden,True,nacb_staff,,True,Fraudulent transactions detected,2024-01-23 15:57:50
U3755N,cooperjohn,donna70@example.org,*&4dba4HF!Gx,Katelyn,Hale,True,user_professional,87.0,False,,2024-03-06 18:55:39
P3755K,christopherrogers,zbrown@example.net,lp$9XDm8J0_x,Jeff,Cooper,True,nacb_staff,,False,,2024-07-14 02:53:08
U3756S,tiffanyesparza,tgraham@example.net,$xPyX0r@M32T,Emily,Cook,False,user_professional,11.0,False,,2024-04-20 14:13:16
P3756L,monica17,lramos@example.net,M*$X_0Iew!75,Brian,Holland,False,organization_member,3.0,False,,2024-04-22 20:31:17
U3757R,colton03,christopher51@example.org,&BYZiDyo3J^G,Michele,Knapp,True,user_professional,,False,,2024-04-19 16:16:09
P3757R,anthony14,deniselawson@example.org,n*K7jKu0TlP2,Virginia,Cortez,True,organization_member,83.0,False,,2024-07-03 21:42:41
U3758H,dcollier,parkerphilip@example.com,&@Vi4JqSfIg5,Gabriel,Buck,False,nacb_staff,,False,,2024-03-05 03:27:45
P3758M,amber65,uhall@example.net,nZT$HcuPB&1D,Eugene,Moyer,True,nacb_staff,,False,,2024-02-03 15:40:19
U3759O,westdavid,justin54@example.net,&84Y^JzYs+S7,Sheryl,Reed,False,user_professional,21.0,False,,2024-05-02 03:17:46
P3759T,davidbarrera,michael27@example.net,gqHeh$Gme*4E,Angela,Carr,True,organization_admin,30.0,False,,2024-02-13 01:44:08
U3760S,richardwerner,jacob57@example.com,8lkTH)pJ@nEN,Stephanie,Wright,False,user_professional,62.0,True,Account reported by multiple users,2024-07-10 09:15:58
P3760T,debralopez,craig95@example.com,+4RoJ!qa7r8%,Scott,Singh,True,user_professional,,False,,2024-05-05 08:51:10
U3761U,michaelrodriguez,eespinoza@example.net,$FA_2iWvto(0,Michael,Valdez,False,organization_member,73.0,False,,2024-02-19 11:05:12
P3761Q,jflynn,sandovalbrian@example.com,@HlF)DNo9Qld,Christina,Franklin,True,organization_member,24.0,False,,2024-07-10 00:40:47
U3762E,whitakerashley,cross@example.com,lcGBuXlb_2wl,Jacob,Mcintosh,True,nacb_staff,,False,,2024-05-27 06:01:49
P3762B,jamesbrown,flawrence@example.org,08dZu*R0c#7p,Kathleen,Camacho,False,organization_member,,False,,2024-04-05 04:17:48
U3763L,kimberly79,gillespielisa@example.net,)fClQ1ayF0A!,Lisa,Thomas,True,nacb_staff,79.0,False,,2024-04-29 19:22:53
P3763Q,lorrainelowery,omoran@example.org,yfM3#W%lkPm(,Donna,Conley,False,system_admin,94.0,True,Misrepresentation of identity,2024-02-28 04:24:54
U3764K,bethmoreno,michael33@example.net,y(_U9iRdcjDF,Virginia,Cruz,True,nacb_staff,72.0,False,,2024-03-28 10:26:20
P3764Q,griffindavid,martinmike@example.com,@Jt&k9Vk8V(s,Sergio,Fitzgerald,False,user_professional,69.0,False,,2024-07-08 15:40:04
U3765D,jonathan32,heather52@example.org,n59_uYFx_3PR,Christine,Jennings,False,user_professional,60.0,False,,2024-01-09 04:19:42
P3765W,emilymorris,sbonilla@example.org,&IizV0Ri&Zw0,Denise,Brown,True,user_professional,,False,,2024-02-29 16:26:23
U3766Y,grahamveronica,tflynn@example.com,9cyOWPlU^l!3,Shannon,Young,False,nacb_admin,,False,,2024-07-01 02:32:37
P3766M,rollinsamy,williamkelly@example.org,P)CxZ7G(#3rz,Stephen,Madden,True,user_professional,,False,,2024-01-12 20:12:37
U3767M,jonescarmen,alexanderbryan@example.com,8L86zqNfN6&E,Michelle,Harris,True,organization_member,7.0,False,,2024-03-16 11:21:47
P3767I,danielparker,nathaniel54@example.com,ryJ5OtUcy^07,Matthew,Lynch,True,organization_member,,False,,2024-03-12 14:18:12
U3768Y,emayer,benjamin88@example.org,$KMAoe6g(335,Peggy,Wade,True,user_professional,29.0,False,,2024-01-21 10:15:41
P3768E,garciajoshua,mahoneyjesus@example.net,U7AD7hQ7@CWp,Daniel,Hudson,False,organization_member,53.0,False,,2024-04-08 13:59:38
U3769D,michael85,johnblackwell@example.com,@2@f4li#FaPR,Ashley,Hunter,True,organization_member,,False,,2024-03-03 06:42:48
P3769U,wilsonyvette,amy78@example.org,+MK!RNnpexR2,Martin,Rodriguez,True,organization_member,98.0,False,,2024-01-16 11:08:55
U3770X,stefaniepowell,yustephanie@example.org,!5O^lh#X#P@#,Andrew,Martin,True,user_professional,7.0,False,,2024-03-18 11:48:35
P3770B,james23,meganwilkins@example.org,J%M5NUEnbXV3,Christina,Howard,True,organization_member,,False,,2024-07-18 09:14:32
U3771O,andre96,leedavid@example.net,#)L$1dlj4nYi,Mark,Hawkins,False,nacb_admin,34.0,False,,2024-02-21 01:41:53
P3771Y,hudsonapril,jo68@example.com,y@*#j6ErAdyV,Emily,Barber,True,system_admin,,False,,2024-03-17 13:20:59
U3772Q,nicholas13,aaronmartin@example.net,)@OfAv^B8Chv,Ralph,Deleon,True,user_professional,60.0,True,Inappropriate content posted,2024-01-27 02:38:21
P3772W,kpatterson,emiller@example.org,#6tG+ZgSLxJ^,Danielle,Browning,True,user_professional,29.0,False,,2024-04-02 22:59:28
U3773C,silvajill,cynthiakoch@example.com,JgC6C63u_1O$,Anna,Butler,True,nacb_admin,,True,Multiple failed login attempts,2024-04-16 15:01:31
P3773U,davidharvey,harveynathan@example.net,(NjE51#gCF7x,Nicholas,Gallegos,True,organization_member,,False,,2024-07-12 11:01:32
U3774W,henryliu,richard21@example.net,_$MGtv08rN0n,Laura,Ferguson,True,user_professional,78.0,False,,2024-02-16 17:29:37
P3774A,john71,halllarry@example.net,r3D$(AEe7@0k,Cole,Ferguson,True,user_professional,34.0,False,,2024-03-30 14:38:45
U3775E,caitlyn22,erica51@example.net,^rGnuvc#+9xf,James,King,False,user_professional,69.0,False,,2024-02-01 19:34:44
P3775K,francisdonna,deanna46@example.com,YerGD6JnmU#s,Tina,Stevens,False,organization_admin,40.0,True,Fraudulent transactions detected,2024-04-01 08:33:33
U3776V,xcruz,ylopez@example.com,&!*$Shb5b3e2,Melinda,Stevenson,False,user_professional,3.0,False,,2024-05-27 18:40:26
P3776R,john89,zachary03@example.com,F8T2yA9q!#7w,Hannah,Gonzalez,True,user_professional,49.0,False,,2024-07-07 03:59:07
U3777N,fieldskenneth,damon80@example.org,f%8eqEnnuEJK,Andrea,Burns,True,system_admin,,False,,2024-05-06 09:23:15
P3777G,cdiaz,richmondjulie@example.com,89RqlGY2ELY$,Gabriel,Green,False,organization_member,,False,,2024-04-05 10:44:01
U3778E,joannesanders,joshua31@example.net,eDUWC6c#_N53,Shawn,Anderson,True,organization_member,91.0,False,,2024-02-28 22:57:15
P3778F,ppayne,zjackson@example.net,2!TKg!!Jok(#,David,Zamora,False,user_professional,,False,,2024-05-07 14:07:03
U3779I,diana70,carsonkyle@example.org,y_G1A(1zPvFY,Elizabeth,Reed,False,organization_member,,False,,2024-06-01 22:01:29
P3779P,jennifer93,colemankyle@example.com,T2AxStre$yuZ,Gabriel,Walsh,False,organization_admin,,False,,2024-01-11 10:13:54
U3780B,tony91,charleswagner@example.net,^ikML6sQ3+1S,Lisa,Haney,False,organization_member,,False,,2024-02-24 14:03:49
P3780P,scline,hendrixjames@example.org,^%IVfUFY8cjo,Kathryn,Reed,True,system_admin,,False,,2024-02-26 04:11:42
U3781B,armstrongelijah,amy56@example.net,U+1@ObtGQSH2,Anthony,Booker,False,user_professional,,False,,2024-07-16 22:37:04
P3781H,david46,amberduncan@example.org,N(9M1vmp@LHS,Amanda,Cox,True,organization_admin,58.0,False,,2024-03-23 07:55:48
U3782Y,gwebb,jennifercarter@example.com,1VIwWGls+8#N,Shawn,Sampson,False,organization_member,,False,,2024-04-20 22:59:17
P3782S,timothyblack,perrymichelle@example.net,CKHnOXz6)r6#,Ian,Johnson,False,organization_member,,True,Violation of terms of service,2024-06-01 14:49:14
U3783H,betharmstrong,rboone@example.org,L4IsYn39+8*I,Peggy,Johnson,True,user_professional,,True,Violation of terms of service,2024-06-22 19:35:41
P3783V,xchristensen,nicholasgood@example.net,!DxyXABj&9q9,Paul,Marquez,True,organization_admin,,True,Fraudulent transactions detected,2024-03-19 08:55:25
U3784H,brandymayer,perezwilliam@example.net,_^PVDXpiDAA2,Jerry,Everett,True,nacb_staff,,True,Security policy violation,2024-05-09 13:49:28
P3784L,franklinbryan,whess@example.com,$H78ILKex*+8,George,Reeves,False,nacb_staff,,False,,2024-02-02 08:23:12
U3785Q,unewton,williamsrobert@example.com,1$VNF$a&9w4!,Brenda,Douglas,False,organization_member,,False,,2024-06-06 01:17:59
P3785I,lsimmons,scottheather@example.net,34@upCdx(q6M,Patrick,Hampton,True,user_professional,,False,,2024-05-09 20:12:30
U3786H,timothy17,william56@example.com,@Qc9TTaw70@6,Michael,Fitzpatrick,False,system_admin,23.0,True,Inappropriate content posted,2024-04-04 11:33:19
P3786B,bmorgan,potterlisa@example.com,w5!Takyd)h#g,Patty,Ellis,True,nacb_staff,81.0,False,,2024-03-05 03:15:29
U3787O,charles15,xschneider@example.com,Ij6JJexAe@qt,Angela,Cantu,False,nacb_staff,,False,,2024-04-28 22:29:37
P3787R,gregory72,cookjuan@example.com,Z1fZeqD*_TU0,Linda,Reyes,False,organization_admin,,False,,2024-06-09 17:00:28
U3788U,kimberly91,elopez@example.org,hI7+80tu!9KS,Adrian,Hill,False,organization_member,,False,,2024-06-08 14:32:02
P3788Y,olsonteresa,diana80@example.org,a#@jt0Lq*%Rr,Madison,Bowman,True,user_professional,,True,Use of prohibited software or bots,2024-06-09 13:09:57
U3789K,twilliams,smithderrick@example.org,#f9kZaKaloI7,Tonya,Hale,False,organization_member,44.0,True,Fraudulent transactions detected,2024-01-09 23:16:50
P3789N,kendra63,arivera@example.net,7%BETuR@UE&1,Rachel,Cantu,False,nacb_admin,75.0,True,Use of prohibited software or bots,2024-04-13 18:07:26
U3790P,edwardsisaac,fergusonharry@example.org,E2k#Pu))_utG,Matthew,Allison,True,user_professional,,False,,2024-01-16 12:48:34
P3790T,rebecca81,nataliebryant@example.com,z0SCNrubU$3V,Richard,Ward,False,user_professional,,False,,2024-05-01 01:20:56
U3791R,erica60,diazjames@example.org,PzaeoOqB(*3w,Wendy,Ayers,False,organization_member,41.0,False,,2024-01-25 11:01:30
P3791E,onealjohn,ricardo51@example.net,&t6ClIzO+fDc,Mark,Waters,False,organization_admin,,False,,2024-03-22 13:59:03
U3792Y,desiree34,randall75@example.org,&su0GKgjReo8,Angela,Carter,True,system_admin,,False,,2024-02-09 22:08:43
P3792T,monica04,brianthomas@example.org,*PJA8jAD!6!4,Jeremy,Reyes,False,organization_member,3.0,False,,2024-07-20 11:47:40
U3793B,kathleen42,jstewart@example.org,hWqGuGq)V&9F,James,Palmer,False,system_admin,71.0,False,,2024-04-30 13:24:55
P3793Z,lukedonovan,smithjeffrey@example.org,_iDCcpbl2X5u,Kyle,Kelly,False,nacb_staff,47.0,False,,2024-04-18 01:23:48
U3794H,jennifermartin,lholmes@example.org,tr_$nep0+9mY,Hannah,Koch,False,organization_member,,False,,2024-06-11 05:26:52
P3794I,jason20,gregorypope@example.net,PbH0PB32v^3y,David,Wolfe,True,organization_member,,False,,2024-03-18 00:48:35
U3795B,staffordpatricia,collinschristina@example.com,YU9GJ^2t@NnK,Cynthia,Cantu,False,organization_member,,True,Multiple failed login attempts,2024-02-20 21:49:41
P3795T,bennettkelly,pgarza@example.org,kTA!Oclx_@8R,John,Jones,False,organization_member,98.0,False,,2024-06-02 14:12:20
U3796Z,heather04,zachary11@example.com,83V55Vl6$34Y,Lisa,Wood,True,organization_member,,False,,2024-04-07 03:04:49
P3796G,marquezrickey,betty10@example.com,)5t6T$dr#wwj,Jerry,Green,False,nacb_staff,3.0,False,,2024-05-28 22:25:37
U3797Y,angelarichards,tchan@example.net,$rAYXSFoC8sp,Melissa,Chen,True,user_professional,,False,,2024-01-25 05:56:23
P3797W,ashley13,fpowell@example.com,@F&YHloHFL7V,David,Perry,True,user_professional,,False,,2024-05-03 13:00:29
U3798Z,hodgesdavid,john90@example.com,@8mLuLy3b^)O,Ashley,Bean,False,organization_member,,False,,2024-05-17 19:40:23
P3798K,hardingwendy,scott34@example.net,KI@@2lPtWG7D,Yvette,Christensen,False,system_admin,20.0,True,Suspicious activity detected,2024-02-13 22:12:20
U3799Q,amberbishop,jacquelineholland@example.org,g#5m3N4M2xj7,Destiny,Clay,False,user_professional,,False,,2024-01-04 16:16:32
P3799M,rwelch,ashleyfitzpatrick@example.org,f#FGzn9gGQ4^,Kelsey,Hurley,False,organization_member,,True,Non-payment of subscription fees,2024-02-22 04:48:56
U3800H,jamesmichael,jason99@example.com,%1EGcP1Z##Mh,Donald,Brown,False,user_professional,,False,,2024-03-20 04:12:26
P3800B,veronicaingram,christophercampbell@example.net,Oc4ozv$f)g4R,Leah,Crawford,False,organization_member,,False,,2024-05-13 01:51:28
U3801S,justin83,kevinhodge@example.net,6*$^jNwCY35H,Cody,Wallace,False,nacb_staff,44.0,True,Spamming or abusive behavior,2024-02-16 12:12:11
P3801U,martinezjonathon,lori28@example.com,(HQCipSW98%*,Michael,Bell,False,user_professional,,False,,2024-06-23 22:21:06
U3802X,karenlewis,bmoreno@example.org,^jMyG4eXl3&X,Sarah,Burgess,False,user_professional,98.0,False,,2024-05-18 17:26:40
P3802C,ashley72,carolyn72@example.org,_4Hh$TObXDJS,Jessica,Fleming,True,organization_member,,False,,2024-06-09 19:30:40
U3803U,uedwards,erin57@example.com,$9#oQaw&qzCb,Michael,Rodriguez,True,nacb_staff,,False,,2024-04-04 08:55:34
P3803A,jacksonbrian,garciaerica@example.com,XR9Cs+hg)qmR,Corey,Lynch,False,user_professional,,False,,2024-07-22 12:43:43
U3804V,wallaceleah,brianna06@example.org,Oa9998Jo+Z(X,Aaron,Jordan,False,user_professional,78.0,False,,2024-05-08 01:58:21
P3804M,sjimenez,evansdenise@example.net,9K1V_HHty*t_,Krystal,Collins,True,user_professional,,False,,2024-01-28 10:42:56
U3805V,richard28,watkinsmegan@example.net,l8j&Ty0m+rlI,Mckenzie,Nielsen,True,user_professional,94.0,False,,2024-05-29 02:19:40
P3805Z,hendricksvirginia,jeffrey68@example.org,JXCB9OJ!8qi),Jessica,Chandler,False,nacb_staff,,False,,2024-05-13 17:10:18
U3806C,houseanthony,paulkathryn@example.com,)w3qD0QgRJ*6,Douglas,Tran,False,nacb_staff,,True,Suspicious activity detected,2024-03-19 04:27:56
P3806V,zoecollins,martinezrachel@example.com,iD$7ephnQ+Zz,Kimberly,Brown,False,organization_member,2.0,True,Non-compliance with community guidelines,2024-05-16 00:57:46
U3807P,goodmanisabella,rodriguezjennifer@example.org,^0mghbTmSUV!,Ethan,Valentine,True,user_professional,21.0,False,,2024-07-01 07:22:38
P3807W,batesvictoria,gregory89@example.com,y(7DyDQzx)tX,Rose,Lawson,False,nacb_admin,75.0,False,,2024-07-20 06:02:45
U3808G,anthonymorrow,sarahadams@example.com,D1TgNIoQj&10,Catherine,Cameron,False,nacb_admin,,False,,2024-06-24 02:26:36
P3808V,cynthiajones,hroth@example.com,BDERZ%siih%5,Linda,Anderson,False,organization_member,,False,,2024-04-02 01:30:01
U3809F,taylorbrianna,seancole@example.net,)9+5tyeKft2Q,Michael,Rogers,True,user_professional,48.0,False,,2024-03-14 14:21:30
P3809E,gregoryhansen,angelabridges@example.org,tfVTQ4X$_8f4,Christopher,Morton,True,system_admin,41.0,False,,2024-04-22 14:36:07
U3810Y,nstanley,sarataylor@example.com,+TPK!Xgo)GP8,Monique,Lee,True,nacb_staff,,False,,2024-02-29 07:04:10
P3810M,medinaadam,leejonathan@example.org,w0$$#0dE*tRM,Jasmine,Pruitt,True,nacb_admin,,False,,2024-06-21 01:12:54
U3811M,blaircrystal,ebrown@example.net,vk_Gpw_KyW9S,Joseph,Cherry,False,organization_member,,True,Suspicious activity detected,2024-05-05 21:39:49
P3811W,smithdavid,sarahharris@example.net,coBaSpz_*0Zn,Samantha,Griffin,True,nacb_staff,,True,Misrepresentation of identity,2024-07-13 03:03:55
U3812A,rachel00,randall17@example.com,(8+Zd6iN*unp,John,Swanson,False,organization_member,69.0,False,,2024-07-13 09:11:25
P3812G,jenna36,hendersonjohn@example.org,Q76KVLr85^%4,Brenda,Spencer,True,nacb_admin,29.0,False,,2024-03-14 19:25:45
U3813L,bonnie63,bradyjill@example.com,!5*JI@cY0I^5,Alison,Diaz,False,user_professional,99.0,False,,2024-05-02 11:54:48
P3813B,esparzatravis,ywright@example.net,A7dE7Tl^!2)^,Jennifer,Torres,False,organization_member,,False,,2024-07-05 00:20:47
U3814T,gardneranthony,ashleylee@example.com,(be2iDzpARa1,Scott,Mcclure,True,user_professional,,True,Misrepresentation of identity,2024-01-12 06:43:01
P3814G,coledouglas,jamesclark@example.org,JP9OUkFCfe+G,Brenda,Reese,True,organization_admin,24.0,False,,2024-03-06 12:45:51
U3815J,yrodriguez,justin39@example.org,^lLUJR9dI1ks,Tanya,May,False,organization_member,,False,,2024-06-04 03:52:22
P3815B,afowler,aroth@example.org,Wg$(4DcXxRY*,David,Santiago,True,nacb_admin,15.0,False,,2024-03-31 01:53:00
U3816W,avaughn,whitedeborah@example.org,lBP0EHpqV#%G,Eric,Simpson,False,organization_admin,,False,,2024-05-25 15:54:16
P3816N,icastillo,kfarmer@example.net,!(eRPNb3H642,Jason,Lindsey,False,nacb_staff,41.0,False,,2024-02-27 05:18:19
U3817A,richardmora,kgeorge@example.com,xgUaczR#+@1+,Michelle,Hawkins,False,organization_member,,False,,2024-07-12 14:29:38
P3817A,jasmine95,mitchellgeorge@example.org,^9_A_G5E*qCj,James,Morales,False,user_professional,,False,,2024-04-30 08:37:55
U3818H,jennymendoza,john04@example.com,z!ytwYBvS%7V,Michael,Snyder,True,nacb_admin,,False,,2024-05-28 19:19:55
P3818Z,ataylor,ghoward@example.org,4PBd)I@q%1cM,Jesus,Mccormick,False,nacb_admin,88.0,False,,2024-02-16 19:53:38
U3819T,zboyd,emily29@example.com,NDlLQks52Zb#,Stephen,Moyer,True,nacb_staff,,False,,2024-01-08 05:23:12
P3819G,rmurphy,emily38@example.com,FHP7CVEc)M$l,Francisco,Owens,True,organization_member,,False,,2024-04-03 02:51:04
U3820U,josephhowell,shannon40@example.net,*99uuzJkA2m8,Jessica,Mejia,True,user_professional,,False,,2024-07-09 02:16:14
P3820P,johncampbell,johngordon@example.net,^9JedJMb!Bm0,Kathryn,Campbell,False,organization_member,16.0,False,,2024-02-19 14:39:50
U3821V,mcclurewendy,rsuarez@example.org,c_4Vib4Cyz6f,Corey,Roberts,False,user_professional,,False,,2024-07-03 06:02:28
P3821C,johnsongabriel,smithlynn@example.org,*rWR1Oo_9*g4,Pamela,Escobar,False,nacb_staff,,False,,2024-06-27 00:17:40
U3822H,seanfreeman,sharon09@example.org,*c!7KPqZCjG!,Micheal,Murphy,False,system_admin,98.0,False,,2024-01-05 22:13:56
P3822Y,johnsoneric,monica69@example.com,#_%XGglUal5v,Jessica,Page,True,user_professional,,False,,2024-05-20 14:46:46
U3823Q,john64,cmartin@example.net,c7+caAlI#PIx,Steven,Bryant,False,user_professional,,False,,2024-07-13 23:43:30
P3823O,carmensavage,bensonbecky@example.com,C+5!bBYpB2rt,Victoria,Bryant,True,user_professional,67.0,False,,2024-03-20 01:48:49
U3824B,kristy40,jenkinsmario@example.com,E1$_Zi$ABO7h,Timothy,Soto,True,user_professional,,False,,2024-01-25 21:54:29
P3824L,rose02,adamsmatthew@example.net,HsMz*hhE$8TU,Brian,Perry,False,system_admin,,True,Multiple failed login attempts,2024-03-24 23:28:17
U3825L,sue54,millerjustin@example.org,@&cnU43sli2M,Wendy,Clark,True,nacb_admin,6.0,False,,2024-02-14 17:18:23
P3825H,jordanbrandt,ashley77@example.com,!6o73u#wh*5U,Angela,Summers,False,organization_member,,False,,2024-01-11 23:49:30
U3826F,duffybrett,hjackson@example.org,g4QOBIMz@G!7,David,Murphy,False,user_professional,,False,,2024-01-15 04:47:15
P3826T,pbutler,sotobrandon@example.net,kMZfJIAi!Z2x,Joseph,Jones,True,user_professional,9.0,False,,2024-05-08 03:37:37
U3827T,thomasmary,sparkskimberly@example.com,T9VceWw(+OMu,Abigail,Wilkins,False,user_professional,,False,,2024-07-06 22:48:22
P3827H,sandradaniels,kellyrivers@example.net,&r@Zdj7dW1io,Debra,Ellis,False,user_professional,40.0,False,,2024-02-15 02:10:43
U3828Y,bryanjohnson,michaelshea@example.com,#6SYWE%1c&id,Monica,Miller,False,user_professional,,False,,2024-01-10 04:52:33
P3828B,davismark,brian20@example.net,La0FtJilO!Fb,Kelly,Baxter,False,user_professional,58.0,False,,2024-01-29 18:19:54
U3829T,christopher32,davisjennifer@example.net,+81!edRp#RFI,Valerie,Mccoy,True,organization_member,,False,,2024-07-11 14:00:26
P3829U,cynthiamartinez,davisgarrett@example.net,^ZkMWaGcZ0X*,Mark,Smith,False,user_professional,38.0,False,,2024-01-02 07:06:47
U3830X,wilsonmary,hrichardson@example.net,q_3hQodxKDi7,Lynn,Williams,False,user_professional,50.0,False,,2024-07-04 11:57:11
P3830E,kimberlywright,jerry36@example.org,_15DL*eqfX1P,Joshua,Jackson,False,nacb_staff,69.0,False,,2024-05-13 17:06:40
U3831K,stephanieburgess,amy94@example.net,9uTVw*&i+sGN,Kimberly,Hall,False,nacb_staff,,False,,2024-07-03 13:17:04
P3831H,dennisduncan,kirbydaniel@example.org,a$3J_froJvC^,Joseph,Frank,False,organization_member,,False,,2024-03-12 01:46:30
U3832V,kathrynthompson,ryansmith@example.org,gX56YYoX@Hpv,Rebecca,Gibson,False,organization_member,16.0,False,,2024-05-01 23:20:21
P3832E,nmartin,cobbdrew@example.org,%oQL(hNqNnd7,Katherine,Sherman,False,organization_member,,False,,2024-06-16 10:03:20
U3833R,grosales,tyler65@example.com,N2MkvxTH!6R!,James,Flores,False,user_professional,,False,,2024-05-28 14:33:16
P3833H,reyescarla,stephenjones@example.net,P(ph0W(L)uJf,Kristina,Wilkins,True,system_admin,,False,,2024-07-11 16:47:30
U3834V,joshua75,yorkaaron@example.com,x+2VO7(ZFhb6,Jennifer,Jenkins,False,system_admin,,False,,2024-06-02 04:24:06
P3834W,krhodes,christopher47@example.com,R%3CIoGi4)0x,Morgan,Reese,False,nacb_staff,51.0,False,,2024-01-26 06:04:16
U3835K,omoran,sierra53@example.com,a%6_^5Hs1uiQ,Alicia,Murray,True,user_professional,81.0,False,,2024-02-28 22:08:37
P3835T,thouston,ronald59@example.org,w_#$0Ls7TDmQ,John,Bradley,True,nacb_admin,16.0,False,,2024-01-16 14:18:24
U3836F,chadmathews,fmoreno@example.org,I6Xb2_Nl^hfa,Elizabeth,Butler,True,nacb_staff,4.0,False,,2024-01-22 12:38:48
P3836R,maria42,jameskimberly@example.net,L9j#HJ7wpw(7,Denise,Whitehead,False,organization_member,,False,,2024-02-11 11:03:04
U3837S,jose81,rbeck@example.net,mR#2Sb(xh$&0,Mario,Hunter,False,system_admin,,False,,2024-05-16 15:16:03
P3837Y,careyalexander,lopezjessica@example.com,^REBth9nc00%,Ryan,Mcgee,True,organization_member,,False,,2024-03-19 19:08:35
U3838U,combsjoseph,reynoldsmark@example.org,)+t0jC#m*s78,Albert,Williams,False,nacb_admin,,False,,2024-06-12 21:41:06
P3838N,zsharp,erhodes@example.net,aI9!_OSx(Gw8,Brian,Frye,False,user_professional,53.0,False,,2024-04-02 13:09:56
U3839Y,erin97,sbutler@example.com,5+fl4C#xi3&J,Brandon,Simon,True,organization_member,,False,,2024-06-09 18:53:48
P3839H,blake17,richardbooker@example.org,lvz$6Nhe@Jw*,Noah,Mccullough,True,organization_member,97.0,False,,2024-02-26 01:42:40
U3840M,katelyn84,donaldsondaniel@example.com,1!89EGrMfN0^,Heather,Garcia,True,organization_member,42.0,False,,2024-03-22 18:03:51
P3840S,allen49,khodges@example.org,p(0IXtReLlAM,Paula,Mcguire,False,user_professional,16.0,False,,2024-01-11 12:38:20
U3841E,johnsonkatherine,erickelly@example.com,(RDuU9Fbl8$9,Kara,Graham,False,nacb_staff,38.0,False,,2024-06-05 02:42:49
P3841C,jennifer20,rowewilliam@example.net,N^1kYJdx%ez),Gina,Lee,False,user_professional,,True,Breaching confidentiality agreements,2024-03-11 13:47:32
U3842N,carla93,ronaldjackson@example.com,I(6LdrNy&$!T,Thomas,Bell,True,organization_member,,False,,2024-03-30 08:11:56
P3842R,changkyle,sperez@example.org,iRE#k^$uDh2Q,Betty,Copeland,False,organization_admin,,False,,2024-03-12 20:35:18
U3843G,uhall,rodriguezandrew@example.com,iq66Klp(TgL*,James,Olsen,False,user_professional,53.0,False,,2024-04-25 07:43:33
P3843R,aprilbeck,stephanieshannon@example.org,9jaZ9KwyL#F8,Mark,Pacheco,False,organization_member,40.0,True,Unauthorized access attempts,2024-03-14 16:56:45
U3844K,ithomas,xhill@example.org,)f^_jDCbnKW7,Charles,Meyer,True,nacb_staff,,False,,2024-06-16 20:32:08
P3844L,bobby52,cervantesgeorge@example.org,DfDdxiJj+7Z^,Joshua,Johnson,False,user_professional,54.0,False,,2024-04-23 23:55:58
U3845K,susanjones,jilljenkins@example.com,2cgBF3Gs1^a$,Paul,Harris,False,user_professional,12.0,False,,2024-01-17 00:03:29
P3845K,whernandez,juliecox@example.org,^yNj6hHmObk8,Ronald,Jones,True,user_professional,28.0,False,,2024-06-17 01:48:42
U3846S,irusso,lindseysosa@example.net,Wo86st$&#_*R,William,Tyler,True,organization_member,54.0,True,Non-compliance with community guidelines,2024-05-06 05:09:02
P3846Y,lejohn,michael29@example.org,4(y%xDQz*ww4,Amanda,Beck,True,user_professional,95.0,False,,2024-03-22 13:57:49
U3847Z,shunter,langjulie@example.com,+e&uQd&+J7ea,Mario,Miller,False,organization_member,,False,,2024-03-05 06:52:47
P3847Z,hernandezdwayne,xwilliams@example.com,)b8LMxd&2#k0,Amanda,Woods,True,organization_member,71.0,False,,2024-06-02 14:15:50
U3848V,danielwilliams,phillip22@example.com,w%!NCyU3$*9O,Mark,Castillo,True,user_professional,,False,,2024-06-27 19:34:38
P3848X,lynchmatthew,wendy79@example.org,3lT+PlGV_tgw,Joshua,Cortez,True,user_professional,,False,,2024-04-07 07:01:38
U3849U,dbrown,jamesanderson@example.com,#zXoBgdb80dl,Evan,Johnston,False,nacb_staff,79.0,False,,2024-01-20 17:35:32
P3849Y,susan76,omartin@example.org,gPc35gAvZr!h,Kaylee,Walker,True,user_professional,52.0,False,,2024-06-13 08:10:09
U3850W,robin65,cheryl82@example.com,R@mvSbJm_P71,Samantha,Price,True,organization_member,,False,,2024-02-14 04:21:58
P3850K,yfields,bowersamanda@example.org,u1RprLKn)f(I,Brian,Wolf,True,organization_member,,False,,2024-04-26 10:16:21
U3851H,freemanjennifer,robert80@example.org,ToM)%41vK^1N,Michael,Davis,True,nacb_staff,,False,,2024-01-06 18:40:36
P3851M,howard41,jeff59@example.net,$8n2GKLTmh!L,Kristin,Rogers,False,organization_member,89.0,False,,2024-06-12 01:39:08
U3852H,judyschultz,aliciaturner@example.org,bl9NKUij2%Tq,Amy,Clark,False,organization_member,,False,,2024-03-19 06:54:00
P3852O,estradadeborah,gabrielle36@example.com,KLf#1Uu8^84B,Mario,Ramsey,False,organization_admin,,False,,2024-01-16 09:40:00
U3853T,mckeejessica,karenharper@example.com,3c31Drmfer^g,Andrea,Walters,False,nacb_staff,,False,,2024-06-19 20:20:00
P3853W,james39,smithjulia@example.org,6n6wEtflN!W),Justin,Brown,True,organization_member,31.0,False,,2024-04-05 18:07:08
U3854G,karenwilson,shelby76@example.com,K0nqMDfk)Dmk,Amber,Santos,False,user_professional,,False,,2024-07-19 08:35:05
P3854R,owilson,andrew55@example.org,ti#CJYV2y_5w,Anna,White,False,organization_member,,False,,2024-04-04 22:14:17
U3855F,joconnell,eduncan@example.com,$5QZboekoVYi,Ryan,Castro,False,organization_admin,,False,,2024-02-25 10:18:31
P3855C,markriley,michelleberry@example.org,pX73zIhPa(MQ,Kimberly,Gray,True,user_professional,63.0,False,,2024-07-08 07:13:44
U3856E,vjones,michealrojas@example.com,Y&0MHps_%3l(,Elizabeth,Hess,False,organization_admin,,False,,2024-01-24 11:36:55
P3856A,raguilar,scott41@example.net,b2H3UBz9(s(D,Cheryl,Swanson,True,organization_member,,False,,2024-05-18 14:16:59
U3857Y,morgan35,coleeric@example.org,hTwC5SAojr@0,Sandra,Higgins,True,user_professional,58.0,True,Multiple failed login attempts,2024-01-08 12:34:22
P3857D,mathew87,robbinsjason@example.com,1e4iPHcm(UtV,Victor,Nguyen,False,organization_member,20.0,False,,2024-03-16 14:25:59
U3858U,edwardsstacy,whitestephen@example.com,NK8iRo@i_+*f,Chelsea,Manning,False,organization_admin,44.0,False,,2024-04-30 21:11:24
P3858V,eriggs,russovictor@example.org,uggoCcr5+2v%,Dan,Garrett,False,nacb_staff,92.0,False,,2024-02-14 16:09:10
U3859Y,joseph89,zarmstrong@example.net,#rH7BkNt$TYr,Victoria,Hurst,False,organization_admin,,False,,2024-01-21 18:08:55
P3859T,sarah97,vdrake@example.com,K3TC8n7i)WaF,Isabella,Hudson,False,organization_member,,False,,2024-01-29 00:51:31
U3860T,bjones,mckenziemark@example.org,Lt$1Akgrcf0K,Kevin,Lindsey,False,nacb_admin,,False,,2024-01-27 08:05:50
P3860O,tinabaker,kevinbaxter@example.com,Q1vhdsXx@loK,Megan,Perez,False,user_professional,,False,,2024-04-29 22:40:00
U3861Z,linda00,riverajustin@example.org,$sR_5XOjQ+8Z,Natalie,Wolf,False,organization_member,100.0,False,,2024-04-16 16:27:07
P3861L,rodriguezannette,beth66@example.org,@9^YqAkyiDVH,Rose,Nolan,False,user_professional,,False,,2024-04-29 15:02:50
U3862L,qprice,mmoore@example.org,4cjSgfxc)11C,Allen,Nunez,False,organization_member,,False,,2024-02-25 07:07:15
P3862P,jill72,laurenlivingston@example.net,!0TXsRpze2J@,Jesse,Carter,False,nacb_staff,45.0,False,,2024-07-03 08:31:10
U3863T,marissaphelps,whitebrian@example.net,v4hZ#HIU!gjS,Kelly,Walker,True,nacb_admin,,True,Violation of terms of service,2024-01-02 15:57:39
P3863F,petercook,ccampos@example.net,Er6Wd^3SQ#GQ,Christopher,Lee,True,nacb_admin,,False,,2024-06-02 17:53:12
U3864U,stephaniemartin,jamie32@example.com,gs9C!+Mrm%6F,James,Clark,False,organization_member,24.0,False,,2024-06-04 12:43:50
P3864R,johnsonvanessa,iflowers@example.org,e*i1Wk#@^@4d,Julie,Dillon,False,organization_member,,True,Fraudulent transactions detected,2024-04-30 13:22:40
U3865V,lisa15,ifrancis@example.com,%1htH8h&OP_6,Sergio,Clark,True,nacb_staff,,False,,2024-01-03 16:50:03
P3865P,mporter,michaelharvey@example.org,)7jphhHFDVVn,Margaret,Hill,True,user_professional,,False,,2024-03-10 04:01:26
U3866U,dcarroll,joanncarr@example.net,Q52CYGz#&cW1,Michael,Hoffman,True,organization_member,4.0,False,,2024-05-28 17:30:57
P3866L,bakercarrie,qkim@example.com,@+7USMWfW&8z,Alexandra,Bennett,True,organization_member,,False,,2024-04-06 05:10:19
U3867Z,andrestanley,dean54@example.net,@EDpLEYkv1!p,Jennifer,Santiago,True,nacb_staff,,False,,2024-06-04 18:33:41
P3867K,alvaradojohnny,lisa61@example.net,Au#jnNv(_8mA,Carolyn,Cline,True,user_professional,78.0,False,,2024-05-13 13:38:32
U3868Z,jdeleon,briannanewman@example.net,(Kf2YAkXnt%M,Sara,Vang,False,user_professional,,False,,2024-02-26 21:20:54
P3868M,thomas22,crandolph@example.org,7giNJp5n^b+&,Teresa,Sloan,True,organization_member,58.0,False,,2024-07-10 21:24:35
U3869S,ryan28,jacobssara@example.net,E(3Jc5Ai_9)P,Tiffany,Aguilar,True,user_professional,,False,,2024-06-16 04:04:36
P3869S,trevorevans,wesley01@example.com,R^9MhKjqTJ5X,Courtney,Hughes,False,organization_member,,False,,2024-04-03 16:23:34
U3870E,christinapayne,qrodriguez@example.net,$(SBD6f8S0fW,Joanna,Evans,False,system_admin,30.0,False,,2024-02-06 08:28:52
P3870M,amullen,kathleen83@example.com,e2@#x(f!*CfK,Brian,Alvarez,True,user_professional,46.0,False,,2024-04-01 20:49:17
U3871P,justinmoss,josemeyers@example.com,5vAl)5pAF3R&,Andrea,Gardner,True,nacb_admin,29.0,False,,2024-03-09 16:02:25
P3871V,xrusso,elizabethhendricks@example.com,Rz_L3AGw#3xd,Jennifer,Green,True,organization_member,6.0,False,,2024-01-04 02:57:18
U3872G,joerogers,shawn44@example.org,h)3*JK*itoV2,William,Baker,True,organization_member,,True,Non-compliance with community guidelines,2024-01-29 17:51:42
P3872M,ariasmark,kevinrangel@example.net,9P^+V4Stz!8o,Susan,Jenkins,False,user_professional,54.0,False,,2024-05-24 05:15:40
U3873J,kingtodd,nguyenjared@example.com,$AfH7Tf6Gm!+,Steven,Williams,False,nacb_staff,72.0,True,Use of prohibited software or bots,2024-05-18 15:25:45
P3873B,wpowers,madison60@example.net,$@8LMJx2(w!k,Douglas,Payne,True,system_admin,82.0,False,,2024-07-19 14:41:19
U3874R,ywebster,santiagocarlos@example.org,@v4pC@BK#^8L,Samantha,Cook,True,organization_member,,False,,2024-01-09 05:52:21
P3874M,cgaines,jamestorres@example.net,YSg@$%1l$2EI,Justin,Clements,True,user_professional,,True,Non-payment of subscription fees,2024-03-18 18:12:55
U3875A,aparker,alvaradosally@example.com,KGTVgRD&^2Hg,Felicia,Duffy,False,system_admin,,False,,2024-01-14 00:15:20
P3875O,mary07,archeranthony@example.com,rC_h0U2a$vhZ,Sabrina,Gonzalez,False,nacb_admin,,False,,2024-05-13 23:03:35
U3876Z,daniel91,johnnyvalenzuela@example.net,A1C_7AcbV)&x,Gabriel,Hawkins,False,user_professional,8.0,False,,2024-06-05 03:42:20
P3876R,ravenwagner,dstevens@example.com,c#HN)z^&!K2&,Danny,Williams,True,nacb_staff,,False,,2024-07-03 03:45:20
U3877P,johnsonphillip,pmoran@example.net,*Yjv&r2r&4CQ,Matthew,Stevens,False,organization_admin,55.0,False,,2024-06-06 07:50:07
P3877U,katie82,qsmith@example.net,*4rUNe!)8Y(W,Susan,Ayala,False,nacb_staff,7.0,False,,2024-03-07 23:01:00
U3878T,brendavelasquez,kingsean@example.org,n#5teHzdUnbj,Carlos,Ramsey,False,nacb_staff,,False,,2024-03-09 10:50:21
P3878Q,wrightsarah,baileyjason@example.net,L5ACun1&$0IF,Leslie,Mckay,True,nacb_staff,,False,,2024-01-10 21:38:27
U3879A,harnold,amy35@example.org,dl9+ROouY8tO,Julie,Ward,True,organization_member,31.0,False,,2024-05-25 08:24:51
P3879V,samuel96,maurice05@example.com,9rAb7*8FT4(l,Dustin,Fowler,True,system_admin,62.0,False,,2024-05-03 02:19:21
U3880P,gilesalexandra,sotodonna@example.org,fFPaRWr7%QO1,Russell,Wood,True,nacb_staff,,False,,2024-03-29 04:50:12
P3880E,smithsean,talvarado@example.org,#MUYG3o(vO6C,Ashley,Carpenter,True,system_admin,70.0,False,,2024-04-11 21:34:06
U3881X,michellemoore,elizabethruiz@example.com,&FTjcFdmMP9P,Brandon,Walker,False,organization_member,,False,,2024-02-23 15:30:29
P3881K,andrew87,camposmicheal@example.org,%8LPM+k2_arp,Paul,Thomas,False,nacb_admin,,False,,2024-06-29 17:00:57
U3882U,panderson,ystark@example.net,Kr1)X&gxhuz3,Morgan,Sanchez,False,user_professional,22.0,False,,2024-03-10 04:44:48
P3882O,ialvarado,tcampbell@example.org,3Z4pDRgv)E^D,Amanda,Foster,False,organization_member,,False,,2024-04-28 09:32:39
U3883X,hnguyen,ihernandez@example.net,257!k%We)T8W,John,Lindsey,True,organization_member,20.0,False,,2024-07-10 16:04:06
P3883F,ashley99,robingoodman@example.com,zty1qCrau3@n,Jeffrey,Jones,False,organization_admin,,False,,2024-03-08 23:39:15
U3884T,martinezcassandra,esingleton@example.com,W2T^%ab($pg0,Peter,Jarvis,False,nacb_admin,9.0,False,,2024-01-12 01:09:35
P3884C,angelawhite,jimmy47@example.org,c#U^AfRFRF5x,Kenneth,Sharp,True,user_professional,76.0,False,,2024-04-19 13:12:48
U3885A,matthewharper,hallen@example.net,ge(02ZswyXkF,Carol,Armstrong,False,user_professional,,False,,2024-04-20 07:54:28
P3885Q,barreratodd,ihayes@example.net,sPP8ZHMn*VOH,Gary,Nunez,False,user_professional,81.0,False,,2024-05-14 07:25:12
U3886Q,roberta61,jvega@example.org,#A389PotW1lp,Mark,Lynch,True,organization_member,55.0,False,,2024-04-25 22:59:11
P3886U,coxjohn,rhondachandler@example.org,*ngzfRUFj0kN,William,Evans,True,nacb_admin,37.0,False,,2024-03-11 01:20:03
U3887G,ijenkins,thomasmartin@example.net,@1xFrSiO19Dw,William,Williams,False,organization_member,,False,,2024-02-01 08:35:33
P3887E,kathleen88,mcgrathbradley@example.org,L#Iqlnw4K9(F,Angela,Farrell,False,organization_member,,False,,2024-03-24 13:40:12
U3888B,ngarcia,jonesdana@example.com,8vSYp#C4#)8M,Tiffany,Ayers,False,nacb_admin,89.0,False,,2024-02-12 02:08:36
P3888X,asmith,torresashley@example.org,)P5KQ9hH&5YW,Kayla,Barnett,False,organization_admin,87.0,False,,2024-04-06 11:41:36
U3889G,uholland,benderamanda@example.org,NhxmGuDZa(6f,Jeffery,Williams,False,user_professional,,False,,2024-02-02 21:06:53
P3889D,wrightrichard,larnold@example.net,aeO6Clk_@%Oo,Lisa,Wade,False,organization_admin,22.0,False,,2024-03-26 04:00:58
U3890T,melissa78,michaelmercer@example.net,@6eev$714OBB,Nathaniel,Harper,True,organization_admin,57.0,False,,2024-06-26 05:03:26
P3890E,floydcindy,jonathannielsen@example.org,a)tSZEh!r^3!,Katherine,Daniels,False,organization_member,,False,,2024-07-21 00:00:15
U3891V,kwhite,johnsonbethany@example.org,J4P25Q!xY3&C,Elizabeth,Hill,False,user_professional,,False,,2024-05-13 15:56:09
P3891C,scott46,charles02@example.com,kk9BvKJT#^Tv,William,Wood,False,user_professional,33.0,False,,2024-01-10 06:16:46
U3892B,gibsondorothy,christine06@example.com,@)*MRnjdi4$0,Christopher,Mann,False,organization_member,85.0,False,,2024-02-06 18:35:56
P3892R,james91,justintyler@example.net,5tVP^i&h*@7),Michael,Mcpherson,False,nacb_staff,,False,,2024-05-28 10:46:18
U3893Z,chale,markpowell@example.com,Q(&c8LHhX7U0,Amanda,Gordon,True,organization_member,32.0,False,,2024-01-11 12:40:13
P3893D,johnbarton,dpayne@example.org,gsiZJT3r^0xf,John,Sandoval,False,organization_member,65.0,False,,2024-01-08 09:42:19
U3894C,phillipgarcia,caitlinwhite@example.com,M72VpJS@G*mH,Timothy,Evans,True,system_admin,,False,,2024-06-14 10:15:02
P3894L,luisjohnson,matthew47@example.org,QR1Wi+jv)7Qh,Sabrina,Rubio,False,user_professional,19.0,False,,2024-01-15 02:06:07
U3895L,bmartin,daviskathy@example.com,$reO)Ki46aM3,Dana,Brown,False,organization_admin,,False,,2024-05-29 12:41:21
P3895G,hornerebecca,dpierce@example.net,XDRTluOU0A&c,John,Terry,True,nacb_staff,67.0,False,,2024-03-17 04:07:07
U3896Z,briancarlson,spowers@example.net,&mP7O_Iq2s#N,Christine,Thompson,True,nacb_staff,,False,,2024-03-14 09:38:31
P3896T,oallison,john55@example.net,_1givYJaj7R5,James,Bauer,False,user_professional,,False,,2024-03-23 04:08:44
U3897D,fryesarah,wandathomas@example.net,)1Z+KJZkTE&#,Matthew,Cisneros,False,system_admin,,True,Security policy violation,2024-02-12 23:28:53
P3897K,rcohen,brookegreen@example.net,Py1*NcPa$1V2,Donna,Fisher,True,user_professional,2.0,False,,2024-05-14 00:40:19
U3898T,listephen,pibarra@example.com,&2vpj3p!itJX,David,Smith,True,organization_member,,False,,2024-04-02 22:58:41
P3898K,carrillojoe,justinrodriguez@example.com,Q4ZR+9QxN#1H,Marco,Cooper,True,user_professional,,False,,2024-02-17 20:44:57
U3899N,fgonzalez,knightjames@example.net,4N6xnY)&+$JD,Frank,Sherman,False,organization_member,94.0,False,,2024-04-01 23:08:53
P3899D,michael06,cassandra65@example.org,+y2#K0wptrwx,Destiny,Thompson,True,user_professional,,False,,2024-03-09 08:05:45
U3900S,zjones,jermainewilliams@example.org,Ek5#M8xD&!BF,Kristy,Conway,False,organization_admin,77.0,False,,2024-02-10 16:34:55
P3900Z,nelsonregina,deleonvincent@example.net,+WW^IoEJ38vG,Kelsey,Russell,False,user_professional,97.0,False,,2024-04-05 04:06:38
U3901E,wsummers,qvasquez@example.org,Z0xkP#j$$WDS,Jason,Cochran,True,organization_member,78.0,False,,2024-04-27 11:57:45
P3901I,dschwartz,rmiller@example.net,Zv7X96PcB++T,Ryan,Copeland,False,nacb_admin,,False,,2024-02-16 23:05:54
U3902M,misty49,zpadilla@example.net,4Kax%3Z)FnQ%,Sheryl,Frey,True,organization_member,51.0,False,,2024-02-22 12:01:07
P3902N,lisa90,barajasjill@example.net,Y_Pd5WYgWQ_6,Calvin,Walton,True,organization_member,,False,,2024-01-01 02:51:43
U3903O,sbrown,shanegordon@example.net,v+UTqZoS)8FY,Dakota,Smith,False,user_professional,,False,,2024-01-17 20:58:12
P3903W,tylerbailey,richardsandoval@example.org,&SPPmWaLeB4M,Mary,Barker,True,organization_member,13.0,False,,2024-07-21 06:04:55
U3904V,cnguyen,melissanguyen@example.org,691FASbr2)UC,Christine,Thomas,True,nacb_admin,87.0,False,,2024-07-09 22:36:29
P3904M,carterbrittney,eduardobailey@example.com,*#ZoRyKC56Z%,Michael,Figueroa,True,user_professional,80.0,False,,2024-06-11 04:48:00
U3905H,julie45,espinozachelsea@example.com,@1)6O7bXL)1B,Julie,Aguilar,False,organization_member,,False,,2024-04-11 02:46:52
P3905O,vmccarthy,reyesdana@example.net,a$9Rx)MCCc&p,David,Schmidt,False,organization_member,,False,,2024-01-07 14:30:26
U3906G,erica58,ebony16@example.net,^keMqG*y1tUI,Linda,Meyer,False,nacb_staff,47.0,False,,2024-05-22 14:13:40
P3906O,amandabernard,kgray@example.net,kCLFa@)A+12b,Robert,Olsen,True,nacb_staff,,False,,2024-06-10 05:53:49
U3907V,timothy86,sherry92@example.org,#q_AQMWi1dFx,Anthony,Owens,True,organization_admin,97.0,False,,2024-02-17 23:49:58
P3907F,aliciafrench,stephenskari@example.org,$BCF4McPme_3,Alicia,Glover,False,nacb_staff,,False,,2024-06-19 20:01:05
U3908U,elizabethsullivan,max43@example.net,^AGunN%PW2W6,Philip,Harris,False,user_professional,42.0,False,,2024-05-29 06:17:18
P3908L,rhonda77,astanley@example.com,P9g@ux$kSMvS,Amanda,Caldwell,False,nacb_admin,,False,,2024-04-14 23:48:46
U3909F,andrew74,sjones@example.net,@avX5#hGE9xO,Jessica,Espinoza,True,system_admin,100.0,False,,2024-04-07 01:31:20
P3909J,matthewleonard,michaelgrant@example.org,oCRen$iN!2rA,Lisa,Boyd,True,user_professional,38.0,False,,2024-06-27 21:39:50
U3910X,clarkrobert,jefferyerickson@example.org,Yv9^N17^@%uN,Jennifer,Andrews,True,user_professional,62.0,False,,2024-07-20 23:16:32
P3910N,laurendavis,vasquezjohn@example.org,En2LGte#1)7v,Victoria,Watson,True,organization_member,,False,,2024-01-24 19:00:48
U3911E,leah02,thomasbennett@example.com,Wni3Qf+uZ)O(,Debra,Gibson,True,nacb_staff,27.0,False,,2024-01-12 04:50:35
P3911D,zflores,howardmelinda@example.com,*n)34JxcT(u7,Henry,Smith,True,user_professional,23.0,False,,2024-05-03 06:36:59
U3912J,ethomas,alexandra36@example.org,k@ImO@F)8aL6,Nicole,Scott,True,organization_admin,,False,,2024-06-05 15:27:54
P3912U,michael02,angela10@example.com,lu+sFWeKG6BO,Joseph,Werner,True,nacb_staff,87.0,False,,2024-04-14 00:22:59
U3913E,jennifergarcia,velasquezmiranda@example.com,&y8tZVem#vrx,Patrick,Cantu,True,system_admin,,False,,2024-04-11 06:39:51
P3913I,harrisjoyce,pjohnson@example.org,o!QKQeQ(Qy3E,Craig,Murphy,False,organization_member,,False,,2024-01-13 02:30:35
U3914D,valdezbryan,brusso@example.net,0+9WuNjw!6R@,Mark,Lopez,False,organization_member,91.0,False,,2024-02-12 22:06:43
P3914B,tmassey,roberthawkins@example.com,!z#vUjiw82@H,Anthony,Stone,False,user_professional,,False,,2024-02-15 06:00:37
U3915Q,danielsuarez,vincentpalmer@example.org,iI57M3ls_i8U,Tanya,Martinez,False,organization_member,58.0,False,,2024-01-24 01:12:48
P3915B,lloydmark,knightchristopher@example.net,IK5Qcg3f_bcF,Alexis,Hoffman,False,organization_member,92.0,False,,2024-04-19 00:40:18
U3916P,brandon92,nathan93@example.org,vNg6U+Cj+6B7,Lisa,Daniel,False,organization_member,,False,,2024-06-29 15:57:58
P3916O,iyoung,curtisdevon@example.net,Sq94oFmgV+0Q,Bradley,Collins,True,organization_member,56.0,False,,2024-02-08 20:26:42
U3917J,william91,davidmerritt@example.org,b_FG5AJbG@a#,Alice,Watson,False,organization_member,14.0,False,,2024-07-23 22:30:56
P3917C,qwoods,jillfox@example.com,TA2D2vD6^vE6,Antonio,Riley,False,user_professional,,False,,2024-02-28 11:59:48
U3918X,gailjackson,crosbyjennifer@example.com,rjK_^b7^!4R#,Donna,Hudson,True,nacb_admin,11.0,False,,2024-05-03 07:58:27
P3918O,kellythomas,floreshannah@example.net,)24uCbpMmgXS,Jessica,Terrell,True,user_professional,94.0,False,,2024-06-26 12:48:33
U3919N,qmarquez,jamesdeleon@example.net,$G81c+q76*4N,Manuel,Wallace,False,user_professional,,False,,2024-05-21 19:06:19
P3919R,jacqueline28,kmiller@example.net,9Es@K2R+a7Vm,Douglas,Campbell,True,organization_member,,False,,2024-01-21 18:26:32
U3920G,mdiaz,gscott@example.com,2_qCXPWuXTl0,Linda,Koch,False,nacb_admin,55.0,False,,2024-04-30 01:11:27
P3920B,hgomez,bpalmer@example.org,@2iBC7ZryIf+,Lisa,Knapp,False,nacb_admin,50.0,False,,2024-02-06 07:08:30
U3921O,dianeking,lisalawrence@example.com,OOv7M)td@_9o,Autumn,Ballard,True,nacb_staff,2.0,False,,2024-06-21 16:51:21
P3921J,branchvalerie,fmartinez@example.net,X31Uprq9*mGQ,Rebecca,Gillespie,True,user_professional,90.0,False,,2024-07-24 00:37:34
U3922N,rogermartin,morganeric@example.net,&8R$XeGE30FV,Shane,Willis,True,organization_member,53.0,True,Multiple failed login attempts,2024-01-02 10:03:13
P3922I,lambertsusan,tarafernandez@example.net,vM5hjr8b^qH@,Michael,Martin,True,user_professional,,False,,2024-06-29 03:59:22
U3923T,rwyatt,samuelcrawford@example.net,UW6Cyxia1!t6,Steven,Schmidt,True,organization_member,16.0,False,,2024-02-03 13:22:36
P3923N,rbauer,millerrobert@example.com,v6!_HFIc(*_8,Connor,Miller,True,user_professional,53.0,False,,2024-02-25 11:50:33
U3924A,david05,ywiggins@example.org,*1eFlLlsJ1MK,James,Tucker,False,user_professional,54.0,False,,2024-07-11 13:24:02
P3924H,murillochristopher,harrisonalexander@example.com,V4W7r#1gBQu@,Rhonda,Cervantes,True,organization_member,49.0,False,,2024-01-09 09:43:42
U3925R,tracy88,williamschristopher@example.net,a7QP3hmfL&M),Amber,Hubbard,False,user_professional,,False,,2024-01-17 07:33:56
P3925C,jennifer10,campbellamy@example.net,)U#Wmf5dHZ58,Joseph,Morton,True,organization_member,,False,,2024-04-18 11:27:21
U3926M,gdavis,amyhanson@example.com,Z%iXJ!GmbX2z,Peter,Martinez,True,user_professional,96.0,False,,2024-06-17 06:40:45
P3926O,buchananjessica,keithtroy@example.org,h&#h1H2mhj67,Timothy,Clayton,True,user_professional,,False,,2024-03-10 17:33:21
U3927J,georgejon,moorepatrick@example.net,+_Hfx+GY4POX,Austin,Hancock,False,user_professional,,False,,2024-03-23 01:49:24
P3927Z,floresdavid,walkermelissa@example.net,^RJ1rzzMm9hK,Crystal,Villanueva,False,organization_member,63.0,False,,2024-04-11 00:03:09
U3928X,paulfisher,qhenderson@example.net,vl(sU#zOAr0_,Julie,Warren,False,organization_member,84.0,False,,2024-02-20 14:10:38
P3928Y,gutierrezdenise,rickyburke@example.org,971HBk@oWY^U,Zoe,Little,True,nacb_admin,,False,,2024-04-14 16:46:03
U3929O,lisacox,michelle16@example.net,!8Ys!IZX#dN7,Mackenzie,Hicks,False,organization_member,,False,,2024-07-08 22:49:14
P3929L,osmith,amandaporter@example.com,j117_MZa)UZj,Justin,Patterson,False,organization_member,,True,Misrepresentation of identity,2024-04-15 05:06:18
U3930M,gwheeler,sonyaford@example.net,J25gV5fl^OIJ,Michelle,Baker,False,organization_member,,False,,2024-05-22 11:59:11
P3930Y,phillip22,bwade@example.com,N&6bXHGf1Nw6,Emily,Hernandez,False,organization_member,75.0,False,,2024-07-13 23:16:08
U3931Y,turnermarcus,michaelrobbins@example.com,)2EK7B(SFv&L,Willie,Dean,False,organization_member,,False,,2024-06-13 05:26:07
P3931E,dillonmartin,denisebowman@example.com,^l7&Mh%OAj#Q,Jessica,Johnson,False,user_professional,,False,,2024-04-11 18:15:12
U3932G,sara31,steven51@example.org,xXN%iC5x#9+M,Victoria,Wilkerson,False,nacb_admin,,False,,2024-05-24 12:05:39
P3932A,phillipblack,schultzcharles@example.org,ROB$yTzJ5cnB,Michael,Archer,True,nacb_staff,68.0,False,,2024-02-11 07:41:54
U3933D,frederick07,jkaiser@example.org,!ZA!zriLM4As,David,Jones,False,organization_member,,True,Violation of terms of service,2024-03-14 06:10:32
P3933V,raven55,nancyrangel@example.com,^7tyKqcpp*r2,James,Harper,True,organization_admin,95.0,False,,2024-02-01 18:08:53
U3934Z,chadmorales,yvetteosborne@example.com,+@#gCAUh!UY9,Helen,Potts,False,organization_member,83.0,False,,2024-05-28 19:52:28
P3934J,traceyparker,comptonkim@example.net,+W4gPVgIOC!6,Dakota,Bell,True,organization_member,,False,,2024-04-12 06:21:41
U3935H,waltonapril,epatel@example.net,@7xD8Zgkyy^B,Michael,Smith,False,user_professional,,False,,2024-05-01 15:04:06
P3935A,guzmanjulie,tina98@example.com,m(5E0Xzq%Y(E,Nancy,Edwards,False,user_professional,30.0,False,,2024-01-22 07:30:38
U3936K,angelahill,tammy36@example.net,^O+4+HKcCImo,Suzanne,Brown,False,nacb_staff,34.0,False,,2024-02-07 13:16:40
P3936K,amy47,stevensjohn@example.net,&1_zO+w#9LLb,Angela,Murphy,True,nacb_staff,41.0,False,,2024-04-01 00:11:41
U3937S,tmack,mharris@example.com,41z_qaMc!F#Q,Alexis,Ford,True,user_professional,,False,,2024-05-13 05:23:32
P3937C,collinspaul,kristen09@example.net,lH6%MGn%8g53,George,Morgan,True,user_professional,,False,,2024-06-11 18:06:30
U3938Z,catherinewood,michaelmorse@example.org,DF7rLlqj($yh,Shirley,Jimenez,True,user_professional,,False,,2024-04-21 23:30:24
P3938E,ashleymiller,matthewgay@example.org,&hkOdBAfo5tv,Joseph,Robinson,False,user_professional,18.0,False,,2024-01-26 11:55:46
U3939A,johnwood,baileydavid@example.org,J9&6H!BT^i!p,Matthew,Allen,False,user_professional,83.0,False,,2024-02-29 21:31:41
P3939U,rodriguezamanda,ganderson@example.com,kN$CLjqthM9D,Darren,Jimenez,True,user_professional,,False,,2024-02-28 04:08:50
U3940U,amy43,tgutierrez@example.net,+oHHw5nM02ZC,Melissa,Moore,True,user_professional,88.0,False,,2024-02-24 23:29:24
P3940C,tracymoreno,johnchristian@example.org,!+1CG5yo)1aH,Tiffany,Serrano,False,organization_member,,False,,2024-06-26 08:09:47
U3941P,tyleranderson,barnettjoshua@example.org,(uP4nGwc%)oi,Claire,Merritt,True,organization_admin,,True,Non-payment of subscription fees,2024-02-03 06:13:03
P3941F,nathan45,josephknight@example.org,%JPjlRMnBse6,Ryan,Wilson,False,user_professional,,False,,2024-06-23 14:38:55
U3942D,deannamurphy,kayladalton@example.com,o$96uOYwO+X(,Alexis,Mosley,False,user_professional,,False,,2024-06-25 19:51:06
P3942W,lesliewilliams,cheryljohnson@example.org,#2*Tx2UuHRR6,Jeremy,Shepard,False,user_professional,48.0,False,,2024-02-22 18:16:21
U3943G,jesusatkinson,kaguilar@example.com,QylCg2(iq@7E,Scott,Myers,False,organization_member,,False,,2024-03-25 04:49:20
P3943J,angelanorman,olsenmary@example.com,_OUYOtomZG7Y,Antonio,Johnson,True,user_professional,,False,,2024-05-31 19:01:48
U3944C,simpsonrobert,tara25@example.net,#40vW@)eyv1Y,Joyce,Ortiz,True,nacb_admin,,False,,2024-05-31 14:25:54
P3944S,margaret60,parkerpaul@example.com,5!+gZkiG@B5Y,Nicholas,Costa,True,organization_member,29.0,False,,2024-01-18 03:10:00
U3945J,makaylajones,vcarrillo@example.org,3KfQf%4F$LKG,Matthew,Taylor,False,nacb_admin,81.0,False,,2024-05-10 01:56:08
P3945S,darlene84,rachelvazquez@example.com,U2d*FOSe*$%k,Bruce,Phillips,False,organization_member,18.0,False,,2024-03-15 08:21:06
U3946C,megan03,kristine96@example.com,44QIKoKx@XSZ,Deborah,Sparks,True,nacb_admin,98.0,False,,2024-03-05 11:04:25
P3946W,brooke05,leeeric@example.org,Vg&)2Qf^V*Ci,Jennifer,Williams,True,organization_admin,,False,,2024-06-13 09:30:46
U3947M,robertrivera,dmarshall@example.org,iI@ZnOk2L8^7,Erika,Wilson,False,nacb_admin,88.0,False,,2024-07-09 02:06:50
P3947N,lucasthomas,robin64@example.com,2+DK2Aywp5!n,Lisa,Watson,False,organization_member,18.0,True,Inappropriate content posted,2024-05-13 22:20:20
U3948Q,dmcneil,david95@example.com,V#eSYtiB$k5a,Gregory,Prince,True,user_professional,86.0,False,,2024-03-01 16:21:17
P3948K,ahoffman,travissanders@example.com,B9IW+a*%&7NC,Richard,Morales,False,system_admin,71.0,False,,2024-04-15 08:03:10
U3949G,scottwatson,john12@example.com,gOI!hVpE^8a0,Shelby,Hudson,False,organization_member,59.0,True,Misrepresentation of identity,2024-05-27 10:54:24
P3949I,scarter,shane62@example.net,sl)QzSfTXo)7,Larry,Hansen,False,organization_member,86.0,False,,2024-07-12 23:01:59
U3950Q,brucecrane,dmatthews@example.org,*D6K%tBoI&WE,Steven,Vasquez,False,user_professional,31.0,False,,2024-03-19 05:59:43
P3950B,reynoldsbeth,johnsonjohnny@example.com,0*kzbLmU(_^2,Richard,Lopez,False,system_admin,52.0,False,,2024-04-03 03:40:01
U3951P,hendersongeorge,matthewweber@example.com,rU54wT5S7&jJ,Beverly,Palmer,True,nacb_staff,41.0,False,,2024-07-20 09:34:48
P3951E,josephguerrero,deniseramos@example.org,Zu6UAeprb*Q%,Ashley,Mitchell,False,nacb_staff,19.0,False,,2024-02-20 03:47:22
U3952S,daniel15,fsavage@example.com,@#BOyUdN(3bo,Brittany,Hughes,True,organization_member,,False,,2024-05-07 19:06:52
P3952P,gonzalezbrian,kevin77@example.org,B+0pxU0rM8UZ,Lori,Phillips,False,organization_member,34.0,False,,2024-07-05 01:31:30
U3953O,conniewong,smithbrianna@example.org,Ub$gZpdM@uG6,Scott,Cohen,True,user_professional,26.0,False,,2024-04-19 07:35:43
P3953S,howardabigail,maryholland@example.org,1JLRHGnSx)0*,Frank,Berger,False,user_professional,43.0,False,,2024-04-27 23:56:00
U3954R,johnperkins,owenscarrie@example.com,rgSRf!Q&)(4t,Charles,Silva,False,organization_admin,99.0,False,,2024-04-10 18:03:06
P3954V,michelle64,tina42@example.org,&3aMhoM+IYWe,Brenda,Glass,False,nacb_staff,1.0,False,,2024-06-09 19:23:07
U3955V,johnwaters,pauldiaz@example.net,UIldBGedM@B7,Mary,Becker,True,nacb_admin,,False,,2024-06-07 23:23:45
P3955D,klogan,tgilbert@example.org,onrLM$5))4Dh,Lisa,Williams,True,organization_member,,False,,2024-03-04 11:58:50
U3956C,jodibrown,samantha85@example.net,q_PW(t#DIs7!,Stephen,Anderson,False,user_professional,11.0,False,,2024-03-13 23:55:34
P3956Y,garciaderrick,pinedanathan@example.net,&hnOGION52ht,Scott,Santos,True,organization_member,18.0,False,,2024-04-11 20:33:43
U3957O,aaron51,zlong@example.org,B(T(0Dzj(5Zj,Craig,Carey,False,organization_member,69.0,False,,2024-03-13 02:51:59
P3957D,patrickjasmine,susan01@example.net,5s0RmLX$Uu)@,Tyler,Young,False,nacb_staff,,False,,2024-01-10 09:26:23
U3958E,brendahoward,floresstacey@example.org,d#hN*1EoWdKX,Margaret,Smith,False,nacb_staff,,True,Security policy violation,2024-01-10 19:54:37
P3958Z,robert04,jamessmith@example.net,%(mHfx!my53V,Laura,King,True,organization_member,63.0,False,,2024-06-20 13:42:56
U3959E,stephensscott,fwilliams@example.org,&GXXcWtm5$BH,Heidi,Flores,False,organization_member,,False,,2024-04-30 14:18:33
P3959A,ilee,swilliams@example.net,7jW@D8X^$7Zp,Nicole,Pham,False,nacb_staff,,False,,2024-05-21 13:21:21
U3960H,ramostroy,amy24@example.org,!t$JgBw(X5R),Michael,Kelly,True,user_professional,,False,,2024-05-12 13:31:37
P3960D,mkelley,margaretjoseph@example.net,*!7Ig!0qs^Vi,Travis,Brady,False,organization_member,,False,,2024-03-03 01:10:43
U3961Q,michaelchristian,stacey43@example.net,ooxFPSiY$6YR,Nathaniel,Jensen,True,user_professional,39.0,False,,2024-01-08 21:44:56
P3961L,blakejimenez,friedmanrobert@example.net,af2TyfLO#1U),Steven,Houston,False,nacb_admin,,False,,2024-07-12 10:49:07
U3962O,zperry,mwilliams@example.com,9Rx%(x)Q%ASg,Bailey,Johnson,True,nacb_admin,,False,,2024-02-09 07:18:13
P3962X,bishopkimberly,wendy84@example.org,%5ytOqGV4wMa,Mallory,Stevens,True,nacb_admin,,True,Suspicious activity detected,2024-07-20 19:07:39
U3963P,garciadaniel,bennettcraig@example.com,B&S6RbzQLaP*,Jennifer,Edwards,False,user_professional,,True,Suspicious activity detected,2024-04-25 14:27:06
P3963P,sharonsanchez,michael75@example.net,ZG(7Itkia26G,Robert,Kaiser,False,organization_member,89.0,False,,2024-04-29 06:08:00
U3964G,samuel45,brian92@example.net,zAs^VmJb^@6F,Jack,Key,False,organization_member,,False,,2024-02-16 23:10:40
P3964A,paulharris,xmaldonado@example.com,$37jY9bss!gB,Shawn,Casey,True,system_admin,10.0,False,,2024-03-14 10:08:33
U3965F,dnash,dhall@example.org,$dM4nro@R98X,Joshua,Tran,False,nacb_staff,1.0,False,,2024-02-04 01:19:45
P3965J,ginaedwards,yward@example.com,EKkLviq0!v2z,John,Gates,False,nacb_staff,58.0,False,,2024-03-04 14:54:33
U3966P,matthew30,stevenreed@example.net,$x4^NBjInoA#,Michael,Petersen,False,organization_admin,,False,,2024-01-23 17:24:49
P3966D,christophermartinez,dgilbert@example.net,(e#!w$9K5SSI,Gregory,Juarez,True,nacb_staff,,False,,2024-03-29 07:52:07
U3967A,burnsolivia,pwest@example.org,rR&04UpYK9u1,Jeffrey,Richards,False,user_professional,,False,,2024-02-29 22:43:40
P3967T,haleyvalenzuela,jeffrey72@example.com,+*Yobhu6Z8kY,Carmen,Wheeler,False,user_professional,67.0,False,,2024-06-13 16:51:20
U3968M,gentryjill,blairvictor@example.org,@VWtTZliu^S1,Joseph,Wade,True,nacb_staff,80.0,False,,2024-06-13 13:39:01
P3968W,shannonorozco,cassandrahill@example.net,W5hDy8^E@H5F,Victoria,Mejia,True,organization_member,,False,,2024-06-19 05:40:33
U3969E,dsharp,bellheather@example.com,!nyIuzmx8!AT,Michaela,Rogers,True,nacb_staff,58.0,False,,2024-07-02 10:11:26
P3969V,mparker,donald65@example.net,%%C0Of8O&%ja,Debbie,Grimes,False,organization_member,,False,,2024-01-14 09:42:13
U3970K,staceyturner,perrysean@example.com,k3PMaGjj!6F+,Stephen,Smith,False,organization_member,,False,,2024-02-06 05:56:01
P3970D,antoniogarza,nancysteele@example.org,1HQ&#u#)&IY5,George,Wiley,False,user_professional,,False,,2024-01-30 03:56:33
U3971R,sperez,dreeves@example.com,JT)xwVv22+6Z,Eric,Serrano,False,organization_admin,,False,,2024-02-25 10:48:17
P3971S,fschaefer,lanekathleen@example.com,+c6nK*)N30Gy,Michael,Hardin,False,user_professional,25.0,False,,2024-03-08 17:09:21
U3972Z,bradyjennifer,tlogan@example.org,H+LMBGGjej0J,Sarah,Wilson,False,nacb_admin,,False,,2024-01-29 17:11:20
P3972W,montgomeryjoshua,boconnor@example.org,PU7VvRe!#&I*,Ashley,Kemp,True,system_admin,24.0,True,Use of prohibited software or bots,2024-01-06 00:05:33
U3973R,michaelhill,mary12@example.org,5_y*3Bip2NaU,Jennifer,Ballard,False,system_admin,,True,Non-payment of subscription fees,2024-01-13 01:46:40
P3973A,hendricksjustin,ayoung@example.com,(8msLawNFSvs,Joseph,Melton,True,organization_member,52.0,False,,2024-01-01 16:36:34
U3974A,pamelagonzalez,clinetracy@example.com,MCM0o5Lfb$3M,Carolyn,Wood,False,user_professional,,False,,2024-06-30 23:18:41
P3974C,warren16,michelletaylor@example.net,*4XnjODHPVl#,Christian,Carr,True,user_professional,,False,,2024-04-05 10:20:52
U3975J,jeffreyspencer,linicholas@example.com,!#d$SUr7vw07,Danielle,Floyd,True,organization_admin,,False,,2024-03-19 21:41:18
P3975F,sgriffin,cmclaughlin@example.com,^p_tBvv$q&8V,Victoria,Wagner,False,nacb_admin,55.0,True,Suspicious activity detected,2024-06-15 09:40:04
U3976K,hallalicia,camachojudy@example.com,u_7Bh@x1i(SU,Jay,Anderson,True,nacb_admin,,False,,2024-01-27 23:30:52
P3976R,deniseponce,kristenschmidt@example.com,29Wo&+bm^$Fp,Timothy,Smith,True,user_professional,76.0,False,,2024-05-24 03:17:30
U3977G,robinsondanielle,stephanie28@example.com,z$blXWwPt&18,David,Peterson,False,organization_member,32.0,False,,2024-04-05 13:15:34
P3977K,kellerallen,lindseycook@example.org,A^9SfWRq@e$l,Jody,Robles,False,user_professional,22.0,False,,2024-04-09 11:40:50
U3978E,mtaylor,thomasstephanie@example.com,#cfHNmYw1WSk,Maurice,Schultz,False,organization_member,,False,,2024-07-23 15:14:54
P3978N,christopher61,harrismatthew@example.com,eW8F_Qcgb%s_,Julie,Henderson,False,user_professional,94.0,False,,2024-04-14 07:23:24
U3979S,dominguezamy,aliciahickman@example.org,8H2yZLxh_&_H,Mallory,Davis,False,nacb_admin,24.0,False,,2024-07-08 23:03:02
P3979K,deborah20,qsanchez@example.org,7Q%1MddZ82Yx,Cody,Turner,False,organization_member,52.0,True,Use of prohibited software or bots,2024-03-02 08:43:28
U3980T,lpacheco,phoward@example.org,%4^qxOGAfk^u,Melissa,Moore,True,user_professional,24.0,False,,2024-01-14 14:57:21
P3980I,vreid,powerschristopher@example.net,$u1JB^LeSjEB,Andrew,Cooper,False,user_professional,,False,,2024-02-09 17:54:07
U3981B,nrobbins,epennington@example.org,$S!A5tEmzyV%,James,Navarro,True,user_professional,56.0,True,Multiple failed login attempts,2024-04-17 01:29:38
P3981H,buchananjennifer,dallen@example.net,sI5$7VEcE^0y,Ashley,Reynolds,False,organization_member,8.0,False,,2024-06-26 11:01:59
U3982B,gdougherty,gina93@example.com,E&85GDft6goA,James,Maldonado,True,organization_admin,21.0,False,,2024-05-16 21:20:04
P3982D,tanyahoward,cbass@example.org,T9HIF_tN&nAD,Harry,Maldonado,True,nacb_staff,61.0,False,,2024-06-13 22:35:04
U3983E,glenn36,zrobertson@example.net,P&ueKkm#lSu8,Anna,Friedman,True,user_professional,,False,,2024-04-16 15:04:53
P3983Q,jeffrey70,cheyenne12@example.com,)7XpylPy+(0N,Michael,Russell,False,system_admin,,False,,2024-01-28 08:25:11
U3984U,jwatkins,woodardheather@example.org,*C%r90cySx5E,Leonard,Doyle,True,organization_member,57.0,False,,2024-02-19 02:51:09
P3984T,harrelldenise,mcclurealexandra@example.com,U^h#pF%b#r1G,Joseph,Reed,True,user_professional,,False,,2024-05-13 01:54:50
U3985A,cheryl36,kfletcher@example.org,&MTe5hY5&99R,Valerie,Juarez,True,user_professional,77.0,False,,2024-01-29 16:25:58
P3985F,austinmichelle,aporter@example.net,^o_he1ON9SOq,Franklin,Ramirez,True,nacb_staff,74.0,False,,2024-06-19 18:44:55
U3986M,byrdrobert,patricia75@example.net,+5wcDJ*v#8Eo,Alec,Phillips,False,nacb_admin,10.0,False,,2024-04-09 04:56:57
P3986M,jessicagarrett,shannon35@example.org,0#4&Fa*IB!l+,Megan,Anderson,False,system_admin,,False,,2024-04-09 14:17:55
U3987B,andrewhenderson,penarobert@example.com,+^LvkCL_f74X,Christine,Roberts,False,organization_admin,,False,,2024-06-23 21:56:36
P3987W,kimberlybrown,youngkatherine@example.net,nvHoIrLqb!4E,Kathleen,Mays,False,organization_member,,False,,2024-02-17 12:29:00
U3988F,belljeremy,jameshunt@example.com,*(TKw0By75MU,Johnny,Andrade,False,user_professional,22.0,True,Use of prohibited software or bots,2024-04-16 12:25:00
P3988H,brettfloyd,charlene92@example.net,MX6buUtUxr+H,Jonathan,Yang,False,system_admin,5.0,False,,2024-03-24 17:00:11
U3989F,justin60,danascott@example.org,6M!)B0D(*qUc,Joseph,Estrada,True,system_admin,,False,,2024-02-28 15:28:14
P3989S,vhoffman,pedro39@example.com,(M1hdRAj6v*R,Jacob,Hall,False,organization_member,,True,Use of prohibited software or bots,2024-07-23 02:35:11
U3990T,ethan78,joannatorres@example.com,Z3FNKw%*#Qe&,Brenda,Taylor,False,organization_member,,False,,2024-06-03 08:43:24
P3990A,aguilarrobert,harringtonjeffery@example.com,BmJ5gGfrT_8D,Jacqueline,Hancock,True,nacb_staff,,False,,2024-02-02 00:16:29
U3991V,gperez,james18@example.net,n*RtSETbBus6,Alexandria,Anderson,False,user_professional,,False,,2024-01-27 07:12:09
P3991H,janet37,ysellers@example.org,Wed*96UgyHe1,David,Parker,False,user_professional,,False,,2024-01-18 18:01:25
U3992U,greenchristopher,glen81@example.org,c*$EweXqQJw2,Tami,Stevenson,True,user_professional,,False,,2024-06-25 15:13:05
P3992Q,matthewhurley,laceyhobbs@example.net,z#3#UNhvRM5G,Tammy,Hall,False,organization_member,78.0,False,,2024-02-19 08:15:30
U3993Z,aprilgarner,simmonsshannon@example.net,(vsG5Fr*t1dU,George,Allen,True,nacb_admin,,False,,2024-02-29 13:10:13
P3993Q,samanthasantiago,woodwardjamie@example.net,$F3DW6n&b!0N,Christine,Nguyen,False,organization_admin,85.0,False,,2024-04-22 16:29:24
U3994I,nicholas41,taylorgilbert@example.net,XJDGlrk#_4kU,Steven,Washington,True,organization_member,52.0,False,,2024-06-25 02:20:20
P3994R,evansandrew,melissawatson@example.com,#&^83ZVj5fOX,Valerie,Munoz,False,organization_member,85.0,False,,2024-06-03 09:37:25
U3995G,foxpamela,anna77@example.org,Zi5swfQbAw_Q,Amy,Vargas,False,system_admin,88.0,False,,2024-03-17 00:10:23
P3995N,yschneider,jasoncaldwell@example.org,g49Ez6qy1@)F,Michael,Dunlap,True,user_professional,68.0,False,,2024-02-28 06:11:25
U3996S,qleon,kimberly48@example.org,!!6LWBuoH^Av,Chelsea,Austin,False,user_professional,,False,,2024-02-18 07:10:07
P3996S,vwalls,denisevelez@example.com,KeyP)BuK%T3l,Angela,Alexander,True,organization_admin,,True,Non-payment of subscription fees,2024-04-02 19:29:26
U3997B,susan89,richard22@example.org,jFF98Rpb)Ovx,Katrina,Rivera,True,user_professional,,False,,2024-01-28 20:44:37
P3997K,emack,kathrynjohnson@example.com,tAT&d#7GQ73o,Steve,Vasquez,False,organization_member,,True,Account reported by multiple users,2024-05-22 21:40:01
U3998A,robertcollier,jmcbride@example.com,s73WPvbj&aY6,Jade,Martin,True,user_professional,,False,,2024-03-20 13:57:51
P3998R,ehill,tiffany27@example.com,X#2H9U3e&F^_,Michael,Thompson,False,user_professional,,False,,2024-02-16 14:55:07
U3999R,lindasimon,mbryant@example.net,E07!g0yom9FQ,Amanda,Wilson,True,nacb_admin,,False,,2024-01-13 01:49:12
P3999S,brandon12,angela82@example.net,$gtV#dDLsQ0I,Michael,Jones,False,organization_member,,False,,2024-01-25 13:49:39
U4000A,cooperelizabeth,tsnow@example.net,I6Dfiu5GeiR+,Timothy,May,False,nacb_admin,,False,,2024-04-24 13:54:30
P4000R,amy96,brendabaker@example.net,MP^2AoduPo+9,Betty,Monroe,True,user_professional,,False,,2024-06-30 01:02:32
U4001F,russocheryl,keithballard@example.org,95_CYBQyv&G2,Lisa,Adams,True,nacb_admin,83.0,False,,2024-06-08 09:35:57
