"id","churn_probability","predicted_churn_status"
"ORG001","0.97","Churn"
"ORG002","0.85","Churn"
"ORG003","0.13","No Churn"
"ORG004","0.29","No Churn"
"ORG005","0.84","Churn"
"ORG006","0.88","Churn"
"ORG007","0.82","Churn"
"ORG008","0.78","Churn"
"ORG555","0.78","Churn"
"ORG009","0.24","No Churn"
"ORG010","0.88","Churn"
"ORG011","0.91","Churn"
"ORG012","0.79","Churn"
"ORG013","0.91","Churn"
"ORG014","0.63","Churn"
"ORG015","0.16","No Churn"
"ORG016","0.27","No Churn"
"ORG017","0.49","No Churn"
"ORG018","0.19","No Churn"
"ORG019","0.84","Churn"
"ORG020","0.91","Churn"
"ORG021","0.88","Churn"
"ORG022","0.83","Churn"
"ORG023","0.53","Churn"
"ORG024","0.86","Churn"
"ORG025","0.22","No Churn"
"ORG026","0.57","Churn"
"ORG027","0.22","No Churn"
"ORG028","0.95","Churn"
"ORG029","0.79","Churn"
"ORG030","0.69","Churn"
"ORG031","0.92","Churn"
"ORG032","0.55","Churn"
"ORG033","0.71","Churn"
"ORG034","0.93","Churn"
"ORG035","0.91","Churn"
"ORG036","0.75","Churn"
"ORG037","0.23","No Churn"
"ORG229","0.96","Churn"
"ORG038","0.84","Churn"
"ORG039","0.4","No Churn"
"ORG040","0.17","No Churn"
"ORG041","0.86","Churn"
"ORG042","0.91","Churn"
"ORG043","0.46","No Churn"
"ORG044","0.76","Churn"
"ORG045","0.26","No Churn"
"ORG046","0.7","Churn"
"ORG047","0.85","Churn"
"ORG048","0.96","Churn"
"ORG049","0.24","No Churn"
"ORG050","0.42","No Churn"
"ORG051","0.9","Churn"
"ORG052","0.92","Churn"
"ORG053","0.88","Churn"
"ORG054","0.88","Churn"
"ORG073","0.48","No Churn"
"ORG055","0.9","Churn"
"ORG056","0.61","Churn"
"ORG057","0.93","Churn"
"ORG058","0.87","Churn"
"ORG059","0.73","Churn"
"ORG060","0.94","Churn"
"ORG061","0.94","Churn"
"ORG062","0.94","Churn"
"ORG063","0.4","No Churn"
"ORG092","0.83","Churn"
"ORG064","0.81","Churn"
"ORG065","0.25","No Churn"
"ORG066","0.6","Churn"
"ORG067","0.86","Churn"
"ORG068","0.34","No Churn"
"ORG069","0.88","Churn"
"ORG070","0.51","Churn"
"ORG071","0.93","Churn"
"ORG072","0.97","Churn"
"ORG2488","0.44","No Churn"
"ORG074","0.2","No Churn"
"ORG075","0.91","Churn"
"ORG076","0.84","Churn"
"ORG077","0.88","Churn"
"ORG078","0.86","Churn"
"ORG079","0.85","Churn"
"ORG080","0.93","Churn"
"ORG081","0.89","Churn"
"ORG082","0.85","Churn"
"ORG083","0.39","No Churn"
"ORG084","0.09","No Churn"
"ORG085","0.59","Churn"
"ORG086","0.89","Churn"
"ORG087","0.21","No Churn"
"ORG088","0.88","Churn"
"ORG089","0.93","Churn"
"ORG090","0.76","Churn"
"ORG091","0.88","Churn"
"ORG573","0.93","Churn"
"ORG093","0.86","Churn"
"ORG094","0.25","No Churn"
"ORG095","0.82","Churn"
"ORG096","0.85","Churn"
"ORG097","0.93","Churn"
"ORG098","0.26","No Churn"
"ORG099","0.4","No Churn"
"ORG100","0.92","Churn"
"ORG101","0.87","Churn"
"ORG102","0.96","Churn"
"ORG103","0.83","Churn"
"ORG104","0.35","No Churn"
"ORG105","0.34","No Churn"
"ORG106","0.76","Churn"
"ORG107","0.32","No Churn"
"ORG108","0.89","Churn"
"ORG109","0.85","Churn"
"ORG110","0.13","No Churn"
"ORG111","0.91","Churn"
"ORG112","0.19","No Churn"
"ORG113","0.88","Churn"
"ORG114","0.19","No Churn"
"ORG115","0.95","Churn"
"ORG116","0.94","Churn"
"ORG117","0.84","Churn"
"ORG118","0.32","No Churn"
"ORG119","0.79","Churn"
"ORG120","0.3","No Churn"
"ORG121","0.43","No Churn"
"ORG122","0.83","Churn"
"ORG123","0.91","Churn"
"ORG124","0.88","Churn"
"ORG125","0.9","Churn"
"ORG126","0.78","Churn"
"ORG127","0.84","Churn"
"ORG128","0.87","Churn"
"ORG2729","0.97","Churn"
"ORG129","0.15","No Churn"
"ORG130","0.51","Churn"
"ORG131","0.86","Churn"
"ORG132","0.85","Churn"
"ORG133","0.92","Churn"
"ORG134","0.9","Churn"
"ORG135","0.75","Churn"
"ORG163","0.85","Churn"
"ORG136","0.21","No Churn"
"ORG137","0.8","Churn"
"ORG138","0.14","No Churn"
"ORG139","0.8","Churn"
"ORG140","0.23","No Churn"
"ORG141","0.79","Churn"
"ORG142","0.26","No Churn"
"ORG143","0.26","No Churn"
"ORG144","0.73","Churn"
"ORG145","0.94","Churn"
"ORG146","0.88","Churn"
"ORG147","0.8","Churn"
"ORG148","0.34","No Churn"
"ORG149","0.88","Churn"
"ORG150","0.92","Churn"
"ORG151","0.73","Churn"
"ORG152","0.56","Churn"
"ORG153","0.9","Churn"
"ORG154","0.96","Churn"
"ORG155","0.2","No Churn"
"ORG156","0.77","Churn"
"ORG157","0.23","No Churn"
"ORG158","0.86","Churn"
"ORG159","0.88","Churn"
"ORG160","0.29","No Churn"
"ORG161","0.65","Churn"
"ORG162","0.28","No Churn"
"ORG164","0.91","Churn"
"ORG165","0.26","No Churn"
"ORG166","0.62","Churn"
"ORG167","0.94","Churn"
"ORG168","0.9","Churn"
"ORG169","0.68","Churn"
"ORG170","0.67","Churn"
"ORG171","0.78","Churn"
"ORG172","0.18","No Churn"
"ORG173","0.34","No Churn"
"ORG183","0.7","Churn"
"ORG174","0.67","Churn"
"ORG175","0.25","No Churn"
"ORG176","0.99","Churn"
"ORG177","0.97","Churn"
"ORG178","0.76","Churn"
"ORG179","0.84","Churn"
"ORG180","0.9","Churn"
"ORG181","0.29","No Churn"
"ORG1081","0.23","No Churn"
"ORG182","0.31","No Churn"
"ORG184","0.15","No Churn"
"ORG185","0.23","No Churn"
"ORG186","0.24","No Churn"
"ORG187","0.69","Churn"
"ORG188","0.15","No Churn"
"ORG189","0.62","Churn"
"ORG190","0.23","No Churn"
"ORG191","0.7","Churn"
"ORG192","0.92","Churn"
"ORG193","0.82","Churn"
"ORG194","0.87","Churn"
"ORG195","0.94","Churn"
"ORG196","0.82","Churn"
"ORG197","0.92","Churn"
"ORG198","0.64","Churn"
"ORG199","0.88","Churn"
"ORG200","0.93","Churn"
"ORG201","0.92","Churn"
"ORG202","0.87","Churn"
"ORG203","0.81","Churn"
"ORG204","0.94","Churn"
"ORG205","0.88","Churn"
"ORG206","0.8","Churn"
"ORG207","0.24","No Churn"
"ORG208","0.86","Churn"
"ORG1109","0.6","Churn"
"ORG209","0.32","No Churn"
"ORG210","0.97","Churn"
"ORG759","0.92","Churn"
"ORG211","0.97","Churn"
"ORG212","0.24","No Churn"
"ORG213","0.69","Churn"
"ORG214","0.76","Churn"
"ORG215","0.67","Churn"
"ORG216","0.78","Churn"
"ORG217","0.95","Churn"
"ORG218","0.19","No Churn"
"ORG219","0.98","Churn"
"ORG923","0.51","Churn"
"ORG220","0.29","No Churn"
"ORG221","0.83","Churn"
"ORG222","0.34","No Churn"
"ORG223","0.9","Churn"
"ORG224","0.81","Churn"
"ORG225","0.23","No Churn"
"ORG226","0.93","Churn"
"ORG227","0.29","No Churn"
"ORG228","0.22","No Churn"
"ORG230","0.79","Churn"
"ORG231","0.74","Churn"
"ORG232","0.85","Churn"
"ORG233","0.55","Churn"
"ORG234","0.85","Churn"
"ORG3499","0.85","Churn"
"ORG235","0.78","Churn"
"ORG236","0.79","Churn"
"ORG237","0.83","Churn"
"ORG238","0.84","Churn"
"ORG239","0.14","No Churn"
"ORG240","0.9","Churn"
"ORG241","0.87","Churn"
"ORG242","0.97","Churn"
"ORG243","0.59","Churn"
"ORG244","0.87","Churn"
"ORG245","0.79","Churn"
"ORG246","0.72","Churn"
"ORG247","0.41","No Churn"
"ORG248","0.66","Churn"
"ORG249","0.49","No Churn"
"ORG250","0.91","Churn"
"ORG251","0.87","Churn"
"ORG252","0.92","Churn"
"ORG253","0.33","No Churn"
"ORG254","0.92","Churn"
"ORG255","0.88","Churn"
"ORG256","0.87","Churn"
"ORG257","0.86","Churn"
"ORG258","0.63","Churn"
"ORG259","0.79","Churn"
"ORG260","0.94","Churn"
"ORG261","0.88","Churn"
"ORG262","0.83","Churn"
"ORG263","0.95","Churn"
"ORG264","0.98","Churn"
"ORG265","0.87","Churn"
"ORG266","0.77","Churn"
"ORG267","0.33","No Churn"
"ORG268","0.77","Churn"
"ORG269","0.27","No Churn"
"ORG270","0.9","Churn"
"ORG271","0.82","Churn"
"ORG272","0.25","No Churn"
"ORG273","0.95","Churn"
"ORG274","0.86","Churn"
"ORG275","0.94","Churn"
"ORG276","0.89","Churn"
"ORG277","0.33","No Churn"
"ORG278","0.86","Churn"
"ORG279","0.77","Churn"
"ORG1209","0.82","Churn"
"ORG280","0.84","Churn"
"ORG281","0.86","Churn"
"ORG282","0.69","Churn"
"ORG283","0.85","Churn"
"ORG284","0.86","Churn"
"ORG285","0.81","Churn"
"ORG286","0.54","Churn"
"ORG287","0.89","Churn"
"ORG297","0.88","Churn"
"ORG288","0.41","No Churn"
"ORG289","0.91","Churn"
"ORG290","0.91","Churn"
"ORG291","0.88","Churn"
"ORG292","0.93","Churn"
"ORG293","0.39","No Churn"
"ORG294","0.95","Churn"
"ORG295","0.8","Churn"
"ORG296","0.84","Churn"
"ORG298","0.21","No Churn"
"ORG299","0.69","Churn"
"ORG300","0.79","Churn"
"ORG3721","0.95","Churn"
"ORG301","0.39","No Churn"
"ORG302","0.88","Churn"
"ORG303","0.21","No Churn"
"ORG304","0.64","Churn"
"ORG305","0.83","Churn"
"ORG306","0.9","Churn"
"ORG307","0.94","Churn"
"ORG308","0.81","Churn"
"ORG309","0.18","No Churn"
"ORG319","0.96","Churn"
"ORG310","0.87","Churn"
"ORG311","0.83","Churn"
"ORG312","0.27","No Churn"
"ORG313","0.77","Churn"
"ORG314","0.68","Churn"
"ORG315","0.29","No Churn"
"ORG316","0.93","Churn"
"ORG317","0.96","Churn"
"ORG318","0.92","Churn"
"ORG339","0.92","Churn"
"ORG320","0.46","No Churn"
"ORG321","0.71","Churn"
"ORG322","0.91","Churn"
"ORG323","0.73","Churn"
"ORG324","0.9","Churn"
"ORG325","0.25","No Churn"
"ORG326","0.31","No Churn"
"ORG327","0.94","Churn"
"ORG328","0.82","Churn"
"ORG329","0.18","No Churn"
"ORG330","0.83","Churn"
"ORG331","0.93","Churn"
"ORG332","0.88","Churn"
"ORG333","0.86","Churn"
"ORG334","0.85","Churn"
"ORG335","0.75","Churn"
"ORG336","0.15","No Churn"
"ORG337","0.15","No Churn"
"ORG338","0.85","Churn"
"ORG340","0.91","Churn"
"ORG341","0.79","Churn"
"ORG342","0.25","No Churn"
"ORG343","0.89","Churn"
"ORG344","0.7","Churn"
"ORG345","0.91","Churn"
"ORG346","0.97","Churn"
"ORG347","0.93","Churn"
"ORG348","0.92","Churn"
"ORG357","0.86","Churn"
"ORG349","0.94","Churn"
"ORG350","0.88","Churn"
"ORG351","0.26","No Churn"
"ORG352","0.91","Churn"
"ORG1528","0.86","Churn"
"ORG353","0.23","No Churn"
"ORG354","0.82","Churn"
"ORG355","0.9","Churn"
"ORG356","0.85","Churn"
"ORG358","0.81","Churn"
"ORG359","0.84","Churn"
"ORG360","0.89","Churn"
"ORG361","0.24","No Churn"
"ORG362","0.35","No Churn"
"ORG363","0.28","No Churn"
"ORG364","0.8","Churn"
"ORG365","0.94","Churn"
"ORG366","0.82","Churn"
"ORG450","0.9","Churn"
"ORG367","0.94","Churn"
"ORG368","0.95","Churn"
"ORG369","0.86","Churn"
"ORG370","0.97","Churn"
"ORG371","0.76","Churn"
"ORG372","0.93","Churn"
"ORG373","0.23","No Churn"
"ORG374","0.81","Churn"
"ORG375","0.48","No Churn"
"ORG376","0.77","Churn"
"ORG377","0.8","Churn"
"ORG378","0.79","Churn"
"ORG379","0.93","Churn"
"ORG380","0.96","Churn"
"ORG381","0.75","Churn"
"ORG382","0.4","No Churn"
"ORG383","0.85","Churn"
"ORG384","0.15","No Churn"
"ORG460","0.81","Churn"
"ORG385","0.26","No Churn"
"ORG386","0.91","Churn"
"ORG387","0.98","Churn"
"ORG388","0.95","Churn"
"ORG389","0.75","Churn"
"ORG390","0.98","Churn"
"ORG391","0.88","Churn"
"ORG392","0.28","No Churn"
"ORG393","0.24","No Churn"
"ORG394","0.26","No Churn"
"ORG395","0.47","No Churn"
"ORG396","0.2","No Churn"
"ORG397","0.6","Churn"
"ORG398","0.88","Churn"
"ORG399","0.92","Churn"
"ORG400","0.23","No Churn"
"ORG401","0.68","Churn"
"ORG402","0.74","Churn"
"ORG403","0.9","Churn"
"ORG404","0.81","Churn"
"ORG405","0.94","Churn"
"ORG406","0.77","Churn"
"ORG407","0.89","Churn"
"ORG408","0.97","Churn"
"ORG409","0.89","Churn"
"ORG410","0.96","Churn"
"ORG411","0.32","No Churn"
"ORG3750","0.95","Churn"
"ORG412","0.18","No Churn"
"ORG413","0.83","Churn"
"ORG414","0.16","No Churn"
"ORG415","0.48","No Churn"
"ORG416","0.59","Churn"
"ORG417","0.92","Churn"
"ORG418","0.72","Churn"
"ORG419","0.24","No Churn"
"ORG420","0.95","Churn"
"ORG421","0.9","Churn"
"ORG422","0.82","Churn"
"ORG423","0.83","Churn"
"ORG424","0.73","Churn"
"ORG425","0.42","No Churn"
"ORG426","0.9","Churn"
"ORG463","0.87","Churn"
"ORG427","0.93","Churn"
"ORG428","0.81","Churn"
"ORG429","0.97","Churn"
"ORG430","0.93","Churn"
"ORG431","0.92","Churn"
"ORG432","0.88","Churn"
"ORG433","0.78","Churn"
"ORG434","0.95","Churn"
"ORG435","0.56","Churn"
"ORG436","0.91","Churn"
"ORG437","0.38","No Churn"
"ORG438","0.21","No Churn"
"ORG439","0.25","No Churn"
"ORG440","0.95","Churn"
"ORG441","0.95","Churn"
"ORG442","0.62","Churn"
"ORG443","0.23","No Churn"
"ORG444","0.97","Churn"
"ORG445","0.28","No Churn"
"ORG446","0.62","Churn"
"ORG447","0.91","Churn"
"ORG448","0.9","Churn"
"ORG449","0.84","Churn"
"ORG451","0.67","Churn"
"ORG452","0.8","Churn"
"ORG453","0.88","Churn"
"ORG454","0.52","Churn"
"ORG455","0.22","No Churn"
"ORG456","0.92","Churn"
"ORG457","0.74","Churn"
"ORG458","0.9","Churn"
"ORG459","0.79","Churn"
"ORG461","0.77","Churn"
"ORG462","0.82","Churn"
"ORG464","0.85","Churn"
"ORG465","0.9","Churn"
"ORG466","0.77","Churn"
"ORG467","0.84","Churn"
"ORG468","0.95","Churn"
"ORG469","0.96","Churn"
"ORG470","0.88","Churn"
"ORG471","0.88","Churn"
"ORG472","0.73","Churn"
"ORG473","0.91","Churn"
"ORG474","0.81","Churn"
"ORG475","0.9","Churn"
"ORG476","0.26","No Churn"
"ORG477","0.24","No Churn"
"ORG478","0.71","Churn"
"ORG479","0.31","No Churn"
"ORG480","0.2","No Churn"
"ORG481","0.79","Churn"
"ORG482","0.3","No Churn"
"ORG483","0.53","Churn"
"ORG484","0.2","No Churn"
"ORG485","0.3","No Churn"
"ORG486","0.83","Churn"
"ORG487","0.22","No Churn"
"ORG488","0.89","Churn"
"ORG489","0.63","Churn"
"ORG490","0.93","Churn"
"ORG491","0.95","Churn"
"ORG492","0.99","Churn"
"ORG493","0.2","No Churn"
"ORG494","0.27","No Churn"
"ORG495","0.85","Churn"
"ORG496","0.82","Churn"
"ORG497","0.91","Churn"
"ORG507","0.95","Churn"
"ORG498","0.91","Churn"
"ORG554","0.91","Churn"
"ORG499","0.88","Churn"
"ORG500","0.36","No Churn"
"ORG501","0.27","No Churn"
"ORG502","0.27","No Churn"
"ORG503","0.24","No Churn"
"ORG504","0.17","No Churn"
"ORG505","0.93","Churn"
"ORG506","0.98","Churn"
"ORG526","0.21","No Churn"
"ORG508","0.95","Churn"
"ORG509","0.2","No Churn"
"ORG510","0.89","Churn"
"ORG511","0.9","Churn"
"ORG512","0.18","No Churn"
"ORG513","0.53","Churn"
"ORG514","0.95","Churn"
"ORG515","0.94","Churn"
"ORG516","0.83","Churn"
"ORG517","0.9","Churn"
"ORG518","0.81","Churn"
"ORG519","0.87","Churn"
"ORG520","0.78","Churn"
"ORG521","0.81","Churn"
"ORG522","0.84","Churn"
"ORG523","0.99","Churn"
"ORG524","0.69","Churn"
"ORG525","0.82","Churn"
"ORG527","0.69","Churn"
"ORG528","0.95","Churn"
"ORG529","0.77","Churn"
"ORG530","0.88","Churn"
"ORG531","0.85","Churn"
"ORG532","0.8","Churn"
"ORG533","0.77","Churn"
"ORG534","0.37","No Churn"
"ORG553","0.84","Churn"
"ORG535","0.93","Churn"
"ORG536","0.87","Churn"
"ORG537","0.87","Churn"
"ORG538","0.89","Churn"
"ORG539","0.89","Churn"
"ORG540","0.74","Churn"
"ORG541","0.72","Churn"
"ORG542","0.28","No Churn"
"ORG543","0.88","Churn"
"ORG544","0.85","Churn"
"ORG545","0.9","Churn"
"ORG546","0.89","Churn"
"ORG547","0.61","Churn"
"ORG548","0.29","No Churn"
"ORG549","0.29","No Churn"
"ORG550","0.46","No Churn"
"ORG551","0.9","Churn"
"ORG552","0.28","No Churn"
"ORG556","0.84","Churn"
"ORG557","0.85","Churn"
"ORG558","0.79","Churn"
"ORG559","0.29","No Churn"
"ORG560","0.88","Churn"
"ORG561","0.86","Churn"
"ORG562","0.79","Churn"
"ORG563","0.9","Churn"
"ORG593","0.29","No Churn"
"ORG564","0.89","Churn"
"ORG565","0.88","Churn"
"ORG566","0.96","Churn"
"ORG567","0.79","Churn"
"ORG568","0.8","Churn"
"ORG569","0.32","No Churn"
"ORG570","0.25","No Churn"
"ORG571","0.31","No Churn"
"ORG572","0.82","Churn"
"ORG574","0.96","Churn"
"ORG575","0.16","No Churn"
"ORG576","0.95","Churn"
"ORG577","0.88","Churn"
"ORG578","0.2","No Churn"
"ORG579","0.17","No Churn"
"ORG580","0.92","Churn"
"ORG581","0.98","Churn"
"ORG582","0.22","No Churn"
"ORG583","0.71","Churn"
"ORG584","0.89","Churn"
"ORG585","0.25","No Churn"
"ORG586","0.21","No Churn"
"ORG587","0.68","Churn"
"ORG588","0.76","Churn"
"ORG589","0.13","No Churn"
"ORG590","0.87","Churn"
"ORG591","0.78","Churn"
"ORG592","0.87","Churn"
"ORG594","0.73","Churn"
"ORG595","0.77","Churn"
"ORG596","0.21","No Churn"
"ORG597","0.9","Churn"
"ORG598","0.84","Churn"
"ORG599","0.88","Churn"
"ORG600","0.84","Churn"
"ORG601","0.17","No Churn"
"ORG602","0.78","Churn"
"ORG603","0.89","Churn"
"ORG604","0.87","Churn"
"ORG605","0.9","Churn"
"ORG606","0.95","Churn"
"ORG607","0.95","Churn"
"ORG608","0.93","Churn"
"ORG609","0.95","Churn"
"ORG610","0.87","Churn"
"ORG611","0.68","Churn"
"ORG621","0.24","No Churn"
"ORG612","0.89","Churn"
"ORG613","0.27","No Churn"
"ORG614","0.14","No Churn"
"ORG615","0.9","Churn"
"ORG616","0.85","Churn"
"ORG617","0.82","Churn"
"ORG618","0.18","No Churn"
"ORG619","0.81","Churn"
"ORG620","0.9","Churn"
"ORG622","0.95","Churn"
"ORG623","0.97","Churn"
"ORG624","0.9","Churn"
"ORG625","0.97","Churn"
"ORG626","0.89","Churn"
"ORG627","0.94","Churn"
"ORG628","0.83","Churn"
"ORG629","0.95","Churn"
"ORG630","0.94","Churn"
"ORG631","0.9","Churn"
"ORG632","0.61","Churn"
"ORG633","0.24","No Churn"
"ORG634","0.89","Churn"
"ORG635","0.27","No Churn"
"ORG636","0.82","Churn"
"ORG637","0.77","Churn"
"ORG638","0.88","Churn"
"ORG639","0.82","Churn"
"ORG640","0.79","Churn"
"ORG641","0.9","Churn"
"ORG642","0.89","Churn"
"ORG643","0.91","Churn"
"ORG644","0.44","No Churn"
"ORG645","0.66","Churn"
"ORG646","0.23","No Churn"
"ORG647","0.78","Churn"
"ORG657","0.36","No Churn"
"ORG648","0.25","No Churn"
"ORG649","0.94","Churn"
"ORG650","0.3","No Churn"
"ORG651","0.17","No Churn"
"ORG652","0.33","No Churn"
"ORG653","0.83","Churn"
"ORG654","0.88","Churn"
"ORG655","0.91","Churn"
"ORG656","0.26","No Churn"
"ORG658","0.93","Churn"
"ORG659","0.87","Churn"
"ORG660","0.78","Churn"
"ORG661","0.84","Churn"
"ORG662","0.23","No Churn"
"ORG663","0.3","No Churn"
"ORG664","0.84","Churn"
"ORG665","0.97","Churn"
"ORG666","0.56","Churn"
"ORG676","0.27","No Churn"
"ORG667","0.37","No Churn"
"ORG668","0.82","Churn"
"ORG669","0.91","Churn"
"ORG670","0.25","No Churn"
"ORG671","0.49","No Churn"
"ORG672","0.26","No Churn"
"ORG673","0.87","Churn"
"ORG674","0.88","Churn"
"ORG675","0.33","No Churn"
"ORG677","0.9","Churn"
"ORG678","0.26","No Churn"
"ORG679","0.83","Churn"
"ORG680","0.78","Churn"
"ORG681","0.81","Churn"
"ORG682","0.87","Churn"
"ORG683","0.74","Churn"
"ORG684","0.91","Churn"
"ORG685","0.27","No Churn"
"ORG686","0.92","Churn"
"ORG687","0.35","No Churn"
"ORG688","0.31","No Churn"
"ORG689","0.92","Churn"
"ORG690","0.21","No Churn"
"ORG691","0.85","Churn"
"ORG692","0.22","No Churn"
"ORG693","0.87","Churn"
"ORG694","0.92","Churn"
"ORG695","0.63","Churn"
"ORG696","0.84","Churn"
"ORG697","0.33","No Churn"
"ORG698","0.94","Churn"
"ORG699","0.95","Churn"
"ORG700","0.88","Churn"
"ORG701","0.28","No Churn"
"ORG702","0.75","Churn"
"ORG703","0.91","Churn"
"ORG704","0.93","Churn"
"ORG705","0.93","Churn"
"ORG706","0.19","No Churn"
"ORG707","0.36","No Churn"
"ORG708","0.64","Churn"
"ORG709","0.96","Churn"
"ORG710","0.55","Churn"
"ORG711","0.61","Churn"
"ORG712","0.16","No Churn"
"ORG713","0.19","No Churn"
"ORG714","0.92","Churn"
"ORG715","0.94","Churn"
"ORG716","0.86","Churn"
"ORG717","0.97","Churn"
"ORG718","0.24","No Churn"
"ORG719","0.74","Churn"
"ORG720","0.94","Churn"
"ORG721","0.6","Churn"
"ORG722","0.94","Churn"
"ORG723","0.82","Churn"
"ORG724","0.87","Churn"
"ORG725","0.96","Churn"
"ORG726","0.96","Churn"
"ORG727","0.82","Churn"
"ORG728","0.39","No Churn"
"ORG729","0.25","No Churn"
"ORG730","0.84","Churn"
"ORG758","0.87","Churn"
"ORG731","0.96","Churn"
"ORG732","0.93","Churn"
"ORG733","0.92","Churn"
"ORG734","0.18","No Churn"
"ORG735","0.61","Churn"
"ORG736","0.18","No Churn"
"ORG737","0.87","Churn"
"ORG738","0.21","No Churn"
"ORG739","0.97","Churn"
"ORG740","0.87","Churn"
"ORG741","0.68","Churn"
"ORG742","0.95","Churn"
"ORG743","0.87","Churn"
"ORG744","0.86","Churn"
"ORG745","0.85","Churn"
"ORG746","0.27","No Churn"
"ORG747","0.99","Churn"
"ORG748","0.94","Churn"
"ORG749","0.92","Churn"
"ORG750","0.63","Churn"
"ORG751","0.89","Churn"
"ORG752","0.25","No Churn"
"ORG753","0.47","No Churn"
"ORG754","0.29","No Churn"
"ORG755","0.23","No Churn"
"ORG756","0.16","No Churn"
"ORG757","0.92","Churn"
"ORG760","0.83","Churn"
"ORG761","0.89","Churn"
"ORG762","0.87","Churn"
"ORG763","0.95","Churn"
"ORG764","0.84","Churn"
"ORG765","0.88","Churn"
"ORG766","0.82","Churn"
"ORG767","0.61","Churn"
"ORG768","0.94","Churn"
"ORG769","0.86","Churn"
"ORG770","0.98","Churn"
"ORG771","0.86","Churn"
"ORG772","0.89","Churn"
"ORG773","0.89","Churn"
"ORG774","0.94","Churn"
"ORG775","0.27","No Churn"
"ORG776","0.71","Churn"
"ORG777","0.88","Churn"
"ORG999","0.88","Churn"
"ORG778","0.22","No Churn"
"ORG779","0.22","No Churn"
"ORG780","0.25","No Churn"
"ORG781","0.76","Churn"
"ORG782","0.93","Churn"
"ORG783","0.84","Churn"
"ORG784","0.96","Churn"
"ORG785","0.26","No Churn"
"ORG786","0.95","Churn"
"ORG787","0.88","Churn"
"ORG788","0.65","Churn"
"ORG789","0.28","No Churn"
"ORG790","0.26","No Churn"
"ORG791","0.91","Churn"
"ORG792","0.51","Churn"
"ORG793","0.65","Churn"
"ORG794","0.83","Churn"
"ORG795","0.19","No Churn"
"ORG796","0.18","No Churn"
"ORG797","0.47","No Churn"
"ORG798","0.91","Churn"
"ORG799","0.8","Churn"
"ORG800","0.68","Churn"
"ORG801","0.83","Churn"
"ORG802","0.72","Churn"
"ORG803","0.27","No Churn"
"ORG804","0.28","No Churn"
"ORG805","0.9","Churn"
"ORG806","0.66","Churn"
"ORG807","0.77","Churn"
"ORG808","0.54","Churn"
"ORG809","0.92","Churn"
"ORG810","0.91","Churn"
"ORG811","0.88","Churn"
"ORG812","0.3","No Churn"
"ORG813","0.72","Churn"
"ORG814","0.92","Churn"
"ORG815","0.77","Churn"
"ORG816","0.85","Churn"
"ORG817","0.39","No Churn"
"ORG818","0.91","Churn"
"ORG819","0.6","Churn"
"ORG820","0.33","No Churn"
"ORG821","0.73","Churn"
"ORG822","0.34","No Churn"
"ORG823","0.95","Churn"
"ORG824","0.79","Churn"
"ORG825","0.94","Churn"
"ORG826","0.81","Churn"
"ORG827","0.29","No Churn"
"ORG828","0.48","No Churn"
"ORG829","0.77","Churn"
"ORG830","0.89","Churn"
"ORG831","0.87","Churn"
"ORG832","0.82","Churn"
"ORG833","0.85","Churn"
"ORG834","0.85","Churn"
"ORG835","0.88","Churn"
"ORG836","0.84","Churn"
"ORG837","0.85","Churn"
"ORG838","0.84","Churn"
"ORG839","0.84","Churn"
"ORG840","0.21","No Churn"
"ORG841","0.95","Churn"
"ORG842","0.21","No Churn"
"ORG843","0.47","No Churn"
"ORG844","0.35","No Churn"
"ORG845","0.19","No Churn"
"ORG846","0.79","Churn"
"ORG847","0.56","Churn"
"ORG848","0.84","Churn"
"ORG849","0.9","Churn"
"ORG850","0.94","Churn"
"ORG851","0.93","Churn"
"ORG852","0.79","Churn"
"ORG853","0.32","No Churn"
"ORG854","0.61","Churn"
"ORG855","0.71","Churn"
"ORG856","0.27","No Churn"
"ORG857","0.83","Churn"
"ORG858","0.93","Churn"
"ORG859","0.75","Churn"
"ORG860","0.25","No Churn"
"ORG861","0.87","Churn"
"ORG862","0.91","Churn"
"ORG863","0.71","Churn"
"ORG864","0.86","Churn"
"ORG865","0.9","Churn"
"ORG866","0.8","Churn"
"ORG867","0.26","No Churn"
"ORG868","0.09","No Churn"
"ORG869","0.59","Churn"
"ORG870","0.87","Churn"
"ORG871","0.69","Churn"
"ORG872","0.89","Churn"
"ORG873","0.75","Churn"
"ORG874","0.89","Churn"
"ORG875","0.84","Churn"
"ORG876","0.26","No Churn"
"ORG877","0.95","Churn"
"ORG878","0.74","Churn"
"ORG879","0.57","Churn"
"ORG880","0.91","Churn"
"ORG890","0.35","No Churn"
"ORG881","0.91","Churn"
"ORG882","0.77","Churn"
"ORG883","0.28","No Churn"
"ORG884","0.9","Churn"
"ORG885","0.82","Churn"
"ORG886","0.93","Churn"
"ORG887","0.27","No Churn"
"ORG888","0.85","Churn"
"ORG889","0.77","Churn"
"ORG891","0.94","Churn"
"ORG892","0.9","Churn"
"ORG893","0.96","Churn"
"ORG894","0.88","Churn"
"ORG895","0.35","No Churn"
"ORG896","0.29","No Churn"
"ORG897","0.62","Churn"
"ORG898","0.81","Churn"
"ORG899","0.85","Churn"
"ORG900","0.94","Churn"
"ORG901","0.13","No Churn"
"ORG902","0.82","Churn"
"ORG903","0.33","No Churn"
"ORG904","0.97","Churn"
"ORG905","0.72","Churn"
"ORG906","0.23","No Churn"
"ORG907","0.93","Churn"
"ORG908","0.88","Churn"
"ORG909","0.3","No Churn"
"ORG910","0.84","Churn"
"ORG911","0.91","Churn"
"ORG912","0.28","No Churn"
"ORG913","0.77","Churn"
"ORG914","0.94","Churn"
"ORG915","0.75","Churn"
"ORG916","0.25","No Churn"
"ORG917","0.97","Churn"
"ORG918","0.91","Churn"
"ORG919","0.62","Churn"
"ORG920","0.89","Churn"
"ORG921","0.27","No Churn"
"ORG922","0.88","Churn"
"ORG924","0.87","Churn"
"ORG925","0.87","Churn"
"ORG926","0.88","Churn"
"ORG927","0.93","Churn"
"ORG928","0.7","Churn"
"ORG929","0.97","Churn"
"ORG930","0.89","Churn"
"ORG931","0.79","Churn"
"ORG932","0.94","Churn"
"ORG933","0.81","Churn"
"ORG934","0.88","Churn"
"ORG935","0.91","Churn"
"ORG936","0.19","No Churn"
"ORG1538","0.92","Churn"
"ORG937","0.8","Churn"
"ORG938","0.57","Churn"
"ORG939","0.89","Churn"
"ORG940","0.93","Churn"
"ORG941","0.98","Churn"
"ORG951","0.3","No Churn"
"ORG942","0.28","No Churn"
"ORG943","0.29","No Churn"
"ORG944","0.94","Churn"
"ORG945","0.85","Churn"
"ORG946","0.72","Churn"
"ORG947","0.09","No Churn"
"ORG948","0.89","Churn"
"ORG949","0.95","Churn"
"ORG950","0.89","Churn"
"ORG952","0.34","No Churn"
"ORG953","0.25","No Churn"
"ORG954","0.23","No Churn"
"ORG955","0.95","Churn"
"ORG956","0.97","Churn"
"ORG957","0.22","No Churn"
"ORG958","0.2","No Churn"
"ORG959","0.95","Churn"
"ORG960","0.89","Churn"
"ORG1053","0.86","Churn"
"ORG961","0.84","Churn"
"ORG962","0.29","No Churn"
"ORG963","0.93","Churn"
"ORG964","0.26","No Churn"
"ORG965","0.57","Churn"
"ORG966","0.9","Churn"
"ORG967","0.64","Churn"
"ORG968","0.87","Churn"
"ORG969","0.91","Churn"
"ORG998","0.84","Churn"
"ORG970","0.82","Churn"
"ORG971","0.84","Churn"
"ORG972","0.93","Churn"
"ORG973","0.93","Churn"
"ORG974","0.86","Churn"
"ORG975","0.83","Churn"
"ORG976","0.91","Churn"
"ORG977","0.24","No Churn"
"ORG978","0.72","Churn"
"ORG979","0.83","Churn"
"ORG980","0.92","Churn"
"ORG981","0.24","No Churn"
"ORG982","0.93","Churn"
"ORG983","0.89","Churn"
"ORG984","0.86","Churn"
"ORG985","0.26","No Churn"
"ORG986","0.88","Churn"
"ORG987","0.61","Churn"
"ORG988","0.39","No Churn"
"ORG989","0.91","Churn"
"ORG990","0.96","Churn"
"ORG991","0.65","Churn"
"ORG992","0.86","Churn"
"ORG993","0.85","Churn"
"ORG994","0.74","Churn"
"ORG995","0.8","Churn"
"ORG996","0.28","No Churn"
"ORG997","0.94","Churn"
"ORG1000","0.31","No Churn"
"ORG1001","0.27","No Churn"
"ORG1002","0.94","Churn"
"ORG1003","0.92","Churn"
"ORG1004","0.78","Churn"
"ORG1005","0.29","No Churn"
"ORG1006","0.22","No Churn"
"ORG1007","0.76","Churn"
"ORG1034","0.8","Churn"
"ORG1008","0.92","Churn"
"ORG1911","0.19","No Churn"
"ORG1009","0.77","Churn"
"ORG1010","0.58","Churn"
"ORG1011","0.81","Churn"
"ORG1012","0.3","No Churn"
"ORG1013","0.88","Churn"
"ORG1014","0.15","No Churn"
"ORG1015","0.82","Churn"
"ORG1016","0.97","Churn"
"ORG1017","0.69","Churn"
"ORG1018","0.22","No Churn"
"ORG1019","0.85","Churn"
"ORG1020","0.62","Churn"
"ORG1021","0.87","Churn"
"ORG1022","0.57","Churn"
"ORG1023","0.82","Churn"
"ORG1024","0.36","No Churn"
"ORG1025","0.85","Churn"
"ORG1026","0.95","Churn"
"ORG1027","0.95","Churn"
"ORG1028","0.19","No Churn"
"ORG1029","0.79","Churn"
"ORG1030","0.5","No Churn"
"ORG1031","0.18","No Churn"
"ORG1032","0.68","Churn"
"ORG1033","0.81","Churn"
"ORG1035","0.97","Churn"
"ORG1036","0.28","No Churn"
"ORG1037","0.94","Churn"
"ORG1038","0.97","Churn"
"ORG1039","0.87","Churn"
"ORG1040","0.25","No Churn"
"ORG1041","0.59","Churn"
"ORG1042","0.93","Churn"
"ORG1043","0.25","No Churn"
"ORG1044","0.45","No Churn"
"ORG1045","0.85","Churn"
"ORG1046","0.49","No Churn"
"ORG1047","0.93","Churn"
"ORG1048","0.93","Churn"
"ORG1049","0.29","No Churn"
"ORG1050","0.75","Churn"
"ORG1051","0.3","No Churn"
"ORG1052","0.28","No Churn"
"ORG1054","0.9","Churn"
"ORG1055","0.24","No Churn"
"ORG1056","0.83","Churn"
"ORG1057","0.68","Churn"
"ORG1058","0.56","Churn"
"ORG1059","0.28","No Churn"
"ORG1060","0.91","Churn"
"ORG1061","0.32","No Churn"
"ORG1080","0.29","No Churn"
"ORG1062","0.78","Churn"
"ORG1063","0.82","Churn"
"ORG1064","0.64","Churn"
"ORG1065","0.27","No Churn"
"ORG1066","0.34","No Churn"
"ORG1067","0.89","Churn"
"ORG1068","0.26","No Churn"
"ORG1069","0.94","Churn"
"ORG1070","0.87","Churn"
"ORG1071","0.97","Churn"
"ORG1072","0.85","Churn"
"ORG1073","0.89","Churn"
"ORG1074","0.12","No Churn"
"ORG1075","0.91","Churn"
"ORG1076","0.75","Churn"
"ORG1077","0.86","Churn"
"ORG1078","0.86","Churn"
"ORG1079","0.89","Churn"
"ORG1082","0.84","Churn"
"ORG1083","0.85","Churn"
"ORG1084","0.94","Churn"
"ORG1085","0.62","Churn"
"ORG1086","0.9","Churn"
"ORG1087","0.66","Churn"
"ORG1088","0.89","Churn"
"ORG1089","0.19","No Churn"
"ORG1090","0.25","No Churn"
"ORG1091","0.82","Churn"
"ORG1092","0.3","No Churn"
"ORG1093","0.94","Churn"
"ORG1094","0.87","Churn"
"ORG1095","0.78","Churn"
"ORG1096","0.84","Churn"
"ORG1097","0.85","Churn"
"ORG1098","0.87","Churn"
"ORG1099","0.27","No Churn"
"ORG1100","0.35","No Churn"
"ORG1101","0.82","Churn"
"ORG1102","0.88","Churn"
"ORG1103","0.86","Churn"
"ORG1104","0.62","Churn"
"ORG1105","0.6","Churn"
"ORG1106","0.94","Churn"
"ORG1107","0.73","Churn"
"ORG1108","0.53","Churn"
"ORG1110","0.95","Churn"
"ORG1111","0.23","No Churn"
"ORG1112","0.91","Churn"
"ORG1113","0.21","No Churn"
"ORG1114","0.8","Churn"
"ORG1115","0.94","Churn"
"ORG1116","0.96","Churn"
"ORG1117","0.09","No Churn"
"ORG1118","0.31","No Churn"
"ORG1119","0.94","Churn"
"ORG1120","0.71","Churn"
"ORG1121","0.97","Churn"
"ORG1122","0.32","No Churn"
"ORG1123","0.87","Churn"
"ORG1124","0.93","Churn"
"ORG1125","0.93","Churn"
"ORG1126","0.17","No Churn"
"ORG1127","0.85","Churn"
"ORG2029","0.82","Churn"
"ORG1128","0.84","Churn"
"ORG1129","0.84","Churn"
"ORG1130","0.92","Churn"
"ORG1131","0.32","No Churn"
"ORG1132","0.31","No Churn"
"ORG1133","0.85","Churn"
"ORG1134","0.83","Churn"
"ORG1135","0.27","No Churn"
"ORG1136","0.96","Churn"
"ORG1137","0.8","Churn"
"ORG1138","0.3","No Churn"
"ORG1139","0.94","Churn"
"ORG1140","0.88","Churn"
"ORG1141","0.95","Churn"
"ORG1142","0.32","No Churn"
"ORG1143","0.9","Churn"
"ORG1144","0.88","Churn"
"ORG1145","0.99","Churn"
"ORG1146","0.84","Churn"
"ORG1147","0.9","Churn"
"ORG1148","0.85","Churn"
"ORG1149","0.83","Churn"
"ORG1150","0.9","Churn"
"ORG1151","0.92","Churn"
"ORG1152","0.83","Churn"
"ORG1153","0.98","Churn"
"ORG1154","0.86","Churn"
"ORG1155","0.87","Churn"
"ORG1156","0.92","Churn"
"ORG1157","0.93","Churn"
"ORG1158","0.95","Churn"
"ORG1159","0.9","Churn"
"ORG1160","0.25","No Churn"
"ORG1161","0.3","No Churn"
"ORG1162","0.55","Churn"
"ORG1163","0.83","Churn"
"ORG1164","0.65","Churn"
"ORG1165","0.73","Churn"
"ORG1166","0.47","No Churn"
"ORG1167","0.29","No Churn"
"ORG1168","0.85","Churn"
"ORG1169","0.77","Churn"
"ORG1170","0.21","No Churn"
"ORG1171","0.99","Churn"
"ORG1172","0.91","Churn"
"ORG1173","0.25","No Churn"
"ORG1174","0.88","Churn"
"ORG1212","0.89","Churn"
"ORG1175","0.89","Churn"
"ORG1176","0.99","Churn"
"ORG1177","0.78","Churn"
"ORG1178","0.9","Churn"
"ORG1179","0.22","No Churn"
"ORG1180","0.89","Churn"
"ORG1181","0.92","Churn"
"ORG1182","0.74","Churn"
"ORG1183","0.87","Churn"
"ORG1222","0.85","Churn"
"ORG1184","0.89","Churn"
"ORG1185","0.82","Churn"
"ORG1186","0.84","Churn"
"ORG1187","0.89","Churn"
"ORG1188","0.85","Churn"
"ORG1189","0.63","Churn"
"ORG1190","0.21","No Churn"
"ORG1191","0.97","Churn"
"ORG1192","0.78","Churn"
"ORG1306","0.9","Churn"
"ORG1193","0.21","No Churn"
"ORG1194","0.19","No Churn"
"ORG1195","0.9","Churn"
"ORG1196","0.87","Churn"
"ORG1197","0.27","No Churn"
"ORG1198","0.64","Churn"
"ORG1199","0.51","Churn"
"ORG1200","0.85","Churn"
"ORG1201","0.98","Churn"
"ORG1202","0.32","No Churn"
"ORG1203","0.93","Churn"
"ORG1204","0.77","Churn"
"ORG1205","0.89","Churn"
"ORG1206","0.85","Churn"
"ORG1207","0.33","No Churn"
"ORG1208","0.76","Churn"
"ORG1210","0.83","Churn"
"ORG1211","0.32","No Churn"
"ORG1326","0.94","Churn"
"ORG1213","0.85","Churn"
"ORG1214","0.27","No Churn"
"ORG1215","0.86","Churn"
"ORG1216","0.26","No Churn"
"ORG1217","0.81","Churn"
"ORG1218","0.91","Churn"
"ORG1219","0.86","Churn"
"ORG1220","0.15","No Churn"
"ORG1221","0.91","Churn"
"ORG1223","0.7","Churn"
"ORG1224","0.83","Churn"
"ORG1225","0.68","Churn"
"ORG1226","0.85","Churn"
"ORG1227","0.96","Churn"
"ORG1228","0.29","No Churn"
"ORG1229","0.12","No Churn"
"ORG1230","0.83","Churn"
"ORG1231","0.83","Churn"
"ORG1232","0.56","Churn"
"ORG1233","0.89","Churn"
"ORG1234","0.86","Churn"
"ORG1235","0.81","Churn"
"ORG1236","0.91","Churn"
"ORG1237","0.9","Churn"
"ORG1238","0.17","No Churn"
"ORG1239","0.14","No Churn"
"ORG1240","0.79","Churn"
"ORG1241","0.92","Churn"
"ORG1242","0.08","No Churn"
"ORG1243","0.19","No Churn"
"ORG1244","0.93","Churn"
"ORG1245","0.89","Churn"
"ORG1246","0.26","No Churn"
"ORG1247","0.98","Churn"
"ORG1248","0.72","Churn"
"ORG1249","0.26","No Churn"
"ORG1250","0.14","No Churn"
"ORG1251","0.48","No Churn"
"ORG1252","0.86","Churn"
"ORG1253","0.72","Churn"
"ORG1254","0.93","Churn"
"ORG1255","0.88","Churn"
"ORG1256","0.84","Churn"
"ORG1257","0.29","No Churn"
"ORG1258","0.78","Churn"
"ORG1259","0.75","Churn"
"ORG1260","0.67","Churn"
"ORG1261","0.28","No Churn"
"ORG1262","0.49","No Churn"
"ORG1263","0.78","Churn"
"ORG1264","0.2","No Churn"
"ORG1265","0.91","Churn"
"ORG1266","0.94","Churn"
"ORG1267","0.89","Churn"
"ORG1268","0.79","Churn"
"ORG1269","0.92","Churn"
"ORG1270","0.92","Churn"
"ORG1271","0.9","Churn"
"ORG1272","0.89","Churn"
"ORG1273","0.98","Churn"
"ORG1274","0.99","Churn"
"ORG1275","0.89","Churn"
"ORG1276","0.82","Churn"
"ORG1277","0.94","Churn"
"ORG1278","0.97","Churn"
"ORG1325","0.78","Churn"
"ORG1279","0.36","No Churn"
"ORG1280","0.28","No Churn"
"ORG1281","0.77","Churn"
"ORG1282","0.74","Churn"
"ORG1283","0.91","Churn"
"ORG1284","0.23","No Churn"
"ORG1285","0.26","No Churn"
"ORG1286","0.97","Churn"
"ORG1287","0.6","Churn"
"ORG1288","0.88","Churn"
"ORG1289","0.32","No Churn"
"ORG1290","0.91","Churn"
"ORG1291","0.92","Churn"
"ORG2066","0.12","No Churn"
"ORG1292","0.99","Churn"
"ORG1293","0.31","No Churn"
"ORG1294","0.81","Churn"
"ORG1295","0.94","Churn"
"ORG1296","0.82","Churn"
"ORG1297","0.71","Churn"
"ORG1298","0.94","Churn"
"ORG1299","0.31","No Churn"
"ORG1300","0.72","Churn"
"ORG1301","0.76","Churn"
"ORG1302","0.3","No Churn"
"ORG1303","0.62","Churn"
"ORG1304","0.3","No Churn"
"ORG1305","0.91","Churn"
"ORG1307","0.94","Churn"
"ORG1308","0.24","No Churn"
"ORG1309","0.72","Churn"
"ORG1310","0.9","Churn"
"ORG1311","0.18","No Churn"
"ORG1312","0.9","Churn"
"ORG1313","0.82","Churn"
"ORG1314","0.21","No Churn"
"ORG1315","0.93","Churn"
"ORG1316","0.88","Churn"
"ORG1317","0.88","Churn"
"ORG1318","0.88","Churn"
"ORG1319","0.53","Churn"
"ORG1320","0.86","Churn"
"ORG1321","0.28","No Churn"
"ORG1322","0.88","Churn"
"ORG1323","0.84","Churn"
"ORG1324","0.83","Churn"
"ORG1327","0.81","Churn"
"ORG1328","0.89","Churn"
"ORG1329","0.85","Churn"
"ORG1330","0.9","Churn"
"ORG1331","0.33","No Churn"
"ORG1332","0.4","No Churn"
"ORG1333","0.91","Churn"
"ORG1334","0.96","Churn"
"ORG1335","0.73","Churn"
"ORG1373","0.91","Churn"
"ORG1336","0.91","Churn"
"ORG1337","0.8","Churn"
"ORG1338","0.27","No Churn"
"ORG1339","0.86","Churn"
"ORG1340","0.59","Churn"
"ORG1341","0.88","Churn"
"ORG1342","0.95","Churn"
"ORG1343","0.78","Churn"
"ORG1344","0.92","Churn"
"ORG1718","0.82","Churn"
"ORG1345","0.21","No Churn"
"ORG1346","0.22","No Churn"
"ORG1347","0.89","Churn"
"ORG1348","0.96","Churn"
"ORG1349","0.78","Churn"
"ORG1350","0.75","Churn"
"ORG1351","0.24","No Churn"
"ORG1352","0.83","Churn"
"ORG1353","0.78","Churn"
"ORG1372","0.9","Churn"
"ORG1354","0.91","Churn"
"ORG1355","0.93","Churn"
"ORG1356","0.8","Churn"
"ORG1357","0.29","No Churn"
"ORG1358","0.59","Churn"
"ORG1359","0.82","Churn"
"ORG1360","0.96","Churn"
"ORG1361","0.25","No Churn"
"ORG1362","0.16","No Churn"
"ORG1363","0.89","Churn"
"ORG1364","0.91","Churn"
"ORG1365","0.67","Churn"
"ORG1366","0.69","Churn"
"ORG1367","0.96","Churn"
"ORG1368","0.98","Churn"
"ORG1369","0.92","Churn"
"ORG1370","0.87","Churn"
"ORG1371","0.89","Churn"
"ORG1374","0.9","Churn"
"ORG1375","0.93","Churn"
"ORG1376","0.87","Churn"
"ORG1377","0.3","No Churn"
"ORG1378","0.97","Churn"
"ORG1379","0.26","No Churn"
"ORG1380","0.38","No Churn"
"ORG1381","0.34","No Churn"
"ORG1382","0.29","No Churn"
"ORG1688","0.59","Churn"
"ORG1383","0.83","Churn"
"ORG1384","0.93","Churn"
"ORG1385","0.22","No Churn"
"ORG1386","0.83","Churn"
"ORG1387","0.64","Churn"
"ORG1388","0.9","Churn"
"ORG1389","0.82","Churn"
"ORG1390","0.91","Churn"
"ORG1391","0.72","Churn"
"ORG1419","0.92","Churn"
"ORG1392","0.83","Churn"
"ORG1393","0.77","Churn"
"ORG1394","0.92","Churn"
"ORG1395","0.96","Churn"
"ORG1396","0.3","No Churn"
"ORG1397","0.89","Churn"
"ORG1398","0.25","No Churn"
"ORG1399","0.76","Churn"
"ORG1400","0.95","Churn"
"ORG1438","0.43","No Churn"
"ORG1401","0.73","Churn"
"ORG1402","0.79","Churn"
"ORG1403","0.88","Churn"
"ORG1404","0.78","Churn"
"ORG1405","0.85","Churn"
"ORG1406","0.22","No Churn"
"ORG1407","0.68","Churn"
"ORG1408","0.29","No Churn"
"ORG1409","0.83","Churn"
"ORG1689","0.2","No Churn"
"ORG1410","0.55","Churn"
"ORG1411","0.71","Churn"
"ORG1412","0.67","Churn"
"ORG1413","0.81","Churn"
"ORG1414","0.94","Churn"
"ORG1415","0.64","Churn"
"ORG1416","0.75","Churn"
"ORG1417","0.89","Churn"
"ORG1418","0.75","Churn"
"ORG1420","0.97","Churn"
"ORG1421","0.83","Churn"
"ORG1422","0.9","Churn"
"ORG1423","0.99","Churn"
"ORG1424","0.94","Churn"
"ORG1425","0.9","Churn"
"ORG1426","0.88","Churn"
"ORG1427","0.89","Churn"
"ORG1428","0.25","No Churn"
"ORG1429","0.8","Churn"
"ORG1430","0.94","Churn"
"ORG1431","0.85","Churn"
"ORG1432","0.98","Churn"
"ORG1433","0.71","Churn"
"ORG1434","0.76","Churn"
"ORG1435","0.84","Churn"
"ORG1436","0.87","Churn"
"ORG1437","0.61","Churn"
"ORG1439","0.16","No Churn"
"ORG1440","0.94","Churn"
"ORG1441","0.97","Churn"
"ORG1442","0.73","Churn"
"ORG1443","0.91","Churn"
"ORG1444","0.28","No Churn"
"ORG1445","0.78","Churn"
"ORG1446","0.81","Churn"
"ORG1447","0.82","Churn"
"ORG1448","0.18","No Churn"
"ORG1449","0.88","Churn"
"ORG1450","0.79","Churn"
"ORG1451","0.93","Churn"
"ORG1452","0.84","Churn"
"ORG1453","0.9","Churn"
"ORG1454","0.15","No Churn"
"ORG1455","0.3","No Churn"
"ORG1456","0.96","Churn"
"ORG1457","0.35","No Churn"
"ORG1458","1","Churn"
"ORG1459","0.77","Churn"
"ORG1460","0.89","Churn"
"ORG1461","0.97","Churn"
"ORG1462","0.69","Churn"
"ORG1463","0.33","No Churn"
"ORG1464","0.7","Churn"
"ORG1465","0.9","Churn"
"ORG1466","0.9","Churn"
"ORG1467","0.31","No Churn"
"ORG1468","0.25","No Churn"
"ORG1469","0.22","No Churn"
"ORG1470","0.81","Churn"
"ORG1471","0.96","Churn"
"ORG1472","0.18","No Churn"
"ORG1473","0.81","Churn"
"ORG1474","0.96","Churn"
"ORG1475","0.87","Churn"
"ORG1476","0.65","Churn"
"ORG1477","0.26","No Churn"
"ORG1478","0.96","Churn"
"ORG1479","0.87","Churn"
"ORG1480","0.27","No Churn"
"ORG1481","0.87","Churn"
"ORG1482","0.82","Churn"
"ORG1483","0.26","No Churn"
"ORG1484","0.26","No Churn"
"ORG1485","0.73","Churn"
"ORG1486","0.62","Churn"
"ORG1487","0.84","Churn"
"ORG1488","0.93","Churn"
"ORG1489","0.28","No Churn"
"ORG1490","0.74","Churn"
"ORG1491","0.87","Churn"
"ORG1492","0.29","No Churn"
"ORG1541","0.83","Churn"
"ORG1493","0.79","Churn"
"ORG1494","0.29","No Churn"
"ORG1495","0.25","No Churn"
"ORG1496","0.92","Churn"
"ORG1497","0.65","Churn"
"ORG1498","0.76","Churn"
"ORG1499","0.2","No Churn"
"ORG1500","0.75","Churn"
"ORG1501","0.95","Churn"
"ORG1502","0.91","Churn"
"ORG1503","0.83","Churn"
"ORG1504","0.79","Churn"
"ORG1505","0.81","Churn"
"ORG1506","0.21","No Churn"
"ORG1507","0.89","Churn"
"ORG1508","0.89","Churn"
"ORG1509","0.88","Churn"
"ORG1510","0.27","No Churn"
"ORG1511","0.79","Churn"
"ORG1512","0.98","Churn"
"ORG1513","0.38","No Churn"
"ORG1514","0.94","Churn"
"ORG1515","0.81","Churn"
"ORG1516","0.87","Churn"
"ORG1517","0.26","No Churn"
"ORG1518","0.89","Churn"
"ORG1519","0.6","Churn"
"ORG1520","0.76","Churn"
"ORG1521","0.92","Churn"
"ORG1522","0.86","Churn"
"ORG1523","0.51","Churn"
"ORG1524","0.22","No Churn"
"ORG1525","0.88","Churn"
"ORG1526","0.73","Churn"
"ORG1527","0.93","Churn"
"ORG1529","0.27","No Churn"
"ORG1530","0.91","Churn"
"ORG1531","0.91","Churn"
"ORG1532","0.2","No Churn"
"ORG1533","0.72","Churn"
"ORG1534","0.81","Churn"
"ORG1535","0.98","Churn"
"ORG1536","0.95","Churn"
"ORG1537","0.98","Churn"
"ORG1539","0.71","Churn"
"ORG1540","0.4","No Churn"
"ORG1542","0.64","Churn"
"ORG1543","0.76","Churn"
"ORG1544","0.38","No Churn"
"ORG1545","0.22","No Churn"
"ORG1546","0.73","Churn"
"ORG1547","0.83","Churn"
"ORG1548","0.93","Churn"
"ORG1549","0.28","No Churn"
"ORG1550","0.29","No Churn"
"ORG1551","0.87","Churn"
"ORG1552","0.94","Churn"
"ORG1553","0.54","Churn"
"ORG1554","0.87","Churn"
"ORG1555","0.91","Churn"
"ORG1556","0.6","Churn"
"ORG1557","0.93","Churn"
"ORG1558","0.88","Churn"
"ORG1559","0.34","No Churn"
"ORG1587","0.26","No Churn"
"ORG1560","0.97","Churn"
"ORG1561","0.83","Churn"
"ORG1562","0.9","Churn"
"ORG1563","0.34","No Churn"
"ORG1564","0.45","No Churn"
"ORG1565","0.89","Churn"
"ORG1620","0.2","No Churn"
"ORG1566","0.68","Churn"
"ORG1567","0.94","Churn"
"ORG1568","0.86","Churn"
"ORG1569","0.33","No Churn"
"ORG1570","0.83","Churn"
"ORG1571","0.7","Churn"
"ORG1572","0.81","Churn"
"ORG1573","0.92","Churn"
"ORG1574","0.54","Churn"
"ORG1575","0.87","Churn"
"ORG1576","0.86","Churn"
"ORG1577","0.27","No Churn"
"ORG1578","0.91","Churn"
"ORG1579","0.29","No Churn"
"ORG1580","0.87","Churn"
"ORG1581","0.64","Churn"
"ORG1582","0.25","No Churn"
"ORG1583","0.37","No Churn"
"ORG1584","0.9","Churn"
"ORG1585","0.93","Churn"
"ORG1586","0.89","Churn"
"ORG1588","0.28","No Churn"
"ORG1589","0.38","No Churn"
"ORG1590","0.85","Churn"
"ORG1591","0.55","Churn"
"ORG1592","0.83","Churn"
"ORG1593","0.95","Churn"
"ORG1594","0.35","No Churn"
"ORG1595","0.91","Churn"
"ORG1596","0.92","Churn"
"ORG1606","0.22","No Churn"
"ORG1597","0.83","Churn"
"ORG1598","0.77","Churn"
"ORG1599","0.91","Churn"
"ORG1600","0.93","Churn"
"ORG1601","0.58","Churn"
"ORG1602","0.91","Churn"
"ORG1603","0.9","Churn"
"ORG1604","0.86","Churn"
"ORG1605","0.92","Churn"
"ORG1607","0.3","No Churn"
"ORG1608","0.83","Churn"
"ORG1609","0.85","Churn"
"ORG1610","0.82","Churn"
"ORG1611","0.87","Churn"
"ORG1612","0.9","Churn"
"ORG1613","0.94","Churn"
"ORG1614","0.27","No Churn"
"ORG1615","0.76","Churn"
"ORG1616","0.88","Churn"
"ORG1617","0.16","No Churn"
"ORG1618","0.89","Churn"
"ORG1619","0.99","Churn"
"ORG1621","0.2","No Churn"
"ORG1622","0.39","No Churn"
"ORG1623","0.19","No Churn"
"ORG1624","0.91","Churn"
"ORG1625","0.97","Churn"
"ORG1626","0.74","Churn"
"ORG1627","0.85","Churn"
"ORG1628","0.93","Churn"
"ORG1629","0.9","Churn"
"ORG2592","0.82","Churn"
"ORG1630","0.77","Churn"
"ORG1631","0.58","Churn"
"ORG1632","0.8","Churn"
"ORG1633","0.99","Churn"
"ORG1700","0.28","No Churn"
"ORG1634","0.32","No Churn"
"ORG1635","0.24","No Churn"
"ORG1636","0.94","Churn"
"ORG1637","0.83","Churn"
"ORG1638","0.9","Churn"
"ORG1639","0.9","Churn"
"ORG1640","0.96","Churn"
"ORG1641","0.75","Churn"
"ORG1642","0.31","No Churn"
"ORG1643","0.84","Churn"
"ORG1644","0.85","Churn"
"ORG1645","0.21","No Churn"
"ORG1646","0.89","Churn"
"ORG1647","0.78","Churn"
"ORG1648","0.92","Churn"
"ORG1649","0.82","Churn"
"ORG1650","0.83","Churn"
"ORG1651","0.86","Churn"
"ORG1652","0.91","Churn"
"ORG1653","0.14","No Churn"
"ORG1654","0.81","Churn"
"ORG1655","0.81","Churn"
"ORG1656","0.93","Churn"
"ORG1657","0.98","Churn"
"ORG1658","0.8","Churn"
"ORG1659","0.96","Churn"
"ORG1660","0.88","Churn"
"ORG1687","0.85","Churn"
"ORG1661","0.62","Churn"
"ORG1662","0.57","Churn"
"ORG1663","0.9","Churn"
"ORG1664","0.81","Churn"
"ORG1665","0.94","Churn"
"ORG1692","0.19","No Churn"
"ORG1666","0.25","No Churn"
"ORG1667","0.73","Churn"
"ORG1668","0.91","Churn"
"ORG1669","0.22","No Churn"
"ORG1670","0.6","Churn"
"ORG1671","0.86","Churn"
"ORG1672","0.88","Churn"
"ORG1673","0.28","No Churn"
"ORG1674","0.76","Churn"
"ORG1675","0.88","Churn"
"ORG1676","0.94","Churn"
"ORG1677","0.71","Churn"
"ORG1678","0.38","No Churn"
"ORG1679","0.88","Churn"
"ORG1680","0.89","Churn"
"ORG1681","0.89","Churn"
"ORG1682","0.86","Churn"
"ORG1729","0.94","Churn"
"ORG1683","0.87","Churn"
"ORG1684","0.35","No Churn"
"ORG1685","0.75","Churn"
"ORG1686","0.91","Churn"
"ORG1690","0.46","No Churn"
"ORG1691","0.77","Churn"
"ORG1693","0.89","Churn"
"ORG1694","0.96","Churn"
"ORG1695","0.93","Churn"
"ORG1696","0.97","Churn"
"ORG1697","0.31","No Churn"
"ORG1698","0.33","No Churn"
"ORG1699","0.93","Churn"
"ORG1701","0.9","Churn"
"ORG1702","0.93","Churn"
"ORG1703","0.24","No Churn"
"ORG1704","0.89","Churn"
"ORG1705","0.91","Churn"
"ORG1706","0.18","No Churn"
"ORG1707","0.67","Churn"
"ORG1708","0.84","Churn"
"ORG1709","0.71","Churn"
"ORG1719","0.69","Churn"
"ORG1710","0.76","Churn"
"ORG1711","0.92","Churn"
"ORG1712","0.86","Churn"
"ORG1713","0.26","No Churn"
"ORG1714","0.33","No Churn"
"ORG1715","0.79","Churn"
"ORG1716","0.56","Churn"
"ORG1717","0.64","Churn"
"ORG1720","0.87","Churn"
"ORG1721","0.89","Churn"
"ORG1722","0.86","Churn"
"ORG1723","0.53","Churn"
"ORG1724","0.92","Churn"
"ORG1725","0.25","No Churn"
"ORG1726","0.71","Churn"
"ORG1727","0.6","Churn"
"ORG1728","0.95","Churn"
"ORG2730","0.17","No Churn"
"ORG1730","0.28","No Churn"
"ORG1731","0.84","Churn"
"ORG1732","0.88","Churn"
"ORG1733","0.91","Churn"
"ORG1734","0.87","Churn"
"ORG1735","0.64","Churn"
"ORG1736","0.26","No Churn"
"ORG1737","0.62","Churn"
"ORG1738","0.83","Churn"
"ORG1739","0.27","No Churn"
"ORG1740","0.84","Churn"
"ORG1741","0.96","Churn"
"ORG1742","0.89","Churn"
"ORG1743","0.95","Churn"
"ORG1744","0.97","Churn"
"ORG1745","0.64","Churn"
"ORG1746","0.9","Churn"
"ORG1747","0.72","Churn"
"ORG2623","0.21","No Churn"
"ORG1748","0.95","Churn"
"ORG1749","0.85","Churn"
"ORG1750","0.88","Churn"
"ORG1751","0.93","Churn"
"ORG1752","0.29","No Churn"
"ORG1753","0.95","Churn"
"ORG1754","0.8","Churn"
"ORG1755","0.95","Churn"
"ORG1756","0.85","Churn"
"ORG1757","0.91","Churn"
"ORG1758","0.89","Churn"
"ORG1759","0.84","Churn"
"ORG1760","0.68","Churn"
"ORG1761","0.99","Churn"
"ORG1762","0.94","Churn"
"ORG1763","0.18","No Churn"
"ORG1764","0.84","Churn"
"ORG1774","0.81","Churn"
"ORG1765","0.85","Churn"
"ORG1766","0.86","Churn"
"ORG1767","0.3","No Churn"
"ORG1768","0.95","Churn"
"ORG1769","0.95","Churn"
"ORG1770","0.87","Churn"
"ORG1771","0.17","No Churn"
"ORG1772","0.91","Churn"
"ORG1773","0.9","Churn"
"ORG1775","0.93","Churn"
"ORG1776","0.92","Churn"
"ORG1777","0.23","No Churn"
"ORG1778","0.95","Churn"
"ORG1779","0.19","No Churn"
"ORG1780","0.87","Churn"
"ORG1781","0.96","Churn"
"ORG1782","0.88","Churn"
"ORG1783","0.49","No Churn"
"ORG1784","0.85","Churn"
"ORG1785","0.87","Churn"
"ORG1917","0.29","No Churn"
"ORG1786","0.85","Churn"
"ORG1787","0.74","Churn"
"ORG1788","0.34","No Churn"
"ORG1789","0.85","Churn"
"ORG1790","0.93","Churn"
"ORG1791","0.17","No Churn"
"ORG1792","0.25","No Churn"
"ORG1793","0.2","No Churn"
"ORG1794","0.79","Churn"
"ORG1795","0.92","Churn"
"ORG1796","0.7","Churn"
"ORG1797","0.23","No Churn"
"ORG1798","0.93","Churn"
"ORG1799","0.19","No Churn"
"ORG1800","0.91","Churn"
"ORG1801","0.44","No Churn"
"ORG1802","0.92","Churn"
"ORG1803","0.89","Churn"
"ORG1804","0.77","Churn"
"ORG1805","0.28","No Churn"
"ORG1806","0.85","Churn"
"ORG1807","0.84","Churn"
"ORG1808","0.25","No Churn"
"ORG1809","0.86","Churn"
"ORG1810","0.28","No Churn"
"ORG1811","0.69","Churn"
"ORG1812","0.93","Churn"
"ORG1813","0.9","Churn"
"ORG1832","0.85","Churn"
"ORG1814","0.8","Churn"
"ORG1815","0.75","Churn"
"ORG1816","0.96","Churn"
"ORG1817","0.83","Churn"
"ORG1818","0.79","Churn"
"ORG1819","0.95","Churn"
"ORG1820","0.79","Churn"
"ORG1821","0.95","Churn"
"ORG1822","0.87","Churn"
"ORG1918","0.81","Churn"
"ORG1823","0.96","Churn"
"ORG1824","0.24","No Churn"
"ORG1825","0.96","Churn"
"ORG1826","0.86","Churn"
"ORG1827","0.8","Churn"
"ORG1828","0.91","Churn"
"ORG1829","0.34","No Churn"
"ORG1830","0.92","Churn"
"ORG1831","0.94","Churn"
"ORG2040","0.4","No Churn"
"ORG1833","0.85","Churn"
"ORG1834","0.87","Churn"
"ORG1835","0.82","Churn"
"ORG1836","0.92","Churn"
"ORG1837","0.95","Churn"
"ORG1838","0.91","Churn"
"ORG1839","0.94","Churn"
"ORG1840","0.87","Churn"
"ORG1841","0.9","Churn"
"ORG1842","0.96","Churn"
"ORG1843","0.23","No Churn"
"ORG1844","0.86","Churn"
"ORG1845","0.96","Churn"
"ORG1846","0.24","No Churn"
"ORG1847","0.54","Churn"
"ORG1848","0.24","No Churn"
"ORG1849","0.91","Churn"
"ORG1850","0.92","Churn"
"ORG1851","0.23","No Churn"
"ORG1852","0.86","Churn"
"ORG1853","0.84","Churn"
"ORG1854","0.93","Churn"
"ORG1855","0.85","Churn"
"ORG1856","0.9","Churn"
"ORG1857","0.78","Churn"
"ORG1858","0.8","Churn"
"ORG1859","0.23","No Churn"
"ORG1860","0.69","Churn"
"ORG1861","0.2","No Churn"
"ORG1862","0.85","Churn"
"ORG1863","0.43","No Churn"
"ORG1864","0.71","Churn"
"ORG1865","0.65","Churn"
"ORG1866","0.84","Churn"
"ORG1867","0.92","Churn"
"ORG1868","0.94","Churn"
"ORG1869","0.26","No Churn"
"ORG1870","0.22","No Churn"
"ORG1871","0.18","No Churn"
"ORG1872","0.81","Churn"
"ORG1873","0.98","Churn"
"ORG1874","0.84","Churn"
"ORG1875","0.15","No Churn"
"ORG1876","0.26","No Churn"
"ORG1877","0.79","Churn"
"ORG1878","0.97","Churn"
"ORG1879","0.89","Churn"
"ORG1880","0.87","Churn"
"ORG1881","0.94","Churn"
"ORG1882","0.85","Churn"
"ORG1883","0.96","Churn"
"ORG1884","0.52","Churn"
"ORG1885","0.89","Churn"
"ORG1886","0.3","No Churn"
"ORG1887","0.9","Churn"
"ORG1888","0.34","No Churn"
"ORG1889","0.3","No Churn"
"ORG1890","0.21","No Churn"
"ORG1891","0.43","No Churn"
"ORG1892","0.3","No Churn"
"ORG1893","0.42","No Churn"
"ORG1894","0.87","Churn"
"ORG1895","0.95","Churn"
"ORG1896","0.64","Churn"
"ORG1897","0.88","Churn"
"ORG1898","0.86","Churn"
"ORG1899","0.89","Churn"
"ORG1900","0.81","Churn"
"ORG1901","0.89","Churn"
"ORG1902","0.81","Churn"
"ORG1903","0.48","No Churn"
"ORG1904","0.88","Churn"
"ORG1905","0.24","No Churn"
"ORG1906","0.97","Churn"
"ORG1907","0.91","Churn"
"ORG1908","0.85","Churn"
"ORG1909","0.63","Churn"
"ORG1910","0.23","No Churn"
"ORG1912","0.65","Churn"
"ORG1913","0.95","Churn"
"ORG1914","0.87","Churn"
"ORG1915","0.92","Churn"
"ORG1916","0.89","Churn"
"ORG1919","0.91","Churn"
"ORG1920","0.88","Churn"
"ORG1921","0.29","No Churn"
"ORG1922","0.25","No Churn"
"ORG1923","0.88","Churn"
"ORG1924","0.24","No Churn"
"ORG1925","0.86","Churn"
"ORG1926","0.78","Churn"
"ORG1927","0.23","No Churn"
"ORG1928","0.79","Churn"
"ORG1929","0.19","No Churn"
"ORG1930","0.83","Churn"
"ORG1931","0.96","Churn"
"ORG1932","0.77","Churn"
"ORG1933","0.85","Churn"
"ORG1934","0.22","No Churn"
"ORG1935","0.61","Churn"
"ORG1936","0.9","Churn"
"ORG1937","0.96","Churn"
"ORG1938","0.31","No Churn"
"ORG1939","0.28","No Churn"
"ORG1940","0.87","Churn"
"ORG1941","0.83","Churn"
"ORG1942","0.49","No Churn"
"ORG1943","0.26","No Churn"
"ORG1944","0.94","Churn"
"ORG1945","0.91","Churn"
"ORG1946","0.92","Churn"
"ORG1947","0.13","No Churn"
"ORG1948","0.9","Churn"
"ORG1949","0.87","Churn"
"ORG1950","0.91","Churn"
"ORG1951","0.14","No Churn"
"ORG1952","0.46","No Churn"
"ORG1953","0.27","No Churn"
"ORG1954","0.59","Churn"
"ORG1955","0.75","Churn"
"ORG1956","0.44","No Churn"
"ORG1957","0.94","Churn"
"ORG1958","0.9","Churn"
"ORG1959","0.78","Churn"
"ORG1960","0.87","Churn"
"ORG1961","0.19","No Churn"
"ORG1962","0.95","Churn"
"ORG1963","0.84","Churn"
"ORG1964","0.21","No Churn"
"ORG1965","0.28","No Churn"
"ORG1966","0.84","Churn"
"ORG1967","0.24","No Churn"
"ORG1968","0.74","Churn"
"ORG1969","0.99","Churn"
"ORG1970","0.88","Churn"
"ORG1971","0.94","Churn"
"ORG1972","0.91","Churn"
"ORG1973","0.81","Churn"
"ORG1974","0.93","Churn"
"ORG1975","0.81","Churn"
"ORG1976","0.98","Churn"
"ORG1977","0.57","Churn"
"ORG1978","0.62","Churn"
"ORG1979","0.34","No Churn"
"ORG1980","0.75","Churn"
"ORG1981","0.65","Churn"
"ORG1982","0.85","Churn"
"ORG1983","0.32","No Churn"
"ORG1984","0.77","Churn"
"ORG1985","0.58","Churn"
"ORG1986","0.83","Churn"
"ORG1987","0.93","Churn"
"ORG1988","0.85","Churn"
"ORG1989","0.33","No Churn"
"ORG1990","0.91","Churn"
"ORG1991","0.78","Churn"
"ORG1992","0.91","Churn"
"ORG1993","0.35","No Churn"
"ORG1994","0.87","Churn"
"ORG1995","0.92","Churn"
"ORG1996","0.18","No Churn"
"ORG1997","0.95","Churn"
"ORG1998","0.77","Churn"
"ORG1999","0.9","Churn"
"ORG2000","0.45","No Churn"
"ORG2001","0.36","No Churn"
"ORG2002","0.15","No Churn"
"ORG2003","0.83","Churn"
"ORG2004","0.69","Churn"
"ORG2005","0.3","No Churn"
"ORG2006","0.62","Churn"
"ORG2007","0.9","Churn"
"ORG2008","0.93","Churn"
"ORG2009","0.88","Churn"
"ORG2010","0.6","Churn"
"ORG2011","0.99","Churn"
"ORG2012","0.22","No Churn"
"ORG2013","0.62","Churn"
"ORG2014","0.73","Churn"
"ORG2015","0.97","Churn"
"ORG2016","0.3","No Churn"
"ORG2017","0.97","Churn"
"ORG2018","0.94","Churn"
"ORG2019","0.34","No Churn"
"ORG2020","0.94","Churn"
"ORG2021","0.53","Churn"
"ORG2022","0.17","No Churn"
"ORG2023","0.33","No Churn"
"ORG2024","0.24","No Churn"
"ORG2025","0.95","Churn"
"ORG2026","0.97","Churn"
"ORG2027","0.91","Churn"
"ORG2028","0.44","No Churn"
"ORG2030","0.83","Churn"
"ORG2031","0.9","Churn"
"ORG2032","0.92","Churn"
"ORG2033","0.94","Churn"
"ORG2034","0.96","Churn"
"ORG2035","0.88","Churn"
"ORG2036","0.74","Churn"
"ORG2037","0.3","No Churn"
"ORG2038","0.25","No Churn"
"ORG2039","0.92","Churn"
"ORG2041","0.81","Churn"
"ORG2042","0.92","Churn"
"ORG2043","0.9","Churn"
"ORG2044","0.87","Churn"
"ORG2045","0.9","Churn"
"ORG2046","0.3","No Churn"
"ORG2047","0.9","Churn"
"ORG2048","0.27","No Churn"
"ORG2049","0.77","Churn"
"ORG2050","0.86","Churn"
"ORG2051","0.31","No Churn"
"ORG2052","0.97","Churn"
"ORG2053","0.95","Churn"
"ORG2054","0.9","Churn"
"ORG2055","0.84","Churn"
"ORG2056","0.24","No Churn"
"ORG2057","0.82","Churn"
"ORG2058","0.85","Churn"
"ORG2059","0.75","Churn"
"ORG2060","0.16","No Churn"
"ORG2061","0.28","No Churn"
"ORG2062","0.19","No Churn"
"ORG2063","0.89","Churn"
"ORG2064","0.88","Churn"
"ORG2065","0.84","Churn"
"ORG2067","0.3","No Churn"
"ORG2068","0.92","Churn"
"ORG2069","0.93","Churn"
"ORG2070","0.92","Churn"
"ORG2071","0.66","Churn"
"ORG2072","0.88","Churn"
"ORG2073","0.82","Churn"
"ORG2074","0.31","No Churn"
"ORG2075","0.95","Churn"
"ORG2076","0.76","Churn"
"ORG2077","0.41","No Churn"
"ORG2078","0.82","Churn"
"ORG2079","0.85","Churn"
"ORG2080","0.33","No Churn"
"ORG2081","0.85","Churn"
"ORG2082","0.27","No Churn"
"ORG2083","0.9","Churn"
"ORG2084","0.92","Churn"
"ORG2085","0.82","Churn"
"ORG2086","0.54","Churn"
"ORG2087","0.88","Churn"
"ORG2088","0.98","Churn"
"ORG2089","0.27","No Churn"
"ORG2090","0.84","Churn"
"ORG2091","0.22","No Churn"
"ORG2092","0.82","Churn"
"ORG2093","0.91","Churn"
"ORG2094","0.89","Churn"
"ORG2095","0.84","Churn"
"ORG2096","0.96","Churn"
"ORG2097","0.28","No Churn"
"ORG2098","0.91","Churn"
"ORG2099","0.9","Churn"
"ORG2100","0.88","Churn"
"ORG2101","0.27","No Churn"
"ORG2102","0.82","Churn"
"ORG2103","0.2","No Churn"
"ORG2104","0.95","Churn"
"ORG2105","0.28","No Churn"
"ORG2106","0.18","No Churn"
"ORG2107","0.85","Churn"
"ORG2108","0.13","No Churn"
"ORG2109","0.92","Churn"
"ORG2110","0.61","Churn"
"ORG2111","0.29","No Churn"
"ORG2112","0.67","Churn"
"ORG2113","0.3","No Churn"
"ORG2114","0.75","Churn"
"ORG2115","0.97","Churn"
"ORG2116","0.95","Churn"
"ORG2117","0.92","Churn"
"ORG2118","0.82","Churn"
"ORG2119","0.91","Churn"
"ORG2120","0.25","No Churn"
"ORG2121","0.75","Churn"
"ORG2122","0.81","Churn"
"ORG2123","0.93","Churn"
"ORG2124","0.59","Churn"
"ORG2125","0.81","Churn"
"ORG2126","0.95","Churn"
"ORG2127","0.84","Churn"
"ORG2128","0.88","Churn"
"ORG2129","0.81","Churn"
"ORG2130","0.29","No Churn"
"ORG2131","0.95","Churn"
"ORG2132","0.94","Churn"
"ORG2133","0.71","Churn"
"ORG2134","0.97","Churn"
"ORG2135","0.24","No Churn"
"ORG2136","0.22","No Churn"
"ORG2137","0.85","Churn"
"ORG2138","0.29","No Churn"
"ORG2139","0.9","Churn"
"ORG2140","0.24","No Churn"
"ORG2141","0.94","Churn"
"ORG2142","0.85","Churn"
"ORG2143","0.87","Churn"
"ORG2144","0.83","Churn"
"ORG2145","0.93","Churn"
"ORG2146","0.88","Churn"
"ORG2147","0.85","Churn"
"ORG2148","0.9","Churn"
"ORG2149","0.91","Churn"
"ORG2150","0.86","Churn"
"ORG2151","0.17","No Churn"
"ORG2152","0.9","Churn"
"ORG2153","0.93","Churn"
"ORG2154","0.21","No Churn"
"ORG2155","0.27","No Churn"
"ORG2174","0.75","Churn"
"ORG2156","0.22","No Churn"
"ORG2157","0.94","Churn"
"ORG2158","0.19","No Churn"
"ORG2159","0.19","No Churn"
"ORG2160","0.53","Churn"
"ORG2161","0.27","No Churn"
"ORG2162","0.96","Churn"
"ORG2163","0.61","Churn"
"ORG2164","0.83","Churn"
"ORG2165","0.9","Churn"
"ORG2166","0.99","Churn"
"ORG2167","0.79","Churn"
"ORG2168","0.61","Churn"
"ORG2169","0.85","Churn"
"ORG2170","0.52","Churn"
"ORG2171","0.79","Churn"
"ORG2172","0.92","Churn"
"ORG2173","0.93","Churn"
"ORG2175","0.26","No Churn"
"ORG2176","0.6","Churn"
"ORG2177","0.24","No Churn"
"ORG2178","0.66","Churn"
"ORG2179","0.69","Churn"
"ORG2180","0.89","Churn"
"ORG2181","0.92","Churn"
"ORG2182","0.14","No Churn"
"ORG2183","0.96","Churn"
"ORG2184","0.28","No Churn"
"ORG2185","0.96","Churn"
"ORG2186","0.28","No Churn"
"ORG2187","0.83","Churn"
"ORG2188","0.14","No Churn"
"ORG2189","0.18","No Churn"
"ORG2190","0.83","Churn"
"ORG2191","0.71","Churn"
"ORG2192","0.9","Churn"
"ORG2193","0.31","No Churn"
"ORG2194","0.85","Churn"
"ORG2195","0.19","No Churn"
"ORG2196","0.27","No Churn"
"ORG2197","0.85","Churn"
"ORG2198","0.84","Churn"
"ORG2199","0.34","No Churn"
"ORG2200","0.88","Churn"
"ORG2201","0.89","Churn"
"ORG2202","0.23","No Churn"
"ORG2203","0.74","Churn"
"ORG2204","0.74","Churn"
"ORG2205","0.77","Churn"
"ORG2206","0.55","Churn"
"ORG2207","0.19","No Churn"
"ORG2208","0.93","Churn"
"ORG2209","0.51","Churn"
"ORG2210","0.84","Churn"
"ORG2211","0.24","No Churn"
"ORG2212","0.81","Churn"
"ORG2213","0.89","Churn"
"ORG2214","0.73","Churn"
"ORG2215","0.85","Churn"
"ORG2216","0.24","No Churn"
"ORG2217","0.99","Churn"
"ORG2218","0.83","Churn"
"ORG2219","0.88","Churn"
"ORG2220","0.28","No Churn"
"ORG2221","0.9","Churn"
"ORG2222","0.79","Churn"
"ORG2223","0.6","Churn"
"ORG2224","0.83","Churn"
"ORG2225","0.85","Churn"
"ORG2226","0.72","Churn"
"ORG2227","0.8","Churn"
"ORG2228","0.89","Churn"
"ORG2229","0.2","No Churn"
"ORG2230","0.86","Churn"
"ORG2231","0.36","No Churn"
"ORG2232","0.94","Churn"
"ORG2233","0.78","Churn"
"ORG2234","0.66","Churn"
"ORG2235","0.99","Churn"
"ORG2236","0.97","Churn"
"ORG2237","0.24","No Churn"
"ORG2238","0.3","No Churn"
"ORG2239","0.2","No Churn"
"ORG2240","0.85","Churn"
"ORG2241","0.88","Churn"
"ORG2242","0.3","No Churn"
"ORG2243","0.83","Churn"
"ORG2244","0.94","Churn"
"ORG2245","0.9","Churn"
"ORG2246","0.99","Churn"
"ORG2247","0.29","No Churn"
"ORG2248","0.99","Churn"
"ORG2249","0.71","Churn"
"ORG2250","0.86","Churn"
"ORG2251","0.96","Churn"
"ORG2252","0.92","Churn"
"ORG2253","0.94","Churn"
"ORG2254","0.95","Churn"
"ORG2255","0.9","Churn"
"ORG2256","0.98","Churn"
"ORG2257","0.2","No Churn"
"ORG2258","0.28","No Churn"
"ORG2259","0.9","Churn"
"ORG2260","0.28","No Churn"
"ORG2261","0.9","Churn"
"ORG2262","0.86","Churn"
"ORG2263","0.52","Churn"
"ORG2273","0.87","Churn"
"ORG2264","0.88","Churn"
"ORG2265","0.93","Churn"
"ORG2266","0.82","Churn"
"ORG2267","0.96","Churn"
"ORG2268","0.85","Churn"
"ORG2269","0.96","Churn"
"ORG2270","0.18","No Churn"
"ORG2271","0.26","No Churn"
"ORG2272","0.97","Churn"
"ORG2274","0.53","Churn"
"ORG2275","0.72","Churn"
"ORG2276","0.54","Churn"
"ORG2277","0.34","No Churn"
"ORG2278","0.86","Churn"
"ORG2279","0.99","Churn"
"ORG2280","0.31","No Churn"
"ORG2281","0.26","No Churn"
"ORG2282","0.95","Churn"
"ORG2283","0.98","Churn"
"ORG2284","0.91","Churn"
"ORG2285","0.35","No Churn"
"ORG2286","0.81","Churn"
"ORG2287","0.95","Churn"
"ORG2288","0.69","Churn"
"ORG2289","0.35","No Churn"
"ORG2290","0.88","Churn"
"ORG2291","0.86","Churn"
"ORG2292","0.85","Churn"
"ORG2293","0.94","Churn"
"ORG2294","0.9","Churn"
"ORG2295","0.18","No Churn"
"ORG2296","0.27","No Churn"
"ORG2297","0.62","Churn"
"ORG2298","0.94","Churn"
"ORG2299","0.16","No Churn"
"ORG2300","0.84","Churn"
"ORG2301","0.28","No Churn"
"ORG2642","0.78","Churn"
"ORG2302","0.19","No Churn"
"ORG2303","0.88","Churn"
"ORG2304","0.88","Churn"
"ORG2305","0.88","Churn"
"ORG2306","0.29","No Churn"
"ORG2307","0.76","Churn"
"ORG2308","0.99","Churn"
"ORG2309","0.93","Churn"
"ORG2310","0.29","No Churn"
"ORG2411","0.73","Churn"
"ORG2311","0.97","Churn"
"ORG2312","0.29","No Churn"
"ORG2313","0.77","Churn"
"ORG2314","0.82","Churn"
"ORG2315","0.77","Churn"
"ORG2316","0.71","Churn"
"ORG2317","0.22","No Churn"
"ORG2318","0.34","No Churn"
"ORG2319","0.3","No Churn"
"ORG2449","0.7","Churn"
"ORG2320","0.83","Churn"
"ORG2321","0.94","Churn"
"ORG2322","0.79","Churn"
"ORG2323","0.27","No Churn"
"ORG2324","0.48","No Churn"
"ORG2325","0.94","Churn"
"ORG2326","0.94","Churn"
"ORG2327","0.68","Churn"
"ORG2328","0.95","Churn"
"ORG2329","0.91","Churn"
"ORG2330","0.16","No Churn"
"ORG2331","0.75","Churn"
"ORG2332","0.93","Churn"
"ORG2333","0.95","Churn"
"ORG2334","0.75","Churn"
"ORG2335","0.75","Churn"
"ORG2336","0.45","No Churn"
"ORG2337","0.49","No Churn"
"ORG2338","0.72","Churn"
"ORG2339","0.89","Churn"
"ORG2340","0.56","Churn"
"ORG2341","0.87","Churn"
"ORG2342","0.84","Churn"
"ORG2343","0.87","Churn"
"ORG2344","0.64","Churn"
"ORG2345","0.29","No Churn"
"ORG2346","0.32","No Churn"
"ORG2347","0.71","Churn"
"ORG2348","0.72","Churn"
"ORG2349","0.71","Churn"
"ORG2350","0.81","Churn"
"ORG2351","0.81","Churn"
"ORG2352","0.8","Churn"
"ORG2353","0.92","Churn"
"ORG2354","0.85","Churn"
"ORG2355","0.21","No Churn"
"ORG2356","0.18","No Churn"
"ORG2357","0.65","Churn"
"ORG2358","0.92","Churn"
"ORG2359","0.71","Churn"
"ORG2360","0.9","Churn"
"ORG2361","0.93","Churn"
"ORG2362","0.23","No Churn"
"ORG2363","0.2","No Churn"
"ORG2373","0.79","Churn"
"ORG2364","0.56","Churn"
"ORG2365","0.84","Churn"
"ORG2366","0.86","Churn"
"ORG2367","0.51","Churn"
"ORG2368","0.21","No Churn"
"ORG2369","0.19","No Churn"
"ORG2370","0.83","Churn"
"ORG2371","0.32","No Churn"
"ORG2372","0.75","Churn"
"ORG2374","0.85","Churn"
"ORG2375","0.89","Churn"
"ORG2376","0.99","Churn"
"ORG2377","0.28","No Churn"
"ORG2378","0.92","Churn"
"ORG2379","0.8","Churn"
"ORG2380","0.74","Churn"
"ORG2381","0.76","Churn"
"ORG2382","0.85","Churn"
"ORG2383","0.35","No Churn"
"ORG2384","0.95","Churn"
"ORG2385","0.93","Churn"
"ORG2386","0.76","Churn"
"ORG2387","0.28","No Churn"
"ORG2388","0.93","Churn"
"ORG2389","0.8","Churn"
"ORG2390","0.76","Churn"
"ORG2399","0.28","No Churn"
"ORG2391","0.9","Churn"
"ORG2401","0.75","Churn"
"ORG2392","0.6","Churn"
"ORG2393","0.18","No Churn"
"ORG2394","0.8","Churn"
"ORG2395","0.36","No Churn"
"ORG2396","0.76","Churn"
"ORG2397","0.95","Churn"
"ORG2398","0.4","No Churn"
"ORG2463","0.87","Churn"
"ORG2400","0.8","Churn"
"ORG2402","0.2","No Churn"
"ORG2403","0.28","No Churn"
"ORG2404","0.61","Churn"
"ORG2405","0.85","Churn"
"ORG2406","0.89","Churn"
"ORG2407","0.33","No Churn"
"ORG2408","0.21","No Churn"
"ORG2409","0.9","Churn"
"ORG2410","0.85","Churn"
"ORG2412","0.89","Churn"
"ORG2413","0.9","Churn"
"ORG2414","0.47","No Churn"
"ORG2415","0.79","Churn"
"ORG2416","0.9","Churn"
"ORG2417","0.3","No Churn"
"ORG2418","0.56","Churn"
"ORG2419","0.68","Churn"
"ORG2420","0.88","Churn"
"ORG2421","0.85","Churn"
"ORG2422","0.88","Churn"
"ORG2423","0.89","Churn"
"ORG2424","0.86","Churn"
"ORG2425","0.89","Churn"
"ORG2426","0.88","Churn"
"ORG2427","0.86","Churn"
"ORG2428","0.26","No Churn"
"ORG2429","0.8","Churn"
"ORG2430","0.84","Churn"
"ORG2431","0.3","No Churn"
"ORG2432","0.27","No Churn"
"ORG2433","0.87","Churn"
"ORG2434","0.84","Churn"
"ORG2435","0.85","Churn"
"ORG2436","0.9","Churn"
"ORG2437","0.93","Churn"
"ORG2438","0.94","Churn"
"ORG2439","0.14","No Churn"
"ORG2450","0.31","No Churn"
"ORG2440","0.32","No Churn"
"ORG2441","0.63","Churn"
"ORG2442","0.76","Churn"
"ORG2443","0.96","Churn"
"ORG2444","0.11","No Churn"
"ORG2445","0.73","Churn"
"ORG2446","0.33","No Churn"
"ORG2447","0.92","Churn"
"ORG2448","0.88","Churn"
"ORG2451","0.24","No Churn"
"ORG2452","0.76","Churn"
"ORG2453","0.9","Churn"
"ORG2454","0.72","Churn"
"ORG2455","0.69","Churn"
"ORG2456","0.89","Churn"
"ORG2457","0.73","Churn"
"ORG2458","0.88","Churn"
"ORG2459","0.88","Churn"
"ORG2460","0.42","No Churn"
"ORG2461","0.92","Churn"
"ORG2462","0.93","Churn"
"ORG2464","0.96","Churn"
"ORG2465","0.68","Churn"
"ORG2466","0.98","Churn"
"ORG2467","0.3","No Churn"
"ORG2468","0.71","Churn"
"ORG2469","0.78","Churn"
"ORG2470","0.91","Churn"
"ORG2471","0.86","Churn"
"ORG2472","0.85","Churn"
"ORG2473","0.87","Churn"
"ORG2474","0.83","Churn"
"ORG2475","0.9","Churn"
"ORG2476","0.93","Churn"
"ORG2477","0.86","Churn"
"ORG2478","0.91","Churn"
"ORG2479","0.61","Churn"
"ORG2480","0.88","Churn"
"ORG2481","0.87","Churn"
"ORG2482","0.3","No Churn"
"ORG2483","0.85","Churn"
"ORG2484","0.22","No Churn"
"ORG2485","0.24","No Churn"
"ORG2486","0.88","Churn"
"ORG2487","0.9","Churn"
"ORG2489","0.27","No Churn"
"ORG2490","0.82","Churn"
"ORG2491","0.83","Churn"
"ORG2492","0.68","Churn"
"ORG2493","0.93","Churn"
"ORG2494","0.82","Churn"
"ORG2495","0.96","Churn"
"ORG2496","0.85","Churn"
"ORG2497","0.98","Churn"
"ORG2498","0.76","Churn"
"ORG2499","0.86","Churn"
"ORG2500","0.33","No Churn"
"ORG2501","0.29","No Churn"
"ORG2502","0.86","Churn"
"ORG2503","0.2","No Churn"
"ORG2504","0.96","Churn"
"ORG2505","0.98","Churn"
"ORG2506","0.9","Churn"
"ORG2661","0.79","Churn"
"ORG2507","0.71","Churn"
"ORG2508","0.92","Churn"
"ORG2509","0.23","No Churn"
"ORG2510","0.26","No Churn"
"ORG2511","0.68","Churn"
"ORG2512","0.75","Churn"
"ORG2513","0.19","No Churn"
"ORG2514","0.27","No Churn"
"ORG2515","0.93","Churn"
"ORG2526","0.32","No Churn"
"ORG2516","0.79","Churn"
"ORG2517","0.87","Churn"
"ORG2518","0.68","Churn"
"ORG2519","0.9","Churn"
"ORG2520","0.21","No Churn"
"ORG2521","0.52","Churn"
"ORG2522","0.87","Churn"
"ORG2523","0.95","Churn"
"ORG2524","0.86","Churn"
"ORG2525","0.89","Churn"
"ORG2527","0.28","No Churn"
"ORG2528","0.89","Churn"
"ORG2529","0.29","No Churn"
"ORG2530","0.95","Churn"
"ORG2531","0.92","Churn"
"ORG2532","0.87","Churn"
"ORG2533","0.9","Churn"
"ORG2534","0.89","Churn"
"ORG2535","0.3","No Churn"
"ORG2556","0.23","No Churn"
"ORG2536","0.63","Churn"
"ORG2537","0.85","Churn"
"ORG2538","0.79","Churn"
"ORG2539","0.88","Churn"
"ORG2540","0.91","Churn"
"ORG2541","0.34","No Churn"
"ORG2542","0.91","Churn"
"ORG2543","0.79","Churn"
"ORG2544","0.66","Churn"
"ORG2545","0.21","No Churn"
"ORG2546","0.22","No Churn"
"ORG2547","0.82","Churn"
"ORG2548","0.92","Churn"
"ORG2549","0.31","No Churn"
"ORG2550","0.34","No Churn"
"ORG2551","0.83","Churn"
"ORG2552","0.55","Churn"
"ORG2553","0.61","Churn"
"ORG2554","0.77","Churn"
"ORG2555","0.93","Churn"
"ORG2557","0.8","Churn"
"ORG2558","0.55","Churn"
"ORG2559","0.77","Churn"
"ORG2560","0.8","Churn"
"ORG2561","0.94","Churn"
"ORG2562","0.87","Churn"
"ORG2563","0.77","Churn"
"ORG2564","0.39","No Churn"
"ORG2565","0.94","Churn"
"ORG2566","0.94","Churn"
"ORG2567","0.95","Churn"
"ORG2568","0.9","Churn"
"ORG2569","0.89","Churn"
"ORG2570","0.81","Churn"
"ORG2571","0.77","Churn"
"ORG2572","0.87","Churn"
"ORG2582","0.86","Churn"
"ORG2573","0.25","No Churn"
"ORG2574","0.95","Churn"
"ORG2575","0.81","Churn"
"ORG2576","0.8","Churn"
"ORG2577","0.8","Churn"
"ORG2578","0.94","Churn"
"ORG2579","0.92","Churn"
"ORG2580","0.91","Churn"
"ORG2581","0.92","Churn"
"ORG2583","0.29","No Churn"
"ORG2594","0.52","Churn"
"ORG2584","0.3","No Churn"
"ORG2585","0.84","Churn"
"ORG2586","0.32","No Churn"
"ORG2587","0.19","No Churn"
"ORG2588","0.89","Churn"
"ORG2589","0.93","Churn"
"ORG2590","0.81","Churn"
"ORG2591","0.32","No Churn"
"ORG2593","0.24","No Churn"
"ORG2595","0.87","Churn"
"ORG2596","0.79","Churn"
"ORG2597","0.96","Churn"
"ORG2598","0.86","Churn"
"ORG2599","0.96","Churn"
"ORG2600","0.92","Churn"
"ORG2601","0.92","Churn"
"ORG2602","0.26","No Churn"
"ORG2603","0.54","Churn"
"ORG2604","0.23","No Churn"
"ORG2605","0.29","No Churn"
"ORG2606","0.81","Churn"
"ORG2607","0.92","Churn"
"ORG2608","0.86","Churn"
"ORG2609","0.34","No Churn"
"ORG2610","0.81","Churn"
"ORG2611","0.64","Churn"
"ORG2612","0.32","No Churn"
"ORG2613","0.29","No Churn"
"ORG2614","0.9","Churn"
"ORG2615","0.72","Churn"
"ORG2616","0.93","Churn"
"ORG2617","0.81","Churn"
"ORG2618","0.87","Churn"
"ORG2619","0.15","No Churn"
"ORG2620","0.61","Churn"
"ORG2621","0.75","Churn"
"ORG2622","0.31","No Churn"
"ORG2624","0.44","No Churn"
"ORG2625","0.28","No Churn"
"ORG2626","0.85","Churn"
"ORG2627","0.27","No Churn"
"ORG2628","0.25","No Churn"
"ORG2629","0.87","Churn"
"ORG2630","0.94","Churn"
"ORG2631","0.94","Churn"
"ORG2632","0.97","Churn"
"ORG2633","0.86","Churn"
"ORG2634","0.95","Churn"
"ORG2635","0.34","No Churn"
"ORG2636","0.94","Churn"
"ORG2637","0.69","Churn"
"ORG2638","0.85","Churn"
"ORG2639","0.9","Churn"
"ORG2640","0.89","Churn"
"ORG2641","0.54","Churn"
"ORG2643","0.75","Churn"
"ORG2644","0.88","Churn"
"ORG2645","0.82","Churn"
"ORG2646","0.24","No Churn"
"ORG2647","0.87","Churn"
"ORG2648","0.93","Churn"
"ORG2649","0.88","Churn"
"ORG2650","0.95","Churn"
"ORG2651","0.91","Churn"
"ORG3976","0.81","Churn"
"ORG2652","0.88","Churn"
"ORG2653","0.86","Churn"
"ORG2654","0.27","No Churn"
"ORG2655","0.88","Churn"
"ORG2656","0.86","Churn"
"ORG2657","0.35","No Churn"
"ORG2658","0.76","Churn"
"ORG2659","0.87","Churn"
"ORG2660","0.55","Churn"
"ORG2662","0.94","Churn"
"ORG2663","0.9","Churn"
"ORG2664","0.75","Churn"
"ORG2665","0.36","No Churn"
"ORG2666","0.9","Churn"
"ORG2667","0.97","Churn"
"ORG2668","0.88","Churn"
"ORG2669","0.92","Churn"
"ORG2670","0.94","Churn"
"ORG2671","0.8","Churn"
"ORG2672","0.93","Churn"
"ORG2673","0.84","Churn"
"ORG2674","0.87","Churn"
"ORG2675","0.93","Churn"
"ORG2676","0.22","No Churn"
"ORG2677","0.86","Churn"
"ORG2678","0.97","Churn"
"ORG2679","0.53","Churn"
"ORG2680","0.27","No Churn"
"ORG2681","0.93","Churn"
"ORG2682","0.28","No Churn"
"ORG2683","0.89","Churn"
"ORG2684","0.9","Churn"
"ORG2685","0.75","Churn"
"ORG2686","0.89","Churn"
"ORG2687","0.81","Churn"
"ORG2688","0.82","Churn"
"ORG2689","0.22","No Churn"
"ORG2690","0.41","No Churn"
"ORG2691","0.29","No Churn"
"ORG2692","0.82","Churn"
"ORG2693","0.23","No Churn"
"ORG2694","0.91","Churn"
"ORG2695","0.87","Churn"
"ORG2696","0.84","Churn"
"ORG2697","0.78","Churn"
"ORG2698","0.84","Churn"
"ORG2699","0.38","No Churn"
"ORG2728","0.15","No Churn"
"ORG2700","0.84","Churn"
"ORG2701","0.33","No Churn"
"ORG2702","0.59","Churn"
"ORG2703","0.84","Churn"
"ORG2704","0.2","No Churn"
"ORG2705","0.29","No Churn"
"ORG2706","0.98","Churn"
"ORG2707","0.85","Churn"
"ORG2708","0.92","Churn"
"ORG2709","0.14","No Churn"
"ORG2710","0.69","Churn"
"ORG2711","0.76","Churn"
"ORG2712","0.93","Churn"
"ORG2713","0.85","Churn"
"ORG2714","0.98","Churn"
"ORG2715","0.88","Churn"
"ORG2716","0.76","Churn"
"ORG2717","0.88","Churn"
"ORG2718","0.97","Churn"
"ORG2719","0.68","Churn"
"ORG2720","0.84","Churn"
"ORG2721","0.65","Churn"
"ORG2722","0.86","Churn"
"ORG2723","0.88","Churn"
"ORG2724","0.36","No Churn"
"ORG2725","0.96","Churn"
"ORG2726","0.73","Churn"
"ORG2727","0.95","Churn"
"ORG2731","0.89","Churn"
"ORG2732","0.96","Churn"
"ORG2733","0.75","Churn"
"ORG2734","0.21","No Churn"
"ORG2735","0.93","Churn"
"ORG2736","0.26","No Churn"
"ORG2737","0.84","Churn"
"ORG2738","0.95","Churn"
"ORG2739","0.22","No Churn"
"ORG2740","0.24","No Churn"
"ORG2741","0.83","Churn"
"ORG2742","0.87","Churn"
"ORG2743","0.15","No Churn"
"ORG2744","0.9","Churn"
"ORG2745","0.85","Churn"
"ORG2746","0.86","Churn"
"ORG2747","0.88","Churn"
"ORG2748","0.74","Churn"
"ORG2749","0.34","No Churn"
"ORG2750","0.22","No Churn"
"ORG2751","0.64","Churn"
"ORG2752","0.21","No Churn"
"ORG2753","0.37","No Churn"
"ORG2754","0.33","No Churn"
"ORG2755","0.58","Churn"
"ORG2756","0.92","Churn"
"ORG2757","0.84","Churn"
"ORG2758","0.87","Churn"
"ORG2759","0.29","No Churn"
"ORG2760","0.75","Churn"
"ORG2761","0.88","Churn"
"ORG2762","0.94","Churn"
"ORG2763","0.35","No Churn"
"ORG2764","0.88","Churn"
"ORG2765","0.85","Churn"
"ORG2766","0.9","Churn"
"ORG2767","0.69","Churn"
"ORG2768","0.67","Churn"
"ORG2769","0.85","Churn"
"ORG2770","0.23","No Churn"
"ORG2771","0.95","Churn"
"ORG2772","0.28","No Churn"
"ORG2773","0.57","Churn"
"ORG2774","0.91","Churn"
"ORG2775","0.27","No Churn"
"ORG3019","0.93","Churn"
"ORG2776","0.92","Churn"
"ORG2777","0.89","Churn"
"ORG2778","0.91","Churn"
"ORG2779","0.89","Churn"
"ORG2780","0.57","Churn"
"ORG2781","0.3","No Churn"
"ORG2782","0.22","No Churn"
"ORG2783","0.81","Churn"
"ORG2784","0.55","Churn"
"ORG2785","0.92","Churn"
"ORG2786","0.91","Churn"
"ORG2787","0.29","No Churn"
"ORG2788","0.65","Churn"
"ORG2789","0.75","Churn"
"ORG2790","0.26","No Churn"
"ORG2791","0.27","No Churn"
"ORG2792","0.2","No Churn"
"ORG2793","0.74","Churn"
"ORG2794","0.29","No Churn"
"ORG2795","0.21","No Churn"
"ORG2796","0.93","Churn"
"ORG2797","0.61","Churn"
"ORG2798","0.9","Churn"
"ORG2799","0.65","Churn"
"ORG2800","0.89","Churn"
"ORG2801","0.82","Churn"
"ORG2811","0.97","Churn"
"ORG2802","0.97","Churn"
"ORG2803","0.22","No Churn"
"ORG2804","0.92","Churn"
"ORG2805","0.94","Churn"
"ORG2806","0.9","Churn"
"ORG2807","0.68","Churn"
"ORG2808","0.76","Churn"
"ORG2809","0.97","Churn"
"ORG2810","0.85","Churn"
"ORG2812","0.92","Churn"
"ORG2813","0.95","Churn"
"ORG2814","0.25","No Churn"
"ORG2815","0.26","No Churn"
"ORG2816","0.26","No Churn"
"ORG2817","0.9","Churn"
"ORG2818","0.31","No Churn"
"ORG2819","0.93","Churn"
"ORG2847","0.33","No Churn"
"ORG2820","0.92","Churn"
"ORG2821","0.87","Churn"
"ORG2822","0.71","Churn"
"ORG2823","0.49","No Churn"
"ORG2824","0.97","Churn"
"ORG2825","0.96","Churn"
"ORG2826","0.82","Churn"
"ORG2827","0.88","Churn"
"ORG2828","0.84","Churn"
"ORG2829","0.97","Churn"
"ORG2830","0.23","No Churn"
"ORG2831","0.6","Churn"
"ORG2832","0.9","Churn"
"ORG2833","0.2","No Churn"
"ORG2834","0.38","No Churn"
"ORG2835","0.78","Churn"
"ORG2836","0.83","Churn"
"ORG2837","0.22","No Churn"
"ORG2838","0.77","Churn"
"ORG2839","0.9","Churn"
"ORG2840","0.86","Churn"
"ORG2841","0.66","Churn"
"ORG2842","0.62","Churn"
"ORG2843","0.97","Churn"
"ORG2844","0.3","No Churn"
"ORG2845","0.21","No Churn"
"ORG2846","0.91","Churn"
"ORG2848","0.92","Churn"
"ORG3487","0.28","No Churn"
"ORG2849","0.28","No Churn"
"ORG2850","0.86","Churn"
"ORG2851","0.32","No Churn"
"ORG2852","0.32","No Churn"
"ORG2853","0.73","Churn"
"ORG2854","0.88","Churn"
"ORG2855","0.92","Churn"
"ORG2856","0.83","Churn"
"ORG2857","0.4","No Churn"
"ORG2858","0.79","Churn"
"ORG2859","0.83","Churn"
"ORG2860","0.9","Churn"
"ORG2861","0.69","Churn"
"ORG2862","0.84","Churn"
"ORG2863","0.28","No Churn"
"ORG2864","0.79","Churn"
"ORG2883","0.88","Churn"
"ORG2865","0.74","Churn"
"ORG2866","0.9","Churn"
"ORG2867","0.67","Churn"
"ORG2868","0.28","No Churn"
"ORG2869","0.93","Churn"
"ORG2870","0.7","Churn"
"ORG2871","0.71","Churn"
"ORG2872","0.86","Churn"
"ORG2873","0.86","Churn"
"ORG2874","0.89","Churn"
"ORG2875","0.87","Churn"
"ORG2876","0.64","Churn"
"ORG2877","0.86","Churn"
"ORG2878","0.95","Churn"
"ORG2879","0.89","Churn"
"ORG2880","0.83","Churn"
"ORG2881","0.95","Churn"
"ORG2882","0.92","Churn"
"ORG2884","0.16","No Churn"
"ORG2885","0.97","Churn"
"ORG2886","0.47","No Churn"
"ORG2887","0.37","No Churn"
"ORG2888","0.91","Churn"
"ORG2889","0.77","Churn"
"ORG2890","0.94","Churn"
"ORG2891","0.89","Churn"
"ORG2892","0.85","Churn"
"ORG2893","0.31","No Churn"
"ORG2894","0.82","Churn"
"ORG2895","0.83","Churn"
"ORG2896","0.94","Churn"
"ORG2897","0.82","Churn"
"ORG2898","0.55","Churn"
"ORG2899","0.88","Churn"
"ORG2900","0.91","Churn"
"ORG2901","0.29","No Churn"
"ORG2902","0.69","Churn"
"ORG2903","0.97","Churn"
"ORG2904","0.32","No Churn"
"ORG2905","0.22","No Churn"
"ORG2906","0.86","Churn"
"ORG2907","0.88","Churn"
"ORG2908","0.22","No Churn"
"ORG2909","0.89","Churn"
"ORG2982","0.85","Churn"
"ORG2910","0.95","Churn"
"ORG2911","0.23","No Churn"
"ORG2912","0.6","Churn"
"ORG2913","0.92","Churn"
"ORG2914","0.91","Churn"
"ORG2915","0.97","Churn"
"ORG2916","0.12","No Churn"
"ORG2917","0.94","Churn"
"ORG2918","0.89","Churn"
"ORG2919","0.29","No Churn"
"ORG2920","0.22","No Churn"
"ORG2921","0.94","Churn"
"ORG2922","0.81","Churn"
"ORG2923","0.85","Churn"
"ORG2924","0.86","Churn"
"ORG2925","0.95","Churn"
"ORG2926","0.92","Churn"
"ORG2927","0.84","Churn"
"ORG2928","0.95","Churn"
"ORG2929","0.94","Churn"
"ORG2930","0.16","No Churn"
"ORG2931","0.22","No Churn"
"ORG2932","0.93","Churn"
"ORG2933","0.93","Churn"
"ORG2934","0.95","Churn"
"ORG2935","0.91","Churn"
"ORG2936","0.89","Churn"
"ORG2937","0.98","Churn"
"ORG2938","0.96","Churn"
"ORG2958","0.99","Churn"
"ORG2939","0.92","Churn"
"ORG2940","0.92","Churn"
"ORG2941","0.19","No Churn"
"ORG2942","0.83","Churn"
"ORG2943","0.24","No Churn"
"ORG2944","0.82","Churn"
"ORG2945","0.93","Churn"
"ORG2946","0.33","No Churn"
"ORG2947","0.24","No Churn"
"ORG3051","0.28","No Churn"
"ORG2948","0.25","No Churn"
"ORG2949","0.69","Churn"
"ORG2950","0.82","Churn"
"ORG2951","0.29","No Churn"
"ORG2952","0.81","Churn"
"ORG2953","0.9","Churn"
"ORG2954","0.64","Churn"
"ORG2955","0.2","No Churn"
"ORG2956","0.9","Churn"
"ORG2957","0.84","Churn"
"ORG2959","0.8","Churn"
"ORG2960","0.82","Churn"
"ORG2961","0.2","No Churn"
"ORG2962","0.84","Churn"
"ORG2963","0.83","Churn"
"ORG2964","0.33","No Churn"
"ORG2965","0.29","No Churn"
"ORG2966","0.85","Churn"
"ORG2967","0.86","Churn"
"ORG2968","0.26","No Churn"
"ORG2969","0.23","No Churn"
"ORG2970","0.86","Churn"
"ORG2971","0.24","No Churn"
"ORG2972","0.9","Churn"
"ORG2973","0.74","Churn"
"ORG2974","0.89","Churn"
"ORG2975","0.33","No Churn"
"ORG2976","0.9","Churn"
"ORG3088","0.2","No Churn"
"ORG2977","0.27","No Churn"
"ORG2978","0.86","Churn"
"ORG2979","0.97","Churn"
"ORG2980","0.57","Churn"
"ORG2981","0.86","Churn"
"ORG2983","0.38","No Churn"
"ORG2984","0.85","Churn"
"ORG2985","0.94","Churn"
"ORG2986","0.32","No Churn"
"ORG2987","0.85","Churn"
"ORG2988","0.84","Churn"
"ORG2989","0.84","Churn"
"ORG2990","0.24","No Churn"
"ORG2991","0.78","Churn"
"ORG2992","0.87","Churn"
"ORG2993","0.86","Churn"
"ORG2994","0.81","Churn"
"ORG2995","0.28","No Churn"
"ORG2996","0.29","No Churn"
"ORG2997","0.96","Churn"
"ORG2998","0.95","Churn"
"ORG2999","0.83","Churn"
"ORG3000","0.27","No Churn"
"ORG3001","0.24","No Churn"
"ORG3002","0.92","Churn"
"ORG3003","0.34","No Churn"
"ORG3004","0.35","No Churn"
"ORG3005","0.18","No Churn"
"ORG3006","0.9","Churn"
"ORG3007","0.9","Churn"
"ORG3008","0.92","Churn"
"ORG3009","0.88","Churn"
"ORG3010","0.26","No Churn"
"ORG3011","0.13","No Churn"
"ORG3012","0.97","Churn"
"ORG3013","0.96","Churn"
"ORG3014","0.91","Churn"
"ORG3015","0.67","Churn"
"ORG3016","0.24","No Churn"
"ORG3017","0.74","Churn"
"ORG3018","0.38","No Churn"
"ORG3020","0.89","Churn"
"ORG3021","0.93","Churn"
"ORG3022","0.15","No Churn"
"ORG3023","0.29","No Churn"
"ORG3024","0.19","No Churn"
"ORG3025","0.95","Churn"
"ORG3026","0.82","Churn"
"ORG3027","0.83","Churn"
"ORG3028","0.93","Churn"
"ORG3029","0.17","No Churn"
"ORG3030","0.88","Churn"
"ORG3031","0.97","Churn"
"ORG3032","0.93","Churn"
"ORG3033","0.84","Churn"
"ORG3034","0.92","Churn"
"ORG3035","0.8","Churn"
"ORG3036","0.25","No Churn"
"ORG3037","0.98","Churn"
"ORG3038","0.98","Churn"
"ORG3039","0.36","No Churn"
"ORG3040","0.21","No Churn"
"ORG3041","0.73","Churn"
"ORG3227","0.88","Churn"
"ORG3042","0.92","Churn"
"ORG3043","0.82","Churn"
"ORG3044","0.22","No Churn"
"ORG3045","0.67","Churn"
"ORG3046","0.93","Churn"
"ORG3047","0.91","Churn"
"ORG3048","0.77","Churn"
"ORG3049","0.3","No Churn"
"ORG3050","0.78","Churn"
"ORG3052","0.58","Churn"
"ORG3053","0.88","Churn"
"ORG3054","0.89","Churn"
"ORG3055","0.21","No Churn"
"ORG3056","0.83","Churn"
"ORG3057","0.95","Churn"
"ORG3058","0.92","Churn"
"ORG3059","0.93","Churn"
"ORG3060","0.91","Churn"
"ORG3061","0.96","Churn"
"ORG3062","0.2","No Churn"
"ORG3063","0.9","Churn"
"ORG3064","0.94","Churn"
"ORG3065","0.77","Churn"
"ORG3066","0.93","Churn"
"ORG3067","0.93","Churn"
"ORG3068","0.95","Churn"
"ORG3069","0.25","No Churn"
"ORG3070","0.87","Churn"
"ORG3071","0.08","No Churn"
"ORG3072","0.76","Churn"
"ORG3073","0.24","No Churn"
"ORG3074","0.32","No Churn"
"ORG3075","0.87","Churn"
"ORG3076","0.84","Churn"
"ORG3077","0.2","No Churn"
"ORG3078","0.7","Churn"
"ORG3079","0.89","Churn"
"ORG3080","0.96","Churn"
"ORG3081","0.8","Churn"
"ORG3109","0.94","Churn"
"ORG3082","0.98","Churn"
"ORG3083","0.3","No Churn"
"ORG3084","0.94","Churn"
"ORG3085","0.92","Churn"
"ORG3086","0.91","Churn"
"ORG3087","0.9","Churn"
"ORG3089","0.23","No Churn"
"ORG3090","0.88","Churn"
"ORG3091","0.85","Churn"
"ORG3092","0.91","Churn"
"ORG3093","0.29","No Churn"
"ORG3094","0.24","No Churn"
"ORG3095","0.83","Churn"
"ORG3096","0.85","Churn"
"ORG3097","0.33","No Churn"
"ORG3098","0.91","Churn"
"ORG3099","0.86","Churn"
"ORG3100","0.85","Churn"
"ORG3101","0.44","No Churn"
"ORG3102","0.87","Churn"
"ORG3103","0.9","Churn"
"ORG3104","0.9","Churn"
"ORG3105","0.87","Churn"
"ORG3106","0.95","Churn"
"ORG3107","0.29","No Churn"
"ORG3108","0.29","No Churn"
"ORG3110","0.7","Churn"
"ORG3111","0.59","Churn"
"ORG3112","0.89","Churn"
"ORG3113","0.88","Churn"
"ORG3114","0.89","Churn"
"ORG3115","0.19","No Churn"
"ORG3116","0.22","No Churn"
"ORG3117","0.89","Churn"
"ORG3118","0.56","Churn"
"ORG3119","0.92","Churn"
"ORG3120","0.95","Churn"
"ORG3121","0.91","Churn"
"ORG3122","0.26","No Churn"
"ORG3123","0.53","Churn"
"ORG3124","0.94","Churn"
"ORG3125","0.27","No Churn"
"ORG3126","0.86","Churn"
"ORG3127","0.92","Churn"
"ORG3137","0.86","Churn"
"ORG3128","0.84","Churn"
"ORG3129","0.91","Churn"
"ORG3130","0.89","Churn"
"ORG3131","0.87","Churn"
"ORG3132","0.21","No Churn"
"ORG3133","0.84","Churn"
"ORG3134","0.19","No Churn"
"ORG3329","0.77","Churn"
"ORG3135","0.21","No Churn"
"ORG3136","0.53","Churn"
"ORG3138","0.29","No Churn"
"ORG3139","0.81","Churn"
"ORG3140","0.2","No Churn"
"ORG3141","0.86","Churn"
"ORG3142","0.81","Churn"
"ORG3143","0.36","No Churn"
"ORG3144","0.64","Churn"
"ORG3145","0.86","Churn"
"ORG3146","0.38","No Churn"
"ORG3147","0.41","No Churn"
"ORG3148","0.83","Churn"
"ORG3149","0.91","Churn"
"ORG3150","0.35","No Churn"
"ORG3151","0.84","Churn"
"ORG3152","0.62","Churn"
"ORG3153","0.88","Churn"
"ORG3154","0.91","Churn"
"ORG3155","0.93","Churn"
"ORG3156","0.92","Churn"
"ORG3157","0.85","Churn"
"ORG3158","0.22","No Churn"
"ORG3159","0.96","Churn"
"ORG3160","0.87","Churn"
"ORG3161","0.29","No Churn"
"ORG3162","0.98","Churn"
"ORG3163","0.93","Churn"
"ORG3164","0.91","Churn"
"ORG3165","0.93","Churn"
"ORG3166","0.86","Churn"
"ORG3167","0.64","Churn"
"ORG3168","0.94","Churn"
"ORG3169","0.99","Churn"
"ORG3170","0.46","No Churn"
"ORG3171","0.98","Churn"
"ORG3172","0.16","No Churn"
"ORG3173","0.87","Churn"
"ORG3174","0.93","Churn"
"ORG3175","0.23","No Churn"
"ORG3176","0.73","Churn"
"ORG3177","0.89","Churn"
"ORG3178","0.82","Churn"
"ORG3179","0.7","Churn"
"ORG3180","0.91","Churn"
"ORG3181","0.93","Churn"
"ORG3182","0.9","Churn"
"ORG3183","0.82","Churn"
"ORG3184","0.85","Churn"
"ORG3185","0.83","Churn"
"ORG3186","0.96","Churn"
"ORG3187","0.97","Churn"
"ORG3188","0.62","Churn"
"ORG3189","0.96","Churn"
"ORG3190","0.98","Churn"
"ORG3191","0.94","Churn"
"ORG3192","0.7","Churn"
"ORG3193","0.85","Churn"
"ORG3194","0.71","Churn"
"ORG3195","0.58","Churn"
"ORG3196","0.86","Churn"
"ORG3197","0.83","Churn"
"ORG3198","0.91","Churn"
"ORG3199","0.21","No Churn"
"ORG3200","0.98","Churn"
"ORG3201","0.85","Churn"
"ORG3202","0.92","Churn"
"ORG3203","0.19","No Churn"
"ORG3204","0.88","Churn"
"ORG3205","0.89","Churn"
"ORG3206","0.91","Churn"
"ORG3207","0.86","Churn"
"ORG3208","0.89","Churn"
"ORG3209","0.85","Churn"
"ORG3210","0.89","Churn"
"ORG3211","0.82","Churn"
"ORG3212","0.29","No Churn"
"ORG3213","0.85","Churn"
"ORG3214","0.92","Churn"
"ORG3215","0.86","Churn"
"ORG3216","0.84","Churn"
"ORG3217","0.86","Churn"
"ORG3218","0.92","Churn"
"ORG3219","0.69","Churn"
"ORG3220","0.62","Churn"
"ORG3221","0.9","Churn"
"ORG3222","0.21","No Churn"
"ORG3223","0.96","Churn"
"ORG3224","0.33","No Churn"
"ORG3225","0.34","No Churn"
"ORG3226","0.88","Churn"
"ORG3228","0.91","Churn"
"ORG3229","0.23","No Churn"
"ORG3230","0.95","Churn"
"ORG3231","0.89","Churn"
"ORG3232","0.85","Churn"
"ORG3233","0.53","Churn"
"ORG3234","0.36","No Churn"
"ORG3235","0.79","Churn"
"ORG3236","0.95","Churn"
"ORG3237","0.95","Churn"
"ORG3238","0.93","Churn"
"ORG3239","0.93","Churn"
"ORG3240","0.97","Churn"
"ORG3241","0.42","No Churn"
"ORG3242","0.88","Churn"
"ORG3243","0.45","No Churn"
"ORG3244","0.78","Churn"
"ORG3245","0.85","Churn"
"ORG3246","0.81","Churn"
"ORG3247","0.68","Churn"
"ORG3248","0.96","Churn"
"ORG3249","0.15","No Churn"
"ORG3250","0.85","Churn"
"ORG3251","0.93","Churn"
"ORG3252","0.93","Churn"
"ORG3253","0.93","Churn"
"ORG3254","0.84","Churn"
"ORG3255","0.92","Churn"
"ORG3256","0.85","Churn"
"ORG3257","0.95","Churn"
"ORG3258","0.96","Churn"
"ORG3259","0.95","Churn"
"ORG3260","0.63","Churn"
"ORG3261","0.24","No Churn"
"ORG3262","0.91","Churn"
"ORG3263","0.96","Churn"
"ORG3264","0.96","Churn"
"ORG3265","0.65","Churn"
"ORG3266","0.93","Churn"
"ORG3267","0.81","Churn"
"ORG3268","0.91","Churn"
"ORG3269","0.29","No Churn"
"ORG3270","0.84","Churn"
"ORG3271","0.91","Churn"
"ORG3272","0.16","No Churn"
"ORG3273","0.79","Churn"
"ORG3274","0.25","No Churn"
"ORG3275","0.93","Churn"
"ORG3276","0.88","Churn"
"ORG3277","0.74","Churn"
"ORG3278","0.69","Churn"
"ORG3279","0.75","Churn"
"ORG3280","0.9","Churn"
"ORG3281","0.94","Churn"
"ORG3282","0.93","Churn"
"ORG3283","0.82","Churn"
"ORG3284","0.87","Churn"
"ORG3285","0.81","Churn"
"ORG3286","0.94","Churn"
"ORG3287","0.93","Churn"
"ORG3288","0.92","Churn"
"ORG3289","0.94","Churn"
"ORG3290","0.98","Churn"
"ORG3291","0.26","No Churn"
"ORG3292","0.26","No Churn"
"ORG3293","0.88","Churn"
"ORG3294","0.76","Churn"
"ORG3295","0.9","Churn"
"ORG3296","0.76","Churn"
"ORG3297","0.83","Churn"
"ORG3298","0.3","No Churn"
"ORG3299","0.89","Churn"
"ORG3300","0.89","Churn"
"ORG3301","0.73","Churn"
"ORG3302","0.22","No Churn"
"ORG3431","0.86","Churn"
"ORG3303","0.94","Churn"
"ORG3304","0.82","Churn"
"ORG3305","0.95","Churn"
"ORG3306","0.81","Churn"
"ORG3307","0.24","No Churn"
"ORG3308","0.83","Churn"
"ORG3309","0.82","Churn"
"ORG3310","0.19","No Churn"
"ORG3311","0.5","No Churn"
"ORG3312","0.78","Churn"
"ORG3313","0.24","No Churn"
"ORG3314","0.86","Churn"
"ORG3315","0.77","Churn"
"ORG3316","0.7","Churn"
"ORG3345","0.96","Churn"
"ORG3317","0.93","Churn"
"ORG3318","0.13","No Churn"
"ORG3497","0.85","Churn"
"ORG3319","0.73","Churn"
"ORG3320","0.51","Churn"
"ORG3321","0.88","Churn"
"ORG3322","0.81","Churn"
"ORG3323","0.74","Churn"
"ORG3324","0.85","Churn"
"ORG3325","0.88","Churn"
"ORG3326","0.93","Churn"
"ORG3327","0.88","Churn"
"ORG3328","0.8","Churn"
"ORG3330","0.9","Churn"
"ORG3331","0.87","Churn"
"ORG3332","0.81","Churn"
"ORG3333","0.89","Churn"
"ORG3334","0.93","Churn"
"ORG3335","0.8","Churn"
"ORG3336","0.92","Churn"
"ORG3337","0.14","No Churn"
"ORG3338","0.89","Churn"
"ORG3339","0.89","Churn"
"ORG3340","0.86","Churn"
"ORG3341","0.32","No Churn"
"ORG3342","0.63","Churn"
"ORG3343","0.9","Churn"
"ORG3344","0.88","Churn"
"ORG3346","0.94","Churn"
"ORG3347","0.6","Churn"
"ORG3348","0.93","Churn"
"ORG3349","0.93","Churn"
"ORG3350","0.88","Churn"
"ORG3351","0.91","Churn"
"ORG3352","0.23","No Churn"
"ORG3353","0.94","Churn"
"ORG3354","0.97","Churn"
"ORG3355","0.75","Churn"
"ORG3356","0.32","No Churn"
"ORG3357","0.86","Churn"
"ORG3358","0.83","Churn"
"ORG3359","0.89","Churn"
"ORG3360","0.91","Churn"
"ORG3361","0.31","No Churn"
"ORG3362","0.8","Churn"
"ORG3363","0.89","Churn"
"ORG3364","0.87","Churn"
"ORG3365","0.85","Churn"
"ORG3366","0.88","Churn"
"ORG3367","0.24","No Churn"
"ORG3368","0.83","Churn"
"ORG3369","0.22","No Churn"
"ORG3370","0.27","No Churn"
"ORG3371","0.54","Churn"
"ORG3372","0.88","Churn"
"ORG3373","0.65","Churn"
"ORG3374","0.8","Churn"
"ORG3375","0.95","Churn"
"ORG3376","0.89","Churn"
"ORG3377","0.96","Churn"
"ORG3378","0.88","Churn"
"ORG3379","0.32","No Churn"
"ORG3380","0.94","Churn"
"ORG3381","0.51","Churn"
"ORG3382","0.74","Churn"
"ORG3383","0.96","Churn"
"ORG3384","0.9","Churn"
"ORG3385","0.92","Churn"
"ORG3386","0.84","Churn"
"ORG3387","0.78","Churn"
"ORG3388","0.21","No Churn"
"ORG3389","0.91","Churn"
"ORG3390","0.28","No Churn"
"ORG3391","0.92","Churn"
"ORG3392","0.85","Churn"
"ORG3393","0.96","Churn"
"ORG3394","0.53","Churn"
"ORG3395","0.59","Churn"
"ORG3396","0.7","Churn"
"ORG3397","0.89","Churn"
"ORG3398","0.87","Churn"
"ORG3399","0.88","Churn"
"ORG3400","0.96","Churn"
"ORG3401","0.96","Churn"
"ORG3402","0.33","No Churn"
"ORG3403","0.76","Churn"
"ORG3404","0.86","Churn"
"ORG3405","0.28","No Churn"
"ORG3406","0.94","Churn"
"ORG3407","0.37","No Churn"
"ORG3408","0.81","Churn"
"ORG3409","0.7","Churn"
"ORG3410","0.72","Churn"
"ORG3411","0.83","Churn"
"ORG3412","0.26","No Churn"
"ORG3413","0.94","Churn"
"ORG3414","0.85","Churn"
"ORG3415","0.89","Churn"
"ORG3416","0.94","Churn"
"ORG3417","0.89","Churn"
"ORG3418","0.98","Churn"
"ORG3419","0.85","Churn"
"ORG3420","0.23","No Churn"
"ORG3421","0.22","No Churn"
"ORG3571","0.9","Churn"
"ORG3422","0.99","Churn"
"ORG3423","0.87","Churn"
"ORG3424","0.55","Churn"
"ORG3425","0.73","Churn"
"ORG3426","0.95","Churn"
"ORG3427","0.84","Churn"
"ORG3428","0.94","Churn"
"ORG3429","0.29","No Churn"
"ORG3430","0.24","No Churn"
"ORG3432","0.91","Churn"
"ORG3433","0.95","Churn"
"ORG3434","0.8","Churn"
"ORG3435","0.67","Churn"
"ORG3436","0.21","No Churn"
"ORG3437","0.26","No Churn"
"ORG3438","0.92","Churn"
"ORG3439","0.88","Churn"
"ORG3440","0.23","No Churn"
"ORG3441","0.22","No Churn"
"ORG3442","0.19","No Churn"
"ORG3443","0.87","Churn"
"ORG3444","0.93","Churn"
"ORG3445","0.27","No Churn"
"ORG3446","0.23","No Churn"
"ORG3447","0.87","Churn"
"ORG3448","0.91","Churn"
"ORG3449","0.71","Churn"
"ORG3450","0.86","Churn"
"ORG3451","0.88","Churn"
"ORG3452","0.88","Churn"
"ORG3453","0.28","No Churn"
"ORG3454","0.3","No Churn"
"ORG3455","0.3","No Churn"
"ORG3456","0.24","No Churn"
"ORG3457","0.93","Churn"
"ORG3458","0.92","Churn"
"ORG3468","0.9","Churn"
"ORG3459","0.93","Churn"
"ORG3460","0.97","Churn"
"ORG3461","0.85","Churn"
"ORG3462","0.16","No Churn"
"ORG3463","0.86","Churn"
"ORG3464","0.85","Churn"
"ORG3465","0.55","Churn"
"ORG3466","0.78","Churn"
"ORG3467","0.91","Churn"
"ORG3469","0.89","Churn"
"ORG3470","0.74","Churn"
"ORG3471","0.85","Churn"
"ORG3472","0.19","No Churn"
"ORG3473","0.89","Churn"
"ORG3474","0.86","Churn"
"ORG3475","0.41","No Churn"
"ORG3476","0.69","Churn"
"ORG3477","0.22","No Churn"
"ORG3478","0.68","Churn"
"ORG3479","0.91","Churn"
"ORG3480","0.97","Churn"
"ORG3481","0.25","No Churn"
"ORG3482","0.87","Churn"
"ORG3483","0.94","Churn"
"ORG3484","0.16","No Churn"
"ORG3485","0.45","No Churn"
"ORG3486","0.85","Churn"
"ORG3488","0.79","Churn"
"ORG3489","0.89","Churn"
"ORG3490","0.98","Churn"
"ORG3491","0.9","Churn"
"ORG3492","0.95","Churn"
"ORG3493","0.88","Churn"
"ORG3494","0.28","No Churn"
"ORG3495","0.93","Churn"
"ORG3496","0.9","Churn"
"ORG3498","0.87","Churn"
"ORG3500","0.87","Churn"
"ORG3501","0.49","No Churn"
"ORG3502","0.88","Churn"
"ORG3503","0.23","No Churn"
"ORG3504","0.88","Churn"
"ORG3505","0.94","Churn"
"ORG3506","0.82","Churn"
"ORG3507","0.82","Churn"
"ORG3517","0.94","Churn"
"ORG3508","0.98","Churn"
"ORG3509","0.93","Churn"
"ORG3510","0.38","No Churn"
"ORG3511","0.86","Churn"
"ORG3512","0.9","Churn"
"ORG3513","0.44","No Churn"
"ORG3514","0.65","Churn"
"ORG3515","0.85","Churn"
"ORG3516","0.98","Churn"
"ORG3518","0.7","Churn"
"ORG3519","0.34","No Churn"
"ORG3520","0.95","Churn"
"ORG3521","0.89","Churn"
"ORG3522","0.89","Churn"
"ORG3523","0.88","Churn"
"ORG3524","0.74","Churn"
"ORG3525","0.96","Churn"
"ORG3572","0.32","No Churn"
"ORG3526","0.91","Churn"
"ORG3527","0.9","Churn"
"ORG3528","0.96","Churn"
"ORG3529","0.2","No Churn"
"ORG3530","0.16","No Churn"
"ORG3531","0.85","Churn"
"ORG3532","0.55","Churn"
"ORG3533","0.83","Churn"
"ORG3534","0.86","Churn"
"ORG3535","0.83","Churn"
"ORG3536","0.97","Churn"
"ORG3537","0.31","No Churn"
"ORG3538","0.95","Churn"
"ORG3539","0.82","Churn"
"ORG3540","0.71","Churn"
"ORG3541","0.23","No Churn"
"ORG3542","0.96","Churn"
"ORG3543","0.99","Churn"
"ORG3544","0.78","Churn"
"ORG3545","0.79","Churn"
"ORG3546","0.88","Churn"
"ORG3547","0.68","Churn"
"ORG3548","0.17","No Churn"
"ORG3549","0.86","Churn"
"ORG3550","0.77","Churn"
"ORG3551","0.18","No Churn"
"ORG3552","0.17","No Churn"
"ORG3553","0.95","Churn"
"ORG3554","0.88","Churn"
"ORG3555","0.86","Churn"
"ORG3556","0.86","Churn"
"ORG3557","0.86","Churn"
"ORG3558","0.89","Churn"
"ORG3559","0.95","Churn"
"ORG3560","0.81","Churn"
"ORG3561","0.26","No Churn"
"ORG3562","0.78","Churn"
"ORG3563","0.49","No Churn"
"ORG3564","0.78","Churn"
"ORG3565","0.62","Churn"
"ORG3566","0.75","Churn"
"ORG3567","0.83","Churn"
"ORG3568","0.83","Churn"
"ORG3569","0.28","No Churn"
"ORG3570","0.35","No Churn"
"ORG3673","0.9","Churn"
"ORG3573","0.9","Churn"
"ORG3574","0.95","Churn"
"ORG3575","0.26","No Churn"
"ORG3576","0.8","Churn"
"ORG3577","0.97","Churn"
"ORG3578","0.92","Churn"
"ORG3579","0.93","Churn"
"ORG3598","0.91","Churn"
"ORG3580","0.83","Churn"
"ORG3581","0.86","Churn"
"ORG3582","0.22","No Churn"
"ORG3583","0.14","No Churn"
"ORG3584","0.96","Churn"
"ORG3585","0.77","Churn"
"ORG3586","0.67","Churn"
"ORG3587","0.31","No Churn"
"ORG3588","0.84","Churn"
"ORG3589","0.95","Churn"
"ORG3590","0.49","No Churn"
"ORG3591","0.25","No Churn"
"ORG3592","0.7","Churn"
"ORG3593","0.85","Churn"
"ORG3594","0.85","Churn"
"ORG3595","0.83","Churn"
"ORG3596","0.69","Churn"
"ORG3597","0.85","Churn"
"ORG3599","0.27","No Churn"
"ORG3600","0.92","Churn"
"ORG3601","0.33","No Churn"
"ORG3602","0.9","Churn"
"ORG3603","0.4","No Churn"
"ORG3604","0.77","Churn"
"ORG3605","0.86","Churn"
"ORG3606","0.64","Churn"
"ORG3607","0.94","Churn"
"ORG3608","0.2","No Churn"
"ORG3609","0.2","No Churn"
"ORG3610","0.88","Churn"
"ORG3611","0.8","Churn"
"ORG3612","0.28","No Churn"
"ORG3613","0.85","Churn"
"ORG3614","0.91","Churn"
"ORG3615","0.91","Churn"
"ORG3625","0.82","Churn"
"ORG3616","0.24","No Churn"
"ORG3617","0.25","No Churn"
"ORG3618","0.22","No Churn"
"ORG3619","0.55","Churn"
"ORG3620","0.32","No Churn"
"ORG3621","0.24","No Churn"
"ORG3622","0.91","Churn"
"ORG3623","0.31","No Churn"
"ORG3624","0.82","Churn"
"ORG3626","0.69","Churn"
"ORG3627","0.94","Churn"
"ORG3628","0.49","No Churn"
"ORG3629","0.87","Churn"
"ORG3630","0.84","Churn"
"ORG3631","0.28","No Churn"
"ORG3632","0.23","No Churn"
"ORG3633","0.23","No Churn"
"ORG3652","0.21","No Churn"
"ORG3634","0.26","No Churn"
"ORG3635","0.94","Churn"
"ORG3636","0.39","No Churn"
"ORG3637","0.85","Churn"
"ORG3638","0.3","No Churn"
"ORG3639","0.93","Churn"
"ORG3640","0.68","Churn"
"ORG3641","0.87","Churn"
"ORG3642","0.19","No Churn"
"ORG3643","0.82","Churn"
"ORG3644","0.83","Churn"
"ORG3701","0.93","Churn"
"ORG3645","0.9","Churn"
"ORG3646","0.26","No Churn"
"ORG3647","0.58","Churn"
"ORG3648","0.92","Churn"
"ORG3649","0.7","Churn"
"ORG3650","0.92","Churn"
"ORG3651","0.76","Churn"
"ORG3653","0.9","Churn"
"ORG3654","0.86","Churn"
"ORG3655","0.93","Churn"
"ORG3656","0.26","No Churn"
"ORG3657","0.92","Churn"
"ORG3658","0.21","No Churn"
"ORG3659","0.73","Churn"
"ORG3660","0.31","No Churn"
"ORG3661","0.36","No Churn"
"ORG3662","0.96","Churn"
"ORG3663","0.91","Churn"
"ORG3664","0.93","Churn"
"ORG3665","0.94","Churn"
"ORG3666","0.92","Churn"
"ORG3667","0.27","No Churn"
"ORG3668","0.26","No Churn"
"ORG3669","0.88","Churn"
"ORG3670","0.87","Churn"
"ORG3671","0.96","Churn"
"ORG3672","0.9","Churn"
"ORG3674","0.3","No Churn"
"ORG3675","0.95","Churn"
"ORG3676","0.39","No Churn"
"ORG3677","0.22","No Churn"
"ORG3678","0.9","Churn"
"ORG3679","0.93","Churn"
"ORG3680","0.9","Churn"
"ORG3681","0.83","Churn"
"ORG3682","0.84","Churn"
"ORG3683","0.96","Churn"
"ORG3684","0.81","Churn"
"ORG3685","0.23","No Churn"
"ORG3686","0.92","Churn"
"ORG3687","0.25","No Churn"
"ORG3688","0.79","Churn"
"ORG3689","0.91","Churn"
"ORG3690","0.71","Churn"
"ORG3691","0.32","No Churn"
"ORG3692","0.79","Churn"
"ORG3693","0.88","Churn"
"ORG3694","0.95","Churn"
"ORG3695","0.93","Churn"
"ORG3696","0.71","Churn"
"ORG3697","0.89","Churn"
"ORG3698","0.21","No Churn"
"ORG3699","0.77","Churn"
"ORG3700","0.91","Churn"
"ORG3702","0.93","Churn"
"ORG3703","0.96","Churn"
"ORG3704","0.93","Churn"
"ORG3705","0.89","Churn"
"ORG3706","0.82","Churn"
"ORG3707","0.8","Churn"
"ORG3708","0.88","Churn"
"ORG3709","0.19","No Churn"
"ORG3710","0.78","Churn"
"ORG3711","0.86","Churn"
"ORG3712","0.2","No Churn"
"ORG3713","0.95","Churn"
"ORG3714","0.39","No Churn"
"ORG3715","0.86","Churn"
"ORG3716","0.88","Churn"
"ORG3717","0.89","Churn"
"ORG3718","0.57","Churn"
"ORG3719","0.92","Churn"
"ORG3720","0.84","Churn"
"ORG3722","0.87","Churn"
"ORG3723","0.91","Churn"
"ORG3724","0.12","No Churn"
"ORG3725","0.89","Churn"
"ORG3726","0.88","Churn"
"ORG3727","0.91","Churn"
"ORG3728","0.86","Churn"
"ORG3729","0.86","Churn"
"ORG3749","0.72","Churn"
"ORG3730","0.92","Churn"
"ORG3731","0.89","Churn"
"ORG3732","0.25","No Churn"
"ORG3733","0.82","Churn"
"ORG3734","0.37","No Churn"
"ORG3735","0.93","Churn"
"ORG3736","0.97","Churn"
"ORG3737","0.89","Churn"
"ORG3738","0.68","Churn"
"ORG3739","0.91","Churn"
"ORG3740","0.2","No Churn"
"ORG3741","0.88","Churn"
"ORG3742","0.21","No Churn"
"ORG3743","0.61","Churn"
"ORG3744","0.21","No Churn"
"ORG3745","0.9","Churn"
"ORG3746","0.2","No Churn"
"ORG3747","0.74","Churn"
"ORG3748","0.27","No Churn"
"ORG3787","0.58","Churn"
"ORG3751","0.94","Churn"
"ORG3752","0.16","No Churn"
"ORG3753","0.95","Churn"
"ORG3754","0.68","Churn"
"ORG3755","0.87","Churn"
"ORG3756","0.82","Churn"
"ORG3757","0.89","Churn"
"ORG3758","0.3","No Churn"
"ORG3759","0.94","Churn"
"ORG3760","0.78","Churn"
"ORG3761","0.83","Churn"
"ORG3762","0.74","Churn"
"ORG3763","0.77","Churn"
"ORG3764","0.95","Churn"
"ORG3765","0.39","No Churn"
"ORG3766","0.35","No Churn"
"ORG3767","0.12","No Churn"
"ORG3768","0.17","No Churn"
"ORG3769","0.89","Churn"
"ORG3770","0.74","Churn"
"ORG3771","0.94","Churn"
"ORG3772","0.94","Churn"
"ORG3773","0.96","Churn"
"ORG3774","0.84","Churn"
"ORG3775","0.83","Churn"
"ORG3776","0.88","Churn"
"ORG3777","0.78","Churn"
"ORG3778","0.54","Churn"
"ORG3779","0.95","Churn"
"ORG3780","0.81","Churn"
"ORG3781","0.88","Churn"
"ORG3782","0.93","Churn"
"ORG3783","0.63","Churn"
"ORG3784","0.78","Churn"
"ORG3785","0.53","Churn"
"ORG3786","0.98","Churn"
"ORG3788","0.21","No Churn"
"ORG3789","0.95","Churn"
"ORG3790","0.93","Churn"
"ORG3791","0.97","Churn"
"ORG3792","0.78","Churn"
"ORG3793","0.12","No Churn"
"ORG3794","0.9","Churn"
"ORG3795","0.88","Churn"
"ORG3796","0.86","Churn"
"ORG3797","0.92","Churn"
"ORG3798","0.83","Churn"
"ORG3799","0.85","Churn"
"ORG3800","0.87","Churn"
"ORG3801","0.92","Churn"
"ORG3802","0.96","Churn"
"ORG3803","0.74","Churn"
"ORG3804","0.59","Churn"
"ORG3805","0.9","Churn"
"ORG3806","0.85","Churn"
"ORG3807","0.28","No Churn"
"ORG3808","0.78","Churn"
"ORG3809","0.87","Churn"
"ORG3810","0.25","No Churn"
"ORG3811","0.19","No Churn"
"ORG3812","0.85","Churn"
"ORG3813","0.9","Churn"
"ORG3814","0.86","Churn"
"ORG3815","0.9","Churn"
"ORG3816","0.86","Churn"
"ORG3817","0.21","No Churn"
"ORG3818","0.97","Churn"
"ORG3819","0.14","No Churn"
"ORG3820","0.94","Churn"
"ORG3821","0.93","Churn"
"ORG3822","0.88","Churn"
"ORG3823","0.91","Churn"
"ORG3824","0.89","Churn"
"ORG3825","0.89","Churn"
"ORG3826","0.89","Churn"
"ORG3827","0.27","No Churn"
"ORG3828","0.3","No Churn"
"ORG3829","0.5","No Churn"
"ORG3830","0.9","Churn"
"ORG3831","0.9","Churn"
"ORG3832","0.92","Churn"
"ORG3833","0.91","Churn"
"ORG3843","0.9","Churn"
"ORG3834","0.85","Churn"
"ORG3835","0.82","Churn"
"ORG3836","0.41","No Churn"
"ORG3837","0.5","No Churn"
"ORG3838","0.82","Churn"
"ORG3839","0.86","Churn"
"ORG3840","0.84","Churn"
"ORG3841","0.91","Churn"
"ORG3842","0.85","Churn"
"ORG3844","0.87","Churn"
"ORG3845","0.9","Churn"
"ORG3846","0.65","Churn"
"ORG3847","0.34","No Churn"
"ORG3848","0.92","Churn"
"ORG3849","0.22","No Churn"
"ORG3850","0.86","Churn"
"ORG3851","0.97","Churn"
"ORG3852","0.96","Churn"
"ORG3853","0.9","Churn"
"ORG3854","0.3","No Churn"
"ORG3855","0.92","Churn"
"ORG3856","0.23","No Churn"
"ORG3857","0.51","Churn"
"ORG3858","0.7","Churn"
"ORG3859","0.85","Churn"
"ORG3860","0.92","Churn"
"ORG3861","0.27","No Churn"
"ORG3898","0.92","Churn"
"ORG3862","0.79","Churn"
"ORG3863","0.17","No Churn"
"ORG3864","0.71","Churn"
"ORG3865","0.75","Churn"
"ORG3866","0.79","Churn"
"ORG3867","0.83","Churn"
"ORG3868","0.89","Churn"
"ORG3869","0.53","Churn"
"ORG3870","0.9","Churn"
"ORG3871","0.28","No Churn"
"ORG3872","0.73","Churn"
"ORG3873","0.27","No Churn"
"ORG3874","0.24","No Churn"
"ORG3875","0.95","Churn"
"ORG3876","0.27","No Churn"
"ORG3877","0.93","Churn"
"ORG3878","0.79","Churn"
"ORG3879","0.33","No Churn"
"ORG3880","0.18","No Churn"
"ORG3881","0.71","Churn"
"ORG3882","0.27","No Churn"
"ORG3883","0.3","No Churn"
"ORG3884","0.94","Churn"
"ORG3885","0.94","Churn"
"ORG3895","0.79","Churn"
"ORG3886","0.29","No Churn"
"ORG3887","0.78","Churn"
"ORG3888","0.85","Churn"
"ORG3889","0.34","No Churn"
"ORG3890","0.95","Churn"
"ORG3891","0.78","Churn"
"ORG3892","0.51","Churn"
"ORG3893","0.29","No Churn"
"ORG3894","0.93","Churn"
"ORG3896","0.86","Churn"
"ORG3897","0.33","No Churn"
"ORG3899","0.88","Churn"
"ORG3900","0.34","No Churn"
"ORG3901","0.38","No Churn"
"ORG3902","0.19","No Churn"
"ORG3903","0.84","Churn"
"ORG3904","0.92","Churn"
"ORG3905","0.24","No Churn"
"ORG3906","0.29","No Churn"
"ORG3907","0.89","Churn"
"ORG3908","0.88","Churn"
"ORG3909","0.34","No Churn"
"ORG3910","0.67","Churn"
"ORG3911","0.72","Churn"
"ORG3912","0.89","Churn"
"ORG3913","0.88","Churn"
"ORG3914","0.36","No Churn"
"ORG3915","0.91","Churn"
"ORG3916","0.81","Churn"
"ORG3917","0.23","No Churn"
"ORG3918","0.61","Churn"
"ORG3919","0.39","No Churn"
"ORG3920","0.28","No Churn"
"ORG3921","0.77","Churn"
"ORG3922","0.28","No Churn"
"ORG3923","0.28","No Churn"
"ORG3924","0.94","Churn"
"ORG3925","0.72","Churn"
"ORG3926","0.84","Churn"
"ORG3927","0.44","No Churn"
"ORG3928","0.74","Churn"
"ORG3929","0.87","Churn"
"ORG3930","0.7","Churn"
"ORG3931","0.77","Churn"
"ORG3932","0.9","Churn"
"ORG3933","0.88","Churn"
"ORG3934","0.9","Churn"
"ORG3935","0.21","No Churn"
"ORG3936","0.76","Churn"
"ORG3937","0.79","Churn"
"ORG3938","0.21","No Churn"
"ORG3939","0.81","Churn"
"ORG3940","0.61","Churn"
"ORG3941","0.85","Churn"
"ORG3942","0.82","Churn"
"ORG3943","0.95","Churn"
"ORG3944","0.98","Churn"
"ORG3945","0.79","Churn"
"ORG3946","0.21","No Churn"
"ORG3947","0.25","No Churn"
"ORG3948","0.91","Churn"
"ORG3949","0.91","Churn"
"ORG3950","0.89","Churn"
"ORG3951","0.25","No Churn"
"ORG3952","0.79","Churn"
"ORG3953","0.65","Churn"
"ORG3954","0.96","Churn"
"ORG3955","0.93","Churn"
"ORG3956","0.86","Churn"
"ORG3957","0.83","Churn"
"ORG3958","0.26","No Churn"
"ORG3959","0.87","Churn"
"ORG3960","0.24","No Churn"
"ORG3961","0.96","Churn"
"ORG3962","0.57","Churn"
"ORG3963","0.97","Churn"
"ORG3964","0.79","Churn"
"ORG3965","0.4","No Churn"
"ORG3966","0.84","Churn"
"ORG3967","0.91","Churn"
"ORG3968","0.94","Churn"
"ORG3969","0.89","Churn"
"ORG3970","0.93","Churn"
"ORG3971","0.77","Churn"
"ORG3972","0.49","No Churn"
"ORG3973","0.83","Churn"
"ORG3974","0.8","Churn"
"ORG3975","0.65","Churn"
"ORG3986","0.32","No Churn"
"ORG3977","0.23","No Churn"
"ORG3978","0.88","Churn"
"ORG3979","0.93","Churn"
"ORG3980","0.92","Churn"
"ORG3981","0.83","Churn"
"ORG3982","0.92","Churn"
"ORG3983","0.93","Churn"
"ORG3984","0.36","No Churn"
"ORG3985","0.9","Churn"
"ORG3987","0.31","No Churn"
"ORG3988","0.88","Churn"
"ORG3989","0.93","Churn"
"ORG3990","0.92","Churn"
"ORG3991","0.83","Churn"
"ORG3992","0.73","Churn"
"ORG3993","0.61","Churn"
"ORG3994","0.82","Churn"
"ORG3995","0.3","No Churn"
"ORG3996","0.95","Churn"
"ORG3997","0.84","Churn"
"ORG3998","0.78","Churn"
"ORG3999","0.94","Churn"
"ORG4000","0.95","Churn"
